"y","group","x1","x2","x3"
1,"B",0.3894883161877,-0.399028628872722,1
1,"A",0.127529304588208,-1.00341265892232,1
1,"B",0.808784968170746,-1.41588499921323,1
1,"B",-0.191530376623718,1.18191666767733,0
0,"B",-0.607040534092132,-0.592105243367636,1
0,"A",1.30834959962326,-0.952111815639824,0
1,"B",1.21826763546271,-1.11633083359213,0
1,"A",0.00506876892592595,-1.87806294553017,1
1,"A",2.45090198975759,0.575614640283041,1
0,"B",-1.35958763197405,-0.304131038446063,0
0,"B",0.0974572504696718,-0.402126482668413,1
1,"A",0.215579633411112,-0.317388036019576,1
1,"B",0.978905900329532,-0.140247667495909,1
1,"B",-0.669066786435203,0.261564659210028,1
1,"B",0.875027274911411,-0.494877258028953,1
1,"A",0.637228326448214,0.00115796410950408,0
0,"A",-0.378461495738558,-1.50849499391038,1
0,"B",-2.59044149744276,-1.54310242542719,1
0,"B",0.785559537640446,-0.723863727948354,0
0,"B",-0.546493130921747,1.01825537432481,1
0,"A",-1.05901499775632,-2.14320139141835,0
1,"A",2.65251932988905,-2.58735332397127,1
0,"B",0.302766696773912,0.310149196215793,0
0,"B",-2.44671622088119,-0.0113478347325503,1
0,"A",0.0606224249873754,-1.2735744763375,1
0,"A",-1.47774697809543,-2.00839036534174,1
0,"B",-0.596752014987662,-0.734946387198368,0
1,"A",0.69232859378237,0.741899702597816,1
1,"B",0.71065198451169,1.36273035236733,0
1,"B",-1.61769356723271,0.232046526427814,0
0,"B",-0.812594435196234,1.5679427240001,0
1,"B",-1.95605675260457,-0.074363552038363,0
0,"B",-0.649549484445399,-0.365431992087798,0
0,"B",-0.539395019151938,-1.03012038414895,1
1,"B",-1.74357485595586,2.08512589702753,0
1,"B",-1.4392320694797,0.0159732093196975,1
0,"A",1.17765678368725,-0.221400751505107,0
1,"A",0.00207428777720892,0.34502802277839,0
0,"B",-0.87320082425117,-0.159974765198875,0
0,"A",0.199913294216047,-0.67602153748947,0
1,"A",-0.0815740540296705,0.348924021223762,1
1,"B",-0.565476281222085,1.38769582263306,0
0,"B",-1.71279281739187,-0.0645305216096133,1
0,"A",-0.033556154160118,-0.734895527906476,1
0,"B",-0.922833743108618,0.144200400071185,1
1,"A",1.1707713666696,0.113665439538864,1
1,"B",-0.747119344594573,0.696591765149876,1
1,"B",-1.41486923908163,2.06404612605838,1
0,"A",-0.0543518942776957,-0.475036165879734,0
0,"B",-0.659057671549678,1.06377281689452,0
1,"A",-0.0418411747646125,1.50895481735974,0
1,"A",1.57436764827549,0.863837303679238,0
1,"A",1.53596194063603,0.347872370289756,0
0,"B",-0.548152812721377,0.789774967076159,0
0,"A",1.18349306935304,-1.05822823626104,1
1,"A",0.10699620221578,2.0285841619226,1
0,"B",-1.24250220569847,1.2631102582745,0
0,"B",-0.538462339526106,0.777307985775655,0
1,"A",0.271064253030195,-1.01902225892469,1
1,"A",2.16470688298419,-1.34577257863922,1
0,"A",-0.160109635918791,0.108414118831698,1
0,"A",-0.00442418529308347,-0.670932266534039,1
1,"B",-0.867820778077394,0.772364135622012,0
1,"A",0.0659467754109354,-2.18326084029421,0
1,"A",0.703666287988142,-0.125566956318163,1
1,"A",-0.365066906527697,-0.047424494991924,1
0,"A",1.34203718862056,-1.07323229763675,0
0,"B",-0.749439138253442,0.472874485000158,1
1,"B",-1.50727489072118,1.10203962291396,1
1,"A",0.588933748648164,1.10269866597342,0
0,"A",-0.00946273974875145,0.00488604903076373,0
0,"B",-2.11551671663396,1.01958962511451,0
0,"B",0.333663651270009,1.61236662767727,1
0,"B",-2.93330270028127,0.0982238041326151,0
1,"A",-0.0624277823447675,2.16894534688101,1
0,"B",-1.74703685340519,0.532147404238326,1
1,"B",-0.45380412346612,0.334007322618715,1
1,"B",0.347029000636119,-1.87697396046817,1
1,"A",1.28036257922463,-0.775380555034818,1
1,"A",0.361748014510066,0.101040540258507,1
0,"B",0.155869296984454,1.69963658535185,0
1,"A",-1.45479101141582,0.819215671541219,1
1,"A",1.68174409490322,0.35428706869857,1
1,"B",0.260534551889236,2.19523645262202,0
0,"B",-3.079673876814,0.846416864276777,0
0,"A",1.29955313645064,0.491135931143213,1
0,"A",1.50560462620083,0.0412441020602472,1
1,"B",-0.151939992523328,-0.84190459481377,0
1,"A",-0.256205630511454,0.146950894892568,1
0,"B",-1.00880228836515,-0.0496027165869695,0
0,"A",-0.228931540843896,-1.91361876125139,0
0,"B",-1.27930123314305,0.225563748092917,1
1,"B",-1.61944024053657,-0.461441617979871,1
0,"B",0.186596173017559,0.878819438681498,1
1,"A",0.490001180000098,0.354144630550542,1
1,"B",0.452098297384237,1.62665658005376,1
0,"B",-0.285822289840871,-1.35851038078903,0
1,"B",0.387248371352128,0.149066239512004,0
1,"B",-1.31420449604799,-0.232965084582556,1
0,"B",-1.6690060793595,-1.14210501603407,0
1,"A",1.04329710121114,-1.14668831282244,0
1,"B",0.0663501246709031,-0.697678155344828,1
1,"B",0.511496923707455,2.69316608248746,1
1,"A",1.50765065495476,-0.912580164129224,1
1,"A",1.55664450837075,-0.857835684702119,0
1,"A",0.0721992284821837,0.544065211542844,1
0,"A",-0.370130562587727,-1.57843443125791,1
0,"B",-1.14787235459355,0.202392105426274,0
0,"B",0.0749994991841365,0.064865251847692,0
1,"B",1.6366194559651,0.024698560640692,0
0,"A",0.474716092931499,-1.429239152895,0
1,"B",-2.05486461784544,0.931139193435853,0
1,"A",1.26246181444389,-0.579217571181439,1
0,"A",0.138609247423102,-0.00848360074708665,1
0,"B",-1.36646039709005,-0.216279528516357,0
0,"A",0.719043278837933,-1.18903809127017,0
0,"B",-0.996447196648931,0.0282169735379723,0
1,"B",0.882148114060186,-0.206464301783365,0
1,"B",-2.5694790427384,2.92150065919389,0
1,"B",0.628582094735562,1.14259693361058,1
1,"A",0.656158538987654,-1.50822764650347,1
1,"A",0.0912911523716145,-1.02220265562248,1
0,"B",0.633422100321474,-0.483060349574877,0
0,"A",-1.29893199958845,-1.18766308988,0
0,"A",-0.538375396854248,0.817048667073651,1
1,"B",-0.010756098855021,-0.210862078556734,1
0,"B",-1.12403610883495,-0.0910617554736481,0
0,"B",-0.976770870244682,-0.236271529818583,0
0,"B",-1.60747149752961,1.28995951594719,1
1,"B",1.40092738491375,0.540777562470414,1
0,"A",-0.619899861314299,0.885594687451612,1
0,"A",-1.5015131534731,-0.541903280253541,1
0,"B",-1.45999139113152,-0.598158002749253,1
1,"B",0.811306541953014,0.462045106658254,1
0,"A",0.702967268372041,-1.19750186382079,0
0,"A",0.116290896873641,-1.51020699957439,0
0,"A",0.384174703022234,-1.94161287214206,0
1,"B",-0.889041694499734,0.669748835361594,0
0,"B",0.18913119858165,1.11442892356555,1
0,"A",0.818781450338138,-1.86263056104919,1
1,"A",-0.570727422834165,1.03269629412008,1
0,"A",-0.809845597973113,-1.08654842723698,0
0,"A",-0.858547761396748,-1.7692976083179,1
1,"B",1.25398664966826,0.767495901691831,0
0,"B",-0.614021027809617,0.133746266780434,1
0,"B",-2.22816269244201,0.13723334336224,0
1,"A",-0.334560048759179,-0.32020467997183,0
1,"A",1.48762053666045,-1.82193031889428,1
0,"A",0.40692170069625,-1.31941491986282,1
1,"B",0.541196951099329,0.786998787905152,0
1,"B",-0.429386306464043,0.698027933922633,0
1,"B",-2.20085337335366,-0.544715078481821,1
0,"B",-1.41113398158781,2.53685679759883,1
1,"B",-0.979303905432526,2.31317305407352,0
1,"B",-1.59446512662909,-0.129295473613631,1
0,"B",-1.07730320039778,-0.686973365671461,0
1,"A",-0.0705107237614716,-1.78596878780447,1
0,"B",-0.986997067320379,1.28616629048118,0
0,"B",0.0926235898224932,0.363283496441111,1
0,"A",0.382280644701437,-2.42042390011268,1
0,"A",0.443235070896338,-0.766473919364272,0
1,"B",-0.474999344875509,2.02212549677613,1
0,"B",-1.39504246819637,-0.633495792520872,1
1,"A",-1.02386514022194,-0.830316397302779,0
0,"B",0.552281770275273,-0.179459595823164,0
1,"A",-0.920567106370939,-0.0720405703093885,1
0,"A",-1.45449232062623,-0.144037889171366,0
0,"A",0.467196862341407,-1.01481148083338,1
0,"B",-0.833008076701576,0.557033755119308,1
1,"B",0.481604540257168,1.44346151477479,0
0,"A",0.173167003204586,-1.03855581199349,0
1,"A",3.08630997922336,-0.401086058432453,1
1,"B",-0.225752809793312,-0.628061199050936,1
1,"A",1.90960108996696,-1.02866843759473,1
1,"A",0.536182916873262,0.95566234103829,1
1,"A",1.42427484268895,-1.29370941659399,0
1,"B",0.50290947540359,-0.578921956011349,0
0,"A",-0.509356213547182,-1.05235791448987,1
1,"B",-1.34757405763551,0.0832920222494556,1
1,"A",0.33930603755438,-0.51973111293492,0
1,"B",-0.309717128197068,-0.641714391386298,0
0,"B",-0.946762614312851,0.222354573600424,1
0,"B",0.156900315225525,-1.00847157828338,0
0,"A",0.193073830963551,-0.416842975626576,1
0,"B",0.526343520487938,-0.827796424996367,1
1,"A",0.809570493308871,-1.39551918464287,0
0,"A",0.462652403587929,-0.598946600123375,0
0,"B",-0.32099969127877,1.34838981951217,0
0,"A",0.366124847222549,0.259475692446425,0
1,"B",0.374402649202746,-0.272722381385802,0
1,"B",-1.24579473617813,0.190240165295959,1
0,"A",1.65431456567529,-0.816934266026411,1
1,"A",1.16423413636317,0.815522377804598,0
1,"B",0.114125344843484,1.0701788292117,1
0,"A",0.984917797451661,-0.934140383424908,1
0,"A",-0.820883896065016,-0.915026016723303,1
1,"A",-0.606200648074509,1.61285995716589,1
0,"A",0.408478771050613,0.22401137743567,1
0,"A",0.00690181982154514,-0.879723598230314,1
1,"A",-0.215847462880357,-0.0227413485167758,1
0,"B",-0.438717526243623,0.393415549562359,0
1,"B",-0.377272522024792,-1.03888117929071,0
0,"B",-1.35176009057757,-0.422126670948422,1
0,"B",-1.18371590201208,-0.869006393574792,0
1,"A",0.271797098415985,-0.476982380270393,0
0,"A",-0.397393409401758,-0.352463726618799,1
0,"B",-1.51772309912328,-0.205041085319609,1
1,"B",-1.03559457118034,-1.40646779539794,0
1,"B",-0.317067786666708,0.953922914107839,1
1,"B",-0.802334663829845,0.0366016746870282,0
1,"A",1.52647417968058,0.284796475977191,0
1,"A",-0.393818812634518,0.667806216163635,0
0,"B",-0.627294858977699,0.166273859800614,0
1,"B",-2.18815465261732,-0.0968975634402696,1
0,"A",1.59762277955954,-1.45274311826548,1
1,"B",0.782112597752285,1.51375688186932,0
1,"A",-1.65938821297988,0.306259672273403,0
1,"A",-0.628432664871042,0.201562793619091,1
0,"A",0.144267003160516,-1.54351791419569,1
0,"B",0.212039969500543,0.607788816318901,0
1,"A",1.29468891592656,-0.0148017409037158,1
1,"A",0.853096229945917,1.34084957973903,1
1,"A",0.353422509741092,0.88845551886708,1
0,"A",1.27401179449586,-1.43565359087731,1
1,"A",0.0585201477021553,-0.486567102230114,1
1,"B",0.244219936456902,1.16415216686403,1
1,"A",2.32143218291388,-1.68852051906931,1
1,"B",-0.29974062437676,3.20837865985427,1
0,"B",-1.0143433104037,1.05256690856278,0
0,"B",0.436027807190157,-2.30433664067661,0
0,"A",0.395124804892917,-0.910105240775904,0
0,"A",0.86159615249891,0.956115379889731,0
0,"B",-1.9013658977364,1.63511410332266,0
1,"A",0.367725169151592,1.10231416489406,0
0,"B",-1.1072408472772,-0.708760940014976,0
1,"B",0.0731454391007816,0.636306683736104,0
1,"B",-1.27355748082952,-0.141479478778966,0
0,"A",-0.57654559380516,-0.587225452633629,0
1,"A",0.619261905800733,-1.55564309331372,1
1,"A",2.60113131424724,-0.283707202808717,1
0,"B",-1.2238131314859,-0.760960531606841,1
0,"A",-0.718081968099122,-0.132255257906365,0
0,"B",-0.500548329143841,1.11184691606512,1
1,"A",1.45226284192014,0.344051135162552,1
1,"A",-0.130650759446437,-0.497798807279831,1
1,"B",0.25680517771469,-1.47982390476709,1
0,"A",0.903415595207702,-0.59532611310092,0
0,"A",0.284651118922235,-2.25280004101278,1
1,"B",-1.11546426472533,-0.0638336806086551,0
0,"A",0.927032507441764,-0.906443289405971,0
1,"A",0.264561521270243,0.354398798175905,1
0,"B",-0.750086019322506,-0.103602270254329,0
1,"B",-1.47684596846046,-1.52051177095918,1
0,"B",-0.298508400632696,-0.399239336070508,1
0,"A",1.50449993697752,-1.46358476963344,1
0,"A",2.4190295411401,-2.29151056405792,0
1,"B",-0.895467975733842,0.146285923687671,1
1,"A",1.97192594302539,1.19877620943331,1
0,"B",-2.36147083457851,-0.641794146161413,0
0,"B",-1.53298816217324,-1.38598356266308,0
0,"A",-0.154553084865067,-0.877546962056,1
0,"B",-0.476926275271147,0.363840882285692,1
0,"B",-1.18955094525014,-0.950261088064699,1
1,"A",0.380125172590977,-1.04380230866178,1
0,"B",0.341805613167693,0.828632985713639,0
1,"B",-0.183060578856303,2.62183802412404,1
1,"A",1.608246561482,-0.501251218262963,1
1,"A",1.79803065172151,-0.979242766211644,0
1,"A",0.819812070380035,-1.4915237857258,1
0,"A",-3.4782479234357,-2.58459566905155,0
0,"A",-0.566904347774623,0.350692832498181,0
0,"B",0.973510302039622,-1.24654026811187,1
1,"B",-0.111827951912432,-0.127707517792372,1
1,"B",0.134372413826771,-1.06990819707954,0
0,"B",-0.851540272432593,0.114045249830056,1
0,"B",-2.23692747298627,0.459727352008601,1
1,"B",-0.83724426072176,0.568255858190612,1
0,"A",-0.341237916387956,0.123571582645958,1
1,"A",1.94358955472154,-0.499953367608679,1
0,"B",-0.669158093877254,-0.14359415172551,0
1,"B",-0.654940855959383,-0.0240076076925197,1
0,"B",-1.3398352204193,-2.63330666632766,1
0,"B",-2.89234056832631,-0.771556153936959,1
0,"B",0.833164476255054,-0.323796133786428,0
0,"A",1.332514074992,0.675260371022075,0
0,"B",-1.07151570828127,0.393912318706135,1
0,"B",1.22181112775863,0.442636121209654,0
1,"B",-1.00721190050812,-1.69324166893583,0
0,"B",-0.476848594080174,-0.980933523957021,1
0,"B",-1.4456666551602,1.68949422585166,0
0,"B",-2.21070826125021,-1.47419349602283,0
0,"B",-2.43355877619154,-0.165872143237384,0
0,"A",-0.804875507045564,-1.36047835217075,0
1,"A",0.971963368974368,-1.00520639213483,0
0,"A",-0.740917164995617,0.305908061481142,1
0,"A",0.416536736371732,-1.40964828576083,0
1,"B",-0.213277992113795,2.01702432063374,1
0,"A",-0.863078850650622,-0.225957138633324,0
0,"B",0.0687320543305855,0.38693113220683,1
1,"B",-1.36660322211105,-0.368039775964056,1
1,"B",-1.35681300698888,0.229546084802513,0
1,"B",-0.559793590976471,1.47318524170544,1
1,"B",-0.957880688707626,3.14602261446829,0
0,"B",0.233759024006688,-0.594805142944742,1
1,"A",-0.0647977392628747,-0.0890754340189701,1
1,"A",0.810706177622479,1.31689165975882,1
1,"A",2.57176964804621,-1.72039471677248,0
0,"A",1.01142314172871,-1.30748306114149,1
1,"A",1.12218106174401,-0.43136805768382,1
1,"A",-0.164568544070319,-0.221243549838194,0
1,"B",-1.04810657228643,0.969805111324537,1
1,"A",-0.376667191104202,-1.75048330295282,1
1,"A",1.36576314385165,0.326313268129069,1
0,"A",-1.19972229285345,0.908841298000776,0
0,"A",0.48102591903348,-1.18891384685455,0
0,"A",-0.99683509553169,-0.926974379424175,0
0,"B",-1.00389465421315,-0.950970111088124,1
1,"A",0.624696305742174,-1.09638075869806,0
0,"B",-1.605740647224,0.564751384777493,0
1,"B",0.854798054297704,-0.93173815217658,1
1,"B",-1.47921900312871,0.5728546088928,0
0,"A",-1.22417409727407,0.173223875490431,1
1,"B",1.3459821438243,1.36438205145437,1
0,"B",-0.323369759547329,2.02404483708973,0
0,"A",-0.110170467971265,-0.00747158098105788,0
0,"B",0.0142888351068402,0.101770971476909,1
0,"A",0.0143751355035309,-1.32491266676641,1
0,"A",1.42106465033514,0.571509491268389,0
0,"B",0.508564621086304,-0.156231511195013,0
0,"A",0.443573994572021,-1.54708462004014,1
0,"A",-0.291838810742295,-0.921523866712086,0
0,"A",-1.45044994307446,-0.228099945946645,0
1,"A",-0.31830155449456,0.95881601615395,1
1,"B",0.43895058497202,0.0424358996864293,1
0,"B",-0.0786424932173753,1.66672351567306,0
0,"A",-0.76894364810493,-0.447388440321787,0
1,"A",0.484935244196818,-0.341604827834843,1
1,"A",-0.083017637623078,0.978954012005558,0
1,"B",1.76390138324917,-1.3351164878093,1
1,"A",0.216898423799146,0.127359087559127,1
0,"A",-0.0768736306063099,-0.910129645478871,1
0,"B",-1.40660265206534,-0.324185693394716,1
0,"A",-0.0513154407086199,-0.844854816644617,0
1,"B",-1.18225800997746,0.453741175412609,0
1,"B",1.05511184406636,-0.931534554377072,0
0,"B",-0.103824215725926,0.0456339220450247,1
0,"B",-2.17628795328911,-0.17466635013459,0
0,"A",0.164481923280207,-0.198267353857975,1
0,"A",-0.554876508738396,-0.875606470049498,0
1,"B",0.757229086982977,-0.241091276388099,1
0,"B",-0.947657500852714,1.11169637826946,0
0,"A",0.447921395102056,-2.95005170215593,1
1,"B",-0.381761115067123,1.72638072398192,0
0,"B",-1.11825355358795,0.297839115798277,1
0,"A",0.712976454449627,-1.94024558050144,1
1,"B",-0.154090896392304,1.21085896086249,1
0,"B",-1.54656184429914,0.627502212911312,1
0,"B",-0.431782094577501,0.446929160382288,1
0,"A",1.47257688397001,-3.46570938112024,1
1,"B",0.0797052166195715,2.03965270594317,1
1,"B",-0.945272129983827,0.975946386398943,0
1,"A",1.13559802029637,0.683569847441861,1
1,"A",1.72269562452481,-1.49096238196118,1
0,"B",-1.92123669679053,0.703894822937977,0
1,"A",0.9318191178104,-0.870295453984286,1
1,"A",0.772388529979112,-1.53573518884105,1
1,"B",-0.0466042112469062,-0.169844147426453,1
0,"A",0.97019062694538,1.41214113433102,0
1,"A",-0.483048680392237,0.161176636089194,1
1,"A",1.29407849243816,-0.0974277009004428,0
1,"A",0.963243630520404,-0.832876678736901,0
1,"A",1.03906245973337,0.251501641324529,1
1,"A",2.37873634580824,-0.42839812581639,1
0,"A",0.380081095608852,-1.14974119235801,0
1,"A",1.69372576724351,-0.255400979889085,1
0,"B",-0.739808203225213,-0.744802264708091,0
0,"A",-0.499706698418011,-0.988820397723252,0
1,"A",2.13511900249691,-0.26759789797143,1
0,"B",0.939837849508746,-0.825816616817768,1
0,"A",-1.3511852901806,-0.404666004521126,1
1,"B",0.603238210925755,-0.901424680625212,0
1,"A",-0.181576270485628,0.347631858952226,1
0,"A",-0.161658716850712,-0.794734632271146,1
1,"A",0.96931019464889,-0.478228360795876,1
1,"B",-0.759648064541832,1.97593882958104,1
1,"A",-1.25857413338644,1.01042372798989,1
0,"B",-1.64319451459828,0.158371800041126,1
0,"B",-0.970093526695146,-0.320943525817467,0
0,"A",0.363030083389738,-1.43313993525819,0
1,"B",-0.480592086382252,0.111955509101312,1
1,"B",0.291686978035706,0.0735084769079534,1
1,"B",-0.406828256016289,-0.552003247393716,0
1,"A",0.101096017071534,1.5858667269793,0
1,"B",-0.543542002639605,0.288369018484161,0
0,"A",0.0847879961006608,0.200048484841117,0
1,"B",-0.114746189621892,-0.201708955984389,1
1,"A",-1.49335826000021,-1.09034725603561,1
1,"A",-0.799815937918015,-1.04325138722602,1
1,"B",0.132402100322831,0.390866097884052,1
1,"A",1.62364568868513,0.886464151655285,0
0,"A",2.81512933914581,0.295015597001615,0
1,"B",-0.602283061926059,-0.0801874156258789,1
1,"B",-1.48918775608505,0.98690210010312,0
1,"B",-1.48384138771935,1.53296957456963,1
0,"B",-1.13848518014661,0.253243712030294,1
0,"A",-1.20910961709079,0.115360175030656,1
0,"B",1.2381838082308,-0.263919097668254,0
0,"A",1.15176655807145,-2.6150851861608,0
1,"B",-1.71781917979382,-0.0309005661580528,0
1,"B",-0.344335597931115,1.13117696712187,1
0,"A",-1.68468637788102,-1.33072182900766,0
0,"B",-1.14746292046261,0.234608793743021,0
1,"A",0.33327322106138,-0.101651711921061,1
0,"B",-1.2436871593421,-0.527728624790352,1
1,"A",0.875344346813492,-1.67576031818508,1
1,"B",-0.773113101334997,0.611801387100485,0
1,"B",-1.07443841290788,0.447931783858042,1
0,"A",0.0952843973302023,-1.24467846858552,0
0,"A",0.0196090228152555,-2.76253468387078,0
0,"B",-1.17433006097845,-1.26122387381963,1
0,"A",0.503267554046645,-0.85094997053123,1
1,"B",0.862543581911399,-1.05988508570204,0
1,"B",-1.33508129609407,1.04885593868515,0
0,"B",-0.810206612163988,-0.582332188023823,0
1,"B",0.142938660398737,-0.629855197272805,1
0,"A",0.59712295840779,-1.65094294724447,1
0,"B",-0.803374388683053,-0.00136451777218988,0
1,"A",1.37004434929715,-1.43856550648142,1
0,"B",-0.039367906959832,0.959342832082975,0
1,"A",0.075361345769518,-0.60517257675913,1
0,"B",-0.961165223329495,-0.209116299879882,1
0,"B",-1.1201893908198,-0.228232172316903,1
1,"A",-0.3043599268032,-1.92002307992438,0
0,"A",0.911210592575331,-0.674354641947886,0
1,"B",-1.5848725426709,0.609401910256425,1
0,"A",-0.932972260466367,-1.099366190441,0
1,"B",-2.75750751132213,0.480146529212755,0
0,"B",-0.677603772315977,1.33756344825359,0
0,"A",1.66275615431823,-0.940071749888878,1
1,"A",-0.0627466326611111,0.130495986780252,1
1,"B",-0.65453391659824,-0.19027685981617,1
0,"A",-0.151678464954435,-0.81571481019949,0
0,"A",-0.500045263773341,-1.57582167093264,1
1,"A",-0.117371522674944,0.3583413941124,1
1,"B",-0.737102380339546,-0.0552471179166011,1
1,"B",-0.552010860425422,0.877048390937282,1
0,"A",-1.14122419439682,-0.718501186594295,1
0,"B",1.35389938768326,2.04031037124541,1
1,"B",1.19746420478607,0.143852368406904,1
0,"B",-0.574481218354108,-0.889566607972054,1
0,"B",-2.11260911896326,-0.405108062513099,1
0,"A",-0.0496448017791776,1.16827686466011,1
1,"B",-0.849723990910837,0.225904054245017,0
0,"B",0.627809529276634,3.25284966291325,1
0,"A",1.42322761234284,-0.860141929124701,0
1,"A",1.11743106157783,-0.450799480598997,1
1,"B",0.69655138106914,-0.243882782935932,0
1,"A",0.727598031316213,0.415323406739872,0
0,"A",-0.118004237462352,-0.716911101419268,0
1,"B",1.01785372580033,-1.11542448402549,0
0,"B",-0.817289614215309,0.333668693093542,0
0,"B",-2.18075534772571,-0.128719935921464,1
0,"A",0.412293312887107,0.368250734555532,1
0,"B",0.309343568339688,-2.84096915213628,1
0,"B",-0.582055859870455,0.411805990964891,1
0,"B",0.0806772241088949,0.990750305722947,1
0,"A",-0.219535528933776,-1.27668653235787,0
0,"B",-2.1368936210474,0.879670845607607,0
1,"B",-0.12562404287761,0.281531375421086,0
1,"A",1.3744571871809,0.554639284252843,1
1,"A",0.975763825169825,-0.769046566370461,0
1,"B",0.67448084474872,-0.0293462725689635,0
0,"A",0.352463028866524,-1.32910271908601,1
0,"B",-1.30224983054497,-0.245062034808474,1
1,"A",1.05256955608735,0.59626771867265,0
0,"A",0.579839800436565,0.214526106233202,1
0,"A",0.358596657017918,-1.91476115725866,0
1,"B",1.16009091354906,1.46517004880562,1
0,"B",0.0464158169764526,-1.56945163217002,0
1,"A",0.0330201701967165,0.680617205851679,1
0,"A",-0.00730577469769977,-1.4384673566069,0
1,"A",0.670334014288696,1.13301568054051,1
0,"B",-0.338088839739878,-0.889464255468651,0
1,"A",0.200815912312158,0.757624047035142,0
0,"B",-0.325318176116986,1.12476346748317,0
1,"B",-0.251145732042119,0.553565645876121,0
1,"A",0.448406516533016,-0.887324870475114,1
0,"A",0.00777055740063487,-0.38177271360787,1
0,"A",-0.279940029785516,-1.48506645765136,0
1,"B",1.3570995751137,2.10399768029977,1
0,"A",-0.126332340915207,-0.16632448934659,1
1,"A",0.884227106924669,-2.45599638910118,1
0,"A",-0.142546437266488,-1.91564108009495,0
1,"A",0.863180005224235,0.803627110046664,0
1,"B",-0.80324593277712,-0.451438890498776,1
1,"B",-0.378685594925522,0.339806734022494,0
0,"A",0.416186944137524,-0.144814158268069,0
1,"B",-0.904190472919652,0.953496423927326,1
0,"B",-0.592000635250604,-0.644408865390541,0
1,"B",0.36493707085238,1.31207734120753,0
1,"A",0.89199189815644,1.93480971905097,1
1,"B",-0.762945986398946,0.227857350030938,1
1,"B",-0.276178094927364,1.62637496701617,0
1,"B",-0.0490836710408357,1.10922209637502,0
1,"B",0.307433847159167,0.419304620514693,1
0,"A",0.00756044173074039,0.613101485214117,1
1,"A",1.08556852590087,0.17657331424905,0
0,"A",0.403646786704376,-1.72017077663221,0
0,"B",-1.19021145011913,-0.634326510155095,0
0,"A",0.451472752920661,0.584213653532972,1
1,"A",0.598664924869192,-0.862396387371219,1
1,"B",1.75191820420367,1.80020422399579,1
0,"B",0.0522339220895687,0.450101170462695,1
1,"A",-0.0218465879435588,0.931708958357087,1
1,"B",-1.56868359839916,0.875964464514898,0
0,"B",-0.114860917485249,-0.507992270388591,0
1,"B",-0.0488774406558848,-0.473811073791278,1
0,"A",-0.745034497204444,-0.501432170511685,0
1,"B",-0.125685210801042,0.558258215106965,0
0,"A",0.803739075380612,-0.408717364926865,1
0,"B",-1.27416058206482,-1.22059766584884,1
0,"B",-1.06642962191004,-0.698265485561568,1
0,"A",-1.4868914887384,-1.9934597630833,1
1,"A",2.0563089075195,0.508682702870332,1
0,"A",-1.79348412779245,-0.720592657697038,1
1,"A",1.4150360875568,1.04984831474962,1
1,"B",1.1911030607306,1.78523187602634,1
0,"A",0.384979843494166,-2.58911058805402,1
1,"A",0.202386066736165,0.930675744341075,1
0,"B",1.28268922687561,-1.49036333721232,1
0,"B",-1.73157033397426,1.14160262194975,0
0,"A",-1.16518576410097,-1.65969789076206,1
1,"A",0.334400452691801,1.50600191172623,1
1,"B",-0.656025528554096,1.4617338036114,1
1,"A",0.866858621575659,-0.635611217865335,0
1,"A",0.407508712770851,-1.69042387756925,0
0,"A",-0.891168628168124,0.493053587913677,1
1,"B",-1.70828156696586,3.39324701885616,1
0,"A",0.47682103472663,-2.27460436371734,0
1,"A",-0.641329041792347,-0.44640399854537,1
1,"A",-1.30081293443409,1.95418272873199,0
1,"A",0.787188633351934,-0.845987532238735,0
1,"A",1.02444367402679,-0.807933854645295,0
1,"B",-0.478145365906664,0.994724639931388,0
1,"A",-0.948734359782185,-0.231099985531657,0
1,"B",0.00618970297134636,0.550797926956019,1
0,"B",0.226934358090819,1.75016440477204,1
0,"B",-1.854285006973,1.42093713088631,0
0,"B",-1.13993593951738,-0.22226108915773,0
0,"A",-0.440858104513791,-0.127730196892198,1
1,"B",-1.80746818200054,0.0289023090382768,0
1,"B",1.26672076369294,1.48895969611437,0
1,"B",-2.07333430179534,-0.213559493026585,0
0,"A",0.00929345206575627,-1.22946740509011,0
1,"B",0.465265067814955,0.156710102937047,1
0,"B",-1.20239232475717,-0.0428471483498348,0
1,"B",1.73840203071494,0.428637212258576,0
0,"B",-0.245255311173504,0.163934122483837,0
1,"A",-0.105041599127596,-0.272156570846957,1
0,"A",0.699909180839995,-0.849152961463871,1
1,"B",-0.109812362482321,0.295866212115668,1
0,"A",2.07479503586109,-0.164557936767119,1
1,"B",-0.429232081953509,0.128436484504566,1
0,"A",-0.0046264421502708,-1.4819010763595,1
1,"B",-1.37181713736764,-0.0498814591433043,0
1,"B",0.687014166273602,0.803106719600154,0
0,"B",0.853295927605735,-1.12132450100724,1
0,"B",-2.98113946279818,0.361400058697337,0
0,"A",0.211637873753752,0.706049963376382,1
1,"A",1.36514283637319,-0.0860262168645412,0
0,"B",-2.99837208866358,-0.330544306783067,0
0,"B",-0.519017090482313,1.53069384874958,1
0,"A",1.34635354196249,-0.559003671241901,1
0,"A",0.33687094674133,-2.18560778774316,0
1,"B",-0.445001589907057,0.774975143015742,1
0,"A",-1.11800812127386,0.214490171168894,1
1,"B",0.386681707713613,0.227395935646571,0
0,"A",-0.829575067318828,1.77962632921121,1
1,"A",1.4609252574439,-0.0599105991893661,0
1,"A",-0.11412999553267,-0.524872473245226,1
1,"A",1.27998701341607,-1.9824550098547,1
0,"B",-1.07876123824712,-0.0251089258118378,1
0,"A",0.498261924909618,-0.95179156611105,0
0,"B",-1.898107354585,-0.514386644156756,1
0,"A",0.485156277465062,-2.1265454949422,1
1,"A",-0.395116388898147,-0.330623960514698,1
1,"B",0.132119319796962,-0.214841928620198,0
0,"B",-1.34730956499027,-0.160944935803235,0
1,"A",-0.760897673423978,0.361863138781921,0
1,"B",-2.52889550946945,-0.553958873184242,0
1,"B",0.0126466916218194,-1.05560630076901,1
1,"B",-1.35819541252399,0.145660995014431,1
0,"A",-0.275637502691903,-1.42154986865729,1
0,"A",0.683668362341639,-2.67998875131821,1
0,"A",0.683869065452693,-3.10891713151286,1
1,"A",0.738922681282627,1.71874415135243,0
1,"B",0.117723947575609,0.299613884833086,1
1,"A",0.687109847344785,-2.40012226647848,1
0,"A",0.709857513141307,-1.88800249665165,1
0,"A",-1.40698818084178,-1.30287747422313,0
0,"B",-1.76972558897817,-0.0716893332185307,0
1,"A",0.63574468537475,-0.478904344818085,1
0,"B",-1.53840740863931,-0.479669924036929,1
1,"B",-0.23898819827236,0.759267245825249,0
1,"B",1.18976813026088,0.56133636697371,0
0,"A",-0.797130041339312,-0.0926134392767136,0
0,"A",0.228542727341412,0.692135980160327,0
0,"B",-2.81757714822567,0.89326881107227,0
1,"B",-0.611231156705227,-0.209489610321246,1
0,"A",0.578470132836691,-2.43753248075743,0
0,"B",-0.27394489236026,-0.432588740654539,0
1,"A",0.0135285575595754,0.631811811903796,0
0,"A",-0.551803712016788,-1.20550316265091,0
1,"A",2.34840292281071,-1.88138733829038,0
0,"A",0.303900476431479,-0.95816552239434,0
1,"A",0.536623591471806,-1.58403600607157,0
1,"B",0.862564869625097,1.4897381201756,1
0,"B",-0.231194325970112,0.0858168520186169,1
0,"A",-0.215467229330739,-1.09207396702551,0
0,"B",-2.02580058852115,0.799096258174181,1
0,"A",1.37717161484874,0.116997020201474,1
1,"B",-0.978717466178109,0.277092204087276,0
1,"B",0.706405976825137,0.645700567766913,0
0,"B",-1.73961204068439,0.501450861209325,1
0,"B",-1.60102955840994,0.562378336293751,0
1,"A",0.176161863714321,-0.813228149322915,0
1,"A",1.30424491667256,2.40998781166918,1
0,"B",-0.450755741123588,-0.666137680502282,1
0,"B",-0.385817478143254,-0.982745742559802,0
0,"A",-0.332947186088808,-2.40037965431358,1
0,"A",-1.12828485746045,-0.010377558731482,1
1,"A",-0.67376437818397,-1.28327678018533,1
0,"A",1.06901088967039,-0.244386369810602,1
0,"A",0.358765214335878,0.464045381215133,1
0,"A",-0.328189434871643,0.0630893425018919,0
1,"A",-1.32208255184111,0.200832110564676,0
1,"B",2.30900908257672,0.14322212580288,0
0,"A",-0.0633568515812844,-0.896417554728919,0
1,"A",1.5341601690059,1.41867181659412,1
0,"A",-0.18329813469965,-0.317447545196628,0
0,"A",-0.890090771648498,1.4533633962034,0
0,"B",-0.629468867290124,0.336404568289059,1
0,"A",1.24872672151305,-1.94282784963387,1
0,"A",-0.870489558971745,1.09456918212902,1
0,"B",-0.438630477856831,-0.0503095783711741,1
1,"B",0.00999490705116712,0.497216425685348,1
1,"B",-1.34768325745508,-0.0382908270081155,1
0,"A",-0.443452314685669,-0.496375335238943,0
0,"A",-0.0468600362551274,-0.350879423213,0
1,"B",0.89595791782813,1.23727417927181,0
0,"A",-0.54835227028411,-1.75644507115672,0
0,"A",-1.67664891925311,-0.420601345753438,0
1,"B",0.208498063255321,0.632582671533725,1
0,"A",0.799427670574067,1.44091331013382,1
1,"A",-0.740818308764736,0.00801207048275926,0
1,"A",0.887426866579923,0.976075481154895,1
0,"B",-0.25811964419245,-0.895291271770041,1
1,"B",-1.06627562226902,-0.641571313236685,1
0,"B",-1.39804210246081,-0.608756926223468,1
1,"A",0.772278290023155,2.01853312080933,1
1,"B",0.448939705997046,1.02108336158182,1
1,"A",0.36137622547112,0.438396842155215,1
1,"A",-0.529133331440921,0.378104672901038,0
1,"B",-0.416378418376478,-0.089618084553423,0
0,"A",-0.271368847061628,-1.98129311269007,1
0,"B",-1.57302931861287,0.72470191814455,1
1,"A",-0.0734848330440436,-0.115780712605099,1
0,"B",-1.40289267287886,-0.926269211369721,1
0,"B",0.813745126713522,-1.52233401864693,1
1,"A",0.947480031894727,-1.30220494700016,1
1,"A",-1.32263434988394,0.960482415350809,0
0,"B",-1.22536993319652,-0.163598625026532,0
1,"B",-0.0887807337928415,0.363456723748962,1
1,"B",-1.22804074962464,1.74078397271882,1
1,"A",-0.878326536593351,0.624272598054866,1
1,"B",-0.723638979679902,0.101273633806956,1
1,"A",0.485584346590933,-0.578526435958562,1
1,"B",0.964572496602506,-0.0249230559031557,0
0,"A",-1.48853490606934,-0.0533979947091817,1
0,"B",-0.0584121791720053,1.29431391755634,1
1,"A",0.904030938031155,-0.971895412661289,0
0,"A",-0.650913328121826,1.03716128617167,1
0,"A",-0.649554670907421,-1.90517659986359,1
0,"A",0.273976599199442,-0.97905391448454,0
1,"B",1.34234312889999,-0.144385171553551,1
1,"B",0.997372176922218,0.952420327340593,0
1,"B",0.394369461617561,0.380191958252547,0
0,"A",-0.288569291865699,-0.680717574080742,0
1,"B",1.1966574577976,0.550142044545964,0
0,"A",1.51088229963337,0.275842278924778,0
1,"B",-1.45912731684221,-0.201667352098196,1
1,"B",0.380597407073722,-0.70141691776805,1
0,"A",0.0737393030682941,0.584945256788447,1
0,"A",0.120605345348106,0.443524345213524,0
0,"A",-0.445166543053325,1.90528904780113,1
1,"A",1.14459769033514,0.250573512672966,1
0,"B",1.71195654065301,-0.653743820422656,1
1,"B",-2.68238133093592,3.01703712272149,1
0,"A",0.743701691012264,-0.950814939254126,0
0,"A",-0.354546751972444,-2.49845360180486,1
1,"A",0.429240638080685,0.58610460570595,1
0,"A",-0.956721132376656,0.0353672911127382,0
1,"B",-1.12660466307761,0.90896780001897,1
1,"B",0.309531660341864,-0.490772448201475,1
1,"B",-0.874009080508762,-1.60277592165527,1
1,"B",-1.57968800894133,0.306744438698219,1
1,"A",0.441022698958336,-2.89767724165088,1
0,"A",-0.821231386177001,-2.74207361804216,1
1,"B",-0.361089534093549,-0.356535915830825,1
1,"A",0.733655066194785,0.117974558819204,0
1,"B",-0.504423558473085,0.990651663277402,1
1,"A",0.21368767749953,-0.285200312450325,1
0,"B",0.370978029706882,0.434746339269323,0
0,"B",-1.87345856335636,0.155457844120874,0
1,"A",-1.03242422529132,1.68086125374258,0
0,"A",-0.686552978696946,-0.581215063575988,0
1,"A",1.47578164110711,0.627163711845215,1
0,"B",-1.3571176369675,1.48077264793577,1
0,"A",1.49048396156263,-2.14162370748157,1
0,"A",1.48400100890616,-0.937596388340547,1
1,"B",1.93060988543556,1.77169997353781,1
1,"A",1.94465112396718,-0.660850817302336,1
0,"B",0.608103079647799,0.240683791098783,1
1,"B",-1.38881254252749,1.95272724139349,1
1,"B",-0.263812968793882,0.904496243313915,1
1,"A",1.51655957437868,-1.75471501459507,0
1,"B",-0.600546336579941,1.39162881721738,0
1,"A",0.240737511808121,-1.95646062234759,1
1,"B",-2.10262805181055,0.351915428640641,1
0,"B",0.135177972906607,0.187077149088498,0
0,"A",0.239381962678187,-1.44063008235759,1
1,"A",1.17142450671344,-2.1272271951318,1
0,"A",0.00191584979571752,-0.968990428833762,1
0,"A",-0.969128380143351,-1.55236606235943,1
0,"B",-1.16517422100161,0.3041006158808,0
1,"B",1.73209560826132,-0.886040971637179,1
0,"B",-1.07419986927425,0.0663065448661415,0
1,"B",-0.304427288072779,-0.143553592754997,1
1,"B",0.377200573188512,-0.808203466370664,0
0,"A",-0.794064975100641,-1.08686396222672,1
0,"A",1.30227607572056,-0.56752190415554,0
0,"A",1.09032573839003,-0.8477999534865,0
1,"A",1.00128686533714,-0.698635880501543,1
1,"A",-0.202755927839896,-0.207253127341959,0
0,"A",-0.115936702045485,-0.418292799034845,1
1,"A",0.200361889779115,-1.10931748250186,0
1,"A",2.18928947040335,-1.46985271425127,1
0,"A",-0.0795516056259178,0.750618291837603,1
1,"B",-1.88784661689525,0.330398397809251,1
0,"A",0.00097446004708257,-1.49850108844726,1
0,"A",0.374308981593916,-1.40556566541719,1
0,"A",0.508821673926827,-1.28455441821038,0
0,"A",-0.432251275228787,-1.88276677181397,0
0,"B",-0.501043820336841,1.02702138847677,0
1,"A",0.261931011730908,-0.154720228184441,1
1,"B",0.857810653266966,0.673622382528142,1
1,"B",-1.6252216897688,-1.61868550670185,0
1,"B",0.368449816401586,-0.827106538399935,0
1,"A",0.203615924617671,-0.551348699765998,1
1,"A",1.59750200567984,-0.808326792353561,1
1,"A",-0.424046052154307,0.0972540169752788,1
1,"A",1.33375993417808,0.232785075503883,1
0,"B",-1.32097237783674,0.589063243317847,0
1,"A",-0.379475786768248,0.151341480296428,0
0,"B",-1.1842142549737,0.614030828586221,0
0,"A",-0.972291465770083,-1.34738878105989,0
0,"A",-1.13960733058472,-1.61408653750821,0
1,"A",-0.93769813487508,-0.527977896976935,1
0,"B",-0.702356787838005,0.635856666298015,0
1,"A",-1.82094893828258,0.377990404068336,0
0,"B",-0.533333413233139,-0.476704773791171,0
1,"B",0.0400661924921762,-1.50494431997415,1
1,"A",1.2846435796276,0.775234500333797,0
1,"B",-1.05112179491728,0.516602771831912,1
0,"A",-0.419333988297307,-2.12585032108162,1
0,"A",0.526646672220289,-0.58486725083692,1
0,"B",-0.393495344247733,-1.53872950570797,0
1,"B",-0.768514894999168,-0.646123696256269,1
0,"A",1.08843993335857,-1.78330298768346,1
1,"B",-1.88050508342025,-0.567722348091547,1
1,"A",2.56045025028328,1.49362244904967,0
0,"A",-1.46625772383216,-0.827757621110018,0
1,"B",-0.243800242042494,0.440408754342409,0
1,"A",-0.652716898876172,-0.533024075878619,1
1,"A",2.02091826504318,-0.329027681212483,1
1,"A",0.141278684994525,-1.37467870784697,1
1,"A",0.768964603169108,-1.01069141371828,0
0,"A",-0.0089497940442384,-0.964461201775229,0
1,"B",1.68143130186115,0.924112537475941,0
1,"A",-0.38839730017262,0.435593498909139,0
0,"B",0.0621529343175191,-1.23467018126948,1
0,"A",-0.0765677193523084,-1.40131462526733,1
0,"A",0.210550115905813,-0.732156432023604,1
1,"A",2.69528663828891,-0.853231832961832,1
0,"B",-1.05284511692004,1.26969713921679,1
0,"B",0.0887350726878783,0.707641466419294,0
0,"A",0.0990253211462498,0.40938113041455,1
0,"A",-1.31855219359319,-2.27701834857511,1
0,"B",-0.556225316188134,-0.383159372530238,0
0,"A",0.325108250580079,1.12341658614258,0
0,"A",0.688574939161831,0.492060035424568,0
0,"B",-2.81459225917153,1.41632165893779,0
0,"B",0.156781125791004,1.56083372946457,0
1,"B",-0.569389678638754,0.0262512697284655,1
1,"A",0.79462345557457,-0.865518783048745,1
0,"A",-0.403715144772816,0.217657989747841,0
1,"A",-0.140443207479584,-0.672482925417048,0
1,"B",-0.706974914853511,0.915918694818565,0
0,"A",-1.38875135432777,-0.933515063231438,1
1,"B",0.662225841798655,0.553002670316826,0
1,"B",-0.455569448097585,-0.693802781595382,0
1,"A",-0.694866962874745,-0.0748366257957285,0
0,"B",-0.488317546268611,0.226186022937096,0
1,"A",2.02702005166074,-0.472519382792679,1
0,"B",-1.22317495104609,0.562064288475279,0
1,"A",-0.776681136570096,-0.57862207059607,1
0,"B",-0.477251691171808,0.381646356598436,1
1,"A",0.30220282540128,-0.367258022113863,0
1,"A",-0.820932145559357,0.502355287295577,1
0,"A",0.139289098128095,-1.18335922635034,0
1,"B",1.07072987484697,-0.0810104610943219,1
1,"B",-0.0455267902836464,-0.25558426034235,1
0,"B",-1.28054370465216,0.981772529369373,0
0,"A",0.0298753195818475,-0.146980351302539,1
0,"A",-0.105974382359605,-0.0633998817565031,0
0,"B",-1.6885781744906,0.388914302685625,1
0,"B",-0.885060733112096,-0.892486935723837,0
1,"A",-0.0836070530494974,-0.071941987363529,1
0,"A",0.0875463522205761,-0.534126191233606,0
0,"A",-0.282059671755553,1.24982254086567,0
0,"B",-0.894984722700329,0.197318857209039,0
0,"B",-1.27754436984544,0.617016549951589,0
0,"A",-0.631202165285445,-0.544192022584207,1
0,"A",-0.670050284504905,-0.61182724301025,0
1,"B",-1.3976023522853,-0.0500996338083533,0
1,"A",-1.17532133596534,0.056352486702068,0
1,"B",-1.4890495023624,2.68120002928479,0
1,"B",-0.615204709731122,0.297374398787994,1
1,"B",-0.296136948306776,-1.08069216276867,0
0,"A",-0.323929089083724,-2.55151198007243,0
1,"A",1.34501623535444,0.979693346577887,0
0,"A",0.0871941872414425,-0.449479891353095,0
1,"B",-0.851938081339099,-0.823250296366941,0
0,"B",-0.836231101226386,0.814818225195967,0
1,"A",1.08055180467821,-1.11533723873502,0
0,"B",-1.66137779432968,-0.349905022314537,1
1,"A",2.89591408259212,-1.13067797544879,1
1,"A",2.53167292283467,-1.08001320789838,1
0,"B",0.742789431945153,-1.18241021087124,0
0,"B",-2.26130219490954,0.201150750567368,0
0,"A",-0.172609855208514,-1.16517695211836,0
1,"B",-1.62579270654175,0.136230146680926,1
0,"B",-0.770508150610261,-0.183432731465835,0
0,"A",-1.33059689973062,0.104630424083875,1
1,"B",-0.286536957372732,1.33563202720221,1
1,"B",-1.34814900637797,-0.472703703200257,1
0,"A",0.771773314229282,0.0363913178684425,1
1,"B",-1.22645782853492,1.19229083804677,0
0,"A",0.804282370022618,-1.89753084122227,0
0,"A",0.847327205436909,-1.0351617352424,1
0,"A",0.464064138292366,0.0240909861232559,1
0,"B",-0.550998379109621,0.0820701461754328,1
0,"A",0.0745952536361954,-1.69474167036667,0
0,"B",1.17651524562902,-0.617296950350217,0
0,"A",0.508485658609519,0.602397401913681,1
0,"B",-1.69240114011344,0.0214138722896507,1
1,"A",0.421112215670327,1.24957243537989,1
0,"B",-1.0658884135575,-0.0732599209773818,0
0,"A",0.768126416268726,-1.37982006662165,1
1,"B",0.100570800219662,1.41392158312861,0
1,"B",-0.360372957238793,0.826346713086663,0
1,"B",0.102291560201789,0.227899655834208,1
1,"B",-0.0268237147535836,1.19779229001208,1
1,"A",0.203013944159617,0.547904187828639,1
0,"B",-2.53043794085486,-0.817828316978285,0
0,"B",-0.695684423114582,-0.537259303220443,1
1,"A",0.0848024376647198,-0.877105625326372,1
0,"B",-2.4358978724227,0.648316329452399,0
0,"A",0.467158154719216,-0.408092044045117,0
0,"B",-0.0519886327796093,-1.08266723021082,0
1,"A",2.34995554972906,1.16814295628054,1
1,"B",1.1283251888648,-1.44692151892467,1
0,"B",0.766692380833492,-0.834689423158492,0
0,"A",0.349644478483602,-1.48880028241057,1
1,"B",1.05735371680343,0.87670238815362,1
1,"B",-0.620841836279465,0.388247127731968,1
0,"B",-1.0705025749031,0.805506614853953,0
0,"B",0.127290435936154,0.571293389366943,0
0,"B",0.0806373192945895,-1.57402440201576,1
1,"B",1.73054978471924,-1.43953290994905,0
0,"B",-1.92925458980446,-0.94919088574072,0
0,"A",-0.925859660988153,2.31839045177099,1
1,"A",1.49468102102144,1.39423102267542,1
0,"B",1.07786984892224,0.105619292798177,0
0,"B",0.0559593719374349,-1.03442775353171,0
0,"B",-0.797481561601966,1.13677159564956,1
1,"A",-0.775485065222294,-0.602125970239105,1
1,"B",-0.932525106704442,1.27461127014804,0
1,"B",-0.282666234937434,1.18042122646444,1
1,"B",-0.437229226066064,1.87893318660832,1
0,"B",-0.81422015549135,0.915668568912118,0
0,"A",-1.15671092981011,-0.991797714868586,0
1,"B",1.99876750326035,1.01951540811089,0
0,"B",-0.21796658795729,-0.973871477714075,0
1,"B",-2.37926797105544,1.82381291743994,1
1,"B",1.22497143352838,-2.35860410109594,0
1,"A",1.12724270728817,-1.25473081244015,1
1,"A",0.437571172847256,0.0125963901535137,0
0,"B",-0.0582163595558181,0.328959286615487,1
1,"B",0.315057364733999,-0.77383205474382,0
1,"B",1.65742727793799,1.73430121976954,1
1,"B",-0.680567676538098,-0.537638213964907,0
1,"B",0.0556607158308944,1.23575125485795,1
0,"B",-0.38713803788064,-0.982794559792846,0
1,"A",-1.36163856963472,1.29435444271646,1
0,"B",-0.803600912012145,0.567764445112466,1
0,"A",1.04707141591601,0.0260582774037691,0
1,"B",-0.192003838240022,1.5206004682494,1
1,"A",0.369920234740281,-0.349269414565508,0
0,"A",-0.865427337545073,-0.386284338372401,1
0,"A",-0.604192621157404,-1.39336032957671,1
0,"A",0.377798897156625,-1.09613468010392,0
1,"A",1.18475162392229,-1.27598339445508,1
1,"B",0.0405591383709694,1.36333967720256,1
0,"B",0.00339186560480353,-1.52455843318037,0
0,"B",-0.625374495531642,0.272466751411337,1
1,"A",0.200987611771341,-0.780109121813856,0
0,"A",0.297004802412386,-0.273394092899771,1
0,"A",-0.271453523712203,0.947276672518813,1
0,"A",-0.155999561360246,-1.92633486321962,0
1,"B",1.33433702103942,-1.31090959035223,1
1,"B",-0.735255709571739,2.34401425151839,0
1,"B",0.28117915347857,1.2844245588284,1
0,"B",0.39666282261875,0.458246588753331,0
0,"A",-0.159687236594903,-0.345840230701534,0
0,"A",-0.48632487444492,-1.48306072671259,1
0,"B",-0.750958980559524,-0.968561504026243,0
1,"A",1.51336060581531,-1.3274694632124,1
0,"A",-0.281625799151644,-0.244041533917432,0
1,"A",1.67293719172717,0.894707046224578,1
1,"A",-0.93484070745723,-0.124862803616628,0
1,"B",-0.803555284989167,-0.140344052606801,0
0,"A",0.450658033311877,-0.854536690834302,1
1,"A",-0.507691679160228,-0.296378583789112,1
0,"B",-2.63701978465687,1.40940904972274,1
0,"A",0.534132330656949,-0.530493498426314,0
0,"A",1.02559698156776,-2.27645599706441,1
0,"A",0.795196830286735,-0.409748174891201,1
0,"B",-0.135699994697742,0.476044971363075,0
0,"B",-0.612042070171318,-1.039503613421,1
0,"A",-0.123767005109238,-1.22269491391149,1
0,"A",0.638882911750271,-0.711301698877005,0
1,"A",-0.14661495567585,-0.173889917056544,1
0,"A",-1.04774578615382,-1.52219847377596,0
0,"B",0.173216662886327,2.5778252216346,0
0,"B",-0.268925393584176,0.581459899682639,1
1,"B",-1.18930812189896,0.682374677600435,1
1,"B",0.131747021479584,1.50899857923849,0
1,"B",-0.935452223339759,-0.772222108471736,1
0,"A",0.491905825658572,0.152057954952331,1
1,"A",1.04743381472408,-1.06622668141976,1
0,"B",-1.60954557611385,0.652776631718611,1
1,"B",-0.0328587661111823,0.653146807820523,1
1,"B",0.111141812269296,-1.27704297054208,0
0,"A",1.29124633631892,-0.384630725866093,0
1,"B",0.349759800148155,-1.43058166940849,0
1,"A",0.477132436533817,-0.314275370688126,1
1,"B",-1.3232161246278,0.317134593424987,1
0,"A",1.72210984683512,-1.81498581037455,1
1,"A",1.89279346421419,0.937330080094878,1
1,"A",0.237408888476514,1.43709333357208,1
1,"B",0.44505096845946,-0.0602740858847098,1
1,"A",0.384995181210397,0.0979369189923277,1
0,"A",-0.516237457489861,-0.417142805500414,1
0,"B",-1.83591649836996,-0.174960629948559,0
0,"A",-2.087138438219,-0.306559027655015,0
0,"A",0.00396170663664924,-1.26352436206843,0
1,"A",3.00730611876007,-1.50121026755627,0
0,"A",-1.39926283802931,-0.00603439744756729,0
1,"B",-0.316750068896872,2.19671001261295,0
1,"B",-1.05747502442097,-0.178816102947371,1
0,"B",0.0960705897946762,-0.799751988871189,0
0,"B",-1.07906387895796,-1.67284137061013,1
0,"B",-0.695475605994166,0.835518794683045,1
0,"A",0.799395643627441,-0.106257028519339,1
0,"A",-0.964215564901826,1.63600270251367,1
1,"A",-0.542304292256711,-0.659783840292572,0
1,"B",-0.796270289188026,-0.156397626252477,1
1,"B",-0.230440846841209,0.0753568648160387,0
0,"A",-0.475315521180616,0.950411928210397,0
0,"A",-1.10160675408211,-1.77922044818245,0
0,"A",-0.893123851025103,-0.993570731078599,1
0,"B",-1.41399529568963,0.0995696010870826,0
0,"B",0.88203530477285,0.674537650015505,1
0,"B",-0.773672781203688,-0.573529698695377,1
1,"B",1.06037829800523,-0.32804344831891,1
1,"A",-0.224585869755337,0.427089370266624,0
0,"A",-2.39262968163152,-0.484391974250101,1
1,"B",-0.0304364840921074,1.99353894621766,1
1,"B",1.02710714129164,0.122188291364872,0
1,"B",-0.10367833779356,1.44223274484769,1
1,"B",0.566042806414962,-0.277430874172527,0
1,"B",-1.54680930971348,-0.528825784921283,1
1,"A",0.780955405238819,-1.51159620590524,1
0,"A",0.227964612431128,0.257183005130999,0
1,"B",0.431720562643838,-1.04133256816149,0
1,"A",-1.16110676881736,-0.0575434477246619,1
1,"B",-0.991033296285518,-1.00126729050212,1
0,"B",-0.965158869544123,0.532771003343764,0
0,"B",-1.42107340260281,0.12159208998967,1
0,"A",1.55726973473551,-1.91851360844683,0
0,"A",-0.497510206728733,-0.12982330668815,1
0,"B",-1.37979047518342,0.490884980207881,1
1,"B",0.627788340390473,-0.907631516587981,0
0,"B",-1.7669596672872,-0.876615323296713,0
0,"A",0.641185471353237,0.0909504909179869,1
1,"A",0.0154967708329432,0.63601464428249,0
0,"B",-2.58757649467249,-0.268791285452302,0
0,"A",1.13218817906878,-1.74820239890007,0
0,"A",1.07636516151339,0.724346340654362,0
1,"A",0.752140104385879,-1.12762408905689,0
0,"B",-3.31708548623816,-0.521877431949363,0
1,"B",-1.37312823699386,0.428260209311224,0
1,"B",0.0292748463976705,0.15897277412519,1
1,"A",0.610230747308345,-0.972400530975575,1
0,"A",1.21433113612596,-1.31230600779618,1
0,"B",-1.0764566748205,-0.852314869854845,1
1,"A",0.144385963496714,1.60971394848439,1
1,"A",0.433507012117674,-0.599287428298561,0
0,"B",-1.4203644822096,0.12695123965571,0
1,"A",0.69653676229578,-0.463169065178091,0
1,"A",1.02920266175905,-0.758738600476785,0
0,"A",1.51884083251532,-1.77718526726491,0
0,"A",-0.111774608626885,0.0602864597140527,0
1,"A",1.65285337744369,-2.54594651956895,0
0,"B",0.586014012667443,-1.13703832864476,0
1,"A",-0.0480830805353504,1.12551713733955,0
0,"A",-0.83569244544788,-1.11170424137368,0
1,"A",0.386300284232182,1.65245281838153,1
0,"A",-0.252343589388554,-1.22059905309661,1
1,"A",-0.112108171124473,-0.526755494603908,1
1,"B",-0.766147012849918,-1.08634575066423,1
0,"B",1.27266511900997,0.759447253909145,0
1,"A",2.81670649478791,-1.24494339585535,1
0,"A",1.66033551663482,-1.89285629817825,0
0,"B",-0.99313285737701,-0.902357280107112,1
1,"B",1.55018153396248,0.681408546990402,0
1,"B",0.143438921229624,-0.131703300444621,0
1,"A",0.0777724683356832,0.291655945051829,1
0,"B",-0.536294960856839,1.82232887706003,0
0,"A",-0.920628061441937,-0.787920149954503,0
0,"A",-0.810988734517077,-0.447958090031959,0
1,"A",0.867189667567,0.225021994990246,1
0,"B",-0.589850267706818,0.181969779525659,0
1,"B",0.394652959665065,-0.215805525955726,0
1,"A",-0.412897099996829,0.338357331592797,1
0,"A",0.697406273815118,-0.326329444818751,0
0,"B",0.350022583218983,0.653381538237934,0
1,"A",0.47600932439884,-1.52641993930146,1
1,"A",0.601594799171848,0.0733394989687051,1
0,"A",0.0310031922454802,-1.34698914405813,1
1,"A",0.636513800555432,-0.161748081657201,0
0,"A",0.36431262223997,-0.0220471680077755,0
0,"B",1.70129791362071,-0.779794472832374,0
0,"B",-0.180932851648785,0.251764207686096,0
0,"B",-0.166854811406966,-1.07098628754993,1
1,"B",0.38935830970249,-0.301702084028143,1
0,"A",-0.561391720128924,-0.277801804573889,0
0,"A",0.254629261479486,-3.02557077294003,1
1,"A",0.139881095851674,0.647634804334192,1
0,"A",-0.45629934525613,-1.73161676163422,1
0,"B",-1.41521460286465,0.301458577764077,0
1,"A",-0.895757707573154,-0.0967173181767509,1
1,"A",0.406380476845307,-0.555645588586622,1
0,"B",0.460972479296317,0.280431833168398,0
1,"A",-0.960295557210918,-1.01702947562943,0
0,"A",-1.85943389666311,-0.691694509038488,1
0,"B",-1.34178082117813,-0.971462451894802,1
0,"A",0.148156593539966,0.792905642484571,0
1,"A",2.46855945443843,-0.628825591881963,1
1,"A",-0.212567479406615,-0.100545743036002,1
0,"B",-2.56239463195211,-1.25510048695508,0
1,"A",0.268467233501884,-0.630405854335675,1
0,"A",0.736978806805578,-1.01153073734834,0
0,"A",0.585592789835603,-2.26001203798129,1
1,"A",0.733025697506063,-0.115169577206964,0
1,"B",0.852729977566152,0.232822047037807,0
1,"A",1.8905344013078,-1.92570514653937,0
0,"A",-0.805433467364801,0.561334037724989,0
1,"A",-0.0139150192740451,-0.411093641220759,1
1,"A",2.59550943387313,0.370872407018581,1
1,"B",-1.45269186879751,1.16059333840786,0
0,"B",-2.57747145158532,0.440082165507023,0
0,"B",-0.832197966367359,-0.379098628545706,1
0,"B",-1.74756335246396,-0.735564061552516,0
0,"B",-0.0103244231712565,-0.961578947194616,0
1,"B",-0.699324879975631,1.66028634294128,1
0,"B",-0.758679042791673,-0.468555396825833,0
0,"A",-0.206287762553523,0.956179401178007,1
0,"A",0.98617508939601,1.2861912803304,1
1,"B",-0.546550298439203,-0.490280274962115,1
0,"B",-0.470667523226179,0.251107536937534,1
0,"B",-0.777207350072944,-0.285419446763252,1
0,"A",0.174791587615839,0.506175587434577,0
0,"B",-1.32076923952761,0.0963870519500496,1
1,"A",2.70798027653746,0.418009604833758,1
0,"B",0.960741880103956,-0.132416614070852,0
1,"B",1.15531482606992,0.0769499084402581,0
0,"B",-2.4036709416277,1.35941406496894,1
1,"A",-0.459854618697708,-1.75331886982883,0
0,"B",-1.66564634263065,-0.724057776178996,1
0,"B",0.163266670994746,-1.53755278700065,0
1,"B",0.719629684379829,-0.479887499945666,1
0,"A",-0.273932534345109,-0.955662653003964,1
0,"A",-1.26878243448867,-0.0703162250445179,0
1,"A",0.0418043658465073,-0.0812781193012392,1
0,"A",0.47312525147482,-1.55073559936046,1
1,"A",1.85367011776942,-1.73090564402556,1
1,"A",0.834946971139636,0.147772456008028,1
0,"A",0.0917818602971235,-1.53361444631161,1
0,"A",0.859098535128014,-0.0852074058053791,1
0,"B",-1.79495697515351,-0.407418195820883,1
1,"A",1.19283382748046,0.170809648105037,0
1,"A",0.990615747717735,-0.295974267146734,0
1,"B",-0.643747737542723,-0.174559003302966,0
0,"B",-0.342389212595819,0.16436015859409,0
0,"B",-0.677635523153353,-0.0329762459732877,1
0,"B",-2.47261926385324,0.992557038105221,1
0,"A",0.906670460319938,-2.62201875578506,1
0,"B",-2.05388177540619,2.00696318113683,0
0,"B",-1.40111415135422,-0.754001696042277,1
1,"B",0.430169536181789,-1.15881075407561,0
1,"B",0.344105851376778,2.2774145467856,0
0,"A",0.475385636216169,1.255622340547,0
1,"B",-1.62352600507356,-0.479187345503039,0
0,"B",1.52513254784823,-1.00809961369146,1
1,"A",-2.01848537263355,-0.0743968346631924,1
1,"B",1.43976945067039,1.1272242047587,1
1,"A",0.841195397428535,0.732398721109064,0
1,"B",-1.68877024107312,1.5638948236753,0
0,"B",-0.946328071194185,0.194050496550355,1
0,"B",-1.66888917725655,1.6018839413876,1
0,"B",-1.44187118462257,0.770825656364703,0
0,"A",-0.612363966485064,-0.727454962914786,0
1,"B",-0.830430347336792,0.975196915207692,1
0,"A",0.365033883899845,-2.20790928321014,0
1,"B",-1.21262654840986,-0.814354386955831,1
1,"B",-0.491060316921908,0.624681583696603,1
0,"B",-1.67949860893251,-0.828521917528552,0
0,"A",1.40642453932071,-1.3681089712946,1
1,"B",-0.300675899780347,1.67990063168731,0
1,"B",-1.13520961122579,-0.0647235244460246,1
1,"A",0.119589573190136,-1.08978658183994,0
0,"A",-1.01625325296201,-0.751253972102448,0
0,"A",-1.14550392783184,-1.02351783064761,1
1,"B",-0.162233472378048,0.964301774301993,0
1,"B",-0.476709999536307,0.462330535241588,1
1,"A",0.891330835818434,-0.252308525169171,1
1,"B",0.404685793961098,-1.13610681850109,0
0,"B",-0.832488949662942,-0.752657738690354,0
0,"A",0.316668157692995,0.870297142514725,1
0,"A",-0.259913598316448,-0.36837841622383,0
0,"B",-0.872391745413367,-1.27901996967488,0
1,"A",-1.2232312188267,-0.474923857498896,1
0,"A",0.635574772573387,-1.05582910090408,1
0,"B",-0.384340047943706,0.500644972600989,1
0,"B",-0.168214997952642,-0.263905880393415,0
1,"A",1.11679367243152,-1.36575218997367,1
1,"A",2.1894624086979,-0.94001647130923,0
1,"B",0.586128841330745,-1.38525258355955,0
0,"B",-0.344153573828969,0.181716624186258,0
1,"B",1.84901358860538,2.33831210354592,1
1,"B",0.191790728680406,0.250023873917617,0
1,"B",-0.0692955240167768,2.27050168012859,1
1,"A",1.72552692277086,-0.467036395791738,1
1,"B",-2.49493749310459,0.0165708618962639,1
1,"A",1.68161876552235,1.93607092547946,1
0,"A",-0.619042533570451,-0.758137825885156,0
1,"A",1.31253953691698,-1.83952796458664,0
0,"B",-0.864649058394993,-1.15268110340763,0
1,"A",0.0967325458233121,-1.04479495297178,1
0,"B",-2.271628867119,-1.19187169367114,0
1,"B",-0.463912713262005,0.271805628836049,1
0,"A",0.642062592240671,0.574102084778264,1
0,"B",-1.50967712412044,-0.334683172273727,0
0,"B",-0.471615738299755,-0.438545001737088,1
0,"B",-1.01500576920562,0.395544766164272,0
1,"B",-1.26697290087027,1.04005110648531,0
1,"A",1.04484507801154,-0.52983357611888,0
1,"A",1.09973578731464,-0.875198565720808,0
0,"A",0.975356720710869,-1.02682766927267,0
0,"A",1.38324668410931,-0.750266264127727,1
1,"A",-0.0812924066994768,0.112842002916612,1
1,"A",-0.725727535807407,1.43182041936696,1
1,"A",0.82709486474435,-0.101780765627712,0
1,"A",1.04118844927694,-0.513362823654872,1
0,"B",-0.839414371584568,0.383712707340297,0
1,"B",0.787232142979065,0.32992082313704,0
1,"B",1.13366719179669,0.465688847170616,1
0,"A",-1.1600671052682,0.705409106928946,1
0,"A",-0.407132347924357,-1.54552945469904,1
1,"A",1.62774041641221,-0.59097508715418,0
0,"A",0.823031989753959,0.207683588996967,0
0,"B",-1.60229895269952,0.928767694519666,0
0,"A",-0.887205107142788,-1.40764337903833,0
0,"A",-1.19331077965239,0.893542081205432,0
1,"B",0.773554327609467,-1.62331890775713,1
0,"B",-0.693021551982216,0.477927796168415,0
1,"B",0.565700152181643,1.12640280412094,0
1,"B",-1.64822108232089,1.65835675743595,0
1,"A",0.137092232631674,0.657639115223471,1
0,"B",-1.52520054331628,-1.42027843378543,1
0,"B",-1.54344054935834,0.211100700886953,0
0,"A",-0.317231112479041,0.371958808514599,0
0,"B",-0.287981602827345,0.966570386179743,0
1,"B",-0.741824892552358,0.0501592843504912,1
0,"B",0.46715568079914,-1.60853684677579,1
0,"B",-1.36311662132533,-0.525017083096226,1
0,"A",-1.36659873591255,-0.60693154146081,1
0,"B",-1.39192928782201,-0.0610140346684696,0
1,"B",-0.322307336434414,0.702822592268125,0
1,"A",-0.343322542644395,-1.11548526643687,1
1,"A",1.58740244535836,-0.635173428823467,0
0,"B",-1.69736483929181,1.28079733740947,0
0,"B",-1.23076957308243,-0.426983020741594,1
0,"A",-1.64382911439788,0.165323906106109,0
1,"A",0.52614431876056,0.62704154554728,1
0,"B",-1.99686417336087,-0.246484004327843,0
1,"B",-0.624132623300104,0.964040743173823,1
0,"A",-0.123468744462306,-3.03056378295879,1
0,"A",-1.02941735431127,0.0870529863179991,0
0,"B",0.252396750535686,-0.544335127439895,1
0,"B",-0.38406620927933,0.96830332982868,0
1,"A",0.493513559491206,0.821393577492777,0
0,"B",-1.9735967181501,0.517201029630564,0
1,"B",-0.379496686266291,1.10599756514686,0
1,"A",1.21168272752724,0.00537489007238756,0
1,"A",1.29816174904006,0.686718480942804,1
0,"B",-0.0954982783184081,-0.79393962853543,0
1,"A",0.891084285640585,-1.47858394518261,0
0,"B",-0.793637973947051,-1.1550089460444,0
1,"A",1.7506303618275,-0.847350913695438,0
0,"A",-0.379059371743171,-1.24311073231361,1
0,"A",-0.413107336230085,-1.02793534512655,1
1,"B",-0.721790183190108,-0.685955709388504,0
1,"A",-0.320731289013859,-0.126629916838458,1
0,"A",0.571893886581305,-1.49827935522607,1
0,"A",-1.06288535742648,-1.4926390197552,0
0,"B",-0.858737284154132,0.517023297596984,0
0,"A",-1.11648169482484,-0.507449239487904,1
0,"B",-1.99357559111083,0.619397982014397,0
1,"A",1.04814531817572,-0.462996341220242,1
1,"A",-0.284526542099256,-0.889465119334577,1
1,"B",-0.600759571275197,-0.108780654964921,1
1,"B",0.537644746583997,0.521185462588761,0
0,"A",0.765814112700354,-0.591729198404721,1
0,"A",0.947190922206099,-2.38417199098825,0
1,"A",1.52201171320525,-2.07685983399414,1
1,"A",0.21413385714461,0.392257491080468,1
0,"B",0.149498423722654,-1.10076399992535,1
1,"A",1.29999446878045,1.18206364899335,1
1,"A",1.95874560435889,0.119870412021651,0
1,"A",0.728460982384117,0.442813334202871,0
0,"A",-1.69472919253179,0.165690806018481,0
0,"A",0.197255674905224,-0.916030346072471,0
1,"A",1.24813557166145,-1.33253854069461,1
0,"B",-0.871406413165582,-1.11628135535056,0
0,"A",0.957114258496045,-0.352531706200958,1
0,"B",0.471431945084204,-1.60393657630473,1
1,"B",1.38723081558439,0.919867955351152,1
0,"A",1.40305169577758,-1.25456827411778,0
0,"B",0.767232421927954,-0.15297929779803,1
1,"A",0.944112249136425,0.105183069701005,0
0,"B",-0.517635885522503,1.06723714055931,1
1,"A",-0.999697479629361,1.46317820269825,0
0,"B",-0.392811236484185,-0.614920229099589,1
0,"B",-0.503667670964847,1.08588436079989,0
1,"B",0.377359804086734,-0.252763585858276,1
1,"A",2.03807439970104,-0.373308635687537,0
0,"B",0.413742978441783,1.26414027773973,0
0,"A",0.1923790770675,0.0579693210984112,1
0,"A",1.02747342682239,0.478792199916685,0
0,"A",0.957817714113999,-1.56521083999577,0
0,"A",-0.337725281949778,-1.11544732205734,1
0,"B",-2.01465925320626,0.863031110005803,1
0,"A",-1.11876099421966,1.07447426352906,0
1,"B",0.258289191160309,0.271685631357573,0
0,"A",0.418026610254923,1.0975182427429,0
1,"A",-0.6079563895544,1.19895073692531,1
0,"A",-1.78060868202659,1.35450272625366,0
0,"A",1.17579637970721,-1.1066317707362,1
0,"B",-0.514273383618321,0.643729442962576,0
1,"A",0.187810108508555,-0.363721068378635,1
0,"A",-0.19467133833604,-1.96520682469053,0
0,"B",-2.36580670108078,1.02915870105753,1
1,"B",-1.17068538190896,1.06058447571201,1
1,"A",0.113561377081533,2.25315732032986,1
0,"B",-0.440836650557301,0.084405498845517,1
1,"A",0.884330420393435,0.449145663316128,1
0,"B",-0.0572866681873593,-1.41956526298036,0
0,"B",0.0886369362319581,1.09335252810584,0
1,"A",-0.697903364180202,0.94780456036738,0
0,"B",-0.530288155437133,0.236435498861604,1
1,"A",-0.0333331326820669,-1.00086518329582,1
0,"A",1.23909678353546,-1.67705723005587,1
0,"A",0.666955235783112,-1.53172222942658,1
0,"A",0.472875006698273,-1.44026203584054,1
0,"B",0.178814568319805,-0.407543617505146,1
0,"A",-1.6943607586757,-0.0359530802877141,1
1,"A",0.0511677793047532,-0.802681595198468,1
0,"B",-0.663609099880921,-1.83275561619918,0
0,"A",0.0924108585666804,-1.3152702818019,0
1,"A",2.04536800541313,-0.610309202798772,1
1,"B",-0.187925201324742,-0.0656281644007013,0
1,"B",0.00958825121477991,-0.269376333658279,1
1,"A",0.984592055846262,-0.0713925716796716,1
1,"B",0.360511118844035,0.190101680752174,0
0,"A",0.0280767191326315,-1.0755825786097,0
1,"A",0.509070601606559,1.18760285781107,0
1,"B",-0.532462113561891,0.223180562987572,1
0,"B",-0.694969378294149,0.747085284422847,0
0,"B",-0.999116817147036,-1.02499071660374,1
1,"B",0.343768981162942,-0.366073248694266,1
1,"B",0.847145554467102,0.265808891082913,1
0,"A",1.66187958895039,-0.55783599778656,1
0,"A",-0.925611954368949,-0.089014356488999,1
1,"B",0.365241275368865,0.694255339531547,0
0,"B",-2.03486971381063,1.01711212178059,0
1,"A",1.46054964062446,-0.620183429440942,1
1,"B",-0.754787274167879,1.18243692506935,0
0,"B",-1.88350067228332,0.746465810097037,1
0,"A",-0.952034023927843,-0.795687819540319,1
1,"A",-0.045362595392716,0.860736584515662,1
1,"B",1.8988412057906,1.18926521231291,1
1,"B",1.6442495941762,0.140884874780351,1
1,"B",0.413653639790843,0.590224009807574,1
1,"A",1.53309675854828,-0.210767049981269,0
1,"B",-0.601428807424313,0.12250086642808,0
0,"A",-0.266101056074737,-0.179504941215339,0
1,"A",0.519052256367069,-0.750260061220917,1
0,"B",0.761640289928159,-0.993786259916893,0
1,"B",0.237028367518692,0.100617678229836,1
1,"A",0.822506129878092,-0.204040471106609,1
1,"A",-0.131605651360537,1.20243029639975,0
1,"B",-0.362531401722787,-0.316301849634489,0
0,"B",-0.895567443018934,-0.45346152121302,0
1,"A",0.0834919613522537,0.19311560132765,1
1,"B",0.00882856781947605,2.95823314104576,0
0,"A",-0.134610239599883,0.87698258973956,1
1,"B",0.814271234300041,0.408350424230693,0
1,"A",0.964273301631623,0.64283849790923,1
0,"B",-1.75353445747786,-1.01800778663695,1
1,"B",0.829347405766106,1.46601189518943,0
1,"B",2.27243163738822,-0.171032708410397,0
0,"B",0.274964486183314,1.45307548823632,0
0,"B",-0.567924338337319,-1.99528989520753,1
0,"B",-1.35170828753418,0.187219286019979,0
0,"A",0.152584520864269,-0.387585792832948,0
0,"B",-1.32833469337302,1.22148655763528,1
1,"B",0.683592266143435,0.728350997394617,0
1,"A",-0.0536956961744849,-0.299777003989391,0
1,"B",0.152087290120714,-1.16522998691805,1
1,"B",0.863727582398756,1.32195383873618,1
0,"A",1.10713421499295,-1.84390147154071,1
0,"A",0.803305589395677,-1.30211479116236,0
0,"A",-1.68511797039745,1.5117672516237,0
1,"A",1.20101846914454,-0.212669452574775,1
0,"B",0.258467655563442,-0.734540350520831,1
0,"B",-0.587993266322531,-0.362530289136644,0
1,"A",1.20521238088238,0.980570777341365,1
1,"B",-0.551552516149126,-0.262278389743701,1
0,"B",-1.6895766993447,1.21091538596148,0
0,"A",-1.22808634783883,-0.704628442202661,0
1,"B",0.347076061953217,0.627759712604553,1
1,"B",-0.468838742469968,0.47278347081276,0
1,"B",0.747930045582102,1.46111952481663,0
0,"B",-1.70617796889275,-0.787741196849969,0
0,"A",-2.06797912051756,0.844735493680453,1
1,"A",1.49862082942349,-0.476328155310612,0
1,"B",-1.42521082610602,0.802048807949899,0
0,"B",-1.99680677733998,0.937796175968594,0
1,"B",-0.0160654125739246,-0.893991757320253,0
1,"A",0.693702622186467,-0.2662531159963,1
0,"B",-0.137707094463122,-1.06330075000137,0
0,"A",1.07284533549781,-2.0785048101606,1
1,"A",-1.0211089013286,-0.240005704856784,1
1,"A",0.270945164380927,0.282836861728333,0
1,"A",0.605678265765328,0.191530354868878,1
0,"A",0.312337530257929,-2.15121901322587,1
1,"B",0.0706324083575257,0.0460806422132934,1
1,"B",-0.665719317352209,-1.11943964282118,1
0,"B",-0.336041230752336,-0.00613735038275026,0
1,"B",-0.0373106961941686,0.905437839588707,1
1,"A",-0.545831854909081,-0.962713215804201,1
1,"B",-1.1674025468479,-1.53255433296711,0
0,"A",-0.296074549439644,-1.77437038948118,1
0,"A",-1.59455651155402,0.522609861214553,1
1,"A",-0.051325241953541,-1.12670669894946,0
1,"A",0.255748061134478,-0.752339862813312,1
1,"A",1.5358008570962,-0.602063359262813,1
0,"B",-0.342826229748024,1.01994805245153,1
1,"A",-0.340724305192979,-1.14877428365214,1
0,"B",-0.339451485359462,-0.453813216313805,1
0,"B",-1.44597457747056,0.855704462997521,1
1,"A",1.22834599711038,0.609870097535554,1
1,"B",0.0219088589444899,0.606850554680437,0
1,"B",0.649386713772864,1.68643864041058,0
1,"B",0.942192025521704,1.02619177029922,0
0,"B",0.454741360682415,0.0582171058935292,1
0,"A",1.03512787724222,-0.921669094220363,1
0,"B",-1.45095058979447,-0.488452348262446,0
1,"B",0.953207968925482,1.16513321325676,1
0,"A",-1.66245014102708,-1.81356004270776,0
1,"B",0.556350236628982,1.00719635762667,1
0,"B",1.5645277481056,-0.086832035635879,1
0,"B",0.0291248546612695,1.33676245557057,0
0,"A",0.9113241101635,-3.03372644064422,0
1,"A",3.44277833087084,-0.542901990194238,0
1,"A",-0.975491803551108,-1.74427504425739,1
0,"A",-0.386140712987122,-1.05536387924565,1
1,"B",0.00930197062210958,-2.13158223349091,1
1,"B",-0.401723558923776,1.25291373794398,0
1,"A",-0.258321366576949,0.0369762364209689,0
0,"A",-0.547950648816806,-0.567460435232426,1
0,"B",-2.31538094953167,0.923132546559017,0
1,"B",0.295919516942597,0.584554184321167,0
1,"A",1.32990090230289,-1.50279859404162,0
1,"A",0.130762685064111,3.68958144974467,0
0,"A",-0.166158244080478,0.330395237755774,0
0,"B",-2.02221047274206,0.75888742900423,0
1,"A",-0.0706756165644562,-0.326491400843715,1
0,"B",-1.38071086443432,0.115352209568041,1
0,"A",1.75681909280693,-1.64316024660943,1
0,"A",-0.538015807782133,0.368985676914375,0
1,"A",1.83448275860587,0.370546657307158,0
0,"B",-0.928118107594315,-1.88427312785609,0
0,"B",1.51350261133539,-0.833340837031237,0
0,"A",0.474732418238929,-0.0649889302265768,0
0,"B",-1.83191716408335,-0.936362494099223,1
1,"A",1.97118971892545,0.063986503403449,1
1,"B",-0.226124970741432,2.05517595578384,1
1,"A",-0.819030843266314,-0.797582821623276,1
1,"B",1.29724567371561,1.71438118828088,1
0,"B",0.105761090489176,-1.34348715500113,0
1,"A",1.95976017243431,0.161489500468162,0
1,"B",-0.773302944032091,1.53526484080265,0
0,"A",0.56156012373377,0.827163434850026,1
0,"B",-2.98277815422653,1.44957692531711,0
0,"B",0.235217183807012,-0.544278233432147,0
0,"A",0.577444415130211,-1.30677034394151,1
1,"A",0.464008587689967,-1.70853274074079,1
1,"B",-1.82953843551091,0.56485164404145,0
1,"A",0.835813786504762,0.391653486182848,1
1,"A",0.393228749605327,-0.181855656214245,1
1,"A",0.734689979940352,-0.357566370299881,1
1,"A",-2.4112881005738,1.24323685343724,1
1,"A",1.07757268799553,-1.02404283702043,1
1,"B",-0.382555124163637,1.08522990712824,0
0,"A",-0.609527717636838,-0.586303818596292,1
0,"B",-2.31178451529741,0.798183052056544,1
0,"B",-2.0478002693915,0.304282944040115,1
1,"B",-0.0286053706008791,0.167757151404046,1
1,"B",-0.71311273067388,0.515376447932674,0
1,"A",1.50622440177688,-0.66635867219821,1
1,"B",-0.467137132763338,0.693210582278867,0
0,"B",-2.16864418376208,0.428997356993058,0
0,"B",-1.09982549956625,-0.29404631891342,1
1,"B",0.207691167190994,0.0891231274949782,0
1,"B",-0.570037255877415,2.70926701605468,1
1,"A",0.279582705684292,-1.41626867276338,1
0,"B",0.0668131383459554,1.27861581507011,0
1,"B",0.0572176549385698,0.393471041505012,1
0,"B",0.698505551699599,-0.552996697179975,1
0,"A",0.335950664309547,-1.69265084681023,1
1,"B",-0.421240435697536,1.36269396490009,0
0,"B",0.141089413743196,-0.135212241398427,1
0,"B",-0.837785434862532,0.127151344601888,0
1,"A",-1.44255214130692,-0.476495835934689,0
0,"B",-1.25519121877178,-0.669921880920236,0
0,"A",0.50258186184286,0.00301995936917143,0
1,"B",-0.0217753105701804,0.766118185899361,1
0,"B",-0.0284183602652773,-0.756715914520071,0
0,"A",-1.10180787921185,-0.392603082030302,1
1,"A",-1.82965017141842,0.836485079201847,1
1,"B",-1.47311775809773,-0.262572752922088,1
0,"A",0.246522305609584,-0.210330969484963,0
0,"B",-1.23434034818166,-1.29143611163272,0
0,"A",1.42033125185552,0.701126464096184,0
0,"A",-0.436330410345406,-0.565432226192217,0
1,"A",1.25675744967786,-0.30952903643815,0
0,"A",0.534876644871358,-1.46403624275128,0
0,"B",-0.922724992400819,0.987134563644126,1
1,"A",1.44231469094478,1.34388256805106,1
0,"B",0.538151375816611,-0.248326905922758,1
1,"A",0.775279408609764,2.0503591672699,1
0,"B",-1.76400248991664,0.284532993475125,1
1,"B",-1.01107763280051,0.116635208782992,1
0,"A",1.4401843124242,-1.00391433788439,1
0,"B",-1.32846496283481,0.315413402170396,0
0,"B",-1.48744693060159,2.12705606821428,1
0,"B",0.25862765894915,-0.617424199197683,0
0,"A",-0.61021481733169,-0.441682099727255,0
0,"B",0.654795365677624,-0.693945411834961,0
0,"B",0.249019706197929,-0.535511062274581,0
1,"A",-0.331194064179233,0.559219312964868,0
1,"A",-1.55107371074331,0.770830853185986,0
1,"A",2.09937310512168,1.12504921476942,1
1,"B",-0.986066504458393,-0.404012570765805,1
1,"A",1.20986999530957,-0.225494227270403,0
0,"B",-2.03686550301703,-0.453989407452015,1
0,"A",-2.26456846051672,0.251436294242506,1
1,"A",1.70824833587207,0.714052289357601,1
1,"A",0.225048075153594,-0.37204229277232,1
0,"A",-0.100627334080559,0.184179772459072,0
0,"A",2.18987865421889,0.677410267702507,1
1,"A",0.0753374294953872,-0.860652586403515,1
0,"B",-0.0296911523898856,1.9539141773123,0
1,"A",1.12307246950589,0.454473221517347,1
0,"B",-0.313181309335424,-0.0988604382132127,0
0,"A",0.763112383363581,-0.28004492441469,1
1,"A",0.542035523098771,0.39912710675994,0
0,"B",-0.791647968116828,-0.473227753065389,0
0,"A",-1.8210010085307,-1.19522587927011,0
1,"B",1.37799971810597,0.551132682585146,1
0,"A",-1.51334902769153,1.02684434124405,0
1,"A",0.259694145319036,-1.04243683758951,0
0,"B",-2.66807007287926,1.04070620900321,0
0,"B",-1.8972936423042,0.512299358180312,1
1,"A",0.117010657340319,0.541910756198316,0
1,"B",0.367006004718775,0.675484892008782,1
1,"B",1.08051164877434,-0.120426092388652,1
1,"B",-1.56026528824232,1.64902596395147,1
1,"B",0.235969483322027,0.658592191784811,1
0,"A",0.0733226293837547,-1.04606705897223,0
0,"B",-0.543550826377585,1.63037385181229,0
0,"B",0.0083906506882252,1.99981118025869,1
1,"B",-1.35247947908123,1.27105021192201,0
0,"A",2.0880851273379,0.769140533144675,0
0,"B",-0.57897436990721,-0.472021103716312,0
1,"A",1.16440509699275,-0.44954501311497,1
0,"B",-0.546136509891615,-0.154269590566131,1
1,"B",1.35224076007901,2.07302129538023,0
1,"A",-0.484837821427165,-1.72859114510917,1
0,"A",0.0990611271540402,-0.890528149161052,1
0,"B",-0.398458179531116,-1.60835565736492,1
0,"B",-2.5248599359353,-1.48150275586671,1
1,"B",-0.491850072443761,0.523235277709079,0
1,"B",0.00515394306894246,1.09152077142329,0
0,"B",-1.30263451682695,-0.817134374002692,0
0,"A",-0.657870626841382,-0.418197000192914,0
1,"B",-0.167759245962918,0.0761909395798283,0
0,"A",1.28833190728649,-2.05277590309864,1
1,"A",0.856875335407585,-1.8664661449762,1
1,"B",2.08037007684418,0.224340103713923,0
1,"B",0.313743383967599,-0.338390220349709,0
1,"A",1.86148435463045,0.0174421137498695,1
0,"A",1.2179117641868,-0.186435929649019,0
0,"A",2.60507153898867,-0.573611970261648,0
1,"B",-0.56589948366757,0.99497703862422,1
0,"B",-1.17817661410533,-0.555471402371037,0
1,"B",-0.0787322631726229,1.04787743493239,0
0,"A",-0.183253192371103,-0.952944019068221,0
1,"B",0.909483819567189,-0.0737675171137022,1
0,"B",-0.111158655423002,-1.3074534628399,1
0,"B",-0.923445486469862,0.723645816012565,1
0,"B",-1.88341486936611,0.675315481683149,0
1,"A",-0.46689910440865,-0.247871156262575,1
1,"B",2.64047352548887,0.151994485371352,0
0,"B",-0.478312860169562,-1.05618693969407,1
0,"A",-0.258216508166113,-0.520945351405032,1
0,"B",1.22983409943018,0.397187955781762,0
0,"B",-0.304428510984674,-0.269953599365553,1
1,"A",1.23743429795125,-0.608310540797693,1
1,"B",-0.66274683304326,-0.0232083204640102,0
0,"A",1.82576507815599,0.577940308293593,0
1,"A",-0.334006797998793,-1.65263414821891,1
1,"B",-0.903804424583992,0.978082384146668,1
0,"A",-1.29326049442676,-0.221110710007626,1
1,"B",-0.607073701270235,-1.15052082894787,0
0,"A",-0.204513168243671,2.38633193342375,0
0,"B",-0.282708672984575,0.00505764800894051,0
0,"A",1.17969101061487,-0.14283107870674,0
1,"A",-0.879804343057545,0.487028646740943,1
1,"B",1.35977344091007,-0.934189614628107,1
0,"B",-2.89026355894839,-0.640458629466362,0
0,"B",-1.75017534401255,0.109052387672962,1
1,"B",0.218956602543366,1.90374909928754,1
0,"A",0.29124788368004,-0.111070949370069,0
0,"B",-0.353453178776895,0.341243170574125,0
0,"A",-1.03655962013231,-1.6148908682958,1
1,"B",-0.563271705990167,0.234793307262359,0
1,"A",0.728693818144196,0.819244818223499,1
0,"A",2.99704204579269,-2.81390832538917,1
1,"A",2.41704082493032,-1.75273059706273,0
1,"A",0.664310053400159,0.596084130729744,1
0,"A",-0.0866881790516829,-3.61646119175886,0
1,"B",-0.421096532658497,1.91138648993501,1
1,"A",-0.0725804946865735,0.701219779198798,0
1,"A",0.289887884631395,-0.65239644394295,1
1,"B",1.27746016724928,-0.262202484782332,0
0,"A",-0.311392235514101,-0.941234852613539,0
1,"B",-0.204950985135134,0.554426700370205,1
1,"B",-0.290303203276159,0.175813107310417,1
1,"A",1.14835135549309,0.871971017940255,1
0,"A",-0.136739901974234,-0.819616277506539,1
0,"A",0.333036756771045,-0.561355361755062,1
1,"B",-0.587881202579604,0.574260171825697,1
0,"B",-1.54577890699796,0.0697484055424831,0
1,"A",1.13353628908086,0.766167306225315,0
1,"B",0.811769819343417,-0.694169322024476,0
0,"B",-0.661623533148965,0.820608825761914,0
1,"B",0.115792587327883,1.36266904698098,0
1,"B",0.581001811799693,1.3176772949158,1
0,"A",0.682769883126997,-1.34044978535003,0
0,"A",0.266170631566861,-0.18155889219955,1
0,"B",-0.231440687007916,-2.36539792303468,1
0,"A",-0.271189039052756,-2.45898629361003,0
1,"B",-0.508700111412023,0.935169667532276,1
1,"B",-0.0839477000836446,0.146099196816987,1
0,"A",-0.010336585307576,-0.791889621130704,0
1,"A",2.4341912166311,-2.88017957730191,1
1,"B",1.23301108795737,0.613222379198822,1
1,"A",-0.499481779197549,-0.677832355119195,1
0,"A",0.699653985816015,-1.00841423288367,0
1,"A",0.583457876565681,-0.324981686571544,1
1,"A",1.07648728140324,-0.777096935364055,1
0,"B",-0.410592701601148,-0.234466304807485,0
0,"B",-2.84338092490219,-1.250803585586,0
1,"B",-0.878785808272602,2.37165851603186,0
1,"A",0.9730979478136,-1.62439656636169,0
0,"A",-0.168088865075024,-0.466105249277447,1
0,"B",0.359355304755305,1.77753235040587,0
0,"A",-0.00899270964421978,-0.296413692310663,1
1,"A",1.86238575631336,0.371379551925238,1
1,"B",-0.978155550523429,1.13474621828033,0
1,"A",-0.633510964362698,0.913795133803275,1
0,"A",-0.782222355271051,-1.70310713313551,0
0,"A",0.62415821490479,-3.83961315932323,1
1,"A",-0.201891258601674,1.02225039993174,1
0,"A",0.565967753782055,-1.88578584063734,0
1,"A",-0.152265516822827,0.887683320583877,0
1,"B",-0.0818282969505294,0.967778021360685,0
1,"A",-0.327258628878698,-1.42395830942481,0
0,"B",-2.48117652936991,-0.255056674920952,1
0,"B",-2.22716124934966,0.522837803668922,1
1,"A",0.780928284883969,1.53392720796883,1
0,"A",-1.3294240248191,-1.09154774599411,0
1,"A",0.891520680786249,-0.664342637590131,1
1,"B",0.666599288305995,-0.300740121513807,0
1,"B",-0.105466374918389,-0.0910461750780484,1
0,"B",-0.952277255631004,0.880265750328511,0
0,"A",-1.21973086237282,0.412363570352145,1
1,"A",0.926980221925115,0.732031700896486,0
0,"B",-0.530212058522707,-0.45742497137587,0
0,"A",-1.54903945494555,-0.429598341634101,1
0,"B",-0.645279515172267,1.55079719709815,0
1,"B",1.14432613111818,-1.92524789354111,0
1,"B",-0.527617082477185,1.17576776454758,0
0,"A",-0.667263324947748,0.65755278179337,0
1,"B",-0.92711771299081,-0.881567804246777,1
0,"B",-1.70232536120472,-0.578404959603637,1
1,"B",-2.75310670475242,0.135634430685729,1
1,"B",-0.190255866157338,0.461800028908681,1
0,"A",0.0794694758498667,0.567798001856323,1
1,"B",0.876148427941282,0.233386495315841,1
1,"B",1.16684854957243,0.543898689763916,1
0,"B",0.467424840179077,0.860264139785388,1
0,"A",-0.0313494588633208,0.00873337121843015,0
1,"B",0.490448894174621,-1.68379880695174,0
0,"A",-1.14410952924461,-0.0220044069917962,0
0,"A",-1.53008930182346,-0.70286343224335,1
1,"B",0.0614502301600498,1.05289000684901,1
0,"A",0.531648969889525,-0.597206527341104,0
1,"B",0.618001962969437,0.524508109977155,0
1,"A",0.250547133324467,0.318387326068341,1
0,"B",-2.12963760855246,-0.387687941130076,0
0,"A",0.894055239261876,-0.446860806124466,0
1,"B",-0.772801683656427,1.02438490252889,0
0,"B",-1.36444246901476,0.0095406849616006,0
1,"B",-0.410161545326771,-0.367411731460385,1
1,"A",-1.16378349305155,1.69509299618353,0
1,"A",2.75577362762578,-0.283565207107951,0
0,"B",0.357055440777298,0.939933902604852,0
1,"A",-0.402753491548487,1.25419009629664,1
1,"B",-1.2259847465793,1.22774182263783,1
1,"A",-0.95987367452926,0.791459422816524,1
1,"A",-1.62829948079226,0.552395468229425,1
1,"B",-0.714977947379379,0.125730001382509,1
0,"B",-1.97490036002914,1.13571561110439,1
1,"B",-0.966888200450949,0.155543269546245,0
1,"B",-0.118647106461156,-0.530739203238044,0
0,"A",-0.934232934692873,-1.82823873877102,1
1,"A",1.77004611664384,0.40216028314017,1
1,"A",-0.296358429254768,-0.706325025506629,0
0,"A",1.11919938355923,-1.28130742003174,0
0,"B",-0.322444893526323,-0.500305476745419,0
0,"B",0.376445388880898,1.54248146375317,0
1,"B",-1.25952078949346,0.861437419672362,0
1,"B",0.822357761781952,0.207809211152948,0
0,"A",-0.162302457208776,-0.937215855900381,1
1,"B",0.142090050196726,1.06824353868346,0
1,"B",1.23853872039041,0.0284996790603729,0
0,"A",-0.582401843786699,-0.884131659180116,1
1,"A",2.34172734137204,-1.49924592097084,1
0,"A",-0.283273186614427,-2.77097762072316,1
1,"A",0.621852730103257,0.377970422117384,1
1,"B",-1.15573791184521,0.4905178369773,1
0,"B",-0.769712820056686,0.733584486043745,1
1,"B",-0.330901457311024,0.18543476107562,0
1,"B",1.11018552283872,-0.425628805753525,0
1,"A",0.5601563186865,-0.682465014655998,1
0,"A",-1.24287105068445,-0.934132488660315,0
0,"B",-1.16061016663237,-0.754468173491282,1
0,"A",-1.62389546402337,-1.80981555001416,0
0,"A",-0.399236003507261,-1.26555331354159,1
1,"B",-0.389154538755189,-1.37413635804193,0
1,"A",1.79834681645429,-1.89552837388313,0
1,"A",1.4466801858201,-0.999583072942368,1
0,"A",-1.16724781971666,0.645639188177683,1
0,"B",-1.42687442994347,0.378157414901928,0
1,"B",-0.521699795887196,-1.00499526912957,0
1,"A",0.0241134096062348,-0.548819419672281,0
1,"B",-1.43691525201755,0.382862112250271,1
0,"B",-0.43304948205993,-0.21652421261295,0
1,"B",0.511917355939122,1.05611191606934,1
0,"B",-0.817533718118694,1.67815774547569,1
0,"B",-0.03436195839136,1.03422693380825,0
0,"A",-0.337742648140023,-0.768117770523563,0
0,"A",-0.505149141536483,-0.557492147995445,0
0,"B",-0.592120752527446,-0.224978916294241,0
0,"B",-1.36086247267079,-1.35653490244145,0
1,"B",-1.64633066357347,1.18675630172637,0
1,"A",-1.28047039892428,-0.242850537471794,1
1,"A",1.42640503394989,-0.585045759888815,1
0,"A",0.715630504543754,-0.0803780364805354,1
1,"B",-0.43436286002164,0.206814479245569,1
1,"B",0.270304312268701,0.00235990152978791,1
1,"A",1.08596370869837,-0.928848792704904,1
0,"A",1.19080311545993,-1.27635916506632,1
0,"B",-1.90364787450166,-1.31959709270035,0
1,"A",1.31105228601879,0.451541644029884,0
1,"A",1.21361459651116,0.91491095600703,0
0,"A",-0.78744633001918,4.25648400184109e-05,0
1,"B",-0.357444659455842,2.03877008944329,1
0,"A",-1.51913748273309,-1.15989018165131,0
1,"A",0.38747771368888,0.149019219765069,0
0,"B",1.13428883083569,-0.61254034751196,0
0,"B",-1.59643974365454,1.14718037674897,0
0,"A",-0.821532425743726,-0.83872112320576,0
0,"A",-1.09392282829293,-0.918424566374126,0
0,"A",-0.750135410988382,-0.394057793797753,0
1,"B",-1.43113568322558,1.36439699993897,0
0,"B",-1.35587546314923,0.675273092275946,1
0,"A",0.502229535256768,-0.605105374193471,1
1,"B",1.08718367242685,-1.04307274928652,1
0,"B",-1.4136070471085,0.438930096608939,0
0,"B",0.00845691781523139,0.494320055779725,1
0,"B",0.186344257237573,-0.506116540755618,1
1,"A",-0.350825083709583,-0.127273737234927,1
1,"A",-1.2618428544232,0.00926434027720174,1
0,"B",-0.808048201204678,0.607435279866511,0
1,"B",-0.401308928738907,0.499432682386487,0
0,"A",-0.286576066507184,-0.839990909303558,1
0,"B",-0.723281353499304,-0.290771771531325,0
0,"A",-1.60685293374287,-0.272867687960897,1
1,"A",0.531365505014995,-0.863058499572694,0
0,"B",0.156146832405715,1.23097937505909,1
1,"A",0.382917810598356,1.04122584592046,1
1,"B",0.197341520106586,1.82056783933058,0
1,"B",-1.10104650410396,-0.0505385740452211,0
1,"B",-1.98122046398846,0.894397163188992,0
0,"B",-0.737784153090686,-0.603265582686836,0
0,"A",0.0422102933126581,-1.03516556406248,1
1,"B",1.39041402519185,-0.387175950924937,1
1,"B",-0.673372550189994,0.69876204681353,0
1,"A",-0.161742924026093,0.0135157297309958,1
0,"A",0.422238692562566,-0.547233868782358,0
0,"B",-0.278053734864763,-0.801631988540013,0
0,"B",-0.654766340970591,-0.0897508386968438,0
0,"B",-0.788969487878169,0.880902517420846,0
0,"B",-1.93943321957919,-0.426563277995759,0
1,"A",0.891734900185509,-0.925933056622428,0
1,"A",-0.912701072089478,-1.02016105441892,0
1,"B",-0.138985432459645,1.65851298729921,0
1,"B",1.13909635154517,0.643152920129415,1
0,"A",-0.695846577473337,-0.214790550139573,1
1,"B",-0.410073948567801,1.09343736785186,0
1,"A",1.70324945430678,-0.422034197588434,0
1,"A",1.39869252046647,-0.122586679021309,1
1,"A",1.2638022446327,-0.402762711400393,1
0,"B",-0.717652255787045,-0.0531619312628309,1
0,"A",0.0419707442805176,0.567811047850879,1
1,"B",0.264588253834639,0.197730137946231,1
0,"A",-0.173962996036531,-1.49579495657171,1
0,"B",0.140748645223485,0.582722548305586,1
0,"A",0.477696752902435,-2.69175215942327,1
0,"A",-0.140999757449661,-0.250009348649909,0
0,"A",0.76602457802446,-0.0720684817881408,0
1,"B",2.12575727428195,-1.04224997113184,0
1,"B",-0.499638473460388,0.124626119880038,1
0,"B",-1.30558796841899,0.524579343744556,1
1,"B",-2.31435158778649,2.66480155247908,1
0,"A",-0.765580942141638,-2.61329103911552,1
0,"A",-0.329964505456126,-1.3176139678599,0
0,"A",1.23855859488867,1.30733058464503,1
1,"B",-0.0696501113382084,-0.906439471446659,0
1,"B",1.32151294738344,-0.745850650732007,1
0,"B",-0.634472314206717,-1.0654411923441,0
1,"B",-0.89860547816679,0.736929535067917,1
1,"A",1.13584739645967,-0.160883903061415,1
1,"B",-0.639009510618271,2.36892372555203,1
1,"A",1.76468818525506,0.629471082887162,1
0,"B",0.99216592152301,-1.0571429531728,1
1,"B",0.745656864783789,0.260670218445893,1
0,"A",-0.841796699631689,0.543111212373283,0
0,"B",-0.325201835947172,0.496271522430403,0
1,"B",0.520680718621928,-0.196694151297041,1
1,"A",0.0634805908049036,0.930771934760009,1
0,"A",0.113540557084911,0.440346494692274,1
0,"A",0.483263940742583,-0.00779214188208266,1
0,"A",-1.57790012238764,-1.03659869111225,0
1,"A",-0.265503373438906,-0.90740961295349,0
1,"A",0.699321107316649,0.291737314709173,1
1,"A",1.20774700513394,-0.295501122452991,0
1,"A",-0.370146821194263,-2.06713131430126,1
0,"B",0.147165642817866,0.333029241091142,0
0,"B",-0.0149398782895394,0.771627435002822,1
0,"A",-2.1918813903919,0.439707277929652,0
1,"A",0.931302495193321,1.12146369783342,1
0,"B",-1.43762614898797,-0.475172521476636,1
0,"B",-1.25450026058114,1.03432726275315,0
1,"B",-1.63629867407281,0.56884185506081,1
1,"A",0.564971092214143,0.370168427468365,1
1,"B",-0.295587466436844,2.72195232600238,0
0,"A",-1.74417524717445,0.281386913012188,0
0,"A",-1.03456469794163,-0.717069996533447,1
0,"B",1.01067939521877,0.524776900745028,1
1,"A",0.915631714097054,-0.982308448166932,1
0,"B",0.269702704186885,1.03062012498636,0
0,"B",-1.11354383170262,-1.40764593154405,0
1,"A",0.772430654702566,0.893047211580041,1
0,"B",-0.473728788573083,-0.102729441541113,1
0,"A",0.16397510324761,-0.235184371961117,1
1,"A",0.413496216611679,0.680797281456505,0
1,"A",-0.438446175491935,-1.2121771378382,1
0,"A",-0.710496657369583,1.20800237886509,1
0,"A",-0.755196535932384,-0.431639411019928,1
0,"B",-1.8270321692883,-0.16598356966276,1
0,"B",-0.889761969340686,-0.603193636255367,0
0,"B",0.334226127466751,0.0103826952360681,1
1,"A",1.41403860797976,-0.490871681938178,1
0,"A",0.323154391779857,-0.25272143579015,0
0,"A",-0.0935500222272542,-3.63308743660268,1
0,"B",-0.50388263489802,0.617148888269275,0
0,"A",0.0137188462399381,-1.5325535104227,1
0,"B",-1.50520724539625,-0.709543006223018,0
1,"B",0.647863865646171,0.205141091138999,1
1,"B",0.158289828336643,0.243441002428311,0
0,"B",-1.15660868803177,-1.40924871185844,0
0,"A",0.161172383852991,1.46429263022842,0
1,"A",0.266763557276909,0.73809154861866,1
1,"B",-1.17183003473325,-0.359350189636073,1
1,"A",-0.298600703764254,0.0535708232597691,0
0,"B",0.287341309725159,-1.59638852478751,0
1,"B",-1.37198571936955,0.963887392911864,0
0,"A",0.548702770812391,0.105234852266787,0
0,"A",0.129951115934136,0.808834627642571,0
1,"A",0.189691164649614,0.137622826174506,0
0,"A",-0.0818927181790107,0.4102573064995,0
1,"A",1.07970930210983,0.811251984442405,1
0,"B",-0.757760670472172,-0.0154555646969973,0
1,"B",1.19852509533616,1.67270576871629,1
0,"B",-0.95872821272587,-0.333365871359543,1
0,"B",-0.340898532472302,-0.578270326538373,0
0,"A",-0.311967881451045,-0.293490211800504,1
0,"B",0.756971482479985,1.2809581500126,0
1,"A",0.462931684688016,0.541571867593454,0
0,"B",-2.10230410651639,-0.300062188670509,0
1,"B",0.325769122190113,0.912095188602958,0
0,"B",-1.35638120130445,-1.28684961977234,1
0,"A",-0.144667284359067,-0.0755787465703169,1
0,"A",0.184761702564097,-0.866605002763268,1
0,"B",-2.21829935489097,-0.254983700501797,0
1,"B",0.0418106099288119,1.48123517984569,0
0,"A",0.369892600489156,0.479252223956313,1
1,"B",1.0159221969303,0.698087366352748,0
1,"B",1.76408250371994,0.521169623777352,1
1,"A",0.93762562828856,-1.18889267855953,1
0,"B",-0.737349044940783,0.291739233215548,0
1,"A",0.0166236229816626,-2.24357491790234,1
0,"B",-0.193344239198316,-0.298941327422504,0
0,"B",-0.419496141564546,-1.591521057059,0
0,"A",-0.42944260521707,0.221543699224534,1
1,"A",-0.706193480910932,-0.133722598970438,1
1,"B",0.0876443464463577,-0.194284917475145,1
0,"A",0.589190202799735,-0.0420152633056585,0
1,"A",-0.915864185795343,1.61512911596898,1
0,"A",0.987395140457382,-2.10074570849758,1
1,"B",-1.14823691198726,1.05310435434185,1
0,"B",0.511303939996551,1.6086011858942,1
1,"B",-0.289480235243351,0.535931207238568,0
0,"B",-2.1074670685102,-0.245317565931876,1
1,"A",0.78867416742815,1.01634886388938,1
1,"B",0.821367666272671,1.16291566716495,1
1,"B",-0.184384365595966,-0.000389802997344924,1
0,"B",-0.689436004124556,0.436541417822535,1
0,"B",-0.319479346332985,2.0156139138583,1
0,"B",-1.89504872643031,-0.0858420609003692,0
0,"B",-1.21390423622322,0.00735979174370871,0
0,"B",-1.1539946162487,0.68610733802599,1
1,"A",0.698471117007483,0.508952191083697,1
1,"A",0.73249282194566,0.108380157464957,1
0,"B",-1.95753670597976,0.692930930023202,0
1,"B",1.00103736598124,2.17884399376358,0
0,"B",1.2747322672675,-0.0139502579863109,1
1,"A",0.275694085745115,0.00700882304816941,1
1,"A",0.739496992346279,-1.16345325557447,1
1,"B",0.725233161263238,-0.713339339493478,0
1,"A",1.73838526592796,-1.37796119956331,1
1,"A",-0.917440322620146,1.16518271292267,0
1,"B",-0.847981055548316,-0.980058645390299,0
1,"B",-0.191131347193116,0.385007185150293,1
0,"A",1.73574744669567,-0.651317293033179,0
1,"B",0.815686200262676,0.491439456792413,0
1,"A",0.973609619790368,-0.66867038569919,1
1,"B",-1.44793662041901,1.42847995608126,0
1,"A",0.927898010279963,0.255360961702051,0
0,"B",-0.923899241051263,0.510512277336987,1
1,"B",-0.63503169552539,0.860577976404902,0
1,"B",0.0436905221106076,0.916435773651742,0
1,"A",0.100755507517159,-0.903251595613949,1
1,"A",0.624275852829898,-2.42825476232634,1
1,"A",0.56206024059454,-0.100556473994152,1
1,"A",1.93315756099405,-0.716205738209952,1
0,"A",-2.27771512755285,0.063388779809228,0
0,"A",-0.543042978882276,-0.00441925609074628,0
1,"A",2.18534966937256,-1.33007087225279,1
1,"B",-0.145841295631934,-0.967016669943377,0
0,"A",-1.60078030895311,-0.917873438088861,1
0,"A",-1.19476808628534,-1.52480716111216,1
1,"B",-1.35087045289646,0.104827796660062,0
1,"B",0.841693566069163,0.0781226207307383,0
1,"A",0.767216125540272,0.607074787900161,1
0,"B",-2.22938227448137,0.730399247886687,0
1,"B",1.20647114548539,0.572475030020248,0
1,"A",-0.9636526824346,-1.0370874648569,1
1,"B",-0.0979051643959014,0.525521718088741,1
0,"B",-1.39319095647085,-0.236313741367485,1
0,"A",-0.0435986710989813,0.973245254942963,0
1,"B",0.921249385636125,0.314571733725245,1
1,"A",0.850770749762078,-0.52239328696309,0
1,"A",0.56306429785154,-1.4357842458662,0
1,"A",0.648460730938504,0.585921980979033,1
1,"B",-0.304129328264854,1.4863784896864,1
1,"B",0.188544227309107,-0.625938762872289,1
1,"B",0.140697432546892,0.793265645055621,0
0,"B",-0.643944644468588,1.62587667436012,0
0,"A",-1.33544453362144,-0.069920854464472,1
1,"A",-0.70337588747445,0.433432731658295,0
0,"B",-1.0210663952436,2.65169741416095,0
1,"B",-0.724063010348286,2.62870303688085,0
0,"B",-1.03108463335664,0.500570113092083,1
0,"B",-0.577737770413617,-0.0504027803268637,0
0,"B",-1.30647589556765,-1.14809779651812,0
1,"B",-0.481918629005011,0.470586558241322,1
0,"A",-0.262473124330034,-0.863157803371508,0
0,"B",-1.57857839486777,0.574237758263565,1
1,"A",0.0434827417705361,0.264529536047684,0
0,"A",1.53598179134528,-3.66913628639908,0
0,"B",-1.01349643255856,2.67180564054788,0
1,"A",1.35864452488046,1.96636673027942,1
0,"B",-2.75596997608421,-0.513723086785197,1
0,"A",-1.14852464501903,-1.21717432869187,0
0,"A",-1.63809604667703,-2.26416529988441,1
1,"A",2.6866904678607,-0.053824810656695,1
1,"B",0.594231689800606,-0.101931380911216,1
1,"A",0.683595647718772,1.35517372801592,0
1,"B",-1.05912159398081,-0.209634886000243,1
1,"B",0.23920422125143,0.86993088436696,0
0,"B",-1.73214840583902,1.29344042369526,0
1,"A",1.79068038117063,1.21612387760994,1
1,"B",-2.12915528248588,0.42142009380624,0
0,"B",0.0493597411613822,0.238805985543972,1
1,"A",0.565426048605041,-1.90624781892778,1
1,"A",1.99740913205679,-1.56909516948343,0
0,"A",1.38219089763296,0.250534694637647,1
0,"A",0.36640560873326,-2.08684880666615,0
1,"B",0.693793188531403,1.01888640835257,1
0,"A",-0.848127204576936,-1.71882894128769,0
0,"B",-1.39124924036761,-1.76276942784102,0
0,"A",0.282625509923345,-1.09457156474811,1
0,"A",1.55470708599692,-1.19955150310691,1
1,"A",-0.0688804491763879,-1.62414320682063,1
1,"A",2.37638376317271,-0.726130361813609,1
1,"B",0.410581783290745,0.563261775982943,0
1,"A",3.34593489967875,1.27220204250907,0
1,"A",1.17427370528379,-1.81199623881097,1
0,"A",0.175560668327194,0.578955635134456,0
0,"B",-0.390817806458227,-1.97485598071554,0
1,"A",2.25217850684184,-0.0764593638820271,1
0,"A",-0.899448957278343,0.661302129835163,0
1,"B",0.277815258379574,1.04448237878883,1
1,"A",0.481083928276788,-0.369695780462229,1
0,"B",-1.17375782405869,-1.61739454100133,0
0,"A",-0.269127807688668,-1.1009680459759,0
0,"B",0.359200674658424,-2.65711169192245,0
1,"B",-0.72738950542837,1.15520395157892,0
0,"B",-2.08957194059376,0.407884041426814,1
0,"A",-0.129619531173655,-1.54077883908093,1
0,"A",-0.248832330229664,-0.964411111957638,1
1,"B",0.539262440692543,2.3000379916686,0
1,"B",-0.0489071867388717,2.06217224069678,0
1,"B",-0.735932426759702,0.312455826562331,1
1,"B",-1.11214234870365,-1.0118921532673,0
0,"A",-0.0436407218636921,-0.765317826556169,0
0,"B",1.35903343249035,-1.37821027252295,0
0,"B",-0.996561276488802,0.0655979634510606,0
1,"A",-0.0418865209233349,-0.10876589077709,1
0,"B",1.47019661274748,-0.622581356999034,1
0,"B",-0.179947593437589,-0.818009585104365,0
0,"B",-1.68431921741104,-0.277355958229988,0
0,"B",-0.716267734702316,1.97954598978396,1
1,"B",1.0691801989724,0.630264653028322,0
0,"A",-0.633471590483218,-0.586409333766707,0
1,"A",0.951097583357562,-0.925011822765154,1
0,"A",1.11435860809488,-0.886480183179101,0
1,"B",-0.39380132955989,1.41145346926464,1
0,"B",-1.11819490701836,0.202312085832444,0
0,"A",-0.578700506402937,0.413376850611424,0
1,"B",1.59682255207406,-1.59489433825885,1
1,"A",-1.64210184872065,0.494357481528634,1
0,"B",0.0146769265759693,-0.225668407775161,0
1,"A",-0.687253901909368,2.58694517472414,1
0,"B",-1.24420817496414,-1.13831684392054,0
0,"A",-1.25247333422641,-0.30569384789231,1
0,"A",0.553264334209167,-0.641634380663731,0
0,"A",0.126850396777367,-1.0801985831962,0
0,"A",-1.18803557254284,-0.564486111315976,0
0,"B",-2.21842964074271,0.599006721161443,0
0,"A",-0.200015007609169,0.141050620039335,1
1,"A",1.67958879780405,-0.740097026343498,1
0,"A",-0.0713647660099561,0.25850679506676,0
1,"B",-1.08428103539986,0.756590550077527,1
0,"A",-0.599523226324961,-2.23141118652649,1
1,"A",0.36889071828381,-0.752992012506813,1
1,"A",0.103232826342325,-0.855837481100529,1
1,"A",2.05957501852106,0.308235968195905,0
0,"A",-1.24793346176944,-0.640619809779229,1
1,"A",2.24946080869798,0.0883675919372708,1
0,"A",0.304513259286968,-0.549157826325346,0
0,"A",-0.53699067649665,0.386742913587558,0
1,"B",-1.48691712540406,1.16977008704159,0
0,"A",-0.294999041111125,-2.3433375004062,0
1,"A",1.38033655588652,0.656692196636867,1
1,"B",-0.913806766558467,0.838738471727548,1
0,"A",0.607025890614312,-1.37206823983554,0
0,"A",-0.0954276241628374,-1.07040507698566,0
1,"A",0.962919442581328,-0.113217514687311,0
1,"B",1.25444369825603,-0.0860901099965303,1
1,"B",0.403778961989128,1.11647691446703,0
0,"B",0.578858318777698,0.666317543690518,0
1,"B",-0.450888429342109,2.03453521036687,1
1,"B",-0.526037187411585,0.829810329928437,1
0,"B",-2.624643130455,-0.111846800936162,1
0,"A",-1.31872523130408,0.0014228485086778,0
0,"B",-1.50520797751022,0.48661216646195,1
0,"A",-0.021048434437107,0.27860459964369,0
1,"A",1.14459400494118,-0.338216107076775,1
0,"B",-1.66679419513632,-0.353962097363409,0
1,"B",-0.82374974856966,1.36919887850002,1
0,"B",-1.59983256949967,-1.13974054073069,1
0,"B",-0.449294153439604,-0.696248721465956,0
0,"A",0.702357220478407,-1.43500625313479,1
1,"B",-0.229597433259202,1.24743558528824,0
0,"B",-0.584872735534673,0.637326749726131,1
0,"B",-0.990000500692681,0.409587151409823,1
1,"B",0.726622820185825,0.575999240342216,0
1,"B",-0.860360708738868,0.931188331748756,0
1,"A",0.712500318781227,1.63657037425737,0
1,"B",1.97340093975652,0.471030953178098,1
0,"A",1.47168486066206,0.081026629882981,1
1,"B",1.4040832580907,-0.0749589508956903,1
1,"B",1.557045422364,0.930510386423195,1
0,"A",2.13972866509652,-1.267542839131,1
0,"B",-1.72274373516315,0.268389628353079,0
1,"B",1.28101872938196,0.859058445682653,0
0,"A",0.524070954651458,-1.37244743153296,1
1,"B",-0.0569729369258187,-0.00829132965420878,0
0,"A",-0.0309722216788705,-1.56946192051809,0
1,"B",0.454367297755897,0.681616576567251,0
0,"B",-2.36768550220709,-1.4869570712365,0
0,"A",0.694079422486974,0.534128946072147,1
1,"B",-0.092108176454059,1.37753890244358,1
0,"B",-1.19288154931932,0.317890702626683,0
1,"A",1.0873528930598,-1.54647747105267,0
1,"B",0.993013508219451,0.270715134313605,0
0,"A",-0.050646679946113,-1.24981183570327,0
1,"B",-0.0685576544428919,2.20208699834664,0
0,"A",0.741562431856897,0.0452704608514529,0
1,"B",-0.1696133033697,-0.21625804272136,0
1,"A",0.468212261870909,-0.983209093860993,1
0,"A",-0.465299482701228,-0.688076488423374,0
0,"A",-1.57388432793158,0.192461577453989,0
1,"A",0.365161284093575,-0.432557363760085,1
0,"A",-0.333096711457613,-0.252075022420163,1
0,"A",0.141078877596555,-1.53762382988304,1
1,"B",0.753672063460885,1.14741424810559,0
0,"A",-1.58862357822731,0.165463157098992,1
0,"A",-1.09447791307623,-0.0127520305683456,1
0,"B",-0.041528918179828,0.0213020903682433,0
0,"B",-0.129630179961716,0.359758946688547,1
0,"B",0.704303708185813,0.152792728894166,0
0,"A",0.73608469514224,-0.902261576761096,1
0,"B",-0.801947346520239,-2.16267115721382,0
1,"A",0.0165785752621753,1.44664409300622,1
0,"A",2.34379988418232,0.609326513183329,0
1,"B",-0.389469793896863,1.38875028956195,1
1,"A",-0.925773386393344,0.40302019027194,1
1,"A",1.0025560233642,1.81206905535747,0
1,"A",0.340474077073361,-2.1236375155916,0
1,"A",1.17245984191141,-0.548498617159456,1
1,"B",0.620719677016839,-0.6194143215742,0
0,"A",-1.25686079046743,-0.637731171868169,1
0,"B",-0.941570474058509,-0.941944578988663,0
1,"A",0.854383844245837,0.977396646721257,0
1,"B",0.74800702356988,-0.247901716259658,0
1,"B",-0.274913950822004,-0.313154188660501,1
1,"A",1.52205611167114,-0.569078643153485,1
0,"A",-1.74873192112045,0.501194767897191,1
1,"A",1.49317792796303,0.250253297315471,1
0,"A",1.77702985384571,-2.03676444480895,1
1,"A",0.261544193902658,0.20787412039739,0
1,"B",-2.46685687526798,1.27512704076774,1
0,"B",0.268367387965656,-1.66833640728052,1
0,"B",-2.1523014435227,1.93704462053277,0
0,"A",0.389806630955277,-1.05096734763506,1
1,"B",1.2142792206422,-0.46742935428745,1
1,"B",-0.49053587212708,1.27035259852107,1
1,"A",0.62939896246645,2.68927902193892,1
1,"A",-0.165347492352622,0.0116505021668146,1
1,"B",0.340274909510588,-0.352784951437292,1
1,"A",1.20723397977461,0.460744185116629,0
0,"A",-0.0981344216878484,-0.920477342383109,1
1,"B",0.494384495221039,1.27211708952426,1
1,"A",2.0860307962551,0.366361559406311,0
1,"A",0.162374340471794,-0.622193037921798,1
1,"A",0.400265424290088,0.0282433563743065,1
0,"B",-0.370966175502134,-0.54270441432399,0
1,"A",0.83463788800095,-0.940764547157993,0
0,"B",-0.794677128813395,-0.126082096899259,0
1,"B",-0.644732498786402,0.836697207597964,0
0,"B",-1.19957358117115,-1.03309087432259,0
1,"A",1.50520679299104,-0.238421827404178,1
0,"A",0.913109980622033,-1.47837279978996,0
0,"B",-1.61249362323247,1.51741310390259,0
1,"B",-0.666156008180045,-0.350305777917147,0
0,"B",-0.81480421565748,0.671538809033877,1
0,"B",-1.59260202722437,0.257125606271273,1
1,"A",1.99664932598611,0.496134184290089,0
1,"A",0.560345131308466,0.181176382289455,1
0,"A",0.167394996509184,-1.88238300140022,0
1,"A",0.969377320162499,-0.48118165747976,1
0,"B",-0.548737978534898,-0.0162306269860508,0
1,"B",-0.375084227408599,1.15196688382731,0
0,"B",0.236998627861993,-0.271133026327728,0
0,"B",0.853866342871272,-1.50773746325426,1
0,"A",-0.998196222825356,-1.16050952667258,1
1,"A",1.02687279738253,-1.30120172544781,1
1,"B",1.03559753629972,1.016476991426,0
1,"A",3.32581246062034,-2.80279452474684,0
1,"A",0.0204438455224225,-0.326927837461821,1
0,"B",-2.58324339802868,0.300946182908117,0
0,"A",-0.260589264260143,-0.184176068611164,1
0,"B",-1.44268290274736,-1.10019615405237,0
1,"B",0.437239200427929,-1.16423841185359,1
0,"B",-2.4529886477888,-0.0748301724098633,1
0,"B",-0.719749923448381,-0.0516295274313334,0
1,"B",0.0210209084176838,0.236826477538477,0
1,"A",1.82380712716806,-0.0249865667246537,0
0,"A",1.50244649856934,-1.1295919267242,0
1,"B",-1.00405484470714,0.330742595839379,0
0,"B",-0.815575374931901,1.46430545840964,0
1,"B",-0.202198120775333,0.753883285128034,1
1,"B",-0.588250443817637,2.09947970584399,0
0,"B",-2.12248244138579,-1.15060230016227,1
0,"B",-0.26566752377662,0.378319383785832,0
0,"A",1.01689586897147,-2.50603156194053,1
1,"B",-0.0474298162208739,1.47245988987598,1
1,"A",-0.0938655162107243,1.00025323429674,1
0,"B",-1.4853154573904,2.19073850632246,0
1,"A",-0.0526636353267084,0.770229784977275,1
0,"B",-0.204191879728791,0.622861026634448,0
1,"A",-0.624392483581128,-2.48894811542586,0
1,"B",0.384712421491923,0.954946640470248,0
1,"B",-0.527182255703778,0.443807115294907,0
1,"B",-0.974616534322614,0.0123918791312608,0
1,"B",-0.0136633068802136,0.288654538611076,1
0,"B",0.52864658795908,-0.342219193278461,0
0,"A",-0.431085799822562,-0.68404639955374,1
0,"B",-0.969993996457758,0.0817569355052288,0
0,"A",0.674653900632609,0.18784633694384,0
0,"B",-1.0958787586525,-0.629493104478472,0
0,"A",-0.289278447257208,0.55346724700692,1
1,"A",0.703518293979034,0.741997908999316,0
0,"A",0.398942367336281,0.353434507579284,0
1,"B",-1.89370245729868,1.30963899447226,1
1,"A",0.335410323957225,-0.359457800869491,0
1,"B",-0.000102023986892741,-0.709174203762518,1
1,"B",1.09804103405097,-0.0843940015498917,1
1,"A",0.712769570591302,-0.830040508904312,0
1,"B",-0.897014266368075,0.174869929951004,0
0,"A",0.618816388673329,0.390462508946758,1
1,"A",0.514233095360107,-0.560735688215826,1
1,"A",0.0510700787105302,-0.323213339423234,0
1,"A",0.386809975524553,0.678748752222866,0
0,"B",0.200437929814455,1.07462383770927,0
1,"B",0.37879925930659,0.725434873433037,1
0,"A",-0.298044443619807,-1.99460093535462,1
0,"A",-0.0986323342609617,0.360540785973698,1
0,"A",1.0908441302416,-1.00543907676568,0
1,"A",1.83150463241551,0.624673321886941,1
1,"B",-1.01089160370261,-1.15398007581156,0
0,"B",0.732695584928652,1.57091985160533,0
0,"A",0.697670060947299,-0.624235244325679,0
0,"B",-2.29964024120307,0.920934971670517,0
0,"B",0.371205351311683,-0.61382474775075,1
0,"A",0.173123585598434,-0.143476412364353,0
0,"B",-0.543916120921884,-1.57012767782831,1
0,"B",-1.64688794175029,0.566567545351614,1
0,"A",0.139948517942737,-0.406626025871159,0
1,"A",-0.0966454932639222,-1.73369912517162,0
1,"B",-2.15972478093592,0.801352789569486,0
0,"B",-1.89590127083935,1.22814256037467,1
1,"B",1.14450903590159,-0.744364224610619,1
0,"B",0.659211420330392,-0.161397407229265,1
1,"B",-0.203186748531089,-1.50174308886991,1
0,"B",-1.57229474533277,1.17915255049135,0
0,"B",-1.5732835226177,-0.154631123009256,0
0,"A",-0.108365995704385,-0.0457508863728079,1
1,"A",-1.04051396504108,0.0800525635369441,0
0,"B",0.457421380202845,-0.505586359834527,0
1,"A",-0.286046540885749,0.198872307339868,0
0,"A",0.431994670233726,-1.07196797133762,1
1,"A",2.90177584629664,0.381137864625371,1
0,"B",0.187258761394049,-0.500061926262278,0
0,"B",-1.26065710827782,1.71294740714571,1
1,"A",-0.0514591593874793,-1.28922378151393,1
0,"A",-0.813563354725635,-0.152214145217297,1
0,"A",0.420815923768969,-1.31473354802293,1
0,"A",0.272430714257888,-1.08932849381399,0
1,"B",1.44569170850718,1.28532680118658,0
1,"B",-0.369401807599624,-0.638291265112654,1
0,"A",0.645830515130907,-2.22452486828186,1
1,"B",-0.523696168259559,1.78071178419184,1
0,"B",-2.34694830056367,0.487043916328545,0
1,"A",1.14911676763651,-0.991051311032086,0
0,"A",-0.550943367637946,-1.26599990837311,1
1,"B",0.513610398789011,1.33627914961564,1
0,"B",-0.478808948020716,-1.09146408362057,1
1,"B",0.303275748392541,1.26473896462612,1
1,"A",-0.0305137015123255,-1.29731652052808,0
1,"A",1.69617484835096,1.05852978474973,1
1,"A",-0.661480061971585,-0.843550950992686,1
1,"A",1.36716860053995,0.261275832679485,1
1,"B",0.543953248392256,0.860595970413403,1
0,"A",-0.485241363405912,-2.02333318889013,1
1,"B",-0.60110156965347,1.02458685784439,0
0,"A",-0.433326079225371,-2.97052293133604,0
1,"B",1.19957968305923,0.804579661666742,0
0,"B",-1.48085437861273,-2.42302519117223,1
0,"A",0.270219254490952,-1.73713611125178,1
0,"B",-2.20019034046851,0.642547833946247,0
0,"A",-0.0413165280477419,0.265054495687642,1
1,"B",0.994129257617888,-0.144072394750533,1
0,"A",0.119621653888082,-1.56264715066202,1
1,"B",0.929890859468473,0.453703253786755,0
0,"B",-1.60458285574083,0.363939831534787,0
0,"B",-1.52088608492531,-0.542898889720126,0
1,"A",-0.891794974467839,-1.01296161227611,0
1,"A",0.200077684804937,2.30410328662347,0
0,"B",-1.01558489791961,0.15612548927875,0
0,"A",0.303102011482675,-2.25074499458111,1
1,"B",-0.988977874120959,-2.00853152692282,0
0,"A",-0.0421763811837244,-2.51373347721223,0
0,"A",-0.320123551005575,-1.72127428810158,0
1,"B",0.846302977633623,1.76578900572176,0
0,"B",-0.623937964005477,-0.828542889228078,0
0,"A",-0.678784028933049,-0.428061434786238,1
1,"B",-0.451343659339566,2.17293842305949,0
0,"B",-1.63173534340758,0.129382207294408,1
0,"B",-0.858192745828734,-0.591926670987777,1
1,"B",-1.18975960724559,2.26292720950955,0
0,"A",0.936471953327493,-0.171176658482528,0
1,"B",0.0517293028220219,0.289502823592287,1
1,"A",0.476579896916774,2.74154092599983,1
0,"B",-1.48931502674688,-0.977426366504155,0
0,"B",-1.07628910930729,-2.09601344881735,0
1,"A",2.17208112397395,-0.226505832865261,0
1,"A",1.75578477864442,-0.285275828589399,0
1,"A",0.966394862709181,-1.12592155146599,0
0,"A",-1.17177439917654,-0.557866689380873,0
0,"B",-0.365226336089982,-1.22745000792283,0
0,"B",-0.967830572708056,-0.179080516445395,1
0,"B",0.52055421542454,-0.383208678350367,1
1,"B",0.392431344095703,-0.856868021265119,1
0,"A",1.43219773135704,-3.0373669577516,0
0,"A",-1.30378273872199,-0.508389886891644,0
1,"B",-0.810123233763869,-0.856308083569895,1
0,"A",0.490526639485272,0.581687787616736,1
1,"B",0.794793584691406,-1.77796864571785,1
0,"A",-0.639296205189618,-0.742639290010995,0
0,"B",-0.739137339407016,0.0816508848970599,0
1,"B",-0.213810580754021,-1.20112344464676,0
0,"A",-0.167726196147643,-0.383375805447343,0
1,"A",-0.0900049132859029,-0.279773772498654,1
1,"B",1.27652349916231,0.74932153495021,1
0,"B",-1.42912906426667,-0.409571510058735,1
0,"A",-0.442443650114862,-2.45339518649889,0
1,"B",0.0733757816185715,0.45700433078935,1
0,"A",-0.357226784845728,-0.0289584540213927,0
0,"B",-1.27738278563124,-0.711206703511213,0
0,"B",-1.73072128464926,0.462791543519933,0
1,"A",-0.77507769641045,-0.0739805547439893,0
1,"A",0.663247577010133,0.733578975406136,0
0,"A",-0.471774930897682,-0.134488688185977,1
1,"B",-1.09606585775001,-1.1624507173158,0
0,"B",-2.62766344143882,-0.0448830493190899,0
0,"B",-0.995981337782655,-0.620831827553243,1
0,"A",2.0855768186141,-0.857433577828889,0
0,"A",0.00219762517898098,-1.88179201590843,1
1,"A",0.554885742691294,-0.323237282901782,0
1,"B",0.79423908161324,0.722793563109158,1
1,"B",-0.641722180067092,1.16784680694438,0
0,"A",0.169691568565144,-0.484766912953413,1
0,"B",-2.67466898397312,-0.203967726076601,1
1,"B",0.568343368833303,2.07728795309491,0
0,"A",-0.915625325719514,-1.83738183981583,1
0,"B",-0.311924211147967,0.415693510764571,0
1,"A",0.964989772540825,0.299435864333217,0
0,"A",0.0408640311982754,-1.6643804746613,1
1,"B",-0.189426190664759,0.772250028267863,1
0,"A",-0.0296259687435994,0.742608262469025,1
0,"B",-0.236215806248743,1.45808236341828,0
0,"A",-0.403447602455065,-0.346542853075434,0
0,"B",-0.0480277143755931,-1.27042784653113,1
0,"B",-0.501684069918971,0.771458889767463,0
1,"B",-1.2273174921549,0.409076925695017,0
0,"B",-1.80133227898868,-1.15134605792274,1
1,"A",-0.088840461673423,1.22676384024327,1
0,"B",-1.1405533275752,0.174451028832719,0
0,"A",-0.261632328337474,-1.45024872228594,0
1,"A",-0.0961092075037193,-0.370104166610583,1
1,"B",0.828186015842169,2.07136844622461,1
0,"A",1.25351924008642,-0.323650866757121,0
1,"A",1.12958456211007,-0.114992455560526,0
0,"B",-1.42178539654711,-1.98810682990533,0
1,"A",-0.885400918730888,-1.79379842625146,0
1,"A",-0.309912789950822,-0.023298622159439,1
1,"B",-0.541050569375054,-0.298572698198946,1
0,"B",-0.628609300941293,-0.776277818735315,1
1,"A",0.873143131905917,-0.860963456489942,1
0,"B",0.588279207190638,0.66132926093016,0
0,"A",-0.225477878071404,-2.07664672457046,1
0,"B",1.76581228204573,1.39018191854731,1
1,"A",-0.757535174563343,-0.0737038895953978,1
0,"A",1.50012357583601,-1.36583949442787,0
0,"B",-0.453564747890038,-1.86635691000283,1
0,"B",-1.75000628339946,-0.281180223436996,0
0,"A",-1.25285062654122,-0.212924013455915,1
0,"A",0.420951669269847,-0.646362689786328,0
0,"B",1.09125688213182,1.67327576613608,0
1,"B",-1.68552854282606,-2.17762344995163,0
1,"B",1.6971447895317,0.718276674887236,0
1,"A",1.19143584399603,-1.27398430027054,1
1,"A",0.648000558648541,-0.630354210387262,1
1,"B",-1.47532688895323,0.607013033063028,1
1,"B",-0.906962809327995,1.2470605290538,0
0,"A",0.0578416453821671,-1.56965835204405,0
1,"A",0.157632621150225,0.14415122530502,1
0,"A",0.233214186640173,-1.41116775983811,0
1,"B",0.580424279839446,-0.928382197622172,0
1,"A",1.15447780741896,1.05698334766357,0
0,"B",-1.31967661634461,-0.582777485770982,0
1,"B",0.700245333921263,1.07359068243523,1
1,"A",0.787772934699641,-0.208160782715242,0
0,"A",-0.0523019032389124,1.31952864932464,0
0,"B",-0.627509378841723,1.12667533035567,0
1,"A",0.331555616812624,-0.728178543546437,0
0,"A",0.419661107591764,-1.80917375103026,0
0,"B",-1.73371782234732,-0.00508710847129243,0
0,"A",0.0125568890205872,0.496583176418351,0
1,"B",-0.0655162937699981,0.731560090253413,0
0,"A",0.934665669252907,-0.497079831411496,0
0,"A",1.2663176516845,-0.045283928648336,0
1,"A",1.5580736835449,0.12721168779228,0
1,"B",0.810191575729127,0.857662762100889,1
1,"A",1.32503465018934,-1.02189835310408,1
0,"A",-1.20633961360525,1.29578484194219,1
0,"A",-0.628294177963339,-2.45627690822752,1
1,"B",0.581011980848504,0.0617850245928478,1
1,"B",-0.0347021983651724,1.70100621041959,1
0,"A",0.0250281803791931,0.142678557128508,1
0,"B",-1.34429251559403,-0.115814584854763,1
0,"A",0.389538540986159,-2.6086268556404,1
1,"A",0.081215466583381,-1.11982400824648,0
0,"A",-0.97410531991392,1.48035638740369,0
0,"B",-1.65539939750776,-0.114855893362857,1
1,"A",-1.05939521577459,0.361793568775223,1
1,"B",-0.60797354143968,1.23609683375808,0
1,"A",0.798705322796265,0.157042333142426,0
1,"B",-1.59997341615398,1.20304799614193,1
0,"B",-0.606603045940241,1.13574228997961,0
0,"A",-1.33695521649331,-1.22989749731416,1
0,"B",1.62592592934617,-1.41983305327924,1
1,"B",-1.10239049436869,0.240973646331712,0
1,"B",0.653383169383957,-1.25481503440182,0
1,"A",1.3475192860089,-0.374033228469777,1
0,"B",-0.471708577898594,-0.597941586095412,1
1,"A",0.57865234250755,-0.413239518705477,1
0,"A",0.168508659411679,-2.3121923216648,1
1,"A",0.821487624537951,-0.0470105924401819,1
0,"B",0.0750022856021298,-0.69054536398617,0
0,"B",0.951211745897354,1.61198065600829,0
1,"A",1.04509115414401,-0.342039428909265,0
0,"B",-1.92788043487981,-1.03282267685521,1
1,"A",0.623467393248482,0.00663957346188004,1
1,"A",-0.0873741050211693,0.0452877235689463,1
0,"A",-0.55893836068982,-0.485037315122612,1
0,"A",-0.272626210938504,0.0444642886422205,1
1,"B",-1.3594606958466,-0.32661189716681,1
1,"A",-0.143722592630227,0.0489471749017819,0
0,"B",0.809135714837941,-0.864529609244653,0
0,"A",-0.182328614539916,-0.103007353231199,1
1,"A",1.5459503387077,-1.01990147131158,1
0,"B",-2.06783717671901,0.802005658238899,0
1,"A",1.57593564486054,-0.0295770645657396,0
0,"A",0.351738637947498,-0.752857284313414,1
1,"B",-1.39389455217758,0.976295053320865,1
0,"A",0.903913161415579,-0.296234639505174,0
1,"B",0.914733027152391,-0.469457549767833,1
0,"A",2.13086526375465,0.896627854513676,1
1,"B",0.589252725384609,1.25464409679048,1
1,"B",0.116993158982154,0.367982716581625,0
0,"B",-0.855836517298375,1.05413865759433,1
0,"B",-0.389073981400437,2.15605860395197,1
0,"A",0.897086810769867,-1.5976579238868,1
1,"B",-0.951935928803642,0.723487563702978,0
0,"B",-0.914426700260041,-0.751473688731686,0
0,"B",0.018914420318961,-0.592835781327459,1
0,"B",1.46254303548942,0.891356414566534,1
1,"B",-2.73128846789181,0.992800121633862,0
1,"A",0.454610045601448,-1.42362566776579,1
1,"B",0.954541113286169,1.48268735200787,0
1,"A",0.346701097538496,-0.287216287688616,0
1,"B",0.584358593057682,-0.145219540403391,1
1,"B",0.494308713474326,0.18679969524379,1
0,"B",-3.08720284133172,1.03799876352549,1
0,"A",0.0404629429123059,-1.35994173164453,1
1,"B",0.340403983491552,-0.408843993033218,0
0,"B",-0.192992975662202,0.660579255792705,0
1,"B",0.170016903453552,-0.600223716427766,0
0,"B",-0.36249625100606,1.10330572628277,1
1,"A",0.759964200184297,-1.35306959047663,1
1,"B",1.00714300707626,0.117449784616574,1
0,"A",-0.003979739822147,-2.75866609870239,1
0,"A",1.25217808222803,-1.04083848761571,1
1,"B",0.918559929717421,0.152018904498668,1
0,"B",-0.989986678557014,-1.08340558451886,1
1,"B",1.67147914287313,-0.50993477559021,0
0,"A",-2.07226066334546,-1.30722735374325,0
0,"B",-1.82725276193135,-1.40890651142834,1
1,"B",-0.909939771329238,2.23771661399829,1
0,"A",0.133522976892384,-0.765278509177281,1
0,"B",1.56702237195928,-0.212284991392956,1
0,"B",-1.55255500114756,0.286082515955527,0
0,"A",0.453455921396187,-1.63652546079365,0
1,"A",1.7744876155457,-0.509218690986569,1
0,"A",0.314085827746722,0.646037003516677,1
1,"B",0.0981977651697779,1.54566342535106,1
1,"B",-0.821540101974716,1.36021857863632,0
0,"B",-1.72711849032523,-0.524099834408551,1
0,"A",1.28571549396291,-1.38805736722432,0
0,"B",-1.87577137505192,-0.499071773902101,1
1,"A",0.202211531363752,1.45604164436899,1
0,"A",-0.73400497298598,-0.311863128642926,1
0,"B",1.42166407805307,-2.5464718508488,0
0,"B",-1.44615844461098,1.16332606107629,1
1,"A",1.30106563072553,0.195588554535547,1
1,"B",0.178858719726907,0.65354866959169,0
0,"A",1.51395409327404,-0.185351335241908,0
0,"A",0.98620918976509,-0.897413415371942,0
0,"B",-2.02131073501691,-0.8403036443679,1
0,"A",-0.333021300668598,-1.41340131417949,0
1,"B",1.99002912379233,0.369239860003153,1
0,"A",0.550234289659156,-0.351560580728647,1
1,"B",-0.72360993846061,1.16280854616948,1
0,"A",-0.84967657981878,-0.108753959518366,0
0,"A",-1.34051725463072,0.991489655645521,0
0,"B",-2.04673987785308,-2.06801864427593,0
0,"A",-0.868265226959977,-1.0857800385166,0
1,"B",-0.258101939949085,1.1723297069415,0
0,"B",-1.00305669776296,-0.914567627054845,1
0,"A",-2.42504682942712,-0.546623342470674,1
1,"B",-1.23166781453196,1.11864486097047,1
0,"B",0.25466381704131,0.4898909503254,0
1,"A",1.36339573926699,-0.358431331095897,0
1,"A",1.80785978576882,-0.0580758978038519,0
0,"B",-1.87524551229105,0.269924870434245,0
1,"B",0.0132622127770403,-0.50618738546236,1
1,"A",-0.801313335574318,0.849771685925931,1
0,"A",-0.337209607095923,-1.12570655396158,1
0,"B",-1.36678044978699,0.109286510171708,1
0,"B",0.900785567939587,0.120636091001148,0
0,"B",-0.0551464125532742,-1.33869892843111,0
1,"A",1.96202394069336,-0.542672524475634,0
0,"A",-1.14243834498992,-0.00584166654582235,0
0,"A",-0.212872806354594,-0.322115209597015,0
1,"B",-0.956174756489814,0.291510577916877,0
1,"A",0.241866989582847,0.327588636158892,1
1,"B",0.586160519760453,0.131917586224097,0
0,"B",1.57098593538764,-0.489894116378001,0
1,"A",-0.256246934144151,0.138709691267533,1
0,"A",0.331269232743555,0.968619643468128,1
1,"B",-0.0239845221266597,-0.101986292871746,1
0,"B",-0.12792637134005,0.760120642136449,0
0,"B",-2.79852216521516,1.07301736636699,0
0,"B",-0.849004946556707,-0.645605343951427,0
1,"B",1.6869896213861,2.10845572965802,0
1,"B",0.62117629518891,0.627738454922887,1
1,"B",0.0821937677373216,0.938926087926445,1
0,"A",1.51063882742343,-1.98881789656216,0
1,"B",0.00747281858015392,0.372825007177103,1
0,"A",-1.98653666013929,0.42199310594811,1
1,"A",0.083349965004064,0.43719960127558,0
0,"A",1.33654591028645,-1.6962381013506,1
1,"A",0.153322551823391,-1.31238332108555,0
1,"B",-0.72041233763163,0.00626762451515325,0
1,"A",0.672206996929885,-0.605542740744546,1
0,"A",-0.616562819687148,-0.785010779684015,1
1,"A",0.857368446630594,0.273718117338779,1
0,"A",-0.0988850116708364,-1.55226824759422,0
1,"B",-1.18019759014862,-0.361938300143753,0
0,"A",-0.278577166183212,-0.723720869294848,1
0,"B",0.0461394702408605,0.572652434865071,1
1,"B",1.37230894277498,1.88971509499838,0
1,"A",0.581244116495593,-0.838362803977437,1
0,"B",0.265118490297403,-0.315838453901628,1
1,"B",0.817163541085464,1.01929130934243,1
1,"B",-1.32040476376091,0.800996529825999,1
0,"A",0.659950871453259,-0.1542979292957,1
0,"A",0.298174216369632,0.604580359420655,0
1,"B",-0.576501889272741,2.53055038550499,0
1,"A",1.30585268187664,1.06262176229472,0
1,"B",-0.520722031735519,1.3885148263317,1
0,"A",-0.173234553886333,-2.12722222911005,0
0,"B",-0.866583130463184,-1.29170981774091,1
0,"A",-1.17686391946596,0.358567663695525,0
1,"A",0.683120831663657,0.11562428112719,1
1,"B",-0.414843878373277,0.139536215093468,1
1,"A",0.460445255386833,0.0945137624035923,0
1,"A",0.0877564269382455,1.57707559892345,0
0,"A",0.177716732597051,-1.57546703692197,1
0,"B",0.416468196902936,-1.81025880752599,0
0,"A",-0.60622153735022,-0.935573009484543,1
1,"A",-1.1039827705142,0.535404050319848,0
0,"B",-0.853442025213545,-1.16979468283519,0
0,"A",-0.669967625645571,0.00833028811527831,1
1,"B",-0.910095968436144,0.990771754443047,0
1,"A",1.9409629696128,-0.459136430415448,1
1,"A",-0.815673607872971,0.476745592808884,1
1,"A",2.10078578112418,-0.048369085722906,0
0,"A",0.609622485312338,-1.21727320135135,1
1,"B",-0.696704775534738,-0.119572684639978,1
1,"B",-0.679241535951378,-0.651918253829769,0
0,"B",0.732774952942657,-0.229909944916565,1
0,"A",-0.945454138942758,-0.341061717604922,0
1,"A",1.82126847902565,-1.75264818261797,0
1,"A",0.386622306000724,-1.45290622563697,0
1,"B",0.356079382637856,-0.315549368181914,0
1,"B",0.315986041223945,1.25075434648166,1
0,"A",1.22031297617186,-1.44945779663172,1
1,"B",-0.689989754703113,0.545281139481475,1
0,"B",-0.289045420177122,-0.520427417951012,1
1,"A",0.381057557633313,0.463534116292717,1
0,"B",-2.51206004396219,0.957509670114798,0
0,"A",-0.772397887818479,-0.648997748129205,1
1,"B",-0.428546521295229,0.850842688705085,0
1,"A",0.924950376569449,-2.20983122056949,1
0,"A",0.210404414859735,0.195126888335618,1
1,"A",-0.684976616563125,0.525651785632219,0
1,"B",-0.54533938747845,2.47660175044111,1
0,"B",-3.17969788348205,1.9271707343825,1
1,"A",0.836758180338897,0.325164815773691,0
0,"A",0.882684040015051,-1.99676036803578,0
1,"B",-0.625528237170502,1.31452729829681,0
0,"A",-0.291567501351354,0.15925202263608,0
0,"A",-2.1023555645598,-0.432286923510058,1
1,"B",-0.16832375793116,0.886094063714556,0
0,"B",1.84589878096737,-1.19965073499528,1
1,"A",0.517341143764517,-0.348218899136698,1
0,"B",0.236572164388689,0.667070806018707,0
1,"B",-0.396405182658837,1.35666892964289,0
1,"B",0.13710868728688,-0.625865871797665,1
1,"A",2.01751019730747,0.00670806507557692,0
1,"B",-1.37885889119041,0.786572543341124,1
1,"A",-0.727829696520682,-1.03083138045046,1
1,"A",1.77796497830956,-0.707684847322973,1
0,"B",-0.203112544519575,1.26592111331679,1
1,"B",0.741843418984333,-0.479489848515236,1
1,"B",0.0705895294496854,-0.122709756458159,0
0,"A",-2.20928019793076,-1.42819682309346,0
0,"B",-0.0805192342442819,-0.0164893918062671,0
0,"B",-0.41069406704919,0.527920119381701,0
1,"A",-1.43734187611228,0.665725268976673,0
1,"A",1.12887875935727,-0.2720905823806,1
1,"A",1.0866197524,1.10682134298963,1
1,"A",-0.565385602917465,-0.229603526412648,1
0,"A",-0.13612999588254,-0.197729237355515,1
1,"B",0.843553650782888,1.11283672711238,1
0,"A",-0.201265994744348,-0.617480017578629,0
0,"B",-1.03033497017204,-0.671932799385446,1
1,"A",0.842359962902623,0.984138980159495,0
0,"B",-1.35170952964482,0.922158913877659,1
1,"A",-0.264266933968781,-0.761853198923461,1
0,"A",0.576554681560381,-2.09577337062632,1
0,"B",-1.03103335710393,-0.820575266008122,1
0,"B",-1.03701884084022,1.56962453419048,0
0,"A",1.10958697726219,-1.15845383653196,1
0,"B",-0.0758635475777503,-1.23000648224978,0
1,"B",-0.487828529077141,1.64111315412344,0
1,"A",-0.183671951766133,0.100150189441267,0
1,"A",0.582049466401846,-0.744572033376466,1
1,"B",-1.29267789611413,2.30094130064591,1
1,"B",-0.367670498854793,0.901425279776348,1
1,"A",0.510935559330221,0.00148391525947122,0
0,"B",-1.03003929288655,0.250258514162976,0
0,"A",0.902567042582718,-1.43515515506955,1
1,"A",0.922732012616939,0.625490164175922,1
1,"A",0.0590055824430849,-0.310085964281193,1
1,"B",-0.540662560841769,0.681172024297021,0
0,"A",0.662277546644651,-1.78530670649697,1
0,"A",-0.653461277614983,-1.32805885656853,1
1,"B",-1.85816690860717,0.298373674342764,0
0,"A",-0.205801171028751,-0.675466177676189,1
0,"B",0.930185597311125,-0.269168397624979,0
0,"B",-3.31880958967606,-0.165508952730031,1
1,"A",1.77054054357794,2.89452417127791,0
0,"B",0.781262725826014,-0.749355838084565,1
1,"B",0.790990208232668,0.531877648126757,0
0,"B",-0.309715434882475,1.15460947884505,1
0,"B",-1.69358415404101,-0.574870620782718,1
0,"B",1.00208814434441,-2.74815009673277,1
1,"A",-0.303488959801957,-1.25922529728788,0
0,"A",-0.75197728893351,-2.09712880354447,1
1,"A",1.36628967810865,-0.0759617203848545,1
0,"B",-1.42671836947594,-0.557339564120683,0
1,"A",0.135537575595919,0.375549347423977,1
0,"B",0.0929806681033405,0.100089809739311,1
1,"A",-0.483511455857894,-0.770511678760819,0
0,"B",0.217877543006691,0.1732425844204,1
0,"A",-0.393720787471688,1.26881861198787,1
0,"B",-1.67832052434408,-0.0951045484065499,1
0,"A",0.183847186174148,0.269489893124604,0
0,"B",-2.15352666271239,-0.392294505276967,0
1,"B",-2.12646243578837,0.645091106575682,1
1,"B",-0.946266978655091,0.996118164796902,1
1,"B",-0.290220126131972,2.40340435770538,0
1,"A",-0.59403971340238,-0.572638885283484,0
1,"B",0.701787756714126,0.580097206982985,0
1,"A",-0.678773419452193,0.684869341607497,1
1,"B",-0.469753613992363,0.324963626711356,0
1,"B",-0.869993568726196,-0.141660417132119,1
0,"B",-1.22769873322218,1.0175300750272,0
1,"B",-0.527283723830234,0.355980365848441,0
1,"B",-0.521402142799978,1.26589791186593,1
1,"B",-1.77333557468775,-0.283752660302747,1
1,"B",-0.027743214309094,0.847053474255032,0
1,"B",-0.191665753625861,0.408230699337532,0
0,"A",-0.157873251458764,-0.379828717985834,1
1,"A",-0.706748748367539,-1.39400696166876,1
0,"B",-1.61365871499015,1.28683176855814,0
0,"A",-0.157910355843668,-0.19818052756491,1
1,"A",0.525067252003574,-1.04528922539563,1
0,"A",0.100828331180826,-0.496638885969791,0
0,"A",-0.181716355002235,0.292697031799923,1
0,"B",-0.586177945089829,1.0197547703574,1
0,"B",0.0723740867695168,-0.679432637245626,0
0,"A",-0.399293088410837,-0.396740704716709,0
0,"A",-0.659897538008023,-0.422067293932167,1
0,"B",-1.92327409634006,-1.05487703942501,1
0,"A",0.0912812263266626,-1.63723779493169,1
0,"A",2.82733803908942,0.249437017538821,1
0,"B",-0.23825563866215,0.799936039939941,1
0,"A",-0.129915409622614,1.38850262378946,0
0,"A",-0.0590242333562518,-0.4632689600778,0
0,"A",-0.550436780900763,-0.858107966297049,1
0,"A",0.447178456170208,-0.202247702721721,0
0,"B",-1.59799363049185,0.418458973651766,0
1,"B",1.13023200623792,1.14665997908995,0
1,"B",1.24748597548546,-0.916914593884026,0
0,"B",-1.64093202690725,-0.0951581362749064,1
0,"A",0.38952431729101,-0.708689662054495,0
0,"A",0.30189484476957,-1.76259407689124,0
1,"A",0.279029877880445,-0.905117525204364,1
0,"B",-0.176857879074063,-0.470051885918264,1
1,"A",3.08247857933897,0.907061691145471,0
1,"A",0.963794483854208,1.08618653462728,1
1,"B",0.527583856090785,2.04456566750689,1
0,"B",-1.4669294119986,-2.04656955204948,0
0,"B",-0.125537284663274,-0.0357123526518812,1
1,"B",0.133788774505855,-0.0289256599177561,1
0,"B",-0.0484447581870643,-0.627492777188555,0
0,"B",1.31835332379424,-0.519575566347199,1
1,"B",-2.81425359261794,1.33434321910827,0
1,"B",0.919033504415721,0.0893675544800929,1
1,"A",1.83740202295998,0.307179087359511,1
1,"B",-0.436862128588088,0.657226837961267,1
1,"B",-0.109887232276966,2.58458506889417,1
1,"B",0.445389312589135,1.55373325929978,1
1,"B",0.47261846451535,0.0957321085215713,0
1,"B",-0.573201844419502,-0.0706675599450243,1
1,"A",-0.529046583953261,-0.185279044039205,1
0,"A",0.743441964325626,-1.05762876210224,1
0,"A",0.390626611212493,-0.264411807485532,1
0,"B",-0.342665582482211,0.697901273943019,1
0,"A",-1.36978403461251,-0.594879508207148,0
0,"B",0.447982654575231,0.322579390823711,0
1,"B",-0.216488495611474,0.358356594666893,0
0,"A",-0.536890101048417,-0.124159781601856,0
1,"B",0.423197969057259,1.22211844085433,0
0,"A",-0.223877669447506,-0.847930631244484,1
0,"A",-0.278390036474262,-2.47206019414847,1
0,"B",-1.76222450931859,0.153929623504455,0
0,"B",-1.66564880693474,0.784581060836759,1
0,"B",-1.52504825189506,1.77385628278715,1
1,"B",0.151419601784424,0.419910260602584,1
0,"A",2.36458650920344,-1.238660971435,1
1,"A",0.667691382799508,-0.316072601929311,0
1,"B",0.448851866137405,-0.197193157974182,0
1,"B",0.440297584067764,0.743394493160838,1
0,"B",-1.12953044412415,-1.15219273296787,1
0,"B",-2.50135962044173,-1.17283406335799,0
0,"A",-0.1359070646802,-1.00803882779073,0
1,"A",0.489184425446717,-0.872013868885916,1
1,"A",-0.879419227843855,-0.965602304753705,1
0,"B",-1.41912142130727,-0.0988522578383165,1
0,"A",-1.0600266551129,-1.51605800270999,1
1,"B",0.873651045150244,1.03460122173896,0
0,"B",-0.917769997120531,1.16811628061453,0
1,"B",-0.452434721030193,1.12000703928237,0
1,"B",-0.0760015781555156,1.40452588977986,1
0,"A",-0.237241948791171,-1.24250223272418,1
1,"A",-1.6983443369196,1.22032832204847,0
0,"B",-1.17989282716921,-0.638173460558346,1
0,"B",0.23184615975838,0.434968354710051,1
1,"A",-0.0266277941316589,0.954406185232166,0
1,"A",0.156443878456276,-1.42346876804029,1
1,"A",1.67056319089615,0.211468497739331,0
0,"B",-2.45602194994055,1.30084562929237,1
1,"A",1.36354620140511,-1.10248704526927,1
1,"B",0.509263084342122,0.461128476855938,1
0,"B",-0.94547018889937,-0.462142884457017,0
1,"B",0.588074358628786,0.578891529525207,1
0,"A",-0.986926911798129,0.466439465926705,0
0,"B",-0.809341587363022,0.560374721733458,0
1,"A",-0.0957958401775388,0.0409551405364642,1
1,"B",1.69145721440316,0.62079336028225,0
1,"A",-0.878116166082023,-0.376319577894253,0
1,"A",0.288862870572527,-1.21369407207862,0
1,"A",0.771523002145697,-0.638283941218361,0
1,"A",0.982305621988602,-1.35417446819268,1
0,"A",0.756650815772716,-1.26251065517752,0
1,"A",0.0152468474013978,0.791485786551281,0
0,"A",2.32248765158479,-0.881180676290419,1
1,"B",-1.22464664509607,0.397276376194713,0
0,"A",1.30418891464135,-1.94705690556208,1
1,"A",0.835975550727476,1.95783715634336,0
1,"A",0.90497907233686,-0.0497996646919738,1
0,"A",0.052647367626073,-1.14843668115535,1
0,"A",1.1184105057083,-0.79368136208159,0
0,"B",-0.200628728445997,0.199747495524733,1
0,"A",1.29286097661172,-2.74499123632469,0
1,"A",-0.209237115348143,0.838076375061292,1
1,"B",-0.277280829756592,0.518862037993818,0
0,"A",0.124268337333715,0.643519949167404,1
1,"B",0.68349726283824,1.34276834833976,0
0,"B",-0.655356740075602,1.64406541839951,0
0,"B",-0.594029642031353,0.520956861886211,0
0,"B",-0.662026561219052,-0.394277510304511,1
1,"A",1.67649210118298,0.851052061552057,0
1,"B",-2.4590218909093,1.65859981531634,1
0,"A",0.206208122666142,1.06666056409066,1
1,"A",3.17225020123712,-0.834488735899793,0
1,"A",0.614522156041616,-1.75363478745916,1
0,"B",-2.10833837065933,1.52479542873807,0
0,"A",-1.61126658965714,0.0531211500707419,0
1,"B",0.0887426229361401,0.430596987239951,0
1,"A",0.0970135441255977,-1.89324371908537,1
0,"A",-0.0228456250819849,0.62310679074273,0
0,"B",-0.917265936314575,-1.50836459887427,0
1,"A",0.244501214611778,0.95178758058669,0
0,"B",-0.947185780285693,0.231644863528752,0
0,"B",-1.29167566061704,-0.818221772521265,1
1,"A",1.67298191112299,-1.53378710760406,1
0,"B",-1.58556112103544,2.42197716268613,0
1,"B",-1.31731098827213,1.3038629406947,0
1,"B",-0.330684025165356,0.485197748624256,1
0,"A",-0.226488882095821,-1.3046138497238,0
1,"A",2.31830164253025,-0.0557743815373922,1
1,"B",-0.418132898892439,1.14272359977151,0
0,"B",0.033483061892252,0.666996399279443,1
1,"B",0.191764637926065,0.225650514825641,0
1,"A",0.970010865270461,0.956315506952253,0
1,"A",-0.558327304715083,0.532611409638709,0
0,"A",0.549840314315525,-0.838850914146085,1
1,"B",1.22779198434619,2.16593609298545,0
1,"B",-0.657789570440633,-1.79476191056433,1
1,"B",1.97168648996486,1.33394734768229,1
0,"A",2.01052847543086,-1.07129859837628,1
0,"A",0.309173790674292,-0.0601354333520679,1
0,"A",0.167594675298743,-0.362349198824261,1
1,"B",0.347257554076636,0.222336964544083,1
0,"A",-0.192354688462533,-0.496305453300191,0
0,"B",-2.76719695380352,0.247387773999646,1
1,"B",0.256170686466804,-0.0998713770195703,0
0,"A",0.861825071624995,-1.40288013489111,1
1,"A",0.980169913244143,0.284403252068739,0
0,"A",-1.2904863256534,-0.0985854031661824,0
1,"A",0.676472973178899,-0.578400980601987,0
0,"B",-2.33018638751545,1.71711077001997,0
0,"A",1.62721601458494,-0.510868766446021,0
1,"B",-0.00350832891746489,1.61725701416921,1
1,"A",0.13286041549723,-1.82640272441607,0
0,"A",-0.778158946595908,-0.679204498527059,1
0,"A",-0.491797062553908,-1.42056816269503,0
1,"A",0.026149026476428,-1.52010753216733,1
1,"A",0.681349908853977,0.26679846567527,0
0,"A",-0.875371480952411,-1.06560091922261,0
1,"B",0.377565145353773,-0.522904743762575,0
0,"B",-1.34862926539494,-0.366441207331446,0
0,"A",-0.929179847724046,-1.49226909702889,0
1,"A",2.04013121728637,-0.654484209121416,0
1,"A",0.763922640401,0.330172492245399,1
1,"A",-0.180949643581641,1.01344074735405,1
1,"A",0.992815200198425,-0.182746272620947,1
1,"B",1.03574416167121,1.33151364705329,0
0,"A",-0.670064099409596,-0.802626270680766,1
0,"B",-1.01163141073334,-1.47571818770873,1
1,"A",0.668417535937877,0.956187355958636,1
0,"A",0.563630789081491,0.365793058101948,0
0,"B",-0.506777158630284,0.506141874074914,0
0,"B",-0.70233756571054,0.869415500157762,1
0,"B",-0.556089910127206,-1.6499692039517,1
0,"A",0.13029456502784,-0.0302693610125465,0
1,"B",1.43221926878959,-1.09708441985437,0
1,"A",0.400368787583174,-1.28599366735818,1
1,"B",-0.663587789466807,-0.761204107846815,0
0,"A",-0.563459372412837,0.332812134883339,1
0,"A",1.38401969120695,-0.457054872424891,0
0,"B",-1.94847338676636,0.802200982245076,1
0,"A",-0.0672561914332245,0.11370222278062,1
1,"B",0.221629034632905,0.545441813233983,0
1,"B",-0.428741146394068,-0.358768727904275,0
1,"B",-2.08906008212657,0.0383553768328732,0
1,"A",0.314859567822572,0.644834360893408,0
0,"B",-1.47185279168771,-0.338043115469563,1
0,"B",-0.0234184962759849,0.101339409850333,1
1,"A",1.41508168803791,0.950104264816943,1
1,"B",-0.626556308371189,0.281427886573583,1
1,"B",-0.579550891036552,0.649549080722818,1
0,"B",-2.61486718429495,-0.449076418139907,0
1,"A",0.0791930245085317,-0.14216366631541,0
0,"A",-1.52857137953241,-0.631246966113382,0
1,"B",-0.108400286435345,-0.578234764594579,0
0,"B",0.0104267098851804,0.768367939685739,0
1,"B",0.182796273277078,-0.316621605093613,0
1,"A",0.427405463845321,-0.397823063599397,1
0,"A",0.11761672648305,-0.772844034657954,0
0,"A",-0.746683683057953,-0.747781472689134,1
1,"A",1.04271322948318,-0.0617379868515646,1
0,"A",-0.383441565869102,0.56131280499903,0
1,"A",0.919738702634912,0.332836555140277,0
1,"A",0.921145918396794,-0.7218108967852,0
0,"B",-2.45653389987788,0.880589368197742,0
0,"A",0.190969035974105,-2.07202053937916,0
1,"A",-0.0952261433143571,-1.53791483981382,1
0,"B",-1.53529716304105,1.46925096378193,1
1,"A",-1.27403997220451,1.08459641347267,1
1,"A",1.23087756205446,-0.305241121077664,1
1,"B",0.580123471450245,-1.02295862164858,1
1,"B",-0.804953571376433,-1.10920680194304,1
1,"B",-0.653474113438845,0.988617787590437,1
1,"A",0.337890238953361,-0.272728698322166,1
1,"B",-1.44148059796116,1.56101284837437,1
0,"B",-0.321538746439055,0.265331451270502,1
0,"B",-1.34310826887783,0.653520800285948,1
0,"A",1.36936548781443,-2.77554219650794,0
0,"B",-0.221679850119671,0.431248202654673,1
0,"B",-1.2727036210981,-0.133780041808874,1
0,"B",-0.13049629716939,1.29615063656977,0
0,"B",-0.181421303840199,0.460638069277403,0
1,"A",-0.486859085762158,-0.683820924586219,1
0,"B",-0.34685566531826,-0.581486260258627,0
1,"B",0.255721568057665,0.617506907815393,1
0,"B",0.335289266970004,0.92982826529677,0
0,"B",-3.29589712285196,-0.507892981623368,0
0,"B",-2.47722508468652,0.0601205543232158,0
1,"A",1.85591213187617,0.0120122402382168,1
0,"B",-2.37100750072058,-0.234115132860021,0
1,"B",-1.49306143964223,0.280935319380587,0
0,"A",-0.864586605991983,-0.201709597404037,0
1,"A",0.193965720714698,-0.789913839132072,1
1,"B",-0.402040556465557,1.08267771162847,0
0,"A",1.86069371892745,-0.247729026407957,0
1,"A",0.954999768527715,-0.0833972456456345,1
0,"B",-1.86246461275786,0.122880060464721,0
1,"B",0.0708129286677035,1.60899031113656,1
1,"A",0.77156899341565,1.99222601364086,0
0,"A",0.00321397656057082,-1.27230084610207,1
0,"A",-0.667050242582299,-0.417964013925962,0
1,"B",0.822190309360701,0.668436019184756,0
0,"B",-0.783026022300291,0.999664185994016,0
1,"B",1.17438033578391,-0.0430091043828068,0
0,"B",-2.04369185153614,0.795802547203222,0
1,"A",0.671029220786301,-0.416745382864312,1
0,"B",-0.459094535300122,-0.587440002834348,1
1,"B",-1.01452248993986,-1.67841730198428,0
1,"B",0.508115934526389,0.778158851184504,0
0,"B",-1.29775794362027,1.45687074886911,1
0,"A",-0.603067663112173,2.24600116067182,0
1,"B",0.178975557336698,0.396020224763238,1
1,"B",-0.423659181791387,1.8524945384735,0
0,"B",0.796457642581293,-0.396562239200808,0
0,"A",0.781635423922967,1.55484017498582,1
1,"A",0.894267292508397,0.334514676898867,1
0,"A",-1.500505654143,-0.325383108465728,0
0,"B",-0.322922188279056,0.0596539734757366,1
1,"B",0.327484966780503,0.984410549079087,0
1,"A",1.27293338908614,1.05246868420514,0
0,"B",-2.29196298073468,-0.564421623099677,0
1,"A",1.6210467648655,-0.719786639839218,1
0,"B",-1.48018946121213,-1.74186296455013,0
1,"A",2.13200951028765,1.52909256775692,1
0,"B",-1.40016472101324,-0.362403958196076,1
0,"B",-0.742510651726488,0.758818336898844,0
1,"A",2.21366160019522,-1.13630742594248,0
1,"A",1.09283272661091,-0.894713149724368,1
1,"B",-2.17976376505078,0.292418513207974,0
0,"A",-0.438253929931808,0.846599509270081,1
0,"A",1.07800649446724,-0.818985962208577,0
1,"A",1.14832030972113,0.984322196723819,1
1,"B",0.154016064021373,-0.399173758948191,0
1,"B",-1.14103438648801,0.316953346426857,0
1,"A",1.74396341530295,0.424643790255819,1
1,"B",-0.0897691272674115,1.03546230737758,0
1,"A",0.939734894771807,0.371092604406337,0
0,"B",-1.81678387640833,-0.111168403966355,1
0,"B",-2.46136676163951,0.0109129859094929,0
1,"A",0.142182584201249,-0.0199795116491727,1
0,"B",-0.532585319985853,-1.07815566972664,1
0,"B",0.0505843517653242,-1.47265927873006,0
0,"A",-0.288027261190177,-1.45596855799287,0
0,"A",-0.110764472487557,-2.86012188677953,0
1,"A",-0.0117192342831486,-1.03046909863396,1
0,"B",-0.574097648674758,0.716519145578707,0
0,"B",-1.47467228877578,0.519539356588895,0
1,"B",-0.750192836260423,0.613016621196011,0
1,"B",0.611297031114727,0.474342247647643,0
1,"B",-0.125805956780418,0.196832243820388,0
0,"B",-0.152489958035802,-1.284877547761,1
0,"A",-0.105127132230485,0.901624439631057,0
1,"B",-0.235275835060088,2.42327904757887,1
0,"A",-0.526881396405986,-1.37676804312334,0
0,"A",-0.419147264584313,-1.64141041702735,0
1,"A",0.840646861383625,0.197954746104393,1
0,"A",0.163790802010149,-1.13532196507034,1
0,"B",-0.755400479085148,-0.520033586587572,1
1,"B",0.156232625025845,-1.05099982916479,0
1,"A",0.802721611845276,-1.04668172985889,1
1,"B",0.41450916972374,-0.342145498023462,1
0,"B",1.02452254897508,-0.186203849037205,0
0,"A",1.88824087704086,-0.867051833407804,1
0,"A",0.217146464627512,0.200220744520131,1
0,"A",-0.885252775957029,0.0587094808852978,1
1,"A",0.203829235148236,0.251457200664114,1
0,"B",1.02935058866754,-1.94202092065627,1
1,"A",-0.0253618241539124,0.797486230157551,0
1,"B",-0.000344127590783005,-0.614219986047144,1
1,"A",-0.412279714813119,-1.67110769338676,1
1,"A",0.864280372064433,-3.78069322183316e-05,1
1,"B",-1.70020831479108,-0.0894878253356026,0
1,"A",0.404679970047805,0.550616244827688,1
0,"B",-0.0301920972599157,0.929777935454724,0
1,"B",-1.81402321005122,-0.422589187675563,1
1,"B",-0.717225990532626,1.39153164073547,0
0,"B",0.262348063566542,-0.416781946046895,1
0,"B",-0.77522511164757,-1.68705755844991,0
0,"A",-0.139296760895013,-1.64766770743005,0
0,"A",-0.572440809898732,0.048751969040386,1
0,"A",1.1965074316474,0.433081762338499,1
1,"A",0.283497764646131,0.966912348148167,1
0,"B",-1.53264849073755,0.904485718197211,0
1,"B",0.0933471135381442,0.239606409929254,0
0,"B",0.330091578355175,-0.131392049009571,1
1,"A",1.18166373403612,0.137350653903772,1
1,"A",0.535917289315963,-1.11765819040574,1
0,"B",-0.872178381273547,0.80297576883727,0
0,"A",-0.386424203593756,0.363895462097156,1
0,"A",-0.79991407347697,-1.8284246149154,1
0,"A",-0.461618763792653,-0.165150098368252,1
1,"A",0.163098710818321,-1.17606179353815,0
0,"B",-0.985200478639324,-1.33689992799294,0
0,"B",0.72417166849907,-1.19492699280314,0
0,"B",-0.845411254118846,2.22511240297674,0
0,"B",-1.12307401212691,0.150784692321293,0
1,"A",1.45197600831038,0.682293955667559,1
1,"B",1.40298319389794,0.250335559351953,0
0,"B",1.07609974002987,-0.40623511794574,0
1,"B",-0.322009235466611,0.307970546972255,0
1,"B",-0.100161468893033,0.248748329269985,1
1,"A",0.529464151543789,0.620700467870905,1
1,"A",-1.20836092658609,-0.921827901770502,0
0,"A",-1.09958684783697,-0.164455560068433,0
1,"B",0.674923946587008,2.25100731006601,1
0,"B",0.295490576038028,-1.29306476442985,0
0,"A",1.34147085275194,0.685188048855937,1
1,"B",-1.09094935454378,0.531810736739276,0
0,"B",-1.236189073927,0.0201828539214313,1
0,"A",-2.42624461960021,-0.958341145869182,1
1,"A",1.1765309814074,-0.256337289061944,1
0,"B",-0.80684442130887,-0.840461806425944,0
1,"A",0.631664035856768,-0.302173863765217,1
1,"A",0.922207726663389,0.0146597402167415,1
0,"A",-0.762154318229205,0.0828895730051077,1
0,"A",0.814718832349981,0.0754585552157628,1
1,"A",0.806037273139614,1.05598700497427,1
0,"B",-1.71837933639947,0.326550015389022,0
0,"A",0.803012875602942,0.15669057192331,0
0,"A",-0.154689796979011,-1.39574524680336,1
1,"A",-0.890340157503821,0.0740938606445783,1
1,"B",0.457014527218147,1.07035143179039,0
1,"B",-1.25215753521337,0.937993070781589,1
1,"A",0.0235953588930704,0.935027478534386,0
0,"B",-0.915890776546381,-1.29107091524579,1
0,"B",-0.191153213615001,-1.10286643970235,1
0,"A",0.342577900851168,-0.132582514575175,0
1,"A",0.886160933735715,0.0550263631025872,1
0,"A",-1.01082604626886,-1.37033199952649,0
0,"B",0.959547977263608,-0.244424587849121,0
0,"A",-0.312246194335408,-1.673640038623,1
0,"B",0.316896867860059,0.611157645974398,0
0,"B",-2.55194637620714,0.134774596197799,1
0,"A",1.392279416502,0.199988955684633,1
0,"B",-1.86784192936245,-0.121645944099742,0
0,"A",0.360324640484069,0.324378822360213,1
0,"B",-1.8584222045568,-0.106977760068069,0
0,"A",0.482255132258154,-0.704850087476956,1
0,"A",-1.60263544281424,-0.961019541977232,0
0,"B",0.335355249676219,0.438748105874548,0
0,"A",0.435421569428173,-1.50907309594064,1
0,"B",-1.13007696942992,1.71406032077381,0
1,"A",-0.123442438486942,0.712926910081646,0
0,"B",-1.21181540260613,-0.257488359318084,0
1,"A",1.19790652211404,0.200174269511093,0
1,"A",1.47934880881439,0.218494079424857,1
1,"B",0.0347682403817997,0.45500169925171,0
1,"A",1.16319570351608,-0.0410773330904281,1
1,"A",1.09734513375705,-2.40417107933188,1
1,"B",1.46745762724819,-0.622199202980498,0
1,"A",1.56655455289332,-0.234641858188532,0
1,"A",1.22040187406306,-0.874944999550964,0
0,"B",-0.513920644941594,-0.995697458926441,1
1,"A",0.629292364934741,-1.1957442690991,1
0,"B",-0.309315825712617,-1.97179133572155,1
0,"A",0.911486938950476,-1.15733619531682,0
0,"B",-0.520678199400389,-2.41670255309156,1
1,"A",1.09756878875244,-1.26806827883921,1
1,"B",0.816919673504065,-1.94113497615639,1
1,"B",-1.88546990221385,2.09903658680193,0
1,"A",-1.09968662750633,0.836612868589408,0
1,"B",-0.811471493380229,0.00414356836136237,1
1,"B",-0.138483871164665,-1.52908996276671,1
0,"A",2.32058832193332,-1.00242687627801,0
0,"B",-0.251971535350106,1.27623185321288,0
1,"A",0.179017856219429,-0.683937526040425,1
0,"B",1.1486456535366,-0.350295337506446,1
1,"B",-0.904525590459454,0.2873958592083,0
0,"A",0.092585541700176,-0.896862129791896,0
1,"B",-0.647864035439457,0.217322004714157,1
1,"A",1.4846958188604,-0.92162106366369,0
0,"B",-2.38940671474892,0.142073824405177,0
1,"A",-1.1056920234552,-0.349656161232877,0
1,"B",0.115406147468418,0.18727759998628,0
1,"A",1.11588184253199,-0.102762084813725,1
0,"A",0.0220639881553624,-1.80194782237714,0
1,"B",-0.211635973466236,0.496033855281543,0
1,"B",-1.31737291171637,0.191490597498902,0
1,"B",0.639580456568237,-0.59481742320028,0
0,"B",-1.9182772333631,-0.667115955413531,0
1,"B",0.125045513744101,-0.428481799847203,1
1,"A",1.08084731059953,-0.0667975999551235,1
1,"A",0.585369153940414,0.339671805313582,0
1,"A",0.414214952987309,-0.631166927853364,0
1,"A",-0.42934086949644,0.247708477120323,1
0,"A",0.261628408613622,-0.621638898613947,0
1,"A",2.25173227361866,-0.744843312247944,0
1,"B",0.990899158755049,0.105507445058562,0
0,"A",-2.45861714564091,-0.00481702292783148,1
0,"B",0.339965368933406,0.828098373213745,1
1,"A",0.361114592934488,0.840725237722268,0
1,"A",1.19155740513216,-1.32739775350803,0
0,"B",0.348235603167546,-0.821103417053164,0
1,"B",-1.10518083644875,1.02237267268631,1
0,"A",-0.821058149880743,-0.618623264704495,0
1,"A",0.559073210184377,0.0625298776109201,0
0,"B",-0.504016984868364,0.521649825031202,0
1,"A",-0.149205475373131,1.07657055282048,1
0,"B",-2.60162699361289,-1.81967933226813,0
0,"A",0.513492928483708,0.987789808878406,1
0,"A",-0.624060638746912,-1.92823502127534,0
1,"B",0.728081727107647,0.609385018413898,0
1,"B",0.613717564385752,0.0937857220367674,1
1,"B",0.37588862405176,1.55660006207138,0
1,"A",-0.0126846403683524,2.40962110860409,0
0,"A",-1.46501133874351,-0.560308309068673,1
0,"B",-0.452771357545042,-1.59337157476177,0
0,"A",0.0657841609894897,-0.978639861273216,0
0,"B",0.687934177512348,-0.121065501555184,1
1,"A",0.143958099099704,0.725546219998768,1
1,"B",1.02871330164417,2.45369245304869,0
1,"A",-0.748504778529329,0.319930439469156,1
1,"B",-0.307497745764504,-1.79936831064528,0
1,"B",1.02883296429157,1.03558981172453,1
1,"B",0.437180641625287,-0.137044295032258,1
0,"A",-0.118051503308764,-0.0943314089310306,1
1,"A",0.725970727757358,-0.0933054634213309,0
0,"A",-0.56605052132005,-0.441474966768312,1
1,"A",-1.71741868560065,-0.551242255903453,1
0,"B",-0.196798776467057,-1.77185569517347,0
0,"B",-1.59099093747375,1.62148039375269,0
1,"B",-0.170065052894545,-0.495504739014581,0
1,"B",0.258182941207141,-1.24299287224246,0
0,"A",0.347585051930129,-0.807348038005064,1
1,"A",-0.400307119422832,-0.411634493453281,1
1,"A",1.05928512801346,1.20848562450321,0
1,"A",1.19779332357815,-0.0552820570184867,0
1,"B",-0.360039285629146,0.709924627831795,0
0,"A",-0.384483931439243,-1.09055892915851,0
0,"B",-1.74154052630411,-0.531290140870344,0
0,"B",-0.342635642700325,-0.613895149749504,0
1,"B",1.77300387576782,0.685746050776832,0
1,"A",0.863174350389298,1.19582263399982,1
0,"A",-0.467572578893196,-0.151203114221347,0
1,"B",-0.264241940855941,0.436405487082181,1
0,"B",0.251973168114864,-0.454366378936439,1
1,"A",0.849076482407049,0.745005958242151,0
0,"B",-0.597212272434054,1.53617204167281,0
0,"B",-1.25447766122167,0.989926989820758,1
0,"A",-0.95606616727042,0.809565466245787,1
0,"B",-1.88043813371066,0.972161645675834,0
1,"B",0.421215664518999,-0.916241149591938,0
0,"B",-1.33404671252603,1.51998373269548,0
0,"B",-0.979051001432371,-1.64164683693908,1
1,"A",2.04603750861012,-0.304384225025509,0
0,"B",0.551762625903141,-0.0310114258096194,0
1,"B",-1.21131570786889,-1.64373688058859,1
0,"A",1.40100251218151,-1.29481675649455,1
0,"A",-0.0336386235600843,-1.7458685636073,1
0,"A",0.70669951338462,-0.945402506684371,0
0,"A",0.642639918648754,-1.31204974286076,1
1,"B",-1.19448573607674,1.79911152282432,0
1,"A",0.601568197472738,-1.08673742432657,0
1,"A",-0.882744686172663,-0.569817706573979,1
0,"A",0.628046199493681,-0.229399766509274,0
1,"B",0.0277518315659984,-0.677856224069042,0
1,"A",-0.364470523451072,0.617809495846271,1
1,"A",1.33487096618407,-0.0261195872233749,1
0,"B",-1.42870510814913,-0.537969578798865,0
0,"B",-1.91622002312775,-0.510811273911512,0
0,"B",-1.60621959436263,1.26044731164713,0
1,"B",0.0415543299217583,1.11455495079876,0
1,"B",-0.116860707959758,-0.845301839669286,0
1,"A",1.81678862037051,0.80503658578016,1
1,"A",3.82073949234355,-0.508842897237623,1
0,"B",0.043246686900694,0.530794206403842,0
0,"B",-1.05625130606918,-1.55324801270839,0
0,"A",0.934971758918323,-1.2680851870129,0
1,"B",0.305488862460666,1.40074402338029,0
0,"B",-1.56851712640299,0.660247950120969,0
0,"A",0.530700555214157,-0.387835991217264,0
0,"B",0.55449746285682,0.833532113524021,0
1,"B",-2.55865280492898,1.15706607369968,0
1,"B",0.0137604859801007,1.19470716031277,0
0,"B",-0.067508558683286,2.03150601226442,1
0,"B",-0.678186913929927,0.170740600229718,0
1,"A",0.000906285635513426,-0.394834862573034,1
1,"B",0.677113774814275,2.41208679497292,1
0,"B",-0.552324635086526,1.89449458365936,1
1,"A",-0.0613346992693535,0.961933947916849,1
0,"B",0.833879558671212,-0.666455939813816,1
1,"A",2.03277606100652,-1.37315068681212,1
1,"A",2.46742539039721,-0.0173989990284805,1
1,"A",0.955233716666613,-1.28718858532247,0
1,"B",-0.316103178110111,-0.203420812495319,0
1,"A",-0.499630350242212,-0.590660478823251,0
1,"B",-1.42287225839846,0.125341967247613,1
0,"A",-1.51115250253533,-0.188715687282739,0
1,"B",-0.589536042951417,1.00116962391691,1
1,"B",0.482247354691222,0.691140105271534,1
0,"B",0.269770576996191,0.189068784671105,0
0,"A",-0.390651880616758,-0.403653660489411,1
0,"B",-1.30817288537351,0.553265348072842,1
1,"A",1.57508379376304,0.851860444242068,1
1,"A",1.70243677293976,0.816271848940476,1
0,"B",1.75818251504734,0.394426969050254,0
1,"A",0.356841521477409,1.81716811489344,1
0,"A",-0.13572104734379,-0.787412404450311,1
1,"A",-1.20859268038486,-0.36291914094071,1
0,"A",0.915296153940552,0.608129353546009,0
0,"A",-0.929250496593614,0.555054545992692,1
1,"B",-0.729651315695365,1.63905257053679,0
1,"A",0.201886595490676,0.55820079293321,1
1,"A",2.3067835117405,-1.34136873961885,0
1,"B",0.208402899036391,0.0449525362924782,1
0,"A",-1.08626361613351,-1.01850750746624,1
1,"A",0.106001629030553,0.203057849816505,1
1,"B",-0.0664939330248152,2.43557872393687,1
0,"B",-1.27313313518296,0.109371750716564,0
0,"B",-1.07003713779668,-0.585101709119051,0
0,"B",-2.35215184410095,0.951930186985617,0
0,"A",1.47362623290352,-1.37364772303463,1
0,"B",-0.130929819854207,1.67614951619833,0
0,"A",-0.729786245398151,0.858282873433479,0
1,"B",0.314375339268722,1.16836205515186,0
0,"B",-1.40351541618959,-1.15338670957739,0
0,"B",-0.974879867344758,1.23056312921874,1
1,"B",1.43219504200083,1.85233283548466,0
0,"B",-1.5838795007482,0.44474487502532,0
1,"A",1.76978578714147,0.561306498727354,0
0,"B",0.802690134799998,-0.246970010540581,0
1,"B",0.305169421585645,-0.998819976209655,0
1,"B",0.355199045480083,-1.62733208610933,0
0,"B",-0.733561444697556,0.000493691963169535,0
1,"A",0.338387495663112,-1.9216170424804,1
0,"B",-0.83737832271427,0.258676646405375,0
0,"A",-0.245246410981925,-1.12857321246269,0
0,"B",-1.54343787877221,-0.394504864309019,1
0,"B",-1.5655139997801,-0.909820797372805,1
0,"B",-1.41445123582542,0.305564857209106,0
1,"A",0.769173242852963,-0.0892400666737077,0
0,"A",1.51396910477201,-0.855912205276945,1
0,"B",0.935446068532944,1.45282965661065,0
0,"A",0.450076944628235,-1.57304216619789,0
1,"B",-0.980646905953972,0.801359249173287,1
1,"A",-0.418880371659838,0.498315353909166,0
1,"A",0.638537412539527,-0.245518800412865,0
1,"B",0.557943775229832,0.0888916780410691,0
0,"B",0.44079362817731,-0.196766430217619,1
0,"B",-0.237649724561373,0.165084436933329,0
1,"A",1.57942907510449,-1.49467786005667,0
0,"A",-0.107573593824612,-0.578920408415899,0
1,"B",-2.1621359807289,1.83208417668039,1
1,"A",-0.738594453415714,1.3378345642675,1
0,"A",-0.838356739727686,-0.458379223119596,1
0,"B",-1.26108293311943,0.381232846182831,1
0,"B",-0.851348311875802,-1.57280657629584,1
1,"A",1.41107137152348,0.111485259382685,1
1,"A",0.11098294827143,0.22578092796769,0
0,"A",0.470216044882632,-2.40608819530127,0
1,"B",-1.3447580532216,1.00302537421673,0
0,"B",0.0292317184643585,-1.03373016583968,0
0,"B",0.0230784291216715,-0.4071745934545,0
0,"B",-0.214406814078419,0.358712843804695,0
0,"A",-0.974137858336794,-0.83631465556501,1
0,"A",-0.536820082674129,-0.705439299641341,0
0,"B",-0.342727410249239,0.238584627703985,1
0,"A",0.093477256301238,-0.243157742034469,0
1,"A",0.832562997720042,-2.3900371085829,1
0,"B",-0.489997780017462,-0.57800247550532,0
0,"B",0.758078673771538,0.348190591028002,0
1,"A",0.652096351875744,-2.42922404737642,1
0,"A",0.877183792020575,-2.6306304185593,0
1,"B",-0.791556599667105,0.749324295469878,1
1,"B",0.0684874384780504,0.101128143986456,0
0,"B",-0.91397784269782,0.275672445017374,0
0,"B",-0.63275715500397,0.750566413551814,0
1,"A",-0.232949691517195,1.24415871521188,1
1,"A",0.27380743119415,1.22355629644779,0
0,"B",-2.58370329270373,1.60031147585843,1
1,"A",2.17786001798717,1.11597195468143,0
0,"B",0.434728398034695,1.66960096809675,1
0,"A",0.485614653484184,-1.3306548133529,1
0,"A",0.196951741225199,-1.23402192506504,1
0,"A",1.35895178601075,-1.19997222858807,0
1,"A",-0.407976155185631,-0.714939503215303,1
1,"B",-0.591622481722079,-0.856567509224197,0
0,"A",-0.783583496640512,-2.30017364440418,1
0,"B",-1.40735874521927,-0.63717510085737,0
0,"A",-1.07391774598769,-0.578929863582061,0
1,"B",-2.89874739865626,0.336490837668153,1
1,"B",-1.48927697851696,0.503827436583067,1
1,"B",0.417713750866847,0.14144628718191,0
1,"A",1.4097133304752,-3.1714473114863,1
0,"A",0.0558153373254608,-0.174614894788626,1
1,"B",-2.31216288966537,-1.03328205398452,1
1,"A",0.586672592135106,0.71814526485327,1
0,"A",0.493362485795434,-1.57803424607813,1
1,"A",0.848745755454437,0.845033561842181,1
0,"B",0.173547557312043,0.0297705900237804,0
1,"A",1.95530076210664,-0.310910493643504,1
1,"B",-0.133796111590964,-0.54292470145445,1
1,"A",0.575980441482553,0.189063063594518,1
0,"B",-1.25248541075328,0.81868627761937,0
0,"A",0.911460757132979,0.91137699850885,0
0,"B",0.0674127200245254,2.05226489501969,1
0,"A",-1.46015969718673,-0.619205937819952,0
0,"A",0.17879203770271,-1.38238188697436,1
1,"A",-0.805256017748026,0.2073595376239,1
0,"B",-1.73556391702286,0.0919558940589272,0
0,"B",-1.20212396402879,1.00674512697607,0
0,"A",0.173152296587093,-1.6539850823017,1
1,"A",0.55123874125188,-0.181133911029355,1
0,"A",1.50070087067797,0.0462597587039858,1
1,"B",0.964360819581045,1.70341923387627,1
1,"A",-0.993404865576785,0.656559009157394,1
0,"B",-1.79255856321991,-0.250135019493086,1
1,"A",1.18169184072889,-0.0945232604136758,0
1,"A",0.413966725691855,-0.521609564650482,1
1,"A",0.291751646584834,-0.508417069554692,1
1,"B",-0.809831059053242,0.315935044095889,0
0,"B",-0.098419582292409,0.335217640965311,0
1,"B",0.18897554219608,1.35101991188506,1
0,"B",-3.06711314148026,0.0730655920496699,0
0,"A",0.0751399174802867,0.453235457152196,0
1,"A",0.446721923823708,0.711032744029246,0
0,"A",0.735402901398088,0.561608211146986,0
0,"B",-1.19970558716486,-0.293833132519565,0
1,"A",2.68657356387787,-2.23780831276067,1
0,"A",-0.247002794645266,-1.13982914247843,1
1,"B",-0.128932607983585,1.01048311470341,0
1,"A",1.94012383655544,-0.145603253014549,1
1,"B",-1.08667064437268,-0.673052389497765,0
1,"A",1.77366776001858,-2.43198619182491,1
1,"B",0.863271981792799,1.67956602605038,1
0,"A",-1.1788308695715,0.453436509165371,0
1,"B",0.332839742877094,1.52462108670438,1
0,"A",-0.285625359848885,0.91274357507818,1
0,"B",0.0043067943877968,1.49964994430285,1
1,"A",-2.0473152754033,0.172130260966893,1
1,"A",1.00531162883036,-0.709892932237472,0
0,"B",-0.0858965291533842,0.422899287973488,0
0,"B",1.54608461509717,1.16913854302187,0
1,"A",0.727735666251442,0.191850205682985,1
1,"A",-0.211967836455515,-0.87173202421912,0
1,"B",1.83528691813782,1.46932965754881,0
0,"B",-1.60405179405706,-0.29284893166438,1
1,"B",1.93275352716376,0.545138758485506,1
0,"A",-1.1681342577322,0.181874957022773,1
1,"B",0.0451134835384627,-0.434911502329278,1
0,"B",-0.226012465106422,0.885978884396487,1
0,"B",-2.26465402447675,-1.37677413539323,0
1,"B",-0.324055772138494,0.858894029190691,0
0,"B",-0.671439757670578,2.03363866521864,0
1,"A",0.659062635718016,0.709781736336561,1
1,"B",-0.900762263568367,1.34573799444983,1
0,"B",-1.38760275065198,-2.25715931134226,1
0,"B",-0.52660931289925,0.240800056833854,0
1,"B",0.0849579974199141,-0.580778071243398,0
1,"B",0.871902227656989,-0.716979505318056,1
1,"B",1.05840218966125,-0.644524894997119,0
1,"B",-0.273673508640782,1.03338619423694,1
0,"A",0.876230782324197,-0.809137265180247,0
1,"B",-0.684400808561086,1.26700093872033,1
0,"A",-1.06261636505623,-2.28985266627652,0
1,"B",-0.279474325074359,0.42723066202717,1
1,"A",2.52948120264162,0.555818697453956,0
1,"B",0.386594089080789,-0.566739836549502,0
1,"A",-0.0744088885803644,-0.711505268164266,0
1,"B",-1.26031833535351,1.23640209456284,0
0,"A",-0.145714298196489,-0.796100165123683,1
0,"B",-0.567807173868888,0.567207531182484,0
0,"A",-0.312191931443952,-1.15151141803177,1
0,"A",-0.0509953153742466,0.658541720208036,0
0,"A",0.170816241348913,-0.537608630544491,1
1,"B",0.78714257216708,0.804190248914663,0
0,"A",0.832038146328813,-1.84709445597199,0
0,"B",-1.94991286601359,1.42251588384056,0
0,"A",-1.9703648736123,-0.623957682362897,1
0,"A",-0.745229182841092,-0.502583062163121,1
1,"A",1.48107709780791,-1.38568672650908,0
0,"B",1.98633611563367,-0.357521459426547,1
0,"A",-0.0804059063224866,0.155899208778776,0
1,"A",1.61740955728758,0.210045248202307,1
0,"A",-0.930631045601683,-0.64711255472249,0
1,"A",0.720676925121414,-0.707966537436021,1
0,"B",-1.13524651539161,-0.266552641918946,0
1,"B",0.726326431877324,1.04792432716094,0
1,"B",-0.0935986691991458,-1.71737056578046,0
1,"B",1.86781305989075,-1.20072738368745,1
0,"A",-0.245069711697721,-1.96470945746946,1
1,"A",-0.404838697852413,1.57313805667898,0
1,"B",0.206857359085609,2.52861384023388,0
1,"B",-0.533692658094867,-0.149917025789042,1
1,"A",1.63641413857939,-1.8514987538506,1
1,"B",-0.611887556363736,0.333397002138426,0
0,"A",-1.48188643896019,-1.25865382737695,1
0,"B",-1.18077317456134,-0.460494032302853,0
0,"B",-1.38042268282865,0.278418905701997,0
1,"A",1.35582494956833,-1.63425132402645,1
0,"B",-0.378860406345101,-0.797978641518924,1
0,"A",-0.0267535635160933,-0.575046531492537,1
0,"A",0.173173767714136,-0.336818631947319,1
0,"B",-0.437133387468669,-0.494518693202281,0
1,"A",1.86093848031042,0.939353511200506,1
1,"A",-0.0731305141477904,-1.53268890979261,1
1,"B",-0.344275425820091,0.169860758508506,1
0,"A",-1.16506638668557,-0.95271789235425,0
0,"A",0.651298903223581,0.823285968830903,0
1,"A",1.31977776081082,0.766436406658288,0
1,"A",0.930907893048009,0.643101843491421,1
0,"B",-1.51017185709806,-0.189420271747139,0
0,"A",1.12876640856525,-1.16921953102314,0
0,"A",1.20415027481467,-3.09097009234808,0
1,"B",0.837924674188385,1.48402283239071,0
0,"A",-0.215372530451235,-1.74198304062211,1
0,"B",1.63424579652644,-0.652833207330866,0
0,"A",-0.378119245154605,-0.523488294769705,1
0,"B",-0.0676406897627113,0.101252831318906,0
1,"B",-0.0651486117285059,1.72023594904508,0
1,"A",1.23624166666073,-0.264328676380044,1
1,"B",0.452056688624448,1.63766567221973,0
1,"A",2.09700796729536,-0.256389405035081,0
1,"B",0.436173716117555,0.303418395116232,0
1,"A",0.214425089583502,-0.534127617956878,1
0,"A",-0.484838840574178,-0.819442619638541,1
1,"A",-0.478329525562367,-0.0385833028478406,1
1,"B",0.609561794435512,0.128892594776309,1
1,"A",-0.0749003002185222,0.167130255844466,0
0,"B",-0.704972713201668,-0.261161366262532,0
0,"B",-1.2229832459957,-1.05466536342341,0
1,"A",-0.230373338566478,-0.158940768482979,0
0,"A",0.264454103085073,-0.891887168814514,0
1,"B",1.28362413873142,0.548022681291029,0
0,"B",-1.03151357387884,-0.0564734771247153,1
1,"A",0.111837300374833,1.90766603286808,1
1,"A",1.71381976171912,0.454128159760318,0
0,"B",-2.44155434625756,-0.0835275432841212,1
1,"A",1.36422910419162,-0.205147333841296,0
1,"A",0.0868235507766334,-0.00166268438116918,0
1,"B",-2.36075106990098,0.837646247365184,1
0,"A",1.13587178143996,-1.43624421281776,1
0,"A",0.128084566406022,-1.37517850507303,1
0,"B",-0.451363526889536,-0.213923285401424,1
0,"A",1.35835814821616,-0.349353116497882,1
1,"A",1.20530283451218,-0.106026149319135,1
0,"B",-0.664505888825394,0.456064957194924,1
0,"B",-0.640167846447306,-0.0916472874978826,0
1,"B",-0.167908556208046,2.50120507700556,0
0,"A",-0.429467825580425,-1.02714910362479,0
1,"B",-0.278971896463853,0.939766579294417,1
0,"A",1.7597413676373,0.172603941644241,1
0,"A",-1.9496446657139,-1.50581901021687,0
0,"A",0.780970557494703,0.108983553476369,1
0,"A",-0.618722454005354,-1.06289511218564,0
0,"A",-1.00792255177602,1.13355017148977,0
1,"B",0.672917904796758,0.297252595717148,0
0,"A",-0.528041869904619,0.08688104763099,0
0,"B",-1.67892567558196,-0.0100715473518251,1
1,"B",-0.185563357790625,0.132631602490105,1
1,"B",0.743396447760443,-0.479410713079956,1
1,"B",-0.462962426594252,2.01029045217044,0
0,"B",-0.0419967436357239,0.296199904992829,1
0,"A",-0.644019622349504,-1.48872157364397,0
1,"B",0.0165418476349983,0.481697573038281,1
0,"B",1.67385791208793,0.297491318899514,0
0,"A",-1.11107901300007,-0.274304952768615,0
0,"A",0.282824677807517,-0.755891406993286,0
0,"A",0.066088532530842,0.426575018928679,0
1,"A",-0.012987454629539,-1.57429280182163,0
0,"A",0.31221066710907,-2.66770535113526,0
1,"B",1.62649673426074,-0.867459748678131,0
0,"A",0.842834903262129,-0.836877777886094,1
1,"B",0.062450787845888,0.348688391405002,1
1,"A",3.43577642334458,-0.741025188011442,0
0,"A",-1.38023265957335,-1.85600476593022,1
1,"A",-0.0171799729276567,2.14091243659368,0
1,"A",1.51340787272481,0.989727132038674,1
0,"B",-1.09513767366338,-0.0921976167001746,0
1,"A",-1.3968676394887,0.108508970469059,0
0,"A",0.282199402051559,-0.478233333299784,0
0,"A",1.54260926368016,-2.13583762178977,1
0,"A",-0.48975191543517,-0.885492838505754,0
0,"A",-0.230517924034552,-1.90759149834364,0
1,"B",0.618275718729671,1.27495887528973,1
1,"B",-0.673846604275513,-0.466592490104958,1
0,"B",-0.287504271360859,-0.473297538231785,0
1,"B",2.03455715361632,-0.997155169619228,1
1,"A",-0.050466785478976,-0.599346000092627,1
0,"A",1.87170243969515,0.560199451773481,1
0,"B",0.175426108662731,-1.6595090926101,1
0,"A",0.86148370823325,-1.39357057530917,1
1,"A",-0.269219261665418,-0.601915270864866,1
0,"B",-0.751010442167238,-1.27716792297918,1
0,"A",0.602070902486756,-0.984467969867565,1
1,"A",1.70725361659018,0.187268722268618,1
0,"A",1.24192135313254,-0.205658953851158,0
0,"B",-1.35421801006994,-1.18368245692146,1
1,"B",-1.45220246526485,1.42341894960661,0
0,"A",0.582769658543214,-1.15682795860495,0
0,"A",-0.0125273083261542,-0.190277460214802,1
0,"B",-0.54051511068484,-0.339906853313384,0
1,"B",-2.83952099920218,2.42225293080017,1
1,"A",-1.21629952566897,-0.866297641885107,1
1,"A",0.190807133771238,-1.19526259952624,1
1,"B",0.16837519680058,0.538575723916304,1
0,"A",0.511856889916597,0.610642419487771,1
1,"A",0.764937101827448,0.51991195224374,0
0,"A",1.63546924300365,0.770372430658875,1
0,"A",-0.868711717488382,-1.0133855652882,1
0,"B",-0.617576277630889,-0.828729216239282,0
0,"B",-0.563056042384995,-0.178220770912484,0
0,"A",0.0730475045621441,0.0754172293982192,0
0,"B",1.17737044971911,-1.31355488297625,0
1,"B",-0.962834836617154,1.18369722802143,0
1,"B",0.0745125466758403,-0.38304930970203,1
0,"A",-0.206850448955825,-0.113027311144992,1
0,"B",-0.501555824958758,-0.900619489325397,1
1,"B",0.397424532040481,0.944888120062601,1
0,"B",-1.2617858620775,0.309712249046165,0
1,"B",-0.974140085291584,1.94904804176785,1
1,"A",0.523659866689757,-0.224773691141593,1
1,"A",0.256597506954771,0.166474642155909,1
1,"A",2.56353596413247,-1.37173649026455,0
0,"B",-0.355474152396706,0.621444541321398,1
0,"A",0.920798505396554,-0.789270447200159,0
1,"B",-1.0642117894844,0.222343711109261,1
0,"A",0.484553103705803,-2.09069093045757,0
1,"B",0.694021311576643,1.75565259569849,1
0,"B",-0.0753653152733297,0.15573675042754,0
1,"A",-0.0801755984272275,0.0994577194259404,0
1,"B",-0.922134285990803,1.60897215290284,1
0,"A",1.11355888898564,0.120678665323201,1
1,"B",-0.60734586736232,-0.199619939741755,1
1,"B",0.431962525579746,2.34801310774554,1
0,"A",0.431724776678876,0.0285506591787408,1
1,"A",1.14614867239204,-1.19291442786293,1
1,"B",1.27911546470415,1.29537222872979,0
0,"A",-0.945262481201067,-0.682126023421097,1
0,"B",0.141129342412657,0.190395645989084,0
1,"A",-1.67180422927918,-0.491034826889347,0
1,"B",-0.060567179327993,1.09921543996443,1
1,"B",-0.488090501250703,-0.0824901670510383,1
0,"B",-0.81178838702602,-0.119113022132152,1
1,"B",0.112817535857665,0.0523497897201395,1
1,"B",1.83489426634834,2.98986268957722,0
1,"B",-0.967540329497787,1.30984912126027,1
1,"A",-1.13728686486767,-1.08600944195553,0
0,"A",0.529388975726078,-0.864825346456831,1
1,"B",-0.22662114079302,1.01459149418548,0
0,"A",-0.539026901115127,-1.41345906500907,0
0,"B",-0.213718470828562,-0.186044896862891,1
0,"A",0.463895439517848,-1.3604287413481,0
0,"B",0.0695093314018419,1.80630290911029,1
0,"A",-0.525048721784606,-1.31587813905539,1
1,"A",1.47257983114002,1.03372439885293,0
1,"B",-0.0168120092529456,-0.2071259373572,1
1,"B",0.396759135045782,1.2665995738714,1
0,"A",-0.728647370870335,1.71136257670359,1
1,"A",1.5409262308798,-0.483993728599862,0
0,"A",-1.00428686540319,-1.98484438643383,0
1,"B",-0.111602722790913,0.325855459900829,1
1,"A",0.130969365851997,-0.708713272016429,1
0,"B",0.587053150450759,0.40260555618793,0
1,"B",0.929226744292754,0.316955677018727,1
0,"B",0.299497590243029,-1.23967707702683,1
0,"A",0.414606954275327,0.115656806835234,1
0,"A",0.442786153661497,-0.925165603406175,0
1,"B",0.260179050067653,1.6801825480518,0
0,"A",-0.494619583009825,0.190635079811295,0
1,"B",1.43013820254962,-0.338556027689016,0
0,"B",-1.04540777207818,0.617135697351164,1
0,"A",-1.77454192742786,1.31917324598819,1
1,"A",1.69188777765039,0.910403810643615,1
1,"A",1.89628421919887,0.605920204262178,1
0,"A",0.26818079071486,-0.299985136565417,0
0,"A",0.474629019654401,0.31676282898942,0
1,"A",0.394994926264468,0.234211151039728,0
1,"B",-0.084703553158109,0.329200146221435,1
1,"B",-0.140239480364788,1.20891615742078,1
1,"A",-0.00406606333199749,1.20650077787994,0
0,"B",-0.12540713849469,-1.20644726918376,1
1,"B",-0.951432344624304,-0.590598665584328,0
1,"A",0.371842255945558,0.523000605012787,1
0,"B",-1.49481910788543,-0.825773395291249,1
0,"A",0.878206766303887,-0.34541035116457,0
0,"A",2.28758907522863,-0.859381096502888,1
1,"A",1.17527374663341,-0.244051150573899,0
0,"B",-0.606471017045108,2.00459577635515,1
1,"A",1.0856034978492,-0.881172520994321,1
1,"A",0.524499246014786,0.286466972869692,1
1,"B",-1.26199054779306,0.566817866915092,0
0,"A",-0.75803821782433,-0.209809095516608,1
0,"A",-1.21014228836157,0.230836229460777,1
0,"A",0.548578975649988,-0.870316925667756,1
0,"A",-0.837288129983992,-2.4350258080344,1
0,"A",0.148933348723288,0.189562370638187,1
0,"A",0.584880027323155,0.348927440030837,0
0,"B",-0.296067309662766,-0.227748928984965,1
1,"A",-1.37586222542931,-0.108856029702756,1
0,"A",-0.502984691761964,-0.626933381071037,1
0,"A",1.06133716608577,0.422777806090584,0
1,"A",-0.125029850675319,-0.015914867306187,0
1,"B",0.112353370593734,1.37072489075261,0
0,"B",1.11505144455907,-0.82369028383318,0
1,"A",0.250276651785433,-0.164500764832011,1
0,"A",1.28954627615436,0.2536721992669,0
0,"B",0.178149646979012,-1.00034666668352,1
0,"A",-0.447342985737646,-1.55292900284042,0
1,"A",0.447233917830694,0.234425817119,0
0,"B",-1.07207301408711,0.0745022494712759,1
0,"A",-0.876400236389723,-2.22225501961095,1
1,"B",-0.950234607442368,-0.344332092513285,0
0,"B",-0.658801399311432,1.84796755190825,1
1,"A",-0.300499260921352,-1.08422792831708,1
1,"A",-0.232660796435808,-0.354558480362564,1
0,"A",-0.0117041739045779,-0.721548469592804,0
0,"A",0.352087946019055,-1.3484308758193,1
1,"A",-1.45826348977774,0.439289135428357,0
1,"B",-0.345544942924708,0.17506715870289,1
1,"A",1.2856788958197,-1.26249130459842,1
0,"B",1.05435695363395,0.931696259555862,0
1,"A",0.372713876084886,-0.585371073911177,0
1,"A",-0.100758533523146,-2.09230322967929,0
1,"A",0.382493762023874,1.65895348520521,0
1,"A",0.056052554906751,0.36786513606641,1
0,"A",-0.456379470614778,0.269311010249777,1
0,"B",-1.73315541411768,0.296767418711742,0
0,"B",-1.44035155401166,1.16694472748272,0
1,"B",0.730236875986361,-0.106963505301559,1
0,"B",-1.3595953829132,0.733299925820325,0
1,"A",3.18793194541043,0.0573299521183089,1
1,"A",-0.615507665101299,-1.43416090620334,0
1,"A",2.32221355122697,-0.208138830551403,0
1,"B",-0.167324987118057,1.23523385411818,0
0,"A",-0.425362355965101,0.337881689094281,0
0,"A",-0.43011812608169,-1.47911160826705,0
1,"B",1.63363089919864,-0.72453286173025,1
0,"A",0.0310201162219045,-0.0372836547793859,1
1,"B",-0.732046435137736,-1.27494767602565,1
1,"B",-0.0899180525943111,0.856931256713353,1
1,"B",1.33613145874663,0.387322611773785,0
0,"A",-0.471901824167456,-0.646219376343253,0
0,"B",-2.8183149966285,-0.58889903645763,1
1,"B",-1.2328034346151,0.912378471101562,1
0,"A",1.06478148056162,-0.247955531793529,1
0,"A",-1.26663824443885,0.00144064756423157,1
0,"A",-0.274110142109957,-1.07133562694481,1
1,"B",-0.406444699588762,0.15692062633215,1
0,"B",0.281687522904543,-1.15469385638454,0
1,"B",0.482653827450619,0.290066626142615,1
0,"B",1.66882652953411,1.27646064234116,1
0,"B",0.31114694591302,-1.50300534269581,0
1,"B",0.592051095273453,1.1350502344769,1
0,"A",-0.421658916166589,0.0823322561556143,0
0,"B",0.690335333213367,-0.965208857501593,0
1,"B",0.376314011108104,0.762679827247872,1
1,"A",1.08089487803724,-0.419475386554652,0
1,"B",1.26544700864311,0.586086730115979,0
1,"B",0.373659642148926,1.7678664859935,0
0,"B",-1.5384610519815,0.0483852740245421,0
0,"A",1.06383243083009,-0.368267509273171,0
0,"B",0.677132402677868,1.37951109591222,0
1,"A",-0.0364907178494064,-0.535027948279544,1
1,"B",0.814487498611976,0.177962188248317,1
1,"A",0.0688739693863878,1.27099171164114,0
1,"B",-1.16247973913117,0.695377238073565,1
1,"A",1.37735927431082,-0.209865421817471,1
1,"B",-0.0248339752546798,-0.912314502873917,0
1,"A",0.75328891719938,0.826064564101899,1
0,"B",-0.162897848421324,-0.773709888694199,1
0,"B",-0.464808969616632,1.19545836687072,1
1,"A",2.31142405656574,0.886628394029719,1
1,"A",0.646829004794651,1.29891616100927,1
0,"A",-1.56446132431616,-1.11898224981053,1
1,"B",-0.974748263276746,1.67272602478022,1
1,"A",0.525423670874343,0.916911783908257,1
1,"A",-0.699786959345539,1.18990430212512,0
1,"A",2.10260068791071,-0.720874946428516,1
0,"A",-0.287905554258615,-0.281952220845105,1
1,"A",0.725584131065341,-0.380519094384011,0
0,"A",0.962450253007467,-0.920223189436434,1
1,"A",0.0436969104129303,0.55501813105919,0
1,"B",-0.247688994709412,0.199343420100958,0
1,"A",1.52849956602205,0.169808943597319,1
1,"A",1.43301805398294,-0.238693805624518,1
1,"B",-0.895414466414752,-0.171984514977044,1
1,"A",1.01472067979643,0.19120580091577,0
1,"A",1.41346452238619,-1.73591723531042,1
1,"A",0.657608974557036,0.87749603542239,1
1,"B",1.16378337793939,2.28019175445645,1
1,"B",0.790459420203863,1.47593555327746,0
1,"B",0.0798749388655096,-0.0784608238871292,1
1,"B",-0.0212496142946331,0.439435833488289,0
1,"B",0.375496429589853,0.0199026253359241,1
1,"A",1.37436499320219,0.674252601437048,0
1,"A",0.640140619558242,-1.91250784160425,0
0,"A",0.810743519841559,-1.40994505150273,0
1,"B",-1.09548741944026,2.66127083470736,1
0,"A",-0.584652019299635,0.0077926155916182,1
1,"B",0.861876280751893,-1.02239577844853,1
1,"A",2.42912178705663,-0.455507107426737,1
0,"A",-0.0504768096483844,-0.247625202225193,0
1,"A",1.11415640674913,1.57169315710152,1
1,"B",-0.280148366230213,2.22280287634054,1
1,"A",0.700174969020046,-0.358740689354826,1
0,"A",0.039968471300622,-0.265221908021398,1
1,"B",0.230371602037035,0.922027658439435,1
1,"B",0.178960686342725,1.04147766870835,1
1,"A",0.869620628858343,-0.0665842668069666,1
0,"A",-0.199614650762904,-2.02935280628301,1
1,"A",2.1552731147087,0.26694307809154,1
0,"A",0.84881866143826,-1.48459107846483,0
1,"B",-0.592317186406291,-0.0603225186629627,1
1,"B",-1.34871657899703,1.45631849468012,1
0,"B",-0.950756121601778,-0.971629514203297,0
1,"A",1.34493733164926,-0.870088917529351,1
0,"B",-2.13422997823848,1.05063230418686,1
0,"B",-1.44817707729824,0.753421675482721,0
0,"B",-0.654549372916534,0.654754188260344,0
0,"B",-0.946687031725345,2.06458886099014,1
0,"A",1.23518509494677,-1.04088213441041,0
0,"A",-1.61301106066634,-1.97009780605582,1
0,"B",0.12503471796079,-1.12692760648943,0
0,"B",-1.06765338973324,0.715496059220991,0
1,"A",0.802086005803199,-1.24192146733214,1
0,"B",-0.642044640373393,-0.163439227908726,0
0,"A",1.01718375792229,-2.22142849878543,0
1,"A",-0.0117282122399831,-0.183580481440646,0
1,"B",-0.962605949206456,0.119452100566228,1
0,"B",-1.66033374541106,0.231536202329794,1
0,"A",0.217860827649363,-3.0442253552145,0
1,"A",0.0333209089256727,0.361713005123765,1
1,"B",-0.123681675932643,-0.383957710664638,1
0,"A",0.990691917683078,-0.206532667770627,0
1,"A",0.860724392102232,-0.138950764991331,1
0,"B",-0.926242199684965,-0.683055389094765,0
0,"A",0.0682476846666223,0.32508874396087,0
0,"B",-0.173496626170297,-0.705908722075341,1
1,"B",-0.639495259840057,-1.05399372083347,0
0,"A",-0.350596016163823,-1.06038768987651,0
0,"B",-0.986214908776688,0.874069008045601,0
1,"A",0.721245556822997,0.759727257126741,1
0,"B",0.603891696504657,0.233444077372047,0
0,"A",-1.905695919948,-1.74418688096931,1
1,"A",1.7592165899251,0.0469357232204725,1
0,"B",-0.389805901304202,-1.25247052969638,0
0,"B",-1.86319395779776,-2.19141909422771,1
0,"B",-1.00614729817761,0.830557052245729,1
0,"A",1.26160466943555,-2.33812988666999,0
0,"A",-0.66223245749851,-0.836526745445269,0
0,"B",-0.245826240926539,1.04035395397579,1
1,"A",2.35552673340714,-0.647937548794075,0
1,"B",-1.87100006602726,0.583404135697222,0
0,"A",-1.35592215191489,-0.600131494682417,0
1,"B",0.439674129425473,1.00574744044619,1
0,"A",0.537819740355775,-0.0578786695385605,0
0,"B",-1.08802873708572,0.961352134801143,1
0,"B",-0.854865175834621,0.956727895306824,0
1,"A",0.947809291266267,-1.63589397032067,0
1,"B",1.1872674003725,0.378227896445143,1
0,"B",0.275840936631343,1.16949395429251,0
0,"A",-0.344843030678874,-2.66729252816061,0
0,"B",-1.13374209550134,0.158547073335581,0
1,"A",0.791569394826959,-0.48344266554852,0
1,"B",0.307161575475794,1.41798398004114,1
0,"B",-0.149241350677277,-0.476612413040252,1
1,"B",-1.28400345078208,0.364997734264975,1
1,"B",-0.560535860563936,0.337099555097885,0
1,"A",0.528523588932521,-0.329173896616143,1
0,"A",0.436002218245515,-0.716470195112071,0
1,"B",1.05025862654738,1.54593981762374,0
0,"B",-1.59474500982112,-0.522462932593151,0
1,"A",2.36282368178745,0.329647559593532,1
1,"A",-0.149590293557773,0.457338113287525,0
1,"A",-0.0514856485397173,-0.82184084609274,1
1,"B",0.149237034099987,0.662796978866919,1
0,"A",0.830407056074358,-1.66071827467306,1
0,"A",0.872727940566395,-0.726890630286434,0
0,"B",-2.80918808920296,0.877481964116896,1
1,"A",1.62315757004377,0.105886292280388,1
0,"A",-0.120923438364781,-0.923059546379205,0
0,"B",-1.03822777909161,1.74993859180222,0
0,"A",1.6979521608414,-0.679072017055608,0
1,"B",-0.0969433766113925,-0.153029201875375,0
1,"B",0.389044278031018,-0.695930167584297,1
0,"A",0.492464807258873,0.498613195316257,1
0,"A",-0.21842926332338,-1.0496219436605,1
1,"A",0.00615386444061394,0.0868365882871059,1
1,"A",0.0746764771247469,1.44693112093234,1
1,"A",-0.0746457322923105,0.584201930990852,0
0,"B",-3.26022696568322,0.800617955449021,0
1,"B",-0.77944501506585,-0.172298291161869,0
1,"A",0.377052465594724,-0.0208691934296757,1
0,"B",0.238092288935381,0.701578462902028,0
1,"A",-0.776727645985104,0.777465072321847,0
1,"B",-0.677339373145985,0.249723074573935,0
0,"B",-1.40381146481079,-0.211382051153797,1
1,"B",0.286981709078379,0.0149967795209937,1
1,"A",0.110417759900894,-0.964477926153999,1
1,"B",-1.99488898362432,2.68882232444873,0
1,"A",1.22887956175378,-3.1902431907489,1
1,"B",-0.429943318292906,1.14435985357409,0
1,"B",0.74482180941379,1.35667328952955,0
0,"A",-0.0146740643670482,-0.319586370778386,0
0,"A",-1.28928906652825,-0.697051948981159,0
1,"A",1.65832652835228,-0.188425539968193,1
0,"A",1.242243405559,-1.59762320389345,1
1,"A",1.2471278992179,-0.385993728018956,1
0,"B",-1.18071394457091,1.36092515241173,1
0,"A",-0.922827089420763,0.0820632298193631,1
0,"B",0.000270189276886046,1.08829219060835,1
1,"A",0.507133567524322,0.614339037837257,1
0,"B",-1.86319744206123,1.40771254051565,0
0,"B",-0.243451454203956,0.599224570496396,0
1,"B",0.591030017438121,-0.104590639323051,0
1,"A",1.19981640233572,0.0986698644333381,0
0,"B",-0.282172473352749,0.331411061585885,0
1,"B",-0.115989680744321,-0.823353445021352,1
1,"A",-0.772626700287468,-0.214553472662684,1
0,"A",-0.0494278291749938,-0.713177508530274,1
1,"A",0.5946611842559,1.2771157569377,1
0,"A",0.222842238916438,-0.778147111554571,1
1,"B",0.0244090527684467,1.04709019869723,1
0,"B",0.564324147798524,-0.309036709418034,0
1,"B",0.310701827079063,-0.9961734783908,0
0,"B",-0.030229731561096,-0.102475327787255,1
1,"A",1.20513704804497,-0.101846964182473,0
1,"B",0.0358715046367143,1.56204619487516,0
0,"B",-1.43526493371209,-1.04014662215023,0
0,"B",0.294644861327434,-0.238129173439106,1
0,"A",0.26333469234223,-0.914559233016282,0
1,"A",0.862885095021913,1.14202754193741,1
1,"A",-2.26188313160212,1.50675412846679,1
1,"A",-1.26037594145056,-0.544433788317727,1
1,"A",0.879517218352174,-0.345821712896652,1
0,"B",-0.0181973652453726,0.592578483324015,1
0,"A",-1.0205609774675,-0.744406613274784,0
1,"A",-0.0397897279304806,-0.528194483881524,0
1,"A",1.54605208526509,-0.595555986647644,0
1,"A",0.766902375506105,-1.11212406948195,0
1,"B",0.540367773851846,0.564931457434221,0
0,"A",0.274035228178045,-0.910629082969721,0
1,"B",0.244427044962926,1.18272671734021,0
0,"B",-2.6459259971122,0.661910699771156,1
0,"A",0.114775379435963,0.0964968264806544,0
1,"A",-0.411935137569417,0.541258597749672,0
1,"A",1.08475725436294,-0.877170582615798,0
1,"A",0.276658014625963,-0.591059926846335,0
1,"A",0.423227680991163,-0.0492977706218027,1
1,"B",-1.59179447654435,0.644742003327834,0
1,"B",-0.164713906875505,1.87819389230267,1
0,"A",0.309665595552648,0.339459948320333,1
0,"B",0.207563694324257,0.646105191651433,0
1,"A",0.449098504467947,-0.736935936992123,0
1,"A",0.317127154993005,0.0200393390898477,0
0,"B",-0.646472898938742,-0.696296561187852,1
1,"A",0.176479672114902,-0.274563967753338,1
0,"A",1.26469969392575,-0.270553063438118,0
0,"A",1.90841195287875,-0.211883909134942,0
1,"B",1.00752731515041,0.43571933413439,0
1,"A",0.225051103628396,2.04260040934183,1
0,"A",0.681186244645981,0.992584059708136,1
0,"B",-1.12717192730098,0.0243779934575608,0
1,"B",-2.70553146365944,2.5072711388428,1
0,"A",-0.347538794372895,3.21002640320282,0
1,"B",0.338973109647418,2.61373871292908,1
0,"A",-0.453180853653412,-0.238287033968403,1
0,"A",0.124466381185004,-1.44138033300049,1
0,"B",-0.777161594318001,0.298352870839689,1
0,"A",-0.695730784490133,2.07725179529202,1
0,"B",-2.18419962329868,1.94543028809183,1
1,"A",0.40003957641532,-0.687510182053967,1
1,"B",-0.0528243808041299,0.103012920583623,0
0,"B",-1.67764781468625,-1.28477729534222,0
0,"B",-2.32744114641551,0.951207603267546,0
1,"A",-1.26130575337207,-0.309927238209242,1
1,"A",1.63085254342096,0.722606061022639,1
0,"B",0.547290966915757,-0.424949730014809,1
1,"A",0.404432257538081,0.0363129126800461,0
0,"A",0.459995331548012,0.0996849921401003,0
0,"A",-0.308090789897601,-0.424254935962045,1
0,"A",-0.0303449470270495,-1.91923702797051,0
0,"A",0.601765387501874,-1.63890326022578,1
0,"B",1.11601068799133,0.647098233166419,0
0,"B",-0.436167525066136,-1.39731025226533,0
1,"B",-1.14146438677216,1.59811333876823,1
1,"B",0.529265081495574,0.303305436449471,1
1,"A",0.512034679228329,-1.48877189059224,1
0,"B",-2.33247785874215,1.19414077833274,0
1,"A",1.07815520445237,0.653336157826565,0
0,"B",-1.30446339905723,1.15891019211795,1
1,"B",-2.11193274239252,1.29836136155237,0
1,"A",0.842346222491225,0.120025323339409,0
0,"B",-0.01243738940197,0.209269989701781,1
1,"A",0.868717485346298,-1.19870688259521,0
1,"B",0.206285610600709,0.988114584924089,1
1,"A",1.33506473816613,-0.0123947319917119,1
0,"A",-0.0306643929394214,-0.59941859764012,1
1,"B",-0.443278242589391,2.19162192462028,0
1,"A",0.354049104605259,-0.64397755416666,1
0,"B",0.269200559496263,1.079799197654,0
1,"B",-0.752311106694963,1.23318614096586,1
0,"B",0.779071709222056,0.569455661124666,0
1,"B",0.835239862522049,0.0726379715612109,1
0,"A",-0.481476609062424,0.843502559895661,0
0,"A",0.448257689189109,0.348337896581216,1
0,"A",0.957280887350618,-1.35065349158259,0
1,"B",-1.09163736094493,2.00018218867715,1
0,"B",-0.440467158528591,-0.883917966961805,0
1,"A",0.464249846016288,-0.50224523325937,1
1,"B",-0.694319624047566,0.510648746436821,1
1,"A",3.43687808390516,-1.316571830173,0
0,"B",-0.623167944501611,0.241184288562777,1
1,"B",-0.104165690566774,2.13703532712278,1
0,"A",0.22309854855732,-1.72014821440995,1
1,"A",1.68965792896352,-0.32388670826902,1
1,"B",-1.19728150110227,-0.254036340219751,0
0,"A",0.142572292063767,-2.12571307250677,0
0,"A",0.155625129626214,-0.562416713664,1
1,"B",-0.22047769875496,-0.355180381689001,1
1,"A",0.319046485188757,-0.622632578923387,0
0,"B",-0.207150436133819,-1.37052105400246,0
1,"B",-1.32594574247728,-0.200890341774024,1
1,"B",1.26661472934175,1.33958503683229,1
0,"B",-1.25937181105638,0.0167981617595633,1
1,"A",-0.292374465958333,0.621384689890905,0
0,"A",-1.10223472752141,-1.68641024495208,1
1,"B",0.551379963346901,0.153053954182733,0
1,"A",1.02593027060486,0.630164767571258,0
1,"A",0.381996689760747,-1.55828403445152,1
1,"B",-0.0844084433243033,-0.691063821023928,0
1,"A",1.6549402815632,-0.803735344355638,1
1,"A",1.5332724851415,-0.637845124242918,0
1,"A",0.436502948413297,0.887986988650952,0
1,"B",-0.982523521199845,0.0877340904590667,1
1,"A",3.14163081789294,-0.310214150135749,0
0,"A",1.66180381201269,-0.552260104004149,0
0,"A",0.829228280863773,-0.4688989757226,0
0,"B",-1.38043630010779,-0.118567598229521,0
0,"B",-1.9096385638646,-0.0690247290219863,0
1,"B",-0.700320295289224,1.39392523025552,1
1,"A",1.51200848571089,-2.20139471380376,1
1,"B",-0.691509536812637,-0.316765998719427,1
0,"A",-1.6118569351854,0.42061430529598,0
0,"A",0.823582273781367,-0.220911501088789,1
0,"B",-0.892981355202905,-0.937262337285168,1
1,"A",1.18515225051059,0.105629156919538,1
0,"B",-1.51749080417685,0.116736331489566,0
1,"A",1.80545596930366,0.125253112197367,1
0,"B",0.660769522574388,-0.692350506274966,1
0,"A",0.403664850893948,0.376305198121853,0
0,"A",-0.071320592801209,-1.05354687038243,0
1,"B",0.980162988575367,0.0357890039118753,0
1,"A",0.81738384620223,-0.935931628490098,1
1,"A",1.54517163045785,-1.35774254898045,1
1,"B",-1.25189648611564,-1.47036831049202,0
1,"A",1.22375777655669,-0.524570851872649,1
0,"B",-1.0379550315381,0.00994756857974322,0
0,"B",-2.58665964810678,1.94578626317447,0
1,"B",-0.0149363393515516,0.814161492505677,1
1,"B",-0.161595326715421,2.78858390430406,0
1,"B",-0.396494152665122,0.861903036456065,1
0,"B",-1.05307273976837,-1.36528612557169,1
0,"B",-1.24245672069849,0.096032429089025,0
1,"B",1.22479485899057,0.176419917082684,0
0,"A",0.924545957118176,-1.24734006148582,1
0,"B",-0.394545286713965,-0.277929300567992,1
0,"B",-0.155215313362778,-1.46461991486714,0
0,"A",-0.61473719958213,0.121967483840863,1
1,"A",-0.196830633604582,-0.819228744157513,1
0,"A",-0.935781259224508,0.739272184912419,1
0,"B",1.72972423640037,0.635429505632161,0
0,"A",1.09297883582158,-1.16662420929367,0
1,"A",-0.322751359547259,-0.118070360078409,1
0,"A",-0.387130998015608,-1.07988715788585,0
0,"B",-0.922605962285139,1.85546060162088,1
1,"B",0.58150678899282,1.53934941028628,0
0,"A",-0.604570288466634,-2.08888245922402,0
1,"B",0.121964714012533,-0.605423322213934,0
1,"B",-0.0629524503771641,0.483598418709128,1
0,"A",-0.212219513737447,0.474983443034074,1
1,"A",2.72065682844999,-1.05931416241479,1
1,"A",2.20025136357251,0.596508435298534,1
0,"B",-0.258215238096114,0.779087566823059,1
1,"B",-0.268928269816347,0.894950355153396,1
1,"A",1.24149668539569,0.346770856417654,1
1,"A",2.41691725736789,-0.66938017148749,0
0,"B",0.776262385873689,-0.0458941550728338,1
0,"B",-0.685425107757802,-0.665047098620164,0
0,"A",-1.54232132547523,-1.3583189019595,0
