"y","group","x1","x2","x3"
0,"A",-0.404295780265164,-1.30853519250486,1
0,"A",-0.522851063921726,-1.78938420921432,0
0,"B",-0.715984505850262,1.04269187573895,0
1,"A",-0.955982531833594,0.197827876847639,1
1,"A",0.356161168886239,0.538644321080564,1
0,"A",-0.536816023710937,-0.525971519615213,0
1,"A",0.925641172446698,-0.0266541355612129,1
1,"A",1.04172161659678,-0.313170743781563,1
1,"B",1.22199987996221,1.89087272960238,0
1,"B",0.533760614427861,0.094534479463001,0
1,"A",-1.13100977676125,0.356296198558687,0
0,"A",-0.801782213313991,-0.377940071700693,0
0,"A",0.301452143201504,-1.77455858748522,1
0,"A",0.281115863658614,0.707824127458987,1
1,"A",-0.434927369919592,-0.453859811383154,1
1,"A",0.951476988726078,-0.722151642590852,1
0,"A",-0.390982139976923,-0.638288882011167,0
0,"A",-0.362194663160141,0.573007230379368,0
0,"B",-0.699977854523331,-0.0287799972245738,0
0,"A",-0.145873063799491,1.42663925295234,1
0,"A",1.82167698631946,0.305527460212108,0
1,"A",1.5521952323874,-0.232541379750393,1
0,"B",0.217187886885137,-0.390224672429026,0
0,"B",0.229073562372688,-0.245762206788018,1
0,"A",-0.331881960492151,-1.88670919412099,0
0,"A",-0.797157154117551,-0.873497187264527,0
0,"B",-1.27680142843794,1.76224101700157,0
1,"A",0.613317009433466,-0.640626711753544,1
0,"B",-1.38374041063565,-1.90272337087151,0
1,"A",0.872627665643824,0.273115837087471,0
1,"A",-1.59748968806134,-0.319412030632586,1
1,"B",0.0702687011200073,0.355861136781775,1
1,"B",-1.11504793260382,0.186927762827784,0
0,"A",1.08662521649521,-0.630707857398142,0
0,"A",-0.510197336859306,-0.568109505720117,0
1,"A",0.264561521270243,0.354398798175905,1
0,"A",-1.73002616065727,-1.13528555302283,1
1,"B",0.494308713474326,0.18679969524379,1
1,"B",0.953207968925482,1.16513321325676,1
1,"B",-0.634918017922746,0.0992931425636751,1
1,"A",1.72055743283526,-0.155964842422412,1
0,"A",-0.339821183766626,-1.02829843884904,1
1,"A",0.866867355659835,0.305313344358652,1
1,"A",-0.0019424455013341,-0.6659839355675,1
1,"B",-2.75310670475242,0.135634430685729,1
0,"B",0.103559234071454,0.721266912744649,0
0,"A",0.287500296915013,0.118561026971833,1
0,"A",1.37137960019643,-2.38771631467371,0
1,"B",1.24824035030235,0.603478544178848,0
0,"B",1.37320222216996,-0.406656877496768,0
0,"A",0.119226128715449,-1.97627382119534,0
0,"A",1.53854198080996,-1.02981416255873,1
1,"A",1.66749408784173,0.0160903581586319,1
1,"B",-0.344319139752535,1.38592234641833,0
1,"A",0.625037113629888,0.489099801553453,0
1,"A",0.500527999632285,0.0939780416859225,1
1,"B",0.964570172636926,0.960403509426531,1
1,"B",-0.587881202579604,0.574260171825697,1
0,"A",1.32639782769634,-1.69505102988698,0
1,"A",-0.325259069723206,-0.895961383373791,1
0,"A",1.5147326742369,-0.518456192300662,0
0,"A",0.350102254560652,-0.666041300375699,0
1,"A",1.13584739645967,-0.160883903061415,1
1,"B",0.528546447182351,0.473898384377715,0
0,"B",-1.4456666551602,1.68949422585166,0
1,"A",1.11174408994331,-0.596160490542559,0
1,"A",1.95900503127221,-0.652972881667635,1
1,"B",-1.07741459556005,0.283250839376996,1
1,"B",-0.0433704465985198,0.118754721725291,0
0,"B",-1.6469420203203,-0.0348676938735546,1
1,"B",0.827522213953193,-0.642243403797068,0
1,"B",-1.36324052493331,-0.00683697254103799,0
1,"B",-0.679241535951378,-0.651918253829769,0
0,"A",0.673721918245634,-0.216234477262748,1
0,"A",-0.32259643697838,-1.13455486189061,1
0,"A",-0.902610944819068,0.159161338295848,0
0,"A",0.376246117487234,-1.00366847764095,0
0,"A",-0.167929871187321,-0.485225311226873,1
0,"A",-0.868168645855152,-1.61645009602055,1
0,"A",0.883913350387606,-0.395873064461406,0
1,"B",0.295070260359737,-0.479973420379441,1
0,"B",1.13423264589986,-0.209948080378871,1
0,"A",0.696213618876096,-0.564450750195148,0
1,"A",1.65737586890914,0.380835771492644,1
1,"A",1.14835135549309,0.871971017940255,1
1,"A",-0.0235211881414421,-1.17501200552495,1
0,"A",1.32140857759878,0.129455825348897,1
0,"A",-0.975084510236962,-0.390831355720161,1
0,"B",-0.937283562796247,0.176218850617478,0
1,"A",3.07799258333092,-0.759127190835144,0
1,"A",-0.128151569006084,-0.219801932697341,1
0,"A",2.59454754000961,-1.47470003323157,1
1,"A",-0.625948885263673,-0.287716700281452,1
1,"A",-0.375251275675777,-0.64314350743969,0
1,"B",-0.411413649443911,0.617366390534302,0
0,"B",-0.312338933726867,-0.200033452918681,0
0,"B",-0.457014912868011,0.260848202210869,0
1,"A",0.472237587096298,-1.34410223319753,1
0,"A",0.732467818358331,-0.279905244944267,1
1,"A",-1.26130575337207,-0.309927238209242,1
1,"A",2.57176964804621,-1.72039471677248,0
1,"A",0.895039320147165,-0.252332604531081,1
0,"A",-0.0089497940442384,-0.964461201775229,0
1,"A",0.719647164637361,-1.38146622093427,1
0,"A",2.67899636343974,-0.0754901908980223,1
1,"A",1.19557858473179,-0.0022736736356368,1
0,"A",-0.935786855103268,-0.243603473012478,1
0,"A",-0.602343487025375,-0.230775541685252,1
1,"B",0.954267346882624,0.259506662790626,0
1,"A",1.06954254548051,1.75132807638702,0
1,"B",0.229711419788313,2.27500631253695,0
0,"A",-0.239353905418217,-0.379235383331072,1
0,"A",0.649034323052873,-2.64476424357399,0
0,"B",-1.32833469337302,1.22148655763528,1
1,"A",0.794234752108863,-0.710710033950756,1
0,"A",-0.540713249930401,0.516425393237379,1
1,"A",0.256839873368582,-0.433815185787012,0
0,"A",-0.985548830323712,0.273341353952707,0
0,"A",-0.0980773231099333,1.58886222946095,1
1,"A",1.44231469094478,1.34388256805106,1
1,"A",2.53726100352511,1.02597708479106,0
1,"A",-0.421276315634147,-1.35566523946343,1
0,"A",0.901712207399855,-1.89370864577445,0
1,"A",0.548579773664415,0.23331572463753,0
1,"A",0.0479468333375039,1.03383694954249,0
1,"A",1.90313930904122,0.262773456604387,0
1,"A",1.10274042041859,-0.625194850606163,1
0,"A",2.0880851273379,0.769140533144675,0
1,"A",0.627970054993684,-1.17535863231981,1
0,"A",0.997146445742082,-0.783613559807115,0
1,"B",0.85603871291197,0.0216830127829436,1
1,"B",0.484525184050306,-0.0499087028770366,0
0,"A",1.76950624977204,-1.30930764557977,0
1,"A",-1.18172137965375,0.560803427036043,0
0,"A",0.363262108381221,-0.18557918994474,1
1,"A",1.34799040446697,-1.28475058438491,1
1,"A",2.20749925939501,0.65952560246236,1
1,"A",-0.258321366576949,0.0369762364209689,0
0,"A",-1.85943389666311,-0.691694509038488,1
0,"A",0.710085709278601,-0.413704260630393,0
1,"B",0.701767589393476,-1.45798612593912,1
1,"A",1.65258330248734,-1.81566613906329,1
0,"A",-1.14359990104475,-0.258324361966597,0
1,"A",0.850820609019707,-1.40404671899645,0
0,"B",-1.62904536955371,-0.745122254454653,0
0,"A",0.137427421687486,-1.8990505838742,0
0,"A",0.0364432269404533,-2.42453426719219,0
0,"A",1.75681909280693,-1.64316024660943,1
0,"B",0.833879558671212,-0.666455939813816,1
1,"A",0.490293798218785,-4.01436952452486,1
0,"A",-0.78744633001918,4.25648400184109e-05,0
1,"A",-1.36163856963472,1.29435444271646,1
0,"A",0.431644891617088,0.219962899802798,0
0,"B",0.690335333213367,-0.965208857501593,0
1,"A",0.382493762023874,1.65895348520521,0
0,"A",0.163308973260753,-2.48834873391332,1
0,"B",0.00577871518765394,0.440924983758092,1
0,"A",0.475385636216169,1.255622340547,0
0,"A",-0.922827089420763,0.0820632298193631,1
1,"A",0.203829235148236,0.251457200664114,1
1,"A",1.47578164110711,0.627163711845215,1
0,"A",-1.25728934013169,-0.82346262082203,1
0,"A",-1.32586306011436,-0.860357875904391,1
1,"A",0.951097583357562,-0.925011822765154,1
0,"A",-1.22808634783883,-0.704628442202661,0
1,"A",2.63987950774734,-0.455553775704025,1
1,"A",1.05187315561584,1.16504383639707,1
1,"A",0.994052375462621,0.769686002627175,1
1,"A",-0.510063424406576,0.656624341963429,1
0,"A",-1.42940634881984,-1.43686155079571,0
0,"A",-1.16634607110936,0.286879996204581,1
0,"A",1.04629535908215,-2.61870422354895,0
0,"A",-0.934232934692873,-1.82823873877102,1
1,"A",3.07523151360371,-1.3036363063348,1
1,"A",-0.451782224795008,-1.2691874648128,0
0,"B",0.186344257237573,-0.506116540755618,1
1,"B",1.1283251888648,-1.44692151892467,1
1,"A",0.788775476384317,0.597192097909625,0
1,"A",0.0275788477512525,0.589173665270925,1
1,"A",0.766902375506105,-1.11212406948195,0
1,"A",1.40466526958452,0.870761389234798,1
0,"B",1.3996392718816,0.218877250865518,0
0,"A",1.55330979967859,-1.59915241663451,1
0,"A",0.372615420537593,-2.34327224529491,0
0,"B",-2.173549049872,-1.40617602465842,1
0,"B",0.0694174954897605,-0.0748026666539431,0
1,"A",-0.800498906212273,0.25126265486974,1
1,"B",0.638763508167254,2.00295076907285,1
1,"A",2.36091167334825,0.56755379116751,1
0,"B",-0.996292231669596,1.34461651058762,1
1,"A",-0.362597128505423,-0.323376187905825,0
0,"A",-0.51836853188892,0.671069875347264,1
1,"A",-0.526949108911427,-2.28692234956882,1
0,"A",-0.587069812452699,0.330845709558875,1
1,"A",1.52201171320525,-2.07685983399414,1
1,"B",-0.395944911143125,-1.26316028673195,1
1,"A",1.57593564486054,-0.0295770645657396,0
1,"A",0.533700394680429,0.232767411010901,0
0,"B",-0.737705432521704,-0.478823486990665,0
0,"A",-0.562150181718607,0.375726832870153,1
1,"A",1.99605793005312,-0.699735399334266,0
1,"A",1.40690196478607,0.960434427040726,0
1,"A",1.86797137869928,-0.99408722709901,1
0,"A",-1.11822066341506,-1.46717108051656,1
0,"A",-0.301728214629065,0.376505458590607,0
1,"A",0.00367643061503625,0.489783851290637,1
0,"B",-0.166407681636268,1.32712587310356,0
0,"B",0.033483061892252,0.666996399279443,1
1,"A",1.72139451430053,-2.05282091879462,1
0,"A",0.269294008008077,0.165850334683124,1
0,"A",-0.502828953607553,0.222118499562422,1
0,"A",-1.36659873591255,-0.60693154146081,1
0,"A",1.29421700292688,-0.645585814556326,1
1,"A",1.3980254503399,0.861276986607835,0
0,"A",0.811155347250964,-0.257322791314352,0
1,"A",1.10423352781372,-1.40981535638179,0
0,"A",0.511333896308251,-0.131386132518286,1
1,"A",1.23945847378309,-1.46599098091217,1
1,"A",0.73249282194566,0.108380157464957,1
1,"A",0.588933748648164,1.10269866597342,0
0,"A",0.979673036553695,-1.04081758248316,0
0,"A",-0.462680983100115,-1.2355042273709,1
0,"A",1.53052682585438,-0.76336562709106,0
0,"B",-0.576139839609836,1.43975552798296,1
1,"A",-0.438854811253427,-0.0268161280860606,1
0,"A",1.25001383503163,-0.373613880312425,0
1,"A",0.818207321971094,-0.968619536876986,0
0,"A",0.175560668327194,0.578955635134456,0
1,"A",0.980025032489956,0.234474178919803,0
1,"A",0.0585201477021553,-0.486567102230114,1
1,"A",-0.848041225016579,-2.09612218526778,1
1,"A",1.30476045274656,0.135752542190522,0
0,"A",-0.180680474330814,-1.39657571109336,0
0,"A",-2.04355012041618,0.332938778814628,1
1,"A",-0.356697472070593,-0.414764646560773,1
1,"A",1.08596370869837,-0.928848792704904,1
0,"A",-1.09624806395391,0.430568056585827,0
0,"A",1.40873689745799,-0.0719008438609064,0
0,"A",-0.433290244211722,-0.0369901877383078,0
1,"A",0.026149026476428,-1.52010753216733,1
0,"A",1.86002714786646,-0.557210020354149,0
0,"A",1.15598651699523,-1.2046243409599,1
1,"A",0.97696639015743,1.36966466835541,1
1,"B",-0.353435388434213,-0.674277780149046,0
1,"A",0.0550491929370376,1.34656369161801,0
0,"A",-1.37443381245235,0.128770862692409,1
1,"A",-0.0514856485397173,-0.82184084609274,1
1,"A",2.09589862100101,1.34041875873202,0
1,"A",-0.41317254698158,-0.577474528168917,0
1,"B",-1.30327068401677,0.666748032320148,0
1,"A",-0.0115910713538155,1.8338721886942,1
1,"B",-0.673867341467471,0.703560312802789,0
0,"A",-0.532524626544784,-0.46071075505782,1
1,"A",2.19152168699469,-1.27551639634091,1
0,"A",0.657744821757351,-0.587939227626622,0
1,"A",0.876876151726304,-0.171932651988238,1
0,"A",1.23794290798879,-1.17573461723454,1
0,"A",1.12276476453518,-2.31802882101205,0
0,"A",-0.408468162383512,-1.77445479058334,0
0,"A",-0.323929089083724,-2.55151198007243,0
1,"A",0.702918785646016,2.09787712618481,0
1,"B",-0.0820159251358782,1.87393613713804,0
0,"A",-0.127851733293319,-0.961421218127938,0
1,"A",-1.16564479625627,-0.252873934507939,1
0,"B",-2.36059603058593,0.563903665545549,1
0,"B",-0.912985501537316,-1.48854863406406,1
1,"A",1.43801363386046,-0.0311143420253849,1
1,"A",0.0753374294953872,-0.860652586403515,1
0,"A",-0.499034110701605,0.0637789784142085,1
1,"A",0.884330420393435,0.449145663316128,1
1,"A",-0.628775119167286,-0.915110210943589,0
0,"A",-0.172078490331362,-1.22704764596331,0
1,"B",0.38824477344965,0.671555970854266,1
0,"A",-0.531986509276089,0.479586617563401,1
0,"A",-0.0745844981090051,-0.716396606169331,0
1,"A",0.700174969020046,-0.358740689354826,1
0,"A",0.74725031922648,-0.774575087023788,1
1,"A",1.01278065017611,0.440343123211637,1
0,"A",1.11311461714339,-0.430653081840325,1
1,"A",0.744431171801872,0.185910653889205,1
1,"A",-0.0804224483999712,-1.78451744713845,0
1,"A",1.08558620126826,-1.0257129524512,0
1,"A",1.85129657471702,-0.146553272371389,1
1,"A",0.792311673316955,0.342117522541224,1
0,"B",-2.15352666271239,-0.392294505276967,0
1,"B",-0.0138039629292535,0.413581516980864,1
1,"A",-0.767537594831158,-0.84332273934102,0
1,"A",0.909722692685057,-2.07721267231682,1
0,"A",-0.890175843701658,0.368306069290311,1
1,"B",-1.04320679674951,0.272181560892773,0
1,"B",-0.54206610027186,1.96570441754851,0
0,"B",-1.24333464215284,0.0953827939143602,0
1,"A",0.634829118484763,-1.37018685147021,1
0,"A",1.02860403277062,-0.565785232234379,0
1,"B",1.56495392203171,-0.0414911310869748,1
0,"A",0.750692752116181,-0.827825273281628,0
0,"A",0.180351358121616,-0.262111686636037,1
1,"A",0.55926191871324,0.989199502297849,1
1,"A",2.26922139971628,0.832991010962701,1
1,"B",-0.167324987118057,1.23523385411818,0
0,"B",-0.223762069474794,-0.4755742296902,0
1,"A",0.151960131427121,0.145531406171248,1
0,"A",0.0220639881553624,-1.80194782237714,0
0,"A",1.20742087616865,-1.2104947858069,0
1,"A",0.748620911418467,-0.510649301375583,1
1,"A",0.381996689760747,-1.55828403445152,1
0,"A",-0.470151227129168,-0.825352447214619,1
0,"B",0.163719032242843,1.16384019870076,0
0,"A",-0.0909531827075866,0.635691597043198,1
1,"A",2.19767143454698,-0.103842786620207,1
0,"A",0.192551623108344,-1.91280323654466,1
1,"A",0.135657079785036,-1.82203820010644,1
1,"A",-0.347985477215381,-0.932799204178617,1
1,"A",-1.64702791741196,-0.448594776673255,1
0,"A",0.331986147230745,-1.78247914625029,0
1,"A",0.441296829344274,0.672300007174842,1
1,"A",1.14618292528144,1.47304474562273,0
0,"B",-0.625374495531642,0.272466751411337,1
0,"A",0.304209272600755,0.459557320495464,0
0,"A",0.360324640484069,0.324378822360213,1
0,"A",0.0255426367242871,-1.40906711544657,1
1,"A",-0.517647121406592,2.38410076646626,1
1,"A",-1.15993529115807,-0.494169315428097,1
1,"B",-0.0136633068802136,0.288654538611076,1
0,"A",0.311267038736937,-2.29216577787378,0
1,"A",2.13718655727207,-0.121555677802331,1
0,"B",1.11382096654913,0.293413222480263,1
1,"A",0.53737814421787,0.688210820803746,1
1,"A",1.36172767877882,-1.25953019328419,0
1,"B",-0.565476281222085,1.38769582263306,0
1,"A",3.17225020123712,-0.834488735899793,0
0,"A",0.154364644575214,-0.1049788843596,0
0,"A",-0.915724141638725,-0.369032787750477,1
0,"A",-0.266075960941201,-1.1529952026647,0
1,"A",-0.127021626818321,-0.747825626534114,1
1,"A",-1.57759918161885,-0.591403122395861,1
1,"A",1.26803354562212,0.0412062989933673,1
1,"A",-0.699751443694869,0.83835766999435,0
1,"A",2.57574495139268,1.77255983037387,0
1,"A",0.270139468894219,0.611062007812707,1
0,"A",1.38454399920287,0.555564449812758,1
0,"A",-0.619042533570451,-0.758137825885156,0
0,"A",1.45483710674649,1.87243496617528,1
0,"A",-0.935781259224508,0.739272184912419,1
0,"B",0.281687522904543,-1.15469385638454,0
0,"B",1.15926346436027,0.0353710102483061,0
1,"A",1.73287197226863,-1.10640151799409,0
1,"B",-0.57168529871511,2.13607090050109,1
1,"B",-0.782583607494331,-0.678382689580743,1
0,"B",-1.73214840583902,1.29344042369526,0
1,"B",-0.603890901597044,1.22860369672513,1
1,"A",1.18036124644174,-0.0345474659052077,0
0,"A",-1.6118569351854,0.42061430529598,0
1,"B",-0.0364975528721383,1.01621118168809,1
1,"A",-1.32472759929995,-1.38680518296921,1
0,"B",-2.23594693823843,-1.25737910656572,1
0,"A",0.623703259618781,-1.39585678929135,1
1,"A",0.395488110714764,-0.0121512807998081,0
0,"A",-0.990716035046925,-0.417233394936797,0
1,"B",0.990899158755049,0.105507445058562,0
1,"A",-0.918205052018614,0.865289069407736,1
0,"B",0.000696428829436213,0.914085868199985,0
0,"A",0.652848289136408,0.957762863076378,1
0,"B",-1.53163504465138,0.469756650762011,1
0,"A",-0.112463133220847,-2.06021041216195,1
0,"A",-0.976465433847609,1.26286969573557,0
0,"A",0.69025074734802,-1.29733895082003,0
0,"A",-0.621160386975443,0.529397527151231,0
0,"B",-0.226012465106422,0.885978884396487,1
0,"A",-0.199614650762904,-2.02935280628301,1
0,"A",0.913109980622033,-1.47837279978996,0
0,"A",1.17691319108578,-0.22122567329008,0
0,"A",0.463895439517848,-1.3604287413481,0
1,"A",0.138403633880107,-0.152487057878843,1
0,"A",0.247509883347507,-0.471079758442034,1
1,"B",-1.23915577831156,0.808227456262284,1
0,"A",-0.0586371213236985,-0.47312570713404,1
1,"A",-0.410049881190016,0.341023350140187,0
1,"A",-0.650946636418277,0.73179003343898,1
1,"B",-1.68877024107312,1.5638948236753,0
0,"B",1.17462647506826,-1.62317379153657,1
1,"A",1.70129273884133,1.31996696272307,0
0,"B",-0.647614027124607,-0.905826435005576,1
1,"A",2.27828195157063,-0.0631206859300445,1
0,"A",-1.20841172854255,0.342408369468696,0
0,"B",-0.169031077693498,-0.278688509814411,0
0,"A",-0.943853099509577,0.745290022689625,1
1,"B",0.00375697130291852,1.10455958007037,1
0,"A",-0.623685169128372,1.23902704632705,1
0,"A",-1.07391774598769,-0.578929863582061,0
0,"A",-0.606114995942006,0.333679163255442,0
0,"A",-1.0212506984794,0.297327411626096,1
0,"A",-0.950665536542888,-1.55241433671554,0
0,"A",0.297377561189476,0.822754291371692,0
1,"A",2.53167292283467,-1.08001320789838,1
0,"A",0.957817714113999,-1.56521083999577,0
0,"A",-2.28087145426049,-0.890617278417988,1
0,"B",0.697561520013894,1.95539705083903,0
0,"B",0.960741880103956,-0.132416614070852,0
0,"A",-1.1562842099593,-1.05804866587287,0
0,"B",-1.53597208803962,0.502831476287551,0
0,"A",-1.12984594530276,0.220024133198303,1
0,"A",0.262074485138452,0.0816090394149213,0
0,"A",-0.0435986710989813,0.973245254942963,0
0,"A",-0.876400236389723,-2.22225501961095,1
0,"A",-0.601947250774074,-1.16767119384766,1
1,"B",-0.080592792193812,1.28523459450135,1
1,"A",1.87594075499718,0.118903896525494,0
0,"B",-0.783026022300291,0.999664185994016,0
1,"A",0.929376963966774,-0.739085053200965,1
0,"A",0.758027795356919,0.293292099491661,0
1,"A",-1.04068488044291,0.649462744088782,1
1,"A",0.369553047504175,1.1499765918674,0
0,"A",1.39306807359124,0.248277053242537,0
0,"B",-0.851540272432593,0.114045249830056,1
1,"B",-0.241692640205501,1.52376878947241,0
1,"A",0.661984286635287,-0.030623016008034,1
1,"B",-0.0216143394910853,1.58169889014525,0
1,"A",-0.792402405081548,-0.440243606154812,1
0,"A",-0.614450929038676,-0.52037087383823,0
1,"A",-0.309436506900414,1.12844087001597,0
0,"A",-1.19331077965239,0.893542081205432,0
1,"A",0.931990618756651,-0.100221001172775,1
1,"B",-1.81402321005122,-0.422589187675563,1
0,"B",-0.0758939576729492,0.706140546786672,0
1,"A",0.781620928820893,-1.12870345565595,1
0,"A",1.51204294265483,-0.222235767848736,0
1,"B",-1.39389455217758,0.976295053320865,1
0,"B",-0.414696941287459,0.362704220440977,0
1,"A",0.976831166933466,-1.62652589677967,1
0,"A",0.208670404309138,-0.311127353227385,0
1,"A",-0.314177327162042,-0.298090932381115,1
1,"A",2.15006921510792,0.294973121530151,1
0,"A",0.592430932977078,-0.525384793226827,1
0,"A",-0.0977534211895801,0.372135104263985,0
0,"A",-1.63255837601265,0.758469709795493,1
1,"B",0.563729182585948,1.13535855133341,1
0,"A",0.952583432839504,-0.0498145524523603,1
1,"A",-0.418880371659838,0.498315353909166,0
1,"A",1.20185675651907,-0.309822124299392,1
1,"A",0.43768072560446,0.359511548935584,0
1,"A",2.47158234917796,0.221832307629074,0
0,"A",-0.610859039688385,1.50527277585204,0
0,"B",-0.799815785034134,0.567352811692697,0
1,"A",0.83143802967892,0.417067453890823,1
0,"A",-0.434866177256138,0.629120165797862,1
1,"B",1.51902584389936,-1.2238246430148,1
0,"B",-0.759310824452519,1.12851563504366,1
0,"B",0.919012433168349,-0.683889621172978,0
0,"A",-0.638262980280953,-0.373525397483055,0
0,"A",-0.528041869904619,0.08688104763099,0
0,"A",-0.603305535611042,0.76764759246195,1
0,"B",0.233759024006688,-0.594805142944742,1
1,"B",0.10144828906705,1.13209808962575,1
1,"A",0.76260267152983,-1.14976208763529,1
1,"A",0.333614038824435,-1.43034734592268,0
0,"A",0.00651632085836884,-1.89603583352758,1
1,"A",1.3352697410622,-0.256034304665454,1
1,"A",1.43747269000859,0.0889970438844609,1
0,"A",0.779778442784095,-1.05907882883744,0
1,"B",-0.119558640425374,1.32104211769107,1
0,"B",-2.0355746582948,0.639498929495437,0
0,"B",-1.30864424798334,-0.0943519450708672,0
0,"B",-1.76972558897817,-0.0716893332185307,0
1,"B",-0.479780847511219,0.270801782559614,0
0,"A",0.0196090228152555,-2.76253468387078,0
0,"A",1.35895178601075,-1.19997222858807,0
0,"A",0.849511384129348,0.535511859036925,0
1,"A",2.31142405656574,0.886628394029719,1
0,"A",1.15989455145041,-0.951124061531325,0
0,"B",0.70434181432765,-1.48669235705889,0
1,"A",0.769173242852963,-0.0892400666737077,0
0,"B",0.513087651033643,-0.944195950256874,0
0,"B",-1.18176806414703,-0.318184239820249,1
0,"A",0.0714916118102246,-1.59197207096453,0
0,"A",0.403646786704376,-1.72017077663221,0
1,"A",-0.393995058070559,-0.506809922986997,1
0,"A",1.7597413676373,0.172603941644241,1
1,"A",0.853396074041668,1.15067324114284,1
1,"A",1.27648017796793,-0.385350630911422,1
0,"A",0.308878276386743,-0.0493334309000361,0
0,"B",-2.36768550220709,-1.4869570712365,0
0,"B",-1.12053621557309,0.621840791378121,1
1,"B",0.16837519680058,0.538575723916304,1
1,"A",0.00274730644709537,0.88159062603302,1
0,"A",-0.645991161261288,0.501423349367156,1
1,"A",-0.0147973693046549,0.514938260145685,0
1,"A",3.04805585817335,-2.40432045171078,1
1,"B",-1.35044275195788,0.0126152340427698,1
0,"A",1.65229555777483,0.816759679550823,0
0,"A",0.0989690030138951,-1.22286613299319,1
1,"A",0.314859567822572,0.644834360893408,0
0,"B",-0.224305384044617,1.11476449246369,0
0,"B",-1.78469440401881,1.37647648087134,0
0,"B",-1.74415396804085,-0.157788155820659,1
1,"A",0.764973583746675,-1.69502942752573,1
1,"B",-1.24579473617813,0.190240165295959,1
1,"B",-0.913881987408087,0.511267985980652,0
0,"B",-0.853291885674226,-2.33892910544501,0
1,"A",0.103364336081525,-1.3836278865089,1
0,"A",0.219842029406107,-0.293842823040512,1
1,"B",-0.542247029984881,1.16876067668613,1
1,"B",0.0412342993735715,0.385352854718963,0
1,"A",0.411891257154969,0.0797167544875467,0
0,"A",-0.989721997624941,-0.185976440364293,1
1,"A",3.34593489967875,1.27220204250907,0
1,"A",0.292575608499387,2.18330783155488,1
1,"A",1.51900329065954,0.542120250843966,1
1,"A",1.64528201566526,-0.840855295349361,0
0,"B",-0.750958980559524,-0.968561504026243,0
1,"A",0.768964603169108,-1.01069141371828,0
0,"A",0.920456844005785,-0.720821252550191,1
1,"A",1.06637460031543,-2.29925021747533,0
0,"A",1.60023298277555,-1.41219403958798,1
1,"A",0.857300571233916,0.7627244159006,1
0,"A",0.180875268259337,-0.875561693279434,0
0,"B",-1.07324867863282,1.03722299515087,1
1,"A",1.52368522559336,1.07147064194309,1
1,"A",0.179349630435207,-0.557363449121976,1
0,"A",0.0377470269564434,0.524303655264124,0
1,"A",-0.972768219549579,0.412666232285981,1
0,"B",-0.704020019715745,-0.448905685588753,1
1,"A",2.10078578112418,-0.048369085722906,0
0,"A",0.782032158340668,0.577688414074321,0
1,"A",1.09734513375705,-2.40417107933188,1
0,"A",-1.33012457650727,0.529781314970056,1
0,"A",-0.271453523712203,0.947276672518813,1
0,"A",0.0966818256082394,-0.291803014154915,0
0,"A",0.0422102933126581,-1.03516556406248,1
1,"A",1.56511019766949,0.38632847204233,0
0,"B",0.251973168114864,-0.454366378936439,1
1,"A",0.527129208204054,0.180129397498776,0
1,"A",0.723516354499674,0.893256522219438,1
1,"B",0.0614502301600498,1.05289000684901,1
1,"A",1.39327462154155,1.31958111403411,1
0,"A",-0.608493415157313,-2.14742648417345,1
1,"B",-1.42521082610602,0.802048807949899,0
1,"A",-0.226206668510769,0.359203159471263,1
1,"B",-0.64632945704559,-0.390714045917854,1
0,"B",-1.79113813930486,-0.192256604921039,1
1,"A",1.28107515544064,-0.205335754763564,1
1,"A",0.660635058570265,-0.809156727636631,1
1,"A",1.65826079921526,0.650894403952344,0
0,"A",-0.910920692168734,-0.558915380773569,0
0,"A",0.859692004446736,-1.41329107291328,0
0,"A",1.25217808222803,-1.04083848761571,1
1,"B",-0.731000527993079,-0.75031891077079,1
0,"A",-0.507625307153728,-0.539489807909898,0
0,"A",1.29048072424908,0.90155767323418,0
0,"B",-0.617576277630889,-0.828729216239282,0
1,"A",1.93118047360601,-1.07302324759837,0
1,"B",1.84901358860538,2.33831210354592,1
1,"B",0.679579335204503,0.957176433477604,1
0,"A",-0.932972260466367,-1.099366190441,0
1,"A",0.486860303382675,-0.911158219938492,1
1,"A",-0.883328248552034,0.323003134741765,0
0,"A",0.548702770812391,0.105234852266787,0
0,"A",0.441274328173471,-1.70533888653426,0
1,"A",0.227784429594264,-0.522541389428247,1
1,"A",0.19700506375213,-0.376392232539823,0
0,"A",1.21531058379459,-0.735089686220295,1
0,"B",-0.826355298451073,2.07541082899263,0
1,"A",0.37284123112429,0.498577345182805,1
0,"A",0.645825189030118,-1.17899972884172,1
1,"A",1.31105228601879,0.451541644029884,0
0,"A",-0.667050242582299,-0.417964013925962,0
1,"A",-0.95904119001654,1.44664418136978,1
0,"B",-1.62074827733123,-0.425100885470414,1
1,"A",0.668417535937877,0.956187355958636,1
0,"A",-0.461618763792653,-0.165150098368252,1
1,"A",1.84557837146292,-0.94804024059473,1
1,"A",2.04619131379834,-0.0932967298264307,1
0,"A",0.0972777397184655,-1.34003657633245,0
0,"A",0.610518511140034,-1.19461526244899,1
0,"A",0.399536668168911,1.25516158493051,1
0,"A",0.652464568082185,0.233352453222032,1
0,"A",-0.744835394128053,-0.344820907166714,1
0,"A",-1.23262096163144,-0.800222509003199,1
0,"A",-0.781934685854959,-2.09365150562772,1
1,"A",0.931330458815119,-1.1332889817825,1
0,"B",0.269200559496263,1.079799197654,0
0,"A",-0.372149719754285,-0.136890596204615,1
0,"A",-0.670118274922527,-0.812553794633958,0
0,"A",0.467196862341407,-1.01481148083338,1
0,"B",-0.592080623251493,1.81254662273933,0
1,"A",0.0817725459417832,-0.49205750236899,1
1,"A",-0.0526636353267084,0.770229784977275,1
0,"A",0.36719855181848,-0.221027523719367,1
0,"A",-0.633471590483218,-0.586409333766707,0
1,"A",1.58241952179371,0.775471930126659,0
0,"A",-1.52857137953241,-0.631246966113382,0
0,"A",-0.380362583761519,-0.374316126425834,0
1,"A",-1.12529865105836,-0.399652262888867,0
0,"B",0.756927749182598,1.19363429523213,1
1,"A",0.449165966367432,-1.66744152688837,1
0,"B",-0.70487099135122,-3.07463344404722,0
0,"A",1.13712735213792,0.0146322485658393,1
0,"A",0.683668362341639,-2.67998875131821,1
1,"A",1.04743381472408,-1.06622668141976,1
0,"A",-0.0140614140051639,-0.868543217175928,1
0,"A",1.65472476244702,-1.00899959244323,1
0,"A",-1.43096019898505,-0.120118321381093,0
1,"A",1.73357366447069,1.11903298004371,1
1,"A",-0.0880251121749283,-0.172325508527534,0
1,"A",2.69126528573049,0.691534503313598,1
0,"A",1.0099936896376,-0.0275976587520679,1
1,"A",0.953426907581736,1.78730626463071,1
0,"A",-1.27447596809187,-0.618487793937437,0
0,"A",-0.577599500585334,-0.165159662358637,0
1,"A",1.64610216802634,-0.60381229735716,0
1,"A",-0.453568215370259,0.0256091188445197,1
1,"B",0.4304048908675,1.32226191007257,1
1,"A",0.9108484977885,-0.987432669258801,1
1,"A",0.242364850247782,-0.465088596905038,0
1,"B",0.953165476019299,-1.57024205884902,1
1,"B",0.654769453975785,0.0907519735884328,1
0,"A",0.456611472331141,-0.773307186496272,1
0,"A",-0.45629934525613,-1.73161676163422,1
1,"A",0.142257970413144,1.40885757737498,1
0,"A",0.971568661778221,-1.09859803834197,0
0,"A",1.68999105720498,-0.237802478663244,1
1,"A",0.947480031894727,-1.30220494700016,1
0,"B",-0.719628905172371,0.808575418584818,1
0,"B",-0.623937964005477,-0.828542889228078,0
0,"A",0.886459200958894,-1.27704390046823,1
0,"B",0.274964486183314,1.45307548823632,0
1,"A",1.69590446591099,-0.918512470960828,1
1,"A",0.743531019034052,-0.368092095368144,0
1,"A",0.429243620143529,0.528251000620761,1
1,"A",-0.165347492352622,0.0116505021668146,1
0,"B",-0.922094441250314,-0.715798063710308,0
1,"A",0.425903067547394,1.20460758806603,1
0,"B",-0.762785945061083,-1.59093175637931,0
0,"A",-1.60480219501533,-1.67357928165924,0
0,"B",-1.49483912882034,-1.19196848661201,0
0,"A",-1.14410952924461,-0.0220044069917962,0
1,"A",0.851780701385042,-0.641332942050594,1
0,"A",0.554563862900935,-0.270014144119555,0
0,"B",0.0735199583867199,1.36834085801038,0
1,"B",-0.658608346636008,-0.572760317625063,1
0,"A",-0.186731850960204,-0.945375045057705,0
1,"A",0.428096189311252,1.64638214680556,1
1,"B",1.1911030607306,1.78523187602634,1
1,"B",0.787266475179068,0.583982202745352,1
1,"A",0.920446611473367,-4.47539518301232e-05,0
0,"A",-1.46675651587961,-1.07047581352095,1
0,"A",0.666955235783112,-1.53172222942658,1
1,"A",0.48845958490745,-0.226470102934147,0
1,"B",-0.740579936408566,1.44488264040469,1
1,"A",1.12218106174401,-0.43136805768382,1
1,"A",0.891330835818434,-0.252308525169171,1
1,"A",0.877594972435733,0.496727321004479,0
0,"B",-0.519601332475631,-0.40146186585598,0
0,"A",-0.940236803283987,-0.449143388786547,1
0,"A",0.645830515130907,-2.22452486828186,1
1,"B",-1.63161339255063,1.24216877589747,0
1,"A",2.77862447410382,2.13855778945823,0
0,"A",0.0990253211462498,0.40938113041455,1
1,"B",-0.418132898892439,1.14272359977151,0
1,"A",1.10207953910365,-1.6264635111745,1
0,"B",0.0319441125130585,0.304566840486418,0
1,"A",0.10699620221578,2.0285841619226,1
0,"A",1.7228011978006,-2.02176190081481,0
0,"A",0.570223138379829,-1.26273412849669,1
0,"A",-0.67812077775202,-0.12277057629989,1
1,"A",0.288862870572527,-1.21369407207862,0
0,"A",0.383936652952414,-1.2378103330277,1
0,"A",1.47802340396989,-2.63526268783864,1
1,"A",-0.139853668270301,-2.05871455699948,0
0,"A",-0.93911393204176,-0.152999935298755,1
1,"A",0.00557385188863563,-0.663576773483518,0
0,"A",0.348853278343582,-1.53279178194305,0
1,"B",0.458108946756224,1.1050010194214,0
0,"A",0.423962669410071,-0.905010253808922,1
0,"A",0.70087771942463,-2.97007699800117,1
1,"B",-0.362531401722787,-0.316301849634489,0
1,"A",0.70267098376312,-1.09582571515962,1
0,"A",-1.01215639758865,0.902007194603309,1
0,"A",2.0618283432523,0.24532299539402,0
1,"B",-0.540528648151318,1.14030215980218,0
1,"A",0.598664924869192,-0.862396387371219,1
1,"A",-0.748504778529329,0.319930439469156,1
1,"A",0.76293020957529,-0.255561091077479,1
0,"A",1.86003340064239,-1.57224483401433,1
0,"B",-1.89994187333372,-0.534589138149639,1
0,"B",1.27266511900997,0.759447253909145,0
0,"A",0.259740450950464,0.384271946434294,1
0,"A",-0.623877143188132,-0.219107211698686,1
0,"A",1.44150027069221,-2.68785532950865,0
1,"A",0.125702521792954,0.0662219406769584,1
1,"A",2.31321286830416,-1.8099855741087,0
1,"A",1.70982330911917,0.230518652701975,1
1,"B",-0.774273224642892,0.199772182356716,1
0,"A",0.953123748287514,-0.534170307809346,1
1,"B",0.949689443006276,0.890401338879308,0
1,"B",0.098097491798834,1.00560170855535,0
0,"A",1.45474692901736,-1.55055116128104,1
0,"A",0.0812356627010684,-2.21178725125788,1
0,"B",-0.473394071368018,-0.637500637026853,1
1,"B",-1.17183003473325,-0.359350189636073,1
0,"A",1.00822189827896,-0.404202769889564,0
1,"A",1.78244887330531,-0.434998281683256,0
1,"A",-0.250923791169187,-1.73832517813541,1
0,"B",-0.720432114716971,-0.553932986201533,0
0,"B",-1.76099364983115,0.421070383536167,0
0,"A",-0.278577166183212,-0.723720869294848,1
0,"B",-0.407438467114669,-0.0235542761567723,1
1,"A",0.906687615758824,0.309036183482477,1
0,"B",-1.30648665581055,-0.1489507592323,1
1,"B",0.349759800148155,-1.43058166940849,0
0,"B",-2.53308959872624,0.948866103153473,0
1,"A",0.997866228098441,0.222061477716822,0
1,"A",-0.905060644699524,0.997756352440087,1
1,"A",-1.03642231399893,2.08809611574864,0
0,"A",0.350251999222063,-0.783191157548999,1
1,"A",-0.0589374702639002,-0.551956359131466,0
1,"B",-0.923415853710759,0.569714964528475,1
1,"A",0.979686156600105,-1.7326362653496,0
0,"A",0.0795207816284541,-0.306173891653233,1
1,"A",0.279029877880445,-0.905117525204364,1
1,"A",0.62736109790624,0.683555413659269,0
1,"A",0.081965966867642,0.959498734272877,1
1,"B",-1.07443841290788,0.447931783858042,1
0,"B",-0.65702678297132,-0.555795485899402,1
1,"B",0.117375411508684,-0.129080875407033,0
1,"A",1.06915588394207,-0.429792166635113,0
0,"A",-0.172547563305031,-0.314125205503918,0
1,"A",0.586672592135106,0.71814526485327,1
0,"A",0.585027247660541,-0.0936900235942819,0
0,"A",-0.592097607478343,-1.32966668013203,1
0,"B",-2.32744114641551,0.951207603267546,0
0,"A",-0.155642183219244,-2.41214194027947,1
1,"A",-1.45826348977774,0.439289135428357,0
1,"B",-1.14309051279288,0.610792682435679,0
0,"A",1.16938472532806,-2.65135238556141,1
1,"A",0.721376465033749,0.185319125072388,0
0,"A",-1.88299183089453,-1.37778081550362,0
0,"A",-0.33581788149469,-1.60733333102249,0
1,"A",1.82948588213002,-0.166799843824091,0
0,"A",-0.555808944601566,-0.43127247881699,1
1,"A",1.72846616190293,-1.3030356649588,1
1,"A",2.35723035454622,-1.0357287101963,0
1,"A",-0.189122804656812,0.826837442292803,1
1,"A",0.104325921076378,0.237851976190378,1
1,"B",-1.61769356723271,0.232046526427814,0
1,"A",0.0334529980687212,-1.56057059735604,1
1,"A",1.04329710121114,-1.14668831282244,0
0,"A",0.0668505822508889,-1.41181130670002,1
0,"A",-0.761215301618061,-0.447408659917688,1
0,"A",0.610755378856263,-0.485324549746315,1
1,"A",0.225037784256982,0.368246588139404,0
1,"B",0.819178434758615,0.805464141795175,0
1,"A",-0.7826387039246,0.810136647364764,0
0,"A",-0.244544241914461,0.524931751626159,1
1,"A",0.732242353658832,0.371080676027865,0
0,"A",-0.638223517222517,0.964728260747688,0
0,"A",-1.32320201578476,-1.56851628389356,0
0,"B",0.295467220245418,-0.888247587077478,0
1,"A",-0.215847462880357,-0.0227413485167758,1
0,"A",0.0611538208642855,1.17221044042383,1
0,"A",-2.39262968163152,-0.484391974250101,1
0,"A",0.409603471477138,-0.289541189325316,1
0,"A",0.00219762517898098,-1.88179201590843,1
1,"A",-0.337407623605291,0.258472092822639,1
0,"A",-0.984396595581154,-2.96934098936507,0
1,"A",-2.4112881005738,1.24323685343724,1
1,"B",-0.899026290295058,-0.00620026327106152,1
0,"A",-1.68511797039745,1.5117672516237,0
0,"B",-1.72537082744212,-0.884554422585649,0
0,"B",1.37696486740715,-0.539444397438041,0
1,"B",-0.0379932697761178,-0.14439763796412,0
1,"A",0.501692781124992,0.0321604895999578,1
0,"A",0.769859306943359,0.0839089181467492,0
0,"A",0.199913294216047,-0.67602153748947,0
1,"A",1.00660794001743,1.31109552958541,1
1,"A",0.15307157477999,-2.15775186899513,0
0,"A",-0.55893836068982,-0.485037315122612,1
1,"A",1.92569904959217,0.819665490888832,1
1,"A",1.02648387098258,-0.0181611094157238,1
0,"A",-0.739909951382272,-0.299197258591546,0
0,"A",-0.0608915210461339,-2.15809068835021,1
0,"B",-0.822093210982593,-1.22562266341971,1
1,"B",-1.41568208694416,1.44894732071314,0
1,"B",-0.786625917097482,0.505881176035234,1
0,"A",0.462652403587929,-0.598946600123375,0
0,"A",-1.02869200632303,1.39454991283772,0
1,"A",1.2713725737107,1.10170692336375,1
0,"A",-0.891926994007518,-1.06617718181678,1
0,"A",-0.935985173638871,-0.980757985685221,0
0,"A",0.126908867152851,0.1921287946366,0
1,"A",2.00587726958413,-0.29647327207786,0
1,"A",0.885236655613747,0.454263880634074,1
0,"A",0.274570228788562,-1.93568664849597,0
1,"A",1.14553838838931,-0.671055011226494,0
0,"A",-0.527766719975993,-1.42304326258189,0
1,"A",1.29948144543622,0.912411186670401,1
0,"A",-0.163961371138305,-0.283219750874092,1
0,"B",-1.93613605135649,-2.28993334219153,0
1,"A",0.317127154993005,0.0200393390898477,0
1,"A",-1.33054795794822,0.515607033106181,1
0,"A",0.254629261479486,-3.02557077294003,1
1,"A",0.0668670334693235,1.11362850451334,0
0,"A",-0.273932534345109,-0.955662653003964,1
0,"B",0.145270106442877,-2.05205939726417,0
1,"A",-0.976858504700316,0.824004034539698,0
0,"A",-0.539502786196883,1.00197826770061,0
0,"A",-0.460369466441528,-1.00169337882808,1
1,"A",0.439772917824655,0.650408079664584,1
0,"A",-0.599672349666238,-0.239324473711743,0
0,"A",1.05483469192224,0.228767211484617,0
0,"B",0.717904288700719,0.839465365348377,1
1,"A",0.261931011730908,-0.154720228184441,1
1,"A",-0.088840461673423,1.22676384024327,1
0,"B",-1.18077317456134,-0.460494032302853,0
0,"B",-0.56598522341544,0.0168489813380178,0
0,"A",0.0912622426307423,0.416993624088067,0
0,"A",-0.754898260714226,-1.40117355273726,1
0,"A",1.3854073996919,0.353549470109844,1
1,"A",1.72118528800638,-1.55750493690201,0
1,"A",0.867189667567,0.225021994990246,1
0,"A",1.17282970384537,-0.288791343121376,1
1,"A",-0.051325241953541,-1.12670669894946,0
0,"B",1.2381838082308,-0.263919097668254,0
1,"A",0.422199186365385,-1.14718397778801,1
0,"A",0.711140216500121,-0.607526501107051,1
0,"B",-1.76596758653127,-1.17669189927874,1
0,"A",-1.47122484389576,1.24231002680072,1
0,"B",-1.38682567983517,0.262195617978238,1
1,"A",2.09597026699135,0.315064548456011,1
0,"A",-0.237593988846618,-1.77490048274563,0
1,"A",0.3335014959544,0.344631146060459,0
0,"B",-0.788966313561497,-1.48534322451627,0
1,"A",0.707731468681782,-0.845736066581409,0
0,"B",1.21556477470175,0.634321074151026,0
0,"A",0.553264334209167,-0.641634380663731,0
0,"A",0.025166288495926,-1.2736945788036,0
0,"A",-0.271368847061628,-1.98129311269007,1
0,"B",-0.812594435196234,1.5679427240001,0
0,"A",0.20172289679408,-1.05085977363539,0
1,"A",0.687109847344785,-2.40012226647848,1
1,"A",0.0167973808765288,-1.57529635502833,0
0,"A",0.842030800251395,-1.99378176842681,1
1,"A",-0.0408247471438609,-0.390440475023237,1
1,"B",1.85046512650898,0.0109757229676268,0
1,"A",1.09835510742613,1.31295178409006,1
0,"A",0.85620019338925,-1.1435840410945,1
0,"A",0.127294113194535,0.234182093661672,1
1,"A",0.54357622494398,0.273823178053342,0
1,"A",1.40930853727275,-1.16512164003881,1
1,"A",1.80785978576882,-0.0580758978038519,0
0,"B",-2.10063319201009,0.869048195549775,0
1,"A",-0.123678480330776,-3.22826747855949,1
1,"A",1.56544912503951,-0.566243262498821,1
0,"A",1.23909678353546,-1.67705723005587,1
1,"A",-0.766951595189336,0.793311116195201,1
0,"B",-1.46037922265061,-0.511830810454823,0
1,"A",-0.0731888196402974,1.67890316900787,1
0,"B",-1.22991499080669,-1.02703982260576,0
0,"A",1.20459398893751,-0.582859127246806,1
0,"A",0.0303900401196647,-1.25063248256938,0
1,"A",1.20971610229951,0.873228274448003,1
1,"A",-0.0161045662679795,0.192623057201649,0
0,"A",0.168834699408238,-2.18798891346841,0
1,"A",0.37664685383945,1.46670744026915,1
0,"A",0.170950404847718,-0.0987864495070516,0
0,"A",-0.693550528003528,-1.61333186835437,0
1,"A",0.480025823126443,-0.633840084099814,1
1,"B",-1.63674445644751,2.09725729214595,0
0,"B",-0.0773859336320848,0.0285205769665063,1
0,"A",1.06168409791182,-1.53077464925669,1
0,"B",1.01067939521877,0.524776900745028,1
0,"A",-0.768290701368586,-0.702434834156083,0
0,"B",-1.98457739114707,-0.27494114543114,1
0,"B",-2.8654074174483,0.338951389126997,1
1,"B",1.15140769037302,0.689649463466482,0
0,"A",0.905642330637701,-0.791499921533817,0
1,"B",0.340775727414939,-2.79290546576439,0
1,"B",0.00355989176969673,1.63502270342972,1
0,"A",-1.01387569861523,-0.847498174061253,1
1,"A",0.810341513253473,-0.976779425785883,0
1,"A",1.70666158294005,-1.19898780210447,0
1,"B",-0.843263625082034,1.83954156164454,1
0,"A",0.829228280863773,-0.4688989757226,0
1,"A",0.963185018743675,-0.375170228971122,0
0,"A",-1.07832265108541,0.0629557569959325,1
0,"B",-3.65603515310858,1.43732285638229,1
1,"A",1.52695828687387,0.263199481433619,1
1,"A",0.798104723567734,-1.41196257231032,1
0,"A",0.432189155955703,-0.051057427604155,0
0,"A",0.102047899458578,-2.35307269607522,1
1,"B",-1.01452248993986,-1.67841730198428,0
0,"A",-1.10616157420343,-0.541886557622076,1
0,"B",-1.55396348570541,0.260300942152096,1
1,"A",1.21663985185601,-0.193308306185973,0
0,"B",-0.344153573828969,0.181716624186258,0
0,"A",-0.0856196398011803,-1.75346368258999,0
1,"A",0.638537412539527,-0.245518800412865,0
0,"A",1.41567681248907,-0.225459385767497,0
1,"B",0.315848362745433,0.852607845016214,1
1,"A",2.38993825756162,-0.773579765603286,0
0,"A",0.799395643627441,-0.106257028519339,1
0,"A",0.173152296587093,-1.6539850823017,1
1,"A",1.91186075616912,0.726447664825339,0
0,"B",0.147165642817866,0.333029241091142,0
0,"A",-0.259023181431229,-0.312421461195901,0
1,"A",0.672947098883625,-0.00687816881842596,1
0,"B",-0.983535152701177,0.769583524383469,0
0,"A",-0.805433467364801,0.561334037724989,0
0,"A",0.326036159305245,-1.02427738956083,1
1,"A",-0.67376437818397,-1.28327678018533,1
1,"A",0.641642357161873,-0.34931150289531,0
0,"A",-1.01082604626886,-1.37033199952649,0
1,"A",-0.0924012151977351,0.0110922164043248,1
1,"A",0.427671055149377,-0.726370426402236,1
0,"A",1.27079893617322,-1.06785963019374,1
0,"A",0.263868390684012,-0.837482219856771,0
0,"A",-0.858547761396748,-1.7692976083179,1
1,"A",0.666232986415729,2.00335799198988,1
0,"A",-0.435283614873999,-1.23773786806291,0
1,"A",0.269306378786604,-1.35709554187928,1
0,"A",-0.751838678153675,-0.736719831909808,1
0,"A",-0.988569030247376,-1.0453356089219,1
0,"A",-0.420155742848978,-0.086436351023004,1
0,"A",0.0714317385492174,-1.29677892707782,1
0,"A",-0.0380673715494722,0.482072137882956,0
1,"B",-0.00611192643324771,0.603694592863673,0
0,"A",0.670698127721256,-1.57910673252327,0
0,"A",0.974087216078394,-1.22449224544246,1
0,"A",-0.204513168243671,2.38633193342375,0
0,"A",0.0727456590630236,-0.9538660895228,1
0,"B",0.298395978975959,1.78235954991809,0
0,"A",-0.471901824167456,-0.646219376343253,0
1,"A",2.02702005166074,-0.472519382792679,1
0,"A",1.19840144502373,-1.06741007934231,1
0,"B",-0.844063473118428,0.118228470297847,1
0,"A",1.01000124443283,0.604419055450507,1
0,"A",1.36262452184508,-2.21770205053066,0
1,"A",0.838338270639028,-0.42138402271253,0
0,"B",-1.44817707729824,0.753421675482721,0
0,"A",0.375353387900566,0.182187876786005,0
0,"A",-1.8456586596824,0.201759173110457,0
1,"A",-0.490488617502548,0.466723366884596,0
1,"B",0.364624980811469,0.209104288087506,1
1,"A",1.35235752421073,1.51894334363561,1
1,"A",0.544883390174894,0.671467958775756,1
1,"A",1.20774700513394,-0.295501122452991,0
1,"A",1.07381555341841,-0.872438196232959,1
0,"A",-0.772143552194968,1.55365484867068,0
0,"A",-1.18655404048728,-1.15411799434272,0
0,"A",-0.616291112152236,-1.12036413517033,1
0,"A",-0.157873251458764,-0.379828717985834,1
0,"A",-0.763746610773487,-0.31046714973037,0
0,"A",-1.79348412779245,-0.720592657697038,1
0,"B",-1.56872109915645,-1.2026085305196,1
1,"A",0.336636873252634,-0.213768659581354,1
1,"B",-0.717856789419481,-0.215878735878795,1
0,"A",0.836002926504562,-1.33242506417601,0
0,"A",-1.73452669229512,0.220231099734637,1
1,"A",1.20986999530957,-0.225494227270403,0
1,"B",-0.358803477777661,-0.0812916394670633,1
0,"B",0.759510497964262,-0.620235779941045,1
0,"A",0.170816241348913,-0.537608630544491,1
1,"A",1.9648541448226,0.0739988722604066,0
0,"A",0.371013413972256,-1.2080386904535,0
0,"B",-1.62986754730609,-0.829649866164359,0
1,"A",0.713630171133523,-1.91659004066011,0
1,"B",-0.980646905953972,0.801359249173287,1
0,"A",0.615998189084959,0.68330249905881,0
0,"A",-0.583235684200046,-0.765481516033981,1
0,"A",1.38503640420816,-1.84375148832082,1
1,"A",1.70725361659018,0.187268722268618,1
0,"A",-0.405570447510667,-1.1224228357347,1
1,"A",2.30405527121477,1.42862212819725,0
1,"B",0.315057364733999,-0.77383205474382,0
0,"A",-0.880697612653443,-0.848204833190182,0
1,"B",1.34821012525716,1.42358767646993,1
1,"A",0.223898580819556,-0.746760887781023,1
0,"B",-1.40016472101324,-0.362403958196076,1
1,"A",0.363725676353825,1.65476453579056,1
0,"A",1.43219773135704,-3.0373669577516,0
0,"A",1.29648715394115,-0.464716972576426,0
0,"B",-0.669851197819142,-0.218889758952313,0
0,"A",1.20523469443635,0.950107701672741,1
1,"A",0.517124453655999,-0.566194021672532,0
1,"A",-0.358962340101355,-1.1034805249372,1
1,"A",0.853096229945917,1.34084957973903,1
1,"A",0.254710991760196,-0.531005145880928,1
1,"B",-0.369106023880908,-1.06650279767948,1
1,"A",0.773765884848837,-0.764948989885018,1
0,"A",0.703824179912591,-0.891809079527093,0
0,"A",0.0111684657407236,0.485370987395539,1
1,"B",-0.00350832891746489,1.61725701416921,1
0,"A",-0.341510573776692,0.287240756836739,0
1,"A",0.141278684994525,-1.37467870784697,1
0,"B",-0.360471308925049,-1.47597863324044,0
1,"A",-0.14661495567585,-0.173889917056544,1
0,"A",0.163507628678562,0.0667531195391003,0
0,"A",-0.560393380808835,-0.643759076812992,1
0,"A",-0.554876508738396,-0.875606470049498,0
1,"B",-1.08369764525443,0.606176038662722,1
0,"A",-0.170680868949771,0.110936242526681,0
1,"B",-0.10367833779356,1.44223274484769,1
1,"B",-1.01848426912298,-0.683577192643023,1
0,"A",0.379134499911014,-1.15668553567611,0
1,"A",2.15401673677218,-0.190835446653624,0
0,"A",-0.132327914334315,-0.865734546923103,0
1,"A",0.25027588664089,-0.811583610761444,1
1,"B",0.387248371352128,0.149066239512004,0
0,"A",0.826536882947384,-1.25702748652955,1
1,"A",-0.203731589713783,-0.697827009500796,0
1,"B",-1.20333707032687,0.222446435742285,1
0,"A",0.534951714882282,-1.27907527234082,0
0,"A",-0.45927914074391,-0.918546620426626,1
0,"A",-0.0332784518280556,-1.42824221656098,0
0,"A",0.241772989764228,-2.204005179208,0
0,"B",-1.59260202722437,0.257125606271273,1
1,"B",-0.226124970741432,2.05517595578384,1
1,"A",1.39744047808987,-0.735844100565468,1
0,"A",0.0346199725939596,-1.57236901048575,0
1,"B",-1.23013489708206,0.905750810097149,1
1,"B",-0.161070761491558,1.18205930857786,1
0,"A",0.157928218293187,0.937683621097509,1
0,"A",-1.500505654143,-0.325383108465728,0
1,"B",0.274911591946312,-0.257874034943679,1
0,"A",-0.570303563409176,0.357074700177062,0
1,"B",0.513610398789011,1.33627914961564,1
0,"A",0.395124804892917,-0.910105240775904,0
0,"A",-1.26878243448867,-0.0703162250445179,0
0,"B",1.01285911157291,1.34853495106295,0
0,"B",-0.990631615327832,-0.502993342757532,1
0,"A",-1.90234833918743,-0.143742119633571,1
1,"A",1.25391721017591,-1.41760189938932,1
0,"B",-0.502326536498664,0.056208540127767,1
0,"A",0.0317232589122023,-0.296950613857566,0
1,"B",0.43275916086781,0.972831815558832,1
0,"A",1.30504738376077,-0.924162504622756,1
0,"A",-0.302795935013136,-1.4687975986268,1
1,"A",0.818040207298535,0.526747893359793,1
1,"B",-1.01205342792555,1.07441418718969,0
0,"A",1.50792029804123,0.546237564208923,0
0,"B",0.0825872907385335,1.20152741116132,0
0,"A",-0.700706535214495,-0.194086116215628,0
0,"A",0.220948791343207,-0.261505890219098,1
0,"A",0.0583619487004126,-0.633232979456126,0
1,"A",0.375640352898885,-1.92346508828381,1
0,"A",-1.32499173738812,-0.384532145257511,1
1,"A",-0.310365466226723,0.0988233931688524,0
1,"A",1.76403124866738,-0.0520945276044517,0
0,"A",-0.348212656284197,-1.16817897586496,1
0,"A",-1.71033379023733,0.275310003330354,1
0,"B",-0.199237831525347,-0.277471187485447,0
1,"A",1.35143011730862,-1.64342398041005,1
1,"A",0.659619634882364,1.09477985899468,0
0,"A",0.063051730068932,-0.964372399423899,0
1,"B",-0.343752550955352,-0.297597929832244,1
1,"A",-1.99587228194827,-1.71799959317871,0
1,"A",2.71325968902708,-0.728653508815213,1
1,"A",-0.513174815038506,0.355960964529348,1
1,"B",-0.0474298162208739,1.47245988987598,1
0,"A",1.12321096663051,-0.780321378498549,1
0,"A",-0.956721132376656,0.0353672911127382,0
1,"A",2.39331006358117,0.381283429783133,1
0,"A",-1.56567561888735,2.02120302289325,0
0,"A",-0.821231386177001,-2.74207361804216,1
0,"A",0.0554619826013865,-0.684302689927599,1
0,"A",-0.558230148804642,0.803501213476359,1
0,"A",0.066088532530842,0.426575018928679,0
1,"A",0.256921249842678,1.85008882394062,1
0,"A",-0.897754606417834,-0.881105052838125,1
1,"A",0.327641646155827,-0.0429292796217332,0
0,"A",0.304371520866251,-0.536839277881394,1
1,"B",0.511917355939122,1.05611191606934,1
0,"B",-1.0160309515109,-0.19484309766322,1
1,"A",1.87342639522059,0.94240891559012,1
1,"A",-1.06266163662525,-0.325209935480477,1
0,"A",0.936295083089095,-1.13963055664028,0
0,"A",-1.64505016106566,-1.76872393199908,1
0,"A",-1.15005218495284,-1.46268563049591,0
0,"A",0.613988426726504,1.81758184060461,0
0,"A",-0.66225143935853,-1.0212457229488,0
1,"A",0.0634805908049036,0.930771934760009,1
0,"A",0.202690605021572,0.729319203639107,1
0,"A",1.17370893523553,-1.57470058113816,0
0,"A",-2.47066553079957,-2.67291144995571,0
1,"A",0.971963368974368,-1.00520639213483,0
0,"A",0.595100774286171,-1.76365495658334,1
1,"A",1.60515488094641,-1.32259067430575,1
0,"A",-0.612363966485064,-0.727454962914786,0
1,"A",1.28984939881799,-0.204537198960855,1
0,"A",1.47759022739806,-2.34874401164375,0
1,"A",0.968862510455039,-0.0173229820126294,1
0,"A",-0.583055315368713,-0.224655615890263,0
0,"B",-1.81237752466578,-0.0483096421982905,1
1,"B",-0.984647851330257,0.569140236303502,0
0,"A",0.699663643529797,-1.05296106573219,0
1,"B",1.21681118300863,-0.5961505803185,0
1,"A",0.787188633351934,-0.845987532238735,0
1,"A",0.102937894701799,-0.680306532438229,0
1,"A",0.822473343068275,-0.545843144549644,1
0,"A",0.49124493089108,-1.11533554157999,1
0,"B",0.0406932409916944,-0.393249514049223,0
0,"B",-2.3817519561031,1.40959745446516,0
1,"B",-0.523026982122051,1.91838626388579,1
0,"B",-0.0224508420619555,-0.0151073874576593,1
1,"B",-2.75750751132213,0.480146529212755,0
1,"A",2.30352153987118,0.833005993648079,0
1,"A",0.244601265276424,-0.991545899057238,0
0,"A",-0.392674945298046,-1.45662459719619,0
0,"A",1.32948512331235,1.07114327305712,1
1,"A",0.0214389206565532,-1.11383920645322,1
1,"A",0.409828793731968,0.480254885753771,1
1,"A",2.16358569144968,1.10660733326099,0
0,"A",-1.53008930182346,-0.70286343224335,1
0,"A",-1.03190637898413,-1.35130556161302,0
0,"A",-1.84895760501665,-1.26574641599616,0
0,"A",-1.33059689973062,0.104630424083875,1
1,"A",1.5409262308798,-0.483993728599862,0
0,"A",1.0957487003031,-1.62670025412268,0
0,"A",-0.337470050160807,-1.70579770088038,1
1,"B",-0.49831032586112,1.04583899799462,1
1,"A",-0.551895779204321,0.0692232082724208,1
1,"A",2.70804363020409,-0.566534756072789,1
1,"A",0.190245941029095,1.03975538638333,1
1,"A",-0.862929664061828,2.33030508455427,0
1,"A",1.22067301984341,0.910894856866476,0
0,"A",-0.376676142581912,-0.697860670459212,1
0,"A",-0.527818999019808,-1.95487923620537,0
1,"A",0.780955405238819,-1.51159620590524,1
1,"B",-0.674183651517777,-0.244705877565898,1
0,"A",-0.804875507045564,-1.36047835217075,0
0,"A",-0.921113280742482,0.336067899845932,1
1,"A",1.05721032831789,-0.426262564539521,1
0,"A",-1.26048603393312,-0.770661122198042,1
0,"A",0.00191584979571752,-0.968990428833762,1
0,"A",1.04730958678936,-0.50900052864999,0
0,"A",0.300096196345589,-3.06266863451078,1
0,"A",-0.0193548644404701,-1.16112236105989,1
0,"A",0.479841372000872,-2.35968760491017,1
1,"A",0.772278290023155,2.01853312080933,1
1,"A",0.988497753981921,0.377489751330775,1
0,"A",-1.29648467396527,0.211193924051702,1
0,"B",-1.24204584631014,0.153268354518018,1
1,"A",0.163015455772338,0.134938437632864,0
1,"A",0.582049466401846,-0.744572033376466,1
0,"A",-0.111988098784862,-0.132379812637961,1
1,"A",-0.226286719374516,-0.432633583881728,1
0,"A",0.0282353175757675,-0.983462447145779,0
0,"B",-0.346122530844235,0.0408904183076266,0
0,"A",0.241470482697345,-1.67771056201446,1
0,"A",1.22967080781442,-1.40994321418632,1
1,"A",1.74396341530295,0.424643790255819,1
1,"A",0.174670317076156,-0.107190936416022,0
1,"A",1.00801104926942,1.97605267584842,1
0,"A",-0.172609855208514,-1.16517695211836,0
0,"A",1.49048396156263,-2.14162370748157,1
0,"A",-1.06219561026614,0.640467735246135,1
1,"A",-0.640627213644284,0.393493992580629,1
1,"A",0.986302683349166,0.396248621223761,0
1,"A",-0.0123462300208609,-1.74543409184813,1
1,"A",0.356841521477409,1.81716811489344,1
0,"A",-0.828435399459271,-1.83860878483499,1
1,"B",1.32310118351992,0.123135255546254,1
1,"A",2.03623875042283,1.19277487193983,0
0,"A",-0.122047763725365,-1.92738574852527,0
0,"A",0.359830181496736,-1.204990102822,0
0,"A",-1.43931966490209,-1.3358805567005,1
1,"A",-0.0080005734724482,0.648754813755018,1
0,"A",0.516664087304674,-0.935944121219039,0
1,"A",0.284756188713889,-1.04934508213012,0
0,"A",0.265491230151349,-0.773667045542238,0
1,"B",0.062450787845888,0.348688391405002,1
0,"A",-0.797130041339312,-0.0926134392767136,0
0,"A",0.0063144339168501,-0.876332734709314,1
1,"A",0.670568794655742,-0.20590047318924,1
0,"A",-0.668018080978898,-1.74468878494599,1
0,"B",-0.39840982878653,-0.434431414871533,1
0,"A",1.17579637970721,-1.1066317707362,1
1,"A",-0.264266933968781,-0.761853198923461,1
1,"A",3.06286454038968,-0.393881954774345,1
1,"B",0.0451252624714671,-1.05680718377597,0
0,"A",-2.03587303792081,-1.11706035522422,1
1,"A",-1.6983443369196,1.22032832204847,0
0,"A",-0.647490118754661,1.18137104974216,1
0,"A",0.320825839448846,-2.77547226042447,0
1,"B",0.796435514094612,-0.0652445143217542,1
0,"A",0.163790802010149,-1.13532196507034,1
1,"A",0.565137814190653,-0.406662911051728,1
1,"A",-0.305837890221492,0.192479099749665,1
0,"A",-0.266566025083867,-0.754063321500173,1
1,"A",0.693702622186467,-0.2662531159963,1
1,"A",0.0791930245085317,-0.14216366631541,0
0,"B",-1.08069958378002,0.753561164490486,0
1,"A",-0.450077589776966,-0.0886192550991217,1
1,"A",-1.32263434988394,0.960482415350809,0
1,"B",0.945288851551648,-0.582443222814704,0
0,"A",-0.244262996465576,0.501304080745062,1
0,"A",-0.272626210938504,0.0444642886422205,1
0,"A",-0.652333074602256,-1.40991586276935,0
1,"A",1.95466746336991,0.226652561371906,1
0,"B",-0.384360321943606,1.29765137277484,1
1,"A",1.12958456211007,-0.114992455560526,0
1,"A",0.898155392205357,0.445502913802459,0
0,"A",0.911210592575331,-0.674354641947886,0
0,"A",0.536594431318923,-0.76380294928379,1
0,"B",0.440555862166977,-1.13876115928161,0
1,"B",-0.528586365896757,0.778503618511385,1
1,"A",0.78056019828874,0.425405558859667,0
0,"A",1.06617455738427,-0.493424614194966,0
0,"A",-0.273820131975747,1.10710448220995,1
1,"A",0.0732103067423201,0.578261572952674,0
1,"A",-0.640404959646937,1.90935538780876,0
0,"B",-0.268925393584176,0.581459899682639,1
1,"A",1.60340263972759,0.248868510993001,1
1,"B",-0.618501318186195,0.4878408223933,0
0,"B",0.536597417545665,1.48778289701096,1
1,"A",0.69608693745104,-1.8393532392692,0
0,"A",-0.449502698639657,1.07776409315955,1
0,"A",0.477926268804377,0.989301811815534,0
1,"A",-0.307803536792712,0.886285781509737,0
0,"A",-0.11205287260726,0.628148043907785,1
0,"A",0.382861560776399,-0.304096672458401,0
0,"B",-0.716267734702316,1.97954598978396,1
1,"A",-0.524083560052781,2.10018462430014,0
1,"A",0.764361899564411,-1.02098517363894,0
1,"A",0.0322059188711475,-0.917390119365863,0
0,"B",0.64144915847799,-0.0982547600037829,0
0,"B",-0.622071232629241,-0.451860737752064,1
0,"B",-0.359120908513722,0.701474596036847,0
0,"A",-1.17686391946596,0.358567663695525,0
1,"A",1.38843843400299,1.16774705626937,1
1,"A",1.29803580206936,-0.807730876722839,1
0,"A",1.51088229963337,0.275842278924778,0
0,"A",0.360586509018723,0.31911117333114,0
1,"A",1.69165009185499,-0.217093877681773,0
0,"A",1.94169536311814,-2.30890810490293,0
0,"A",-0.192069350018974,0.481423383053157,0
1,"B",-0.624132623300104,0.964040743173823,1
0,"A",-0.431085799822562,-0.68404639955374,1
1,"A",0.955233716666613,-1.28718858532247,0
1,"A",-0.393818812634518,0.667806216163635,0
1,"B",-0.00240535414783555,-0.224866655915091,0
1,"B",-0.79345801892364,0.524329733816879,1
1,"B",-1.31731098827213,1.3038629406947,0
0,"A",-0.344978078021312,0.740084546132978,0
1,"A",0.199047133411599,0.676404920543155,1
1,"A",1.57364161412827,-0.736533091681225,0
0,"A",-0.267821766827109,-0.828993953593333,0
1,"A",-0.0781845375696635,0.274499542820734,0
0,"B",0.732536954483514,-1.23640014141535,0
1,"B",-1.16872480047715,0.745893351793341,0
1,"A",1.32316183611535,-0.588357121652062,1
0,"B",-3.01514775204318,-0.384827186600789,1
1,"A",1.95150822241385,-0.574771310476916,1
0,"B",-1.66679419513632,-0.353962097363409,0
1,"B",1.16684854957243,0.543898689763916,1
1,"A",2.01880026024442,-1.29195301772987,0
0,"A",0.79333548097183,-0.957895388407436,1
1,"B",0.913814751633794,1.14917101132421,1
1,"A",0.0814250277824042,-0.925106226979957,1
1,"A",1.12172826292417,-1.51127846202189,0
1,"A",0.644117195769582,0.0227679528683086,1
1,"B",1.1966574577976,0.550142044545964,0
1,"A",1.59997332979097,0.0592135116082642,1
0,"A",0.0544876922074083,0.0599060280755639,0
1,"A",0.633623456683511,0.20804132438115,1
1,"A",1.62034769974826,0.0366131097164641,0
0,"A",-0.857239315300691,-0.0666007023755075,1
1,"A",1.37104441525432,-0.903773770065058,0
0,"A",1.7479682733252,-0.106048350114355,1
0,"A",0.642062592240671,0.574102084778264,1
1,"B",-1.03959122914444,-1.39592505199677,1
1,"B",-0.885389354294374,0.951898946044603,1
1,"A",0.00615386444061394,0.0868365882871059,1
1,"A",1.17950120119759,0.748876784270379,1
0,"A",0.847327205436909,-1.0351617352424,1
0,"A",-0.909267583596317,1.24683279726282,0
0,"A",1.43609026409471,-1.80895678132819,0
0,"B",-0.484600007778132,1.54572943427227,0
0,"A",-0.76894364810493,-0.447388440321787,0
1,"B",-1.61716121226912,-0.987857176715607,1
0,"A",1.58109920722527,0.548158466701643,1
0,"A",0.401787120250976,-0.0348358059783882,0
0,"A",-0.48975191543517,-0.885492838505754,0
1,"B",-1.79691269589455,-0.394413545033418,1
0,"B",-0.845911363198507,0.340301392412384,0
1,"A",-0.213370279645565,1.42175500519911,1
0,"A",1.13985528127972,-0.615268029750046,1
1,"B",-0.682368619967267,1.32636634394482,0
0,"A",0.470216044882632,-2.40608819530127,0
1,"B",-0.353362912983784,0.481652663411999,0
0,"A",-1.29326049442676,-0.221110710007626,1
1,"A",0.284848631406445,-0.0291732961359246,1
0,"B",-1.46320970636534,1.25276284593006,1
1,"A",0.99148784150645,-1.23904923951641,1
1,"A",0.926116150631886,1.31337384594684,1
1,"A",1.94989485252431,2.26669587930227,0
1,"A",2.02742028847245,0.702345211779108,0
1,"A",3.44277833087084,-0.542901990194238,0
0,"B",-0.349282857611096,0.81592716428078,1
0,"A",0.855584917632531,-0.966769371281323,1
1,"A",0.792954747496304,-1.59797939380101,0
1,"B",0.273653707208165,-2.15723925303846,1
1,"B",-0.23406266888217,1.66427154041486,0
1,"B",0.173866630515979,0.570455815678729,0
0,"A",0.735402901398088,0.561608211146986,0
0,"A",-0.972972462264766,-0.597501828667536,0
0,"A",-1.14852464501903,-1.21717432869187,0
0,"A",-0.411957708084239,1.07547713112206,0
0,"A",0.0879887045827707,-1.03916744064389,1
0,"A",0.272932940702582,-2.13719731512689,0
1,"A",0.725584131065341,-0.380519094384011,0
1,"A",0.962919442581328,-0.113217514687311,0
0,"B",-0.677299618925842,-0.827233846515786,1
0,"A",2.05704656537487,-0.624755493602448,0
1,"A",0.0135285575595754,0.631811811903796,0
1,"A",-0.0253618241539124,0.797486230157551,0
1,"A",0.61702445754317,-0.218940061295257,0
1,"A",-0.529046583953261,-0.185279044039205,1
1,"A",0.368522245913489,0.45508678640694,0
1,"A",0.135537575595919,0.375549347423977,1
1,"A",1.32143483522215,0.29271262692894,0
0,"B",0.588279207190638,0.66132926093016,0
1,"A",1.21193445457323,0.149725053723605,0
0,"A",2.41409870046753,-0.897837228177863,0
0,"A",1.23797851800394,0.0628970884343369,1
1,"A",-0.763136263016648,-1.26739026385197,1
0,"A",1.47362623290352,-1.37364772303463,1
1,"A",1.2019648302077,-0.397759739026847,0
0,"A",-0.040341150968708,-0.950243937534221,0
0,"A",-0.311150224326086,-0.270505527645221,1
1,"A",0.699081071774498,0.415778963725754,1
0,"A",-1.52900809894273,-1.00969048506832,1
1,"A",1.88822443290751,1.20898639314079,0
0,"A",-0.326190575807167,0.145439632562974,0
1,"A",-1.4797759684595,-0.189580665490425,0
0,"A",0.93796109285049,-0.181103739525325,1
0,"A",-1.63974275759526,-0.243189343391541,0
1,"B",-0.69128463590334,0.227617790111411,0
1,"A",1.48739615033389,0.890297841436932,1
1,"A",0.311879455628898,-0.013050166551262,0
1,"A",1.68965792896352,-0.32388670826902,1
1,"A",-0.207902725420468,-0.66977797624883,0
1,"A",0.528523588932521,-0.329173896616143,1
1,"A",-1.2232312188267,-0.474923857498896,1
0,"B",-1.95178297277194,0.750684238664944,0
0,"A",0.570342248530568,0.0455803135423153,0
1,"A",0.483844593412185,0.0310319580685697,0
0,"B",0.712130572570733,0.0167705037167975,0
1,"A",1.80226829967968,0.451543194718997,1
0,"A",-0.907677175001437,-1.03325329920228,0
1,"A",1.37878263689236,-0.474224326362665,1
1,"A",1.38694966201005,0.273519194296255,1
0,"B",-2.58370329270373,1.60031147585843,1
1,"B",0.134372413826771,-1.06990819707954,0
0,"B",-1.87577137505192,-0.499071773902101,1
0,"A",2.40990647301882,0.248992005317416,1
1,"A",-0.191132496175832,0.636488681666132,0
1,"A",-0.891794974467839,-1.01296161227611,0
1,"A",1.73506832803588,-0.587624943553519,1
1,"B",1.87143929653575,0.724147518237056,0
1,"A",0.464008587689967,-1.70853274074079,1
1,"A",1.57512536739386,-0.790296105887773,0
1,"A",-0.0829199810038936,-0.96292690940158,1
0,"A",-0.612789474226535,0.753478175216689,0
0,"A",-0.378582408948306,-1.19955992285644,1
1,"A",0.993301299197578,-0.0943472599242482,0
1,"A",0.287808289482715,0.461007186652396,0
0,"A",-1.16241098387353,0.405316621277846,1
1,"A",2.75504366341946,-0.349855141563406,1
1,"A",2.20905112232764,-0.112129685277867,0
1,"A",-0.563941068515496,-0.507737512683191,1
1,"A",0.083349965004064,0.43719960127558,0
1,"A",0.0687267460061234,0.995093742282189,1
1,"A",0.17483661730293,0.254079594003071,0
0,"B",-0.130929819854207,1.67614951619833,0
0,"A",1.62721601458494,-0.510868766446021,0
0,"A",-1.19554198212311,-0.959358465504387,0
1,"B",1.72487819027107,0.500122555482815,1
0,"A",-0.985843779186306,-1.76747582362624,1
0,"A",-0.869029340600527,-0.532311579733843,1
0,"A",0.13063089715638,-0.731579508829894,0
1,"A",0.382566392918513,-0.481276193399625,1
0,"B",0.422170550813543,0.234551951356962,0
0,"A",-1.76410457972242,-1.48460641297133,0
1,"A",-0.0719043950405838,1.62999845006677,1
1,"A",0.813005519810137,-0.505992462858244,0
1,"A",1.31633932193904,1.61019877226102,1
0,"A",-0.325792630090713,0.498789819568985,0
1,"A",2.50460664454011,0.244184725185886,1
1,"A",2.36282368178745,0.329647559593532,1
0,"A",-0.0146502016152185,-1.25633552781434,1
1,"A",-0.450955006227601,0.0883220433604301,1
1,"A",1.05617569704252,-1.23428958574122,1
1,"A",0.83463788800095,-0.940764547157993,0
0,"A",-0.00141925591744757,1.45325669024881,0
1,"A",-0.883524932106033,-0.904008167060509,1
1,"A",1.00618898786695,-0.713944711975505,0
1,"A",-0.282200020814472,2.1722076615642,1
1,"A",2.98729837105935,-0.939440141690149,0
1,"A",-1.21629952566897,-0.866297641885107,1
0,"A",1.66180381201269,-0.552260104004149,0
0,"A",0.832038146328813,-1.84709445597199,0
1,"A",2.81670649478791,-1.24494339585535,1
1,"A",0.521133281312064,0.793175534180299,1
0,"A",0.809997275273903,-3.66415972565545,0
0,"A",0.497793128216327,-2.49835239105667,1
1,"A",-0.512483009024586,-0.756251799343119,1
0,"B",-1.43785146449304,0.780836018884718,0
1,"B",-0.190341705272897,-0.145060038904476,0
0,"A",-0.848127204576936,-1.71882894128769,0
1,"B",0.790990208232668,0.531877648126757,0
0,"A",-0.18995742432427,0.65356880650559,1
1,"A",-0.329664391223186,-0.92748667385101,1
0,"A",-1.54232132547523,-1.3583189019595,0
1,"A",-0.299205640671693,-1.45796686147454,1
1,"B",-0.986066504458393,-0.404012570765805,1
0,"B",-0.50070746186432,0.406418195839604,1
1,"B",0.850978191384572,1.18670004030221,1
0,"A",1.88230506285279,-0.635555107559031,0
0,"A",-1.03456469794163,-0.717069996533447,1
0,"A",1.2555025709294,-1.22460134976751,0
0,"B",-1.34302561758502,0.98231053942606,0
0,"B",-1.07254673519362,-0.310843232956919,0
1,"A",1.04993736824196,-1.46736939319626,0
1,"A",0.513585798408757,-1.93580574240944,1
1,"B",0.0219088589444899,0.606850554680437,0
0,"B",-0.664167798513509,-0.800960406603198,0
1,"A",-0.789388866968296,1.63227383128756,1
1,"A",1.29279140917931,-1.1296554471653,1
1,"B",-1.02187942136563,-1.03625145609344,1
1,"A",0.311193741952746,-0.0425931976544455,1
0,"A",1.07995393250311,-1.06217843832392,0
1,"B",1.90043616896098,-0.0500274330007747,0
0,"A",0.893965569107205,-2.52837645032767,1
0,"A",-0.815115764404231,-0.250705474588509,0
1,"A",2.21032256245477,-1.39039324309423,1
0,"A",0.00321397656057082,-1.27230084610207,1
1,"A",1.06711635637481,-1.0706827155727,0
1,"A",0.145318668778772,0.588505936168298,1
0,"A",-0.00167245628770352,-1.39037835843712,1
0,"A",0.272017756051949,-0.612653322702844,1
0,"A",0.0048105649817563,-3.06783403676762,0
1,"A",0.266627471129641,-0.677114551436197,1
0,"A",0.103643606333909,-1.81834660987671,0
0,"A",0.780970557494703,0.108983553476369,1
0,"A",-0.841796699631689,0.543111212373283,0
0,"A",0.598891748605136,-0.0759261301346671,1
1,"B",-0.767090791817739,0.890195589638164,1
0,"A",1.44851248374206,-1.27910615654242,1
1,"A",1.98249611064281,0.131237084559513,0
0,"A",0.0811411820818511,-2.14221558521706,1
0,"A",-0.316765245966002,-0.692193373625691,1
1,"A",-0.558899980579166,-0.502405268845045,0
1,"A",0.489523822729085,-0.669706193937905,1
1,"A",0.170638068904334,-0.0459720255988127,0
0,"A",1.29525310516907,0.0287988273601976,1
1,"B",1.29194810158488,1.15424129354486,0
0,"A",0.937048045123386,-1.58487753273292,1
0,"A",0.0912812263266626,-1.63723779493169,1
0,"A",0.336493670604098,-0.882135699702846,0
1,"A",0.39835674061311,-0.486402386989041,1
0,"A",-0.120923438364781,-0.923059546379205,0
1,"A",0.725970727757358,-0.0933054634213309,0
0,"A",-0.76489336534054,-0.733286843043764,0
0,"A",0.241495893443908,0.468865326384783,1
1,"A",1.56606412552266,-0.341142648054888,1
1,"B",-0.207305543133907,-0.459315988320606,1
1,"A",-0.367919246992679,0.395646272320051,0
0,"A",-0.309814135674103,0.158062626884634,0
1,"A",1.22654670215296,-2.30576323113857,0
0,"B",0.521284613950022,0.675534796886818,1
0,"A",0.546826164846082,-0.389900852069158,0
0,"B",0.0960705897946762,-0.799751988871189,0
1,"A",-1.43734187611228,0.665725268976673,0
1,"B",-0.11054993696659,1.44160565279934,1
1,"A",0.803124032183235,-0.729020246736074,1
1,"A",1.23040780001783,1.3295089105786,0
1,"A",0.701556049362333,-0.0556671302454475,0
0,"A",-1.51775262280752,-0.238038050149526,1
0,"A",0.393015292436034,0.453676094741863,1
1,"A",0.161114828709044,1.80709688118425,0
0,"A",-0.284238196814349,0.441332914469463,0
1,"B",1.32408701432777,0.0410222898501294,0
0,"B",-1.13349486839606,1.54357406566149,0
0,"A",-1.46617680876661,0.640352866451691,0
0,"A",-0.276275512647665,-1.80128549575862,0
0,"A",1.56190361495485,0.238018254995626,1
0,"B",0.660769522574388,-0.692350506274966,1
0,"A",-1.21318290612276,-0.562582510666719,1
0,"A",-1.10777816584958,-1.43975854048746,1
0,"A",-0.182292949946059,-1.5375227043654,0
1,"A",2.60113131424724,-0.283707202808717,1
0,"A",-1.45298428366579,-2.04132569549689,1
0,"A",0.389511544341831,-0.769775708062083,0
0,"B",-0.202387235968147,-2.42850912751327,0
1,"A",0.842346222491225,0.120025323339409,0
1,"A",0.548285620367145,-0.310650730626468,0
0,"A",-0.361858404973547,0.286928752028754,0
1,"A",2.56045025028328,1.49362244904967,0
0,"A",1.15719887752084,0.686273045525451,0
0,"B",-0.781364404901075,-0.642080827917163,1
0,"A",-0.0527346858320382,-1.52074185137286,0
1,"A",0.0152468474013978,0.791485786551281,0
1,"A",1.17123259997949,0.620608227406125,1
0,"A",0.810743519841559,-1.40994505150273,0
1,"A",-1.63199113523345,-1.1683074251149,1
1,"A",0.449098504467947,-0.736935936992123,0
0,"A",0.688535999840373,-0.0728871761072254,1
1,"A",0.268618936094372,-0.87380696178298,0
0,"A",1.55229384177741,-2.48011754675435,1
0,"A",1.35124856356917,-0.760538937934072,1
0,"A",-0.804563699725552,0.946449495618164,0
1,"A",0.0340288480915436,0.766183373505407,0
1,"B",1.63136978382982,-0.0171884962016371,1
1,"A",2.29731625987798,-0.285834221398199,1
0,"A",0.571893886581305,-1.49827935522607,1
0,"B",-0.627291822406319,-0.245488881634633,0
1,"A",0.377013234896364,-0.126869776914217,0
0,"A",-0.623116152923191,-0.720250208544774,1
0,"A",1.28614983974708,-1.11516058489247,0
1,"A",3.12829683043088,-0.814811851278877,1
0,"B",1.61044079857534,0.237278363511156,1
1,"A",0.609973297735016,1.12340242624973,1
0,"A",-0.194048920127685,-0.892126377820471,1
1,"A",-0.058187567722862,1.14491295510445,0
0,"A",-0.598179815911677,-1.63944730691774,1
1,"B",-0.498481448229457,0.798563334773474,0
1,"A",0.542660552261796,-0.0340211253140953,0
1,"B",-0.511124031195999,0.468818789940728,1
0,"A",0.784861765348285,-0.329876759012792,0
0,"A",0.943789238396085,-0.66075631114916,0
1,"B",-1.12875475325974,0.479528851267896,0
0,"A",-0.330413780985624,-0.528707180483682,1
1,"A",0.891000289606341,0.739197562001434,0
1,"A",2.31830164253025,-0.0557743815373922,1
0,"A",-0.818721870817797,0.485958740502872,1
0,"B",-0.436689569702998,0.0261535652860843,1
1,"B",1.06811499115296,-0.975583626862442,0
0,"A",0.837506772846593,0.093261778393865,0
1,"B",-1.2259847465793,1.22774182263783,1
1,"A",1.20753250143169,1.18917535112375,1
0,"A",0.910761917672834,-3.41875039985161,0
0,"A",0.403664850893948,0.376305198121853,0
1,"B",0.39630328589479,1.20241860373682,0
0,"A",-1.04394339393692,0.0342139086703743,0
1,"B",1.27678690682268,0.109098718364628,0
1,"B",-1.18019759014862,-0.361938300143753,0
1,"B",-1.26384413172324,0.554465216704829,0
0,"A",-0.206252897001087,0.153888579290361,1
1,"A",1.99941981209262,-1.29000248890308,1
1,"A",0.712531241791589,-1.35875274646424,0
1,"A",-0.233057135533792,-1.77060769346561,0
0,"A",0.936320801732666,-0.289773414023534,0
0,"A",-0.643524603921124,-0.977694249950195,0
1,"A",-0.149888887163412,-0.155909053242094,1
0,"B",-0.117463075432473,0.334936812242543,0
1,"A",-0.251982805710471,0.241228729528923,1
1,"A",0.0235953588930704,0.935027478534386,0
0,"A",-0.379059371743171,-1.24311073231361,1
1,"A",-0.39945803314147,-1.04058290264467,1
0,"A",-1.30378273872199,-0.508389886891644,0
1,"A",0.658845650098312,0.296625735885439,0
0,"A",0.715630504543754,-0.0803780364805354,1
1,"B",0.450439904567518,1.03083001643564,0
0,"A",0.705243336316713,-2.66585900502455,1
0,"A",-1.33786057426534,0.850049571671965,0
0,"A",-0.646526341814898,0.0712605101889822,0
1,"A",1.0398711873256,-1.75497284791172,1
1,"A",1.37735927431082,-0.209865421817471,1
1,"B",-1.62579270654175,0.136230146680926,1
1,"B",1.02871330164417,2.45369245304869,0
1,"A",0.200706651527239,0.2902320520637,0
0,"A",-0.641263535523875,-0.286858566795041,1
0,"A",-0.0309532361425461,-0.899551974427218,1
1,"A",1.1707713666696,0.113665439538864,1
1,"A",-0.161899913203632,0.826132762239644,1
0,"A",-0.178195930873105,-1.24428484097112,0
0,"A",0.505656128889651,-0.036160450140321,1
0,"A",-0.286576066507184,-0.839990909303558,1
0,"A",-0.0336386235600843,-1.7458685636073,1
1,"A",1.3475192860089,-0.374033228469777,1
0,"A",-0.34825665266229,-1.35572062166034,0
1,"A",0.0833650643188622,-0.295397985785195,0
0,"A",-1.59316921086294,0.0261047475276173,1
0,"A",0.303900476431479,-0.95816552239434,0
1,"A",0.715348220008718,-1.39854401916359,1
1,"A",1.22519641928947,1.39580853240815,1
1,"A",-0.835630208250284,1.23879170791125,0
0,"A",-1.4433332346074,0.861805818833995,0
1,"A",2.72065682844999,-1.05931416241479,1
1,"A",2.04125125579381,-0.153858153039497,0
1,"A",0.434479862693545,-0.949472836329511,1
1,"A",0.00271240931449146,-0.353950997079799,0
0,"A",-0.00574286193825052,-1.04109797408916,0
1,"A",1.12724270728817,-1.25473081244015,1
1,"B",-1.72718304502243,0.256972618496046,0
1,"A",0.00379554680249566,-0.679431108324337,1
1,"B",-1.05112179491728,0.516602771831912,1
0,"A",0.7652903464397,-1.88590056144385,0
1,"A",-1.58733346083634,-0.424175778113787,1
1,"B",-0.162484539533538,0.438748853503646,0
0,"A",0.765478798119645,-2.73525539951054,1
0,"A",0.352087946019055,-1.3484308758193,1
0,"A",0.986924709546545,-1.13080969331996,1
0,"A",-0.939144926825968,0.0466301663685275,1
0,"A",0.93980265080457,0.2570231287712,0
0,"A",2.13466810777111,-0.904907688955854,0
1,"A",-0.727839003398035,0.113534690499748,1
0,"A",-0.235520184849229,1.50722205028728,1
1,"A",1.0043585272958,-1.0707962558889,1
0,"A",-0.114988478565989,-0.852168892265214,1
0,"A",0.0868505642465046,-1.20909165182823,0
0,"A",0.512405751176275,-0.54614558942756,1
0,"A",-0.341237916387956,0.123571582645958,1
1,"A",2.1697424675948,-0.275722472058324,1
1,"B",-0.606510784467493,2.74236451712925,1
0,"B",-2.61714448442156,-1.54966362106574,0
0,"A",-0.488870093247418,-1.57279490523675,1
1,"A",0.82078834664661,1.45424285745115,0
0,"A",-0.274311400343291,-0.258216463237105,1
1,"A",-0.52834430921903,-0.0558346240429434,1
0,"B",-0.133053885348485,-0.129867691449578,0
1,"A",1.47257983114002,1.03372439885293,0
1,"A",1.19597493043366,1.50483549393703,1
1,"A",-0.5963028513946,0.602591114460819,0
1,"B",-0.433040799043685,-0.143217029401778,0
1,"A",0.528964522742481,0.129854357617135,1
0,"A",0.918276534978773,0.832801484304214,0
1,"A",0.439796547494595,-1.20031427090777,1
1,"A",0.485903529728009,0.777138534211915,1
1,"A",-0.636445332976969,1.56055155042528,1
0,"A",-0.389419901920556,0.277923175002359,1
1,"A",0.371842255945558,0.523000605012787,1
1,"A",-0.661480061971585,-0.843550950992686,1
1,"B",-1.21820318533517,1.9032608765228,0
1,"B",-0.977910366933911,0.106874016456352,0
1,"A",0.497776278899826,-0.358726778713399,1
1,"A",1.98860314262769,0.442526277976931,1
1,"A",-0.0418411747646125,1.50895481735974,0
0,"A",-1.20063656119623,-1.60002672786718,0
0,"A",-1.35601465187569,-0.371822925968529,1
1,"A",2.13200951028765,1.52909256775692,1
0,"A",0.385318525077151,-1.15739337617491,1
0,"A",-0.827601462315951,-0.363563388300132,1
0,"B",-0.290824488756513,-1.88781091711052,1
0,"A",0.209888394190541,-1.54314318784123,1
1,"B",-1.33977750420369,-2.23872826197625,1
1,"A",0.915631714097054,-0.982308448166932,1
0,"A",0.016446741604559,0.0279423256711535,0
0,"B",0.161454573289752,-0.862229209368869,0
1,"A",0.774283640305453,0.27431445971314,1
0,"A",0.306539275810557,0.678459815934389,1
1,"A",-0.370146821194263,-2.06713131430126,1
1,"A",0.801292130055812,-0.555257324283805,0
0,"A",-0.807566213234773,-1.92876423506874,1
1,"A",-1.0211089013286,-0.240005704856784,1
0,"A",0.394020379074676,0.261745828759005,1
0,"A",-0.245246410981925,-1.12857321246269,0
1,"A",0.189816737437936,0.851116000620248,1
0,"A",-1.25626103400827,0.326143590857575,0
1,"A",0.541691254968475,-0.165418223751717,0
1,"A",0.709253355340122,-0.581667048071382,1
1,"A",-0.0793657008131808,0.977322822467774,0
0,"A",1.52047535441695,0.0703321960134278,1
1,"A",0.554885742691294,-0.323237282901782,0
1,"B",-1.11550625568716,2.33664367789202,1
0,"B",-1.81770418558095,-1.15636202527835,0
0,"A",-1.01845945848191,-0.919224664772649,0
1,"A",0.926376823557772,-0.533567708524462,1
1,"A",0.82709486474435,-0.101780765627712,0
0,"B",-1.12201036701389,1.07415107478655,0
1,"A",1.53314587625508,-0.808608918790164,0
0,"A",-1.78060868202659,1.35450272625366,0
0,"A",0.524070954651458,-1.37244743153296,1
1,"A",3.43558652850219,-0.97442608935306,1
1,"A",0.209788466757527,-2.97364269167314,0
1,"A",2.31356340507859,-0.270959833954426,0
1,"B",-0.824864024359034,0.717254456373909,0
1,"A",1.052405249479,0.873182824002694,1
1,"A",0.915380431896485,0.852175088298399,1
0,"A",-1.18522864419602,-1.62500506965446,0
0,"B",-0.198672182154084,0.106848267414701,0
1,"B",-0.249413700550816,-0.566603034221043,1
0,"B",-0.100666016087336,0.159591427327209,0
1,"A",-0.462785263521644,-0.127506672019463,0
1,"A",0.582357233457471,0.305330528349676,1
1,"A",-1.11895971689653,-0.45175753613582,0
0,"A",1.47034544455237,-2.29196815578458,1
1,"B",0.497059686618564,-3.02410731926364,0
0,"A",-0.0945272913941454,-1.22238413015859,1
1,"A",-0.759743039895356,0.0825573107138647,1
1,"A",-0.109102783849275,-0.755576043785561,0
1,"A",0.927956489446551,-0.426715971411046,1
0,"A",1.02473837010388,-0.665636522723266,1
1,"A",-0.171083518452116,-0.585518709574983,1
0,"A",-0.278301435135662,-1.37619085297115,0
1,"B",-0.0701999828558108,0.0148903284254452,1
1,"B",0.831590885404031,1.88740309917791,1
1,"A",0.318893519225705,-1.79293483606586,0
0,"A",-0.975118581563591,-1.17193777060397,0
1,"A",-0.79380635342745,-0.266424398882512,1
0,"A",0.776479593929013,-1.20284578206179,1
0,"B",-1.15044344965057,0.0184593732546173,1
1,"B",1.17030713867869,0.864316452528259,1
1,"A",-0.105041599127596,-0.272156570846957,1
0,"A",-0.457734514892211,-0.371413525793171,0
1,"B",-1.08155925469325,-0.727553634577167,1
0,"A",0.357293001195754,-2.13187501832976,1
1,"A",3.08247857933897,0.907061691145471,0
1,"A",0.803234522316234,0.622754252078369,0
0,"A",0.795196830286735,-0.409748174891201,1
0,"B",-0.241785108913981,-0.341970257734931,0
1,"A",0.0771120540538906,-1.21732996674249,0
1,"A",-0.0333331326820669,-1.00086518329582,1
0,"A",-1.7475973865586,-0.901174713870508,0
1,"B",-0.105867800161198,-0.683757486981413,0
1,"A",0.943970213321851,-0.311318588617327,1
1,"A",-0.624392483581128,-2.48894811542586,0
0,"A",0.36640560873326,-2.08684880666615,0
1,"B",-0.109749036992536,0.341136706910511,1
1,"B",-0.401308928738907,0.499432682386487,0
1,"A",0.275446736921993,-0.980867374639564,0
0,"B",0.017950245684477,0.920031853584334,1
1,"B",-0.289480235243351,0.535931207238568,0
0,"A",-2.23892367598526,-0.549771768892784,0
0,"A",0.863466771224393,-0.832073703844613,0
0,"B",0.454741360682415,0.0582171058935292,1
0,"A",-0.907800233739532,-0.507438872842453,1
0,"A",-1.71190181278185,-0.259397007454172,0
0,"B",0.179280960716794,1.3460805636648,0
1,"B",0.132119319796962,-0.214841928620198,0
1,"B",-0.946266978655091,0.996118164796902,1
0,"A",-0.729844578774034,-1.04668895870507,0
0,"B",-1.41912142130727,-0.0988522578383165,1
0,"A",0.711575503556605,-1.84213733048161,0
1,"B",-0.618110767786853,0.724481371799419,0
0,"A",1.30760567644036,-0.204328262842272,0
0,"A",0.575921818941964,0.159594824775364,0
1,"A",1.41450815782142,0.197751300653065,1
1,"A",0.509070601606559,1.18760285781107,0
0,"A",2.36534036649185,-1.12873906331943,1
1,"A",-0.575545141848524,0.0124730145396403,0
1,"A",-0.885400918730888,-1.79379842625146,0
0,"A",-0.139296760895013,-1.64766770743005,0
1,"A",1.22375777655669,-0.524570851872649,1
1,"A",2.17786001798717,1.11597195468143,0
0,"A",0.264638462817141,0.32041663886797,0
0,"A",0.646075674424359,-2.89132578529806,1
0,"A",0.342771391030625,-1.40591795547228,0
1,"A",1.00288520030467,-0.66186353780259,0
0,"B",0.125319761918407,-0.396282104790387,0
1,"A",0.664310053400159,0.596084130729744,1
1,"B",-1.92611567473037,0.855967752541989,1
1,"A",0.579543671896398,-1.01898416668008,0
1,"B",-0.263812968793882,0.904496243313915,1
0,"A",1.54260926368016,-2.13583762178977,1
0,"A",-0.154689796979011,-1.39574524680336,1
0,"A",0.146432397315168,-1.24906243328364,0
1,"B",-1.21186040615073,-0.310452034118122,1
0,"A",0.379066046716392,-1.83092611273546,0
0,"A",-0.0296259687435994,0.742608262469025,1
0,"A",0.392418713052235,-0.423283988368892,1
0,"B",1.75731916254359,-0.0543899851914791,1
0,"A",0.162148912989458,1.38602515022122,1
0,"A",-0.308090789897601,-0.424254935962045,1
0,"A",-0.451695292669373,-0.247830106812895,1
1,"A",0.584623713310136,-0.00171996336762087,0
1,"A",0.726359044626708,-0.657304974465773,1
0,"A",0.830150198565528,-0.571035109415567,0
1,"B",-1.51585181013009,1.90671170215552,1
0,"A",-1.19849204086434,-0.227481114423677,0
0,"B",-2.76719695380352,0.247387773999646,1
0,"A",0.697670060947299,-0.624235244325679,0
1,"A",0.433398155935423,-0.488051020349258,0
0,"A",-0.62688410118666,1.30110471419042,1
0,"B",-1.72136336178359,0.0206673511584375,1
1,"A",1.85574577798475,0.219431241603171,1
0,"A",0.22000723611284,-0.519894728732724,1
1,"A",1.14503854265003,0.597274455814922,0
0,"A",0.706769999516346,-1.04849820277122,0
1,"B",1.75720123581716,-0.328832986322464,1
1,"A",1.77370721530248,-0.443109052218128,1
1,"A",0.507133567524322,0.614339037837257,1
0,"A",0.06351391056164,-0.698763175194705,0
1,"A",2.04349282361731,0.905386205372613,1
1,"A",-0.76020122108723,-0.109549523223587,1
0,"A",-0.279942906421092,-0.671319604160884,1
1,"B",-0.440517735438695,1.87896934035569,0
1,"B",-0.899278115640333,0.575012893967011,1
1,"A",0.542035523098771,0.39912710675994,0
1,"A",0.336409243484796,-0.271032425839407,1
1,"A",0.382494177373119,0.644386738192111,0
1,"A",2.64905620825732,-1.44619234242541,1
1,"A",0.40091215142021,-0.59314507452626,1
1,"A",0.767374490857568,-2.38132935524358,0
1,"B",-0.389609064890635,1.42334594567703,1
0,"A",0.3371101833567,-1.48481838874657,1
1,"A",0.6432560465373,-0.632936122314949,1
1,"A",2.49990122655557,-1.27138171826475,1
0,"A",0.649833966244311,-0.14407956923773,1
1,"A",1.10974893112481,0.136916813912531,1
1,"B",0.15166877302872,0.754299620612959,0
1,"A",1.71002577129263,-0.673403140018753,0
0,"A",-0.140999757449661,-0.250009348649909,0
0,"A",-0.542139126415264,-1.72499104100865,1
1,"A",0.422007529746959,2.14509400355862,0
0,"A",0.220006692925356,-2.05702324323231,1
0,"B",0.706156765558471,-0.128050570773473,0
0,"A",-0.723916270095439,-0.848032168433346,0
0,"A",0.0250281803791931,0.142678557128508,1
0,"A",0.278222991721968,2.46514255029541,1
1,"A",0.863174350389298,1.19582263399982,1
0,"A",-1.1788308695715,0.453436509165371,0
0,"A",-0.920908475165218,-0.450038044187305,1
0,"A",-0.268756298343802,-3.42126813570509,0
1,"A",-0.0218465879435588,0.931708958357087,1
1,"A",-0.594096892531171,0.943486496366489,1
1,"B",-0.915148763612388,0.462707613999426,1
0,"A",0.568577728518106,-0.179059237240977,0
1,"B",1.18668157376473,-0.751131687347276,0
0,"A",0.79218861905863,-0.963625285356836,1
1,"B",0.921992986182133,-0.449553620587619,0
1,"A",1.29999446878045,1.18206364899335,1
1,"A",-0.0957958401775388,0.0409551405364642,1
0,"A",-0.538015807782133,0.368985676914375,0
1,"A",-0.120939356754384,-1.16405772899467,1
1,"A",-0.0722211536871477,-1.98223606024037,0
0,"A",-0.249055518417995,0.417916302959135,1
1,"A",-0.413844974653953,2.23623754567559,0
0,"A",1.11919938355923,-1.28130742003174,0
1,"A",0.232612025735657,0.292651276286003,1
1,"A",0.202478881519831,1.41897650366645,1
0,"A",-0.719730217320949,-0.785897898042861,1
0,"A",0.80835949045952,1.74639628755201,0
0,"A",-0.812503076737334,-0.0358838015126858,1
0,"A",0.298174216369632,0.604580359420655,0
0,"B",-1.30790176073868,-0.358082844537941,1
1,"A",0.181208325259157,-0.477139477092808,0
0,"A",-1.13557402965333,-0.961631038021641,0
1,"A",0.493015382614027,-0.389478324347095,1
1,"A",0.479389917158394,0.0104682720581983,1
0,"B",-0.164389739635793,0.166124791127004,1
0,"A",-0.47761608726589,-1.71012949420834,1
1,"A",0.163776700287706,-1.15316575685657,0
0,"A",-0.35280646094939,-0.773154847307813,1
0,"A",0.252265689569066,-1.22717788474883,0
1,"A",1.52740298411675,0.305278733229208,0
1,"A",-0.0706756165644562,-0.326491400843715,1
0,"A",0.14920740348209,-0.401258637973889,0
1,"B",-0.935302492910686,-1.21790363977331,1
0,"B",-0.142423903655252,-1.25653829298738,1
1,"A",-1.5428250452623,0.099340177540783,0
0,"A",1.19711186751603,0.215817968259978,0
1,"B",-0.988977874120959,-2.00853152692282,0
1,"A",0.622799757947821,0.21991645965652,1
1,"B",-0.357751262955004,2.28281898957482,1
0,"A",1.18247877190897,0.762557424019746,0
0,"A",-0.464879602169639,-0.522413016751335,1
1,"B",0.262856964829137,-0.357710912411001,1
0,"A",-0.143898919798934,-1.5943975736596,0
0,"A",-1.1666896182885,-0.404563127248865,0
0,"B",-0.693170307366205,1.24936392197221,0
1,"A",0.11098294827143,0.22578092796769,0
0,"A",-0.484838840574178,-0.819442619638541,1
0,"A",0.874710225967703,0.348363781130968,0
0,"A",-0.669299842224402,-1.10720632426643,0
1,"B",-0.365543880469176,1.32843881964094,0
0,"A",-0.494117079845059,0.793251655869565,0
1,"A",0.167401626501513,0.235495086428836,1
1,"B",-2.03321457584784,-1.01173656308359,1
0,"B",-0.826874205542623,-0.145885922395502,1
1,"A",1.00128686533714,-0.698635880501543,1
1,"A",0.328917337049169,0.373949776202543,1
0,"A",-1.67364868696736,-1.7494550078489,1
0,"A",-1.00004356153809,-0.592411035261403,0
1,"B",1.25985133534463,-0.476065747953585,1
1,"A",-0.479792940734687,-0.96284066471431,1
0,"A",-1.40718448804408,-0.340051889585032,1
1,"A",-2.0201527501205,-2.11702646449857,0
1,"A",2.32382286101088,1.22551330582367,1
1,"B",-0.547716659439544,1.64862683083691,0
0,"A",1.15176655807145,-2.6150851861608,0
0,"A",-0.629695796167394,-0.996079608948587,1
1,"A",0.791569394826959,-0.48344266554852,0
0,"A",-0.467997062861993,-1.22646647901399,1
1,"A",1.11060927154558,0.195742923420036,1
0,"A",0.718518763348543,0.122941882302177,1
1,"B",-0.923059277756567,0.869465842911611,0
1,"A",0.431842483568863,-0.294304134412195,0
0,"A",0.393036123501384,-0.2132969829166,0
0,"B",-1.55255500114756,0.286082515955527,0
1,"A",1.36811662656629,-0.80603904424432,0
1,"A",2.09774090417899,-0.805258496286917,1
0,"B",0.334081034497486,-0.474700043646509,0
0,"A",-0.290076820644795,1.12072824320137,1
1,"A",0.626749339400304,0.88286383796501,1
0,"A",-1.94287031490124,0.364801437406116,1
0,"A",1.4401843124242,-1.00391433788439,1
1,"A",2.39791909466458,-0.890835177026612,1
0,"B",0.492889363050814,0.223165880805457,0
0,"A",-1.43100542763523,-0.422164788784451,1
1,"A",2.55564139955342,-0.735628224708564,1
1,"A",0.437750263507992,0.945838097697428,1
0,"A",-0.927398871364381,-0.00869110184382177,1
1,"B",-0.255395128683768,1.23802028173116,1
0,"A",0.678315487789202,-0.633874412020737,0
1,"A",1.46287474948252,-0.913395170801548,0
0,"B",-0.659057671549678,1.06377281689452,0
0,"A",-0.851343525677743,-0.162326342791704,1
0,"A",0.180548320749777,0.912251819930639,0
0,"A",-0.269369479344206,-0.542287665309639,0
0,"A",-0.141622875281949,0.388557620169013,0
1,"B",-1.09204806123446,-1.47747897053825,1
1,"B",-0.452767758380665,-0.194912030938314,1
1,"A",0.6308080031089,0.272247488538898,0
1,"A",1.16423413636317,0.815522377804598,0
0,"A",1.0680920591112,-1.99998461365549,1
0,"A",-0.177147974507489,0.495075768202433,0
0,"A",1.11355888898564,0.120678665323201,1
0,"A",0.52853119212614,-0.799022043814621,0
1,"B",-0.346543535387262,1.18912817089589,0
0,"A",-0.649554670907421,-1.90517659986359,1
1,"A",-0.52586599467005,-1.35268743154211,1
1,"A",1.04361844095996,-0.358619825085936,1
1,"A",1.96573316091165,0.652422156245242,0
0,"B",-1.76222450931859,0.153929623504455,0
1,"A",1.75806656987569,0.0552704297211608,1
1,"B",-0.521402142799978,1.26589791186593,1
0,"A",1.05404625217687,-0.752382718830642,0
1,"B",0.198478306862785,-0.467372159868202,0
1,"B",-0.5777960128609,1.6764229795416,0
1,"A",1.49775800133432,0.392514800990789,1
0,"A",0.285227789912307,0.138538923317057,1
0,"B",-0.733820891770021,1.02062576248978,0
0,"A",-0.187988116768799,-1.52627590717192,0
0,"B",-0.0450860853793353,-0.0345291115958,0
1,"A",-0.595405669578057,-0.420608490648002,1
1,"B",0.0151444531672273,2.94801316167787,1
1,"A",1.43996196943706,-2.05463396084013,1
0,"A",0.393412126021962,1.22335473448981,0
0,"B",-0.199471993915348,0.571324854292991,0
1,"A",0.347306269405499,0.507519423190706,1
0,"A",-0.744433633502458,-1.58832647859059,1
0,"A",0.837716330479666,0.636691004497364,1
0,"B",-1.0636451830199,0.516438206047153,1
1,"A",1.5979998346551,-1.48701592187026,1
1,"A",1.8088562094013,1.64673818934645,1
1,"A",0.446721923823708,0.711032744029246,0
0,"A",-0.24140157387981,-0.814779210768349,1
0,"B",-1.09047903248038,0.373970957090569,1
0,"B",-0.976770870244682,-0.236271529818583,0
0,"A",-0.754166564337338,-1.21850392707237,0
0,"B",-1.36732110051248,-1.10197059242563,0
0,"A",0.351366315828781,-2.38355527615709,0
0,"A",-0.573779365470401,-2.14546096472297,0
1,"B",0.402313963611852,1.32691047821777,1
0,"B",-1.49682172365897,0.0156049494034829,1
1,"A",0.835813786504762,0.391653486182848,1
0,"A",-0.0917493408030675,-1.4707867041812,0
0,"A",1.30429113523864,-1.32119189692724,1
1,"A",0.722569920052141,-0.0871667990130127,0
0,"A",0.436002218245515,-0.716470195112071,0
0,"B",-1.83156247214376,0.432799264864956,0
1,"A",0.873015785618222,0.65092559039303,0
1,"A",0.586149539306478,1.77262961938299,1
0,"A",0.963925050528257,-0.744253259696972,0
1,"A",1.30801079224019,-0.189245205572791,1
1,"A",1.07855465023385,-0.312301265131587,0
1,"A",-0.441944875247353,-1.74724824847475,0
0,"A",-0.465272024304322,-0.329391788901753,0
0,"B",-0.772921135270029,0.793781484267207,0
0,"B",-1.79495697515351,-0.407418195820883,1
1,"B",-1.04502236433135,-0.644287583565511,1
1,"A",0.474569539788954,0.619700151701788,1
0,"B",-1.00647286722495,0.792919949413235,0
1,"A",-0.237267001737172,-0.206553956057026,0
0,"A",0.743186805594785,-2.47933396291302,0
0,"A",1.65108281749703,-1.36510824658626,1
1,"A",2.42912178705663,-0.455507107426737,1
1,"A",1.302121374997,0.317307426879476,0
1,"B",-1.72657579017091,0.452371566245988,0
1,"B",0.99803921371499,-0.674963795400481,0
1,"B",1.44243787435356,-0.543598572823006,0
1,"A",0.0256612527147103,0.654903038882276,0
0,"B",-1.19302324131915,-0.784222858189542,0
1,"A",0.978627166359512,0.313606544751426,1
1,"A",1.14459400494118,-0.338216107076775,1
1,"A",-0.793273357320273,0.337740691296844,1
1,"A",-0.585310432718727,-0.749292751227174,0
0,"A",-0.250781042490125,-1.79211282806638,1
1,"A",-0.206738514391072,0.541460321887473,1
1,"A",1.53309675854828,-0.210767049981269,0
0,"A",0.878771124888335,-0.987120124133662,0
0,"B",-0.702356787838005,0.635856666298015,0
0,"A",1.19283972214067,1.17816302438711,1
0,"A",-0.356368397259368,-2.29047168180492,1
0,"A",0.251757350312217,-0.759210247030916,1
1,"A",1.07111971945476,-0.960457288691726,1
1,"B",-0.691281435042236,0.35404367118759,1
1,"B",-1.68552854282606,-2.17762344995163,0
0,"A",-0.192690366151497,-0.316283714890782,1
0,"A",0.447921395102056,-2.95005170215593,1
1,"B",0.328934304385194,0.0291435392272892,1
1,"B",0.232970476450614,-1.16468815665165,0
1,"A",1.69617484835096,1.05852978474973,1
0,"A",0.0362889661324711,-0.0990165019805619,1
1,"B",0.993013508219451,0.270715134313605,0
1,"A",0.447598474283528,-1.43046775562998,0
1,"A",2.4342144702835,-2.34373291811355,1
1,"A",-0.333769936701838,0.130530946865482,0
0,"B",-1.90285269264152,1.61485424740152,0
0,"A",-0.989486655955437,-1.63147853212984,0
1,"A",0.601148920080099,0.489661132180145,1
0,"A",-0.644099808849242,0.0750738431805508,1
0,"B",0.480416057982458,-0.608248292965005,0
0,"B",-2.44453167969174,0.754607436808256,0
0,"A",-0.393720787471688,1.26881861198787,1
1,"A",0.849076482407049,0.745005958242151,0
0,"A",2.54917879228359,-1.12579752963929,1
1,"B",2.58106777084701,0.456899960124781,1
1,"A",0.457147042983153,0.33057587394178,0
1,"B",0.566207738073,-1.04320188785653,1
0,"A",-0.531379073266455,-0.133488119089726,0
1,"A",0.196781092065839,-2.24235167333603,0
0,"A",-0.925611954368949,-0.089014356488999,1
1,"B",-0.543542002639605,0.288369018484161,0
1,"A",0.57865234250755,-0.413239518705477,1
1,"B",0.0740693815045842,-1.42116717360446,0
0,"B",1.02434571917399,-1.13019483061884,0
1,"B",0.462089011957156,0.304645327122455,0
1,"A",1.84657507959557,0.0888645279561296,0
1,"A",-0.975947380600371,-0.571757233890377,1
1,"A",2.30300415850571,-0.894877121926611,1
0,"A",-0.0501709862866438,-0.437974417722414,1
0,"A",0.158803752409307,-1.65826433336178,0
1,"A",1.27355773468828,-1.36874079431537,0
0,"A",0.605958968514964,-2.75811004493454,1
1,"A",-1.01540992375754,0.6414639699434,1
1,"A",0.137385549459589,-0.846410324649475,1
1,"A",-0.234642090597048,-1.22387006682869,0
1,"A",-1.72242595375014,0.112002622655055,0
1,"A",-0.394965143291516,-0.632554037427409,1
0,"B",-1.25937181105638,0.0167981617595633,1
0,"B",-1.52936041996196,-0.214099440644463,0
1,"A",0.214507200942188,1.05917257424153,1
0,"B",0.22340957526756,-0.53565190064566,0
0,"A",-2.26456846051672,0.251436294242506,1
0,"A",-1.61592874362581,0.361646208600688,1
1,"A",0.293789447847266,1.86063044262797,1
1,"A",0.0212472629838873,-0.416095861493937,1
1,"A",1.90622447222716,-2.18101293523354,1
0,"A",-0.138350703208926,1.03749503644571,1
1,"A",1.07099460246966,0.600881214995495,1
0,"B",-2.1522025239677,1.48478285326663,1
0,"A",-0.0325174585894572,-0.745459141101531,1
1,"A",1.37830065992278,-1.34688450700149,1
0,"B",-0.55597580752439,-1.23053316991499,0
0,"A",-0.759929647632215,0.9825001787075,0
1,"A",-1.09655468176216,-1.23036556919869,0
1,"A",0.912635504945458,-0.361808512819305,1
1,"A",0.698787054022046,-0.794580283321614,1
0,"A",-0.785422480123701,-0.450959252794675,1
0,"A",1.40100251218151,-1.29481675649455,1
1,"A",1.60293456943299,-1.0571262740386,0
0,"A",-1.79384531653832,-1.35785332498773,0
0,"A",0.955485653058149,0.555443233860563,0
1,"A",1.67857616324234,0.166635750401295,0
1,"A",-1.234212204068,0.332701190723205,1
0,"B",-1.34096539669621,0.667207799939709,0
1,"B",-0.803815950864899,-0.133514777819055,0
0,"B",-2.61486718429495,-0.449076418139907,0
0,"B",0.154972628862639,-0.950462861566054,0
0,"B",0.802574203131125,-1.61478292810244,1
0,"A",0.493362485795434,-1.57803424607813,1
0,"A",0.466063946345794,0.0792619144597897,1
1,"A",-0.23869857210109,-0.386862570442857,0
1,"A",0.846369400867486,0.497260926773513,1
0,"A",1.21007189893187,-0.519555606386215,0
1,"B",-0.273673508640782,1.03338619423694,1
0,"A",-0.9734401338148,-0.0651364765041846,1
1,"A",0.696082588185996,-0.381053095151503,0
1,"B",-1.70931644048589,-0.327494373429944,1
0,"A",-0.223171338715305,-1.1026660489146,1
0,"A",-0.390651880616758,-0.403653660489411,1
0,"B",-1.24544929742931,0.358788512768339,0
1,"B",-0.434909897134199,0.53293271269946,0
0,"B",-1.42916143269212,1.3487734852365,1
1,"B",-0.598513349482316,1.05215487398154,1
1,"B",0.1015021084711,0.97657607207572,1
0,"A",-0.121399343301892,-0.457274715199396,1
1,"A",0.864420784723272,-0.0211682967980883,1
1,"A",1.67890543118729,-0.141979390202511,1
1,"A",0.413966725691855,-0.521609564650482,1
0,"A",0.532512127931595,-1.80042000142385,0
0,"B",-0.546136509891615,-0.154269590566131,1
0,"A",-0.475315521180616,0.950411928210397,0
1,"A",-0.244265270792453,-0.0131952636787508,0
0,"A",-0.8252822694826,0.457975464512154,1
0,"B",-1.8157330125099,0.029662179332065,0
1,"A",-0.483617161604212,-0.242903466981672,0
0,"B",-1.70644124968941,-0.709107631369227,1
1,"A",0.625870786902004,-0.758932783539297,0
0,"B",0.00607429136576276,-0.203747096990897,0
1,"A",0.907932081864247,-0.998802398699581,1
0,"B",-1.02195955626797,-2.04863096980725,1
1,"A",-0.130650759446437,-0.497798807279831,1
0,"B",-0.413225560018221,1.58649478304584,1
1,"A",2.27526265749011,0.415332091993571,0
1,"B",-0.54533938747845,2.47660175044111,1
1,"A",1.74601478911866,0.366285603088262,0
1,"B",-0.67603759171476,-0.96416380612799,1
1,"A",0.200987611771341,-0.780109121813856,0
1,"A",-0.43854413925483,0.900407226325391,1
0,"A",-0.860724981990711,0.866117735251026,1
1,"A",3.35407167673182,-0.462037165899462,1
1,"A",1.24141156692955,0.764375098962756,1
1,"A",0.825117663303733,0.507103111502666,1
0,"A",-0.0866881790516829,-3.61646119175886,0
1,"A",0.963724510183011,-2.90084317072676,0
1,"A",2.6866904678607,-0.053824810656695,1
1,"A",-0.314624573136332,-0.432980409440565,1
1,"A",0.0636812941666795,-0.390822593615961,0
0,"B",-2.42557785817793,0.95420907325537,0
0,"B",-1.87140473173381,0.130931905588293,0
0,"A",-1.9496446657139,-1.50581901021687,0
1,"A",0.325113330781216,-0.320542702929628,0
1,"A",1.06501990126244,-0.0578969535875955,1
0,"A",2.09544100725582,-0.92792254707903,1
1,"A",0.818036530120199,-1.76518233275797,1
0,"A",0.453455921396187,-1.63652546079365,0
0,"A",-0.0546887238645469,-1.86121743144023,1
1,"A",1.37585589729066,-0.124971860874446,1
1,"A",0.726671249588099,-1.4077943495526,1
1,"B",0.307161575475794,1.41798398004114,1
0,"B",-0.0962789698421943,-0.644943597911348,0
0,"A",0.229649596144869,-2.38021029677734,0
0,"A",-0.882864206204584,0.283007682655314,0
0,"B",0.587231222842878,-1.00073452937095,0
1,"A",0.746627078434695,-0.564474196301311,0
0,"A",0.423150267206689,-0.230513869368212,1
1,"B",0.0106046482433831,-1.18027851279097,1
1,"A",0.727598031316213,0.415323406739872,0
0,"A",0.69622490072439,-2.77196885118773,0
0,"B",1.02146501196657,0.0316663182246642,1
0,"A",-2.60673102393173,-1.24254298723672,0
1,"A",-0.913239842908997,0.900571251959,1
1,"B",0.810191575729127,0.857662762100889,1
1,"A",-0.778173447395335,0.70354635154672,1
0,"A",1.52844129431403,-0.110247536403409,0
1,"A",-0.23604121390877,-0.134612673327123,1
1,"B",-0.508193407766291,-0.617125140212223,1
1,"A",-0.106735284927045,-0.616303979121434,1
1,"A",-1.64210184872065,0.494357481528634,1
1,"A",2.32875086392663,-0.0719701884066893,1
0,"A",-0.0971057296962968,-0.989238549319844,1
1,"A",0.0249457305691235,0.127364209943076,1
1,"A",-0.430019430288584,-0.25764595444643,1
0,"A",1.52752565726381,-1.58052122667266,0
0,"A",-0.110764472487557,-2.86012188677953,0
0,"A",0.314031769392925,-1.63023788217257,0
0,"A",1.30105812554174,-0.926370611204743,1
0,"B",0.00519042664185099,0.278159269721248,1
0,"A",-1.01221987095493,-0.592758064066345,0
1,"B",0.338973109647418,2.61373871292908,1
1,"B",0.68349726283824,1.34276834833976,0
0,"A",1.20415027481467,-3.09097009234808,0
0,"A",-1.87359994213511,-1.51935153292197,1
0,"A",-0.24267269803277,0.13451430096094,0
1,"A",0.539576469014399,-1.7203945772012,0
1,"A",1.19755146540637,-0.212301995595154,0
0,"A",0.173167003204586,-1.03855581199349,0
1,"B",-0.968368896854385,1.67486796275522,1
1,"A",1.9377816799876,-0.245521412940905,1
0,"A",-0.724056887129568,-1.32270387868193,1
1,"B",0.807671498913313,-0.559114890459808,0
0,"A",1.18243869621339,-0.659575292830992,1
0,"A",0.288426460025367,-0.840292229185107,0
1,"A",0.875952986784235,-0.247544638105432,1
1,"B",-0.15635164776906,-0.344503314710501,1
0,"A",-0.298782431667534,0.129377096603347,0
0,"A",0.731776159815158,-1.55721752098907,0
1,"A",1.5459503387077,-1.01990147131158,1
0,"A",-0.0118854005999993,-2.44829452562718,1
0,"A",0.455261183903638,-1.13747545897566,0
0,"A",-1.07855663695993,-1.00725217074363,1
0,"A",2.11299986020307,-1.84930067578851,0
0,"A",-0.134172545921623,-0.859830866380364,0
0,"A",-0.79991407347697,-1.8284246149154,1
0,"A",0.765814112700354,-0.591729198404721,1
1,"A",0.0803308061558362,1.49095738836233,1
1,"B",-0.72360993846061,1.16280854616948,1
1,"A",1.23624166666073,-0.264328676380044,1
0,"A",0.908274388442673,-0.633303590652277,1
0,"A",-2.18983607617945,-1.02433535388703,0
0,"A",0.721729919239861,-0.123528435688864,0
1,"A",1.47020214545852,0.948262457779263,0
0,"A",0.477369927767505,-0.261316887725173,0
0,"A",-0.161206430677605,-3.39422842214795,0
1,"A",-0.642777290544031,0.589982193973926,0
0,"B",0.196634356739829,1.81565563638137,0
0,"A",0.635984142591119,-0.135067453290779,1
0,"A",-1.67664891925311,-0.420601345753438,0
0,"B",0.714728832854005,0.497662593950601,0
0,"A",0.183762671013189,-1.04872728403976,0
1,"A",1.57734668785369,1.42367834362349,0
0,"A",-0.713445931969547,-1.34510732493788,0
0,"A",1.33272582350118,-2.591988899146,1
1,"B",-0.151388147157818,-0.234225833199735,1
1,"B",-0.533337503215849,1.12796329182909,0
1,"A",1.66158830261797,-1.42773743694525,1
0,"A",2.21597039148241,-0.657214228199446,1
1,"B",-0.88067513339147,1.8309535022838,1
0,"A",0.0214359022992249,-1.26216638362315,0
1,"B",2.81041088612819,0.492879133289555,0
1,"A",2.79656096764824,0.779229480683904,1
0,"B",-0.535509888580929,0.413923655406433,0
1,"A",0.0370354362321247,0.659413797827079,1
1,"B",-0.914068516601366,1.05909417064747,0
0,"A",0.241587176109309,-0.650552214059408,0
0,"A",-0.665061091518746,-1.69671401660416,0
1,"B",-0.0608930981288859,-0.430597163808173,0
0,"A",0.0952843973302023,-1.24467846858552,0
0,"A",0.606314651120811,-1.00258789549841,1
1,"A",0.956533076535552,-0.280315594012837,0
1,"B",-0.592317186406291,-0.0603225186629627,1
0,"A",-0.378119245154605,-0.523488294769705,1
0,"A",0.849579960579307,-1.79063896350154,1
1,"A",1.15620833914773,0.27130679573607,0
0,"A",1.00174775502987,-1.12817404304624,0
1,"A",0.832869075742386,0.362603125721492,1
0,"A",0.516620129908552,0.570123367057546,1
0,"A",2.6159788145849,1.19137981029869,0
1,"A",0.821487624537951,-0.0470105924401819,1
0,"B",-1.07628910930729,-2.09601344881735,0
0,"A",1.20870396738553,-1.71142575217087,0
1,"A",1.07219401545445,1.10205052796374,1
1,"B",-1.41486923908163,2.06404612605838,1
0,"A",-0.285625359848885,0.91274357507818,1
1,"A",1.2638022446327,-0.402762711400393,1
1,"A",1.19981640233572,0.0986698644333381,0
0,"B",-1.99748159875487,0.568694649085872,1
0,"B",0.186596173017559,0.878819438681498,1
1,"B",0.503972761527764,2.61014419805719,1
1,"A",-0.498975982081794,1.04646367808745,1
0,"A",0.511444877067155,-0.136512738564174,1
0,"A",-1.03459482239402,0.859362465095761,1
0,"A",0.924545957118176,-1.24734006148582,1
0,"A",-0.159051655038643,-2.05118182753757,0
1,"A",-0.458145524814782,0.798260427724344,1
1,"A",-0.40514139928644,0.0504474152377031,0
1,"A",-0.524363035116666,1.2649360968793,0
0,"A",-1.98653666013929,0.42199310594811,1
0,"A",-0.821058149880743,-0.618623264704495,0
1,"A",0.0848024376647198,-0.877105625326372,1
1,"B",0.64173099018121,-0.302983285205382,1
0,"B",-0.793637973947051,-1.1550089460444,0
0,"A",0.528765779489332,-0.249952567133095,1
1,"A",-1.04175966560051,-1.365415165534,1
0,"B",-0.505147617495897,0.0873052341342202,0
1,"A",-0.347551513257982,0.819243944060273,1
0,"A",-0.193081480920073,-2.29433377597366,0
0,"A",0.704443423495855,-1.79281191141932,1
0,"B",-0.25811964419245,-0.895291271770041,1
1,"A",-0.500109647181769,0.632052710977833,0
1,"A",0.891734900185509,-0.925933056622428,0
1,"B",-0.813377021763328,0.749195180706288,1
1,"A",2.90732173526284,-1.0429794411531,1
0,"A",-0.130498447906447,0.853190548553606,1
0,"A",-1.66761344303197,-1.092725465025,1
0,"A",-0.174861476137181,-1.51712523575684,0
1,"A",0.230592666648628,-0.206537182299433,0
1,"B",0.209132344199495,1.74964818437256,1
0,"B",-1.16033568430785,1.95469455256757,1
0,"A",-2.087138438219,-0.306559027655015,0
1,"B",0.581001811799693,1.3176772949158,1
1,"A",0.842488957467333,-0.990356684308622,1
0,"A",1.5043496336196,-0.750195404553685,0
0,"B",-1.30970250932439,-0.78339101588577,0
1,"A",0.471445169184994,-0.518836876889997,0
0,"A",0.868837550670245,0.100933966810457,1
0,"A",-1.50878187207618,0.433470803947656,1
0,"A",0.298749203776121,1.39209617569512,0
1,"A",0.296835277521495,-1.08911663854593,1
0,"A",0.493854142020034,-0.407598559911386,1
0,"A",2.24927997406382,-0.615666086659862,1
0,"A",1.06960776700095,0.171043281253039,0
1,"A",1.617088453316,-1.20429941571723,0
0,"A",0.19987083010589,-0.822520105490764,1
1,"A",0.780928284883969,1.53392720796883,1
1,"A",1.05928512801346,1.20848562450321,0
1,"A",0.667691382799508,-0.316072601929311,0
0,"A",0.127661352202831,1.39427692271202,1
0,"A",-2.08992397700874,-1.02580758897127,1
0,"A",-0.928683765492409,-1.0244921274934,0
0,"A",1.22031297617186,-1.44945779663172,1
0,"A",0.502585811975482,1.10371387733029,0
0,"A",2.21722288721951,-0.487371101201837,0
0,"A",-0.155647784771095,0.0304699518735501,0
1,"A",1.13353628908086,0.766167306225315,0
0,"A",-0.0795516056259178,0.750618291837603,1
1,"A",1.6888477691813,0.251658156961174,1
1,"B",1.67581393817358,1.10285511048247,1
0,"A",-1.45550500637202,-0.243691089256427,0
0,"B",-2.26890650441974,-1.88550079914077,0
0,"A",-0.837903699803254,-1.31286907228434,1
1,"A",-0.275482702493721,-1.2953150837311,1
1,"A",-0.940439459978089,-0.57083057534884,1
1,"B",-0.773302944032091,1.53526484080265,0
1,"B",1.86781305989075,-1.20072738368745,1
0,"A",2.63654645601774,-1.60880712941552,0
0,"A",-0.0539611160195496,-0.30797449819549,1
1,"B",1.65742727793799,1.73430121976954,1
1,"B",0.0541817977689348,0.398112044272036,1
1,"A",0.734651949683225,0.813344061706906,1
0,"B",-1.64967814773997,1.46524580133701,0
0,"B",-0.322294958373636,-0.441728070667956,0
1,"B",-1.49910919930398,-2.63633149827493,1
0,"A",1.01718375792229,-2.22142849878543,0
1,"A",-0.231861850310497,-0.235530088890931,0
1,"B",1.05334837095364,-0.190672646802917,0
1,"A",1.51283959807551,-0.73701166628735,1
1,"B",-0.557625919651958,1.44365635617215,1
1,"A",1.21226234400988,-0.856160271671794,0
1,"B",1.43435256185601,-0.449137013038191,0
1,"A",1.35937601545841,0.172630087635029,1
1,"B",0.625291412828906,0.450466118489479,1
1,"B",1.56278729962536,0.0578750023281844,1
1,"A",-0.109165860362057,0.501216279520605,1
0,"A",0.0974268253292273,-0.00456195726497888,1
0,"A",1.68026089169474,-1.85653231231016,1
0,"A",0.00777055740063487,-0.38177271360787,1
0,"A",0.0211293152476026,2.04944463620329,0
1,"A",0.530960848280317,0.863405585328962,0
1,"A",-1.19196786265352,0.393057051776519,0
0,"A",-1.4181830440561,-1.43477804070908,0
1,"A",1.4990884590274,-0.748298631188054,1
0,"A",-0.217913850865594,-1.4710633715848,1
0,"B",-0.726020095483777,-1.42203600191454,0
1,"A",-0.757535174563343,-0.0737038895953978,1
0,"A",0.424901007731297,-0.199055288314615,0
0,"B",-1.7279460506928,-0.791877811683718,1
0,"B",-1.1870328970739,-0.300411064169152,0
0,"A",-0.838356739727686,-0.458379223119596,1
0,"A",2.10060255410178,-2.00947479747239,1
0,"A",-0.0504255969756423,0.830945201478686,0
0,"A",-0.737979560857826,0.752483985241928,1
0,"B",-0.68936905599919,0.00758595933722109,1
0,"A",1.90841195287875,-0.211883909134942,0
1,"A",0.268281916995008,0.6367405992314,0
0,"A",0.702933624922387,1.42889650850064,1
0,"B",-0.710061797935525,-0.216520799405262,1
0,"B",0.455185175643973,-0.765111338138594,0
0,"A",-1.45184833338805,-1.16471778295153,0
0,"A",-0.40402988783312,-0.764991825798609,0
0,"A",0.79650731136439,-2.21795312044327,0
0,"B",0.518137389714672,-0.552966372251822,0
0,"B",-0.836231101226386,0.814818225195967,0
0,"B",-0.594200081825296,1.04073222306826,1
1,"B",-1.13138183704931,3.57726927055663,1
0,"A",-0.0117041739045779,-0.721548469592804,0
0,"A",1.424362075305,-0.917098364971832,1
0,"A",1.21224779715195,-2.13035542316625,0
1,"A",1.30424491667256,2.40998781166918,1
1,"A",0.360369111084865,-0.155896941112612,1
1,"B",0.647863865646171,0.205141091138999,1
1,"A",0.00060270152233477,-0.432156462729832,1
0,"A",-0.789802473793807,0.154090189546905,0
1,"A",1.13895302990049,-0.813762288415299,0
1,"B",-0.019278873976652,-0.493097122737271,0
1,"B",0.133308642447179,-0.959050729965863,1
1,"A",-0.699786959345539,1.18990430212512,0
1,"A",0.492936276610645,-1.326098143701,0
0,"A",-0.386424203593756,0.363895462097156,1
0,"A",-0.924088156107238,-1.83686234611502,1
0,"B",0.167965026773443,-0.233511849937,0
0,"A",0.654864506610461,-0.727503831262956,0
1,"A",-0.948734359782185,-0.231099985531657,0
0,"A",0.133522976892384,-0.765278509177281,1
1,"A",0.201886595490676,0.55820079293321,1
1,"B",-0.663587789466807,-0.761204107846815,0
0,"B",-0.665206559571809,-0.567072025095915,0
0,"A",-0.561391720128924,-0.277801804573889,0
0,"B",0.403213554853487,-1.18256702507905,1
0,"B",-1.34525974037934,1.81542117647946,0
0,"A",-0.071320592801209,-1.05354687038243,0
0,"B",-0.0855622466065251,0.617291724092398,0
1,"B",-0.913430663542525,0.00460616525739621,0
0,"A",-0.511239615283886,1.64885763965129,1
1,"A",0.553552327213969,0.348918701355176,1
0,"B",-0.735588911208378,0.50570589778924,0
1,"A",-0.915864185795343,1.61512911596898,1
0,"A",0.682444166152277,-1.5193887388128,1
0,"A",-2.22124470353706,-0.875976882554874,0
0,"A",2.23776427076304,-2.10531953713574,1
0,"A",-1.18055759788516,-0.145781360787421,0
0,"A",0.376935776591916,-2.1935286385239,1
1,"A",2.17314735938781,-1.49294800482839,0
1,"A",0.00977516243032517,-0.240187488508411,0
0,"A",-0.797708403728353,0.229154391359901,1
1,"A",0.382917810598356,1.04122584592046,1
0,"B",-1.77323871246097,-0.325993685259636,1
0,"A",-0.731180931106428,-0.37054622439797,0
0,"A",-0.986751494849253,0.0228239133534874,1
1,"A",0.896357679379691,-2.10442950384147,1
1,"B",-0.832403344057801,2.05823362710393,0
0,"A",-0.130646243880735,-0.0447328270930821,1
0,"A",1.24192135313254,-0.205658953851158,0
0,"A",0.390626611212493,-0.264411807485532,1
0,"A",-0.56605052132005,-0.441474966768312,1
1,"A",0.979157117608269,0.213415780975661,1
1,"A",-0.118055363745078,0.201695584234068,1
0,"A",-0.105107290504259,-0.315148882062812,0
1,"B",-1.7611147521826,1.01915863848048,1
1,"A",0.283378847809428,-1.00255751601219,0
1,"A",0.803080381352316,0.886451565369099,1
1,"A",0.577507840266788,0.511779369473097,1
0,"B",1.84589878096737,-1.19965073499528,1
0,"B",-2.2846162729707,1.73930630233514,0
1,"A",-1.09168752569696,-0.592372510350488,1
1,"B",0.586459954191041,0.999287659395243,0
1,"A",0.259272116246908,0.242128645338312,1
0,"A",1.40255390567292,-1.39412291065537,1
0,"A",-0.839299538260273,-0.50288080270855,0
1,"A",1.08098959586119,-0.530434033294473,1
1,"B",0.983093476521626,0.667626478853667,0
0,"A",0.348881969601663,0.269019197951225,0
0,"A",-0.487830460585454,0.26837991086053,1
0,"A",-1.07222698119945,-0.38585342384998,0
1,"A",-0.438466952090009,-0.035879659393718,1
0,"A",1.10205283871769,-1.12055232560536,1
0,"A",0.0680571610707944,1.19711326303058,1
0,"B",-0.924749688710996,-0.36324925221887,1
0,"A",2.03508609734217,-1.70116120735701,0
1,"B",0.241657410622292,0.63341367070505,0
1,"A",0.864280372064433,-3.78069322183316e-05,1
1,"A",0.779355461480766,0.179045421830989,1
0,"B",-2.78987099506732,0.365911727224642,0
1,"A",0.584891275030683,-0.153896947718514,1
1,"A",0.113561377081533,2.25315732032986,1
0,"B",-2.37947138487408,-0.625382857317995,0
0,"A",-0.166158244080478,0.330395237755774,0
1,"A",0.956753826871332,-0.940076171362654,0
1,"A",0.873937997223618,-0.698922411386917,1
0,"A",0.747053981476123,0.236779851814615,0
0,"A",0.306143788621067,-0.55908120607675,1
0,"A",-0.252343589388554,-1.22059905309661,1
1,"A",2.10226333781435,1.29191362758794,1
1,"A",0.475956424116832,0.335533326757465,0
0,"A",0.271808020348565,0.566995890289785,0
1,"A",-0.607188724641507,-1.5207994384282,0
0,"B",-0.866583130463184,-1.29170981774091,1
1,"B",-0.375084227408599,1.15196688382731,0
1,"A",0.524432506074248,-0.565204973156909,0
1,"B",0.931307127609617,0.152323166010791,1
0,"A",-0.867223003148659,0.0980640533876647,0
0,"A",-0.266148848981736,0.492286975518527,1
1,"B",-0.447067692464598,1.30156134373559,1
1,"B",0.498399329270201,0.210356658635183,0
0,"A",-0.566748368830003,-0.698190430559586,1
0,"A",-0.108365995704385,-0.0457508863728079,1
0,"A",-1.59272018077514,-0.25876445922638,1
0,"A",-0.463889257684006,-2.01751533085303,1
1,"B",0.178221053036485,0.548802949353434,0
0,"B",-1.25061934283635,-0.231383068796542,1
1,"A",1.86037203918798,-1.6003824347466,1
0,"B",0.0726498787241251,-1.4087929743346,0
0,"B",1.03815418921598,-0.416123023570596,0
1,"A",0.256266240999072,-1.34866073959961,1
1,"A",2.41897518685193,-0.468134531587844,1
0,"A",-0.344843030678874,-2.66729252816061,0
1,"A",0.509882615765051,0.141010963003164,1
0,"B",-1.5022442762809,-1.60653423778978,0
1,"A",0.876671881084622,-0.689714590548537,0
0,"A",1.02911578588733,-0.910704413151226,0
1,"A",0.0946413088583113,-1.24534143934718,1
1,"A",-0.288729377769606,-1.00824240602154,1
1,"B",-0.360694353813644,0.837774514910074,0
1,"A",1.42829947468831,0.490433125061548,1
0,"B",-2.12468489491485,0.18846549271335,0
0,"A",-1.72106414532981,-0.328521961822235,1
0,"A",1.04227769435117,-1.96119476157685,0
0,"B",-1.19970558716486,-0.293833132519565,0
1,"A",0.270015861965403,-2.53728088122117,1
0,"A",1.36722360132352,-1.0698087541768,1
0,"A",0.358003651524407,0.0471524883676072,1
1,"A",0.42764536224525,-1.35197434530325,0
1,"A",1.04402557885189,-0.000559617671863855,1
1,"A",0.893907868831007,-2.49279608390014,0
1,"B",-0.540348292058544,1.66964593359447,0
1,"A",1.11446746119974,-1.22524970112822,0
0,"A",-1.00494083838822,0.13425182608248,1
0,"A",1.17348904320288,0.501817257037036,1
0,"A",-0.270389612905808,-1.08009956786301,1
1,"B",-0.871634861952102,-0.242528977483834,1
0,"A",0.67440446594906,2.07446511291274,1
0,"A",-0.12145580708046,-1.35551116484986,0
1,"A",-0.438446175491935,-1.2121771378382,1
1,"A",1.41410908780344,-0.0256150193042558,1
1,"B",-0.725286927471858,1.65976260117694,0
1,"B",0.873618637833588,1.00729719429084,1
1,"A",-0.38839730017262,0.435593498909139,0
0,"A",-1.1945351516307,1.32876002120104,1
0,"A",-0.182145069004627,-0.450889502161647,0
1,"A",0.414224438372729,-1.17189859756426,0
1,"B",-0.37227720340801,-0.398297776100477,0
1,"B",-0.614992462185684,-0.521676482933899,0
1,"A",-0.211967836455515,-0.87173202421912,0
0,"A",0.957869155884127,0.00719468441256332,0
0,"A",0.501158558557746,-1.13596563678972,0
0,"A",0.641185471353237,0.0909504909179869,1
1,"B",-0.406828256016289,-0.552003247393716,0
0,"A",-1.2074585459144,-0.399265461810275,1
1,"A",0.91198256202841,-0.752116123858063,0
1,"B",-0.404646583769963,1.16150182419691,1
0,"B",-1.51092002209503,0.353525954044686,1
1,"A",1.10007783417651,0.412538455296535,1
0,"A",1.0165843644228,-0.784634333896125,1
0,"A",-1.41867186493089,-0.311239461222616,0
0,"A",1.94384957121759,-0.182764789480662,0
0,"A",-1.74724557416487,0.499410501346292,1
0,"A",-0.103194489283793,-2.77704333448224,0
0,"A",0.0564339883909693,-1.2398457897392,0
0,"A",-0.25509190792364,-0.824095887634364,0
1,"A",-0.999697479629361,1.46317820269825,0
0,"B",-0.736545951521151,0.54295625446712,0
0,"A",-0.830560375402028,-0.68425868062484,1
0,"A",1.26584089183541,-0.383354078805432,1
0,"A",1.19039459751581,-1.39755378561824,1
0,"A",0.0554918684616304,-1.20410693349466,1
1,"A",1.77063341424043,1.04627035291756,1
1,"A",1.01771866867265,-1.15727099618746,0
1,"A",0.450779593528976,-0.961436314754781,1
1,"A",0.735358331209121,0.174805694747204,1
1,"A",-2.26188313160212,1.50675412846679,1
0,"A",-0.21053468885766,-0.022434745719876,0
1,"B",-0.452538307307274,1.28944769379872,0
0,"B",-1.57173992763519,0.492390248630628,0
1,"B",-0.895414466414752,-0.171984514977044,1
1,"B",-0.0157478759499968,-1.02076619834043,1
0,"A",-1.49263714987994,-1.72417539975969,1
1,"A",1.51336060581531,-1.3274694632124,1
1,"A",0.515765784111614,-0.448779888241497,1
0,"A",0.240186733173195,-1.63680300692315,0
1,"A",1.11402813646571,-0.887390165753716,0
0,"B",-0.541080798043411,-1.00963733592703,0
1,"A",1.47793329420027,0.497368099925285,1
0,"A",-0.8030454235138,-1.27510512624947,0
1,"A",0.772366334445926,-1.04243488066029,1
0,"B",-0.312293053819885,0.963739960112807,0
0,"A",0.676426946736682,0.770634894444518,1
0,"B",-2.63826329679634,0.298838265608588,0
1,"A",1.39869252046647,-0.122586679021309,1
1,"B",-0.946436023577756,0.494353852450882,1
1,"B",-0.167908556208046,2.50120507700556,0
1,"A",0.60184352041538,0.937750122624133,0
0,"B",-2.45879581765096,-1.25270819482972,1
0,"B",-0.607040534092132,-0.592105243367636,1
1,"A",1.44227718985494,1.15654792206354,1
1,"A",0.536182916873262,0.95566234103829,1
1,"A",0.659782049268447,0.227472260241253,1
0,"B",-0.0845045465403087,0.806707167601197,1
0,"B",1.30946910994872,-0.0026164772574585,0
1,"A",-0.447024412544581,0.720948477938058,1
0,"A",1.6630729351967,-2.43210262023601,0
0,"A",-0.0708891094448412,-1.50861300691414,0
0,"A",0.316668157692995,0.870297142514725,1
1,"B",-2.18815465261732,-0.0968975634402696,1
1,"A",0.707837382618564,0.326234887844258,1
0,"B",-0.605247876380625,-0.407327988286321,0
0,"A",-0.939836231425436,1.37214249215577,0
1,"A",0.0869271525180442,0.045720704807089,1
0,"A",1.44586840471598,-1.21358252805714,0
0,"B",-1.07003713779668,-0.585101709119051,0
1,"A",-0.487311689102179,-1.36891558903592,0
1,"B",1.05416329458825,1.19452523413019,0
1,"A",0.217506307309194,-0.640565259667685,0
0,"A",0.38289674396038,0.198540384776024,1
1,"A",-0.678912424556612,-0.157584901761582,0
1,"A",1.09740869446126,-0.735079155954183,1
1,"B",-0.393822050849568,1.70027814708674,1
0,"A",1.28075025028592,-2.70906672725444,1
1,"B",-0.367263005051703,0.400482115831004,0
1,"B",0.730597600312934,-0.435537477477445,1
0,"A",1.05446967221235,-1.58746899485345,0
1,"B",-0.360039285629146,0.709924627831795,0
0,"A",-0.383441565869102,0.56131280499903,0
1,"A",1.08089487803724,-0.419475386554652,0
1,"A",1.46887724222099,0.771318928427505,0
0,"B",-0.744438755462668,0.609616854025283,0
1,"A",-0.115144036712685,0.101928611143896,1
0,"A",-0.453047023054005,0.397385570346903,1
1,"B",-0.157081899952014,-0.792902506786493,1
0,"A",0.612859254951539,0.364466139000522,0
1,"A",-0.653981180688212,0.432218444303549,1
1,"A",-0.219280210964436,-1.41933771501716,0
0,"A",-1.53714540386183,1.06182125730438,1
0,"A",-0.462267586225626,-0.578963826642395,0
1,"B",-1.56061069657318,0.748684709986799,1
0,"A",-0.0415640023601232,0.974024522822248,0
0,"A",1.29097511969598,-1.66137409659831,1
0,"A",-1.51788527580836,-1.20254190987302,1
1,"B",-2.49493749310459,0.0165708618962639,1
1,"A",-0.614528999537661,-1.26699469803553,1
0,"A",-1.27423204876551,-1.0625373453141,0
0,"A",0.181142282144281,-2.12219225133222,0
0,"A",0.183847186174148,0.269489893124604,0
1,"A",0.173108581657344,-0.556970271276256,0
1,"A",0.704017828715273,1.29503316314515,1
1,"A",-0.396873445509947,-0.634260203142861,1
0,"A",-1.08626226451965,0.525846932698383,0
1,"A",1.97034461399315,0.55979357620312,0
1,"B",0.435593720625576,0.0751026411351923,1
0,"A",-0.135680568899872,-0.991433940865778,0
0,"B",-1.8270321692883,-0.16598356966276,1
1,"A",1.4430293694878,-0.680610635170116,1
1,"A",1.00443051881517,-1.09987648031659,0
1,"A",0.910076634421706,-2.95446676421401,0
0,"B",-1.15660868803177,-1.40924871185844,0
1,"A",0.685711515158804,0.25759767891091,0
0,"B",-2.22372079989187,-0.558585048832672,0
1,"A",0.770068368147186,-0.242665969543631,1
0,"A",-0.0727642571967085,-0.841523170925477,0
0,"A",-0.0468600362551274,-0.350879423213,0
1,"A",0.410607754078373,-0.22662428744979,1
1,"A",1.6902398059268,1.0592601471545,1
0,"A",0.812561380380737,1.29272571802808,1
0,"A",2.15689679481649,-0.21768471331825,0
0,"A",0.374012475519073,-1.87232598676587,0
0,"A",1.45790791776028,-1.38121728983994,1
0,"A",-0.826512426589672,-0.685144387598315,0
1,"A",0.0667448188235269,-1.0966807100861,0
0,"B",-0.334409336505261,0.161639096096857,0
0,"A",-1.07445175572867,-1.68782095844594,1
1,"A",0.41039957881621,-0.512866521982451,1
0,"A",0.328582979178845,-2.07250280426064,1
1,"A",2.32143218291388,-1.68852051906931,1
0,"A",0.174112227316688,-0.854952561870556,1
0,"B",-1.0799841691398,-0.599744147478749,0
0,"A",-0.132091477395884,-0.900652639540349,0
1,"B",-0.418871595296454,0.387007368730397,0
1,"A",0.699649170405941,-0.390711942726548,0
1,"A",0.588189715714264,-0.131287410200644,0
1,"B",-0.194823394194335,-0.993906085431554,1
1,"A",1.35373086648041,-1.20649471657196,1
1,"A",-0.772626700287468,-0.214553472662684,1
0,"A",-0.0831211072017062,-1.61648602004219,0
0,"A",1.38929629004519,-0.940971002017246,0
1,"A",1.97513476797885,-1.43698798389855,1
0,"A",-0.525695362686591,-1.12561848223459,0
1,"A",1.29339990847324,0.460662820569566,1
1,"A",0.909468242866071,1.46082492559471,0
0,"A",0.19916994936575,-0.999571458947844,0
0,"B",-0.662026561219052,-0.394277510304511,1
1,"A",0.550509109963149,-0.222304915183389,0
1,"B",-0.901437181763493,0.681025111298691,0
0,"A",0.488517640975763,-1.67919544644987,0
1,"A",0.0828904756783406,0.0287576486246707,1
1,"A",-0.314239573896085,-1.29932882173029,1
0,"A",-0.440858104513791,-0.127730196892198,1
1,"B",-1.66415667152432,0.800253917014601,1
0,"B",-1.60338457051675,-1.60738513742816,0
1,"A",2.01957918899289,-0.798081308866013,0
0,"A",2.64450965915119,-0.40602478884963,0
1,"A",1.06008987138579,-1.63678359089302,1
0,"A",-0.792474174609686,-0.598200592651909,1
1,"A",2.04536800541313,-0.610309202798772,1
0,"A",0.295404196025855,-2.71534366536207,1
1,"B",0.394369461617561,0.380191958252547,0
0,"A",-0.439447558850568,0.267113772482646,0
0,"A",-0.192507408649215,0.827757295106548,0
0,"B",-0.0293265077741949,1.04933537762744,1
0,"A",0.768036844262249,-1.56442835743976,1
1,"A",0.297082808725685,0.380993224948638,0
1,"B",0.429363276229078,-0.745942233614609,1
1,"B",-0.166768032021862,0.521119485151956,1
1,"A",1.51200848571089,-2.20139471380376,1
1,"A",0.795423618679719,-0.205158571899959,0
0,"A",-0.362193180013128,-1.81273318018832,1
1,"A",0.311425655566812,-0.899225553370084,1
0,"B",-1.0379550315381,0.00994756857974322,0
0,"A",-0.396703707873833,-2.32250585613774,0
0,"A",0.272549233017338,-0.596388342993779,1
0,"A",-1.05589631447382,-1.39760271069754,0
0,"A",-0.957993446223717,-0.636641273987721,0
1,"A",1.6472324377174,1.07965568128003,1
1,"A",1.16871229885613,0.290507529697677,1
0,"A",1.0049196669638,0.0476705285293218,1
0,"B",0.846096216930898,1.32516933508462,0
1,"A",-0.675625866576021,0.826851848772463,1
0,"A",0.290155670948655,0.344829052994301,1
1,"A",0.202386066736165,0.930675744341075,1
0,"A",0.965115675750028,-0.594254716500243,1
1,"A",0.93413308996545,1.77061374849049,1
1,"A",0.716891147649398,1.83260778837565,1
1,"B",1.88068505977188,-1.67410597148712,1
0,"A",-0.0794867368421298,0.14861732143394,1
1,"A",1.35819926533428,0.208419575770506,1
0,"A",0.575797029503231,-1.22424928283365,1
0,"A",-0.625578417861301,-0.733428219746328,0
0,"A",0.0724916951013059,0.11687990046304,1
1,"A",1.47182265035599,1.93906742143612,0
1,"A",0.354049104605259,-0.64397755416666,1
0,"A",-0.271189039052756,-2.45898629361003,0
1,"B",-0.754741511844144,1.68307127955021,0
1,"A",0.479292208482815,0.601038818586065,1
1,"A",0.909678448797229,1.03493416830719,1
1,"A",0.377052465594724,-0.0208691934296757,1
1,"B",-2.10262805181055,0.351915428640641,1
1,"A",0.77156899341565,1.99222601364086,0
1,"B",0.0400661924921762,-1.50494431997415,1
0,"A",0.494592492436738,0.507404853788746,1
0,"A",0.00873936787735791,-1.71755757778162,0
0,"A",0.092585541700176,-0.896862129791896,0
0,"A",1.09949044103814,-1.57875054459855,1
0,"B",-1.37752778175006,0.360109261904077,1
1,"A",0.701426102308293,-0.509170734830318,1
1,"A",1.05748267460747,-0.727362448733553,1
1,"A",2.03435851280065,-3.420488526788,1
1,"A",1.33651036507783,1.11370856596493,1
1,"B",-0.467917304476305,-0.202364067059623,0
1,"A",0.445837086703848,-0.807646744092717,1
1,"A",2.05552150074575,-0.241945490566804,1
1,"A",1.42686898444602,-0.167499017428896,0
1,"A",-1.00026157935336,-0.972184853163852,1
1,"A",0.075361345769518,-0.60517257675913,1
1,"A",-0.541452399684014,-0.567363759017201,0
0,"A",-1.60685293374287,-0.272867687960897,1
1,"A",0.804690232250048,0.215013357216686,1
1,"A",1.40081943929038,0.351435406262962,0
0,"A",-1.26461656198728,-0.265248129252163,0
0,"A",0.250279178753233,0.215350051196212,1
0,"A",-1.30391822593581,-0.901882942492882,1
1,"A",-0.317409594751481,-0.898329410775969,1
1,"A",0.882927633412942,0.395945121204657,0
1,"A",0.421428152749217,1.75578470471819,0
0,"B",-1.97242468906956,-0.69298931298895,0
1,"A",0.977306252007669,1.08743612214175,1
0,"B",-0.65547594686113,-1.35129161049352,0
1,"B",0.635907567529536,2.09416612893212,1
0,"A",0.547428037184742,-2.77212365644131,1
1,"A",2.79660421058746,-0.696116576067917,0
0,"A",0.842964725048936,0.609269930337788,0
1,"A",2.32221355122697,-0.208138830551403,0
1,"A",0.975521907158063,-0.611146314038037,1
0,"B",-0.471615738299755,-0.438545001737088,1
0,"A",0.104518102764761,1.18772800896027,0
1,"B",-1.1590353634543,0.558734540055151,1
1,"A",0.901470014415009,-0.180869325486785,1
0,"A",1.51395409327404,-0.185351335241908,0
0,"B",-2.84338092490219,-1.250803585586,0
1,"B",-0.932564934422639,1.64938938850878,1
1,"A",-0.570727422834165,1.03269629412008,1
1,"A",0.382855837457713,-1.70665958894463,1
0,"A",0.438799660355239,0.0324371042022258,0
0,"A",0.408507846159401,-0.448407400778058,1
0,"B",-1.43526493371209,-1.04014662215023,0
1,"B",-1.63195130892587,-0.073911025572224,0
0,"A",-1.47574925661987,1.19160001046584,0
1,"B",-1.64300658248855,2.20077541881255,1
1,"B",0.77827198591141,-0.343116653439101,1
0,"A",0.137907458882527,-0.462595008049478,1
1,"B",0.290517784095392,-0.797115248116565,1
0,"B",-2.06062599059435,-0.311096102700686,0
0,"B",-1.97179670226272,-1.82557407768393,0
1,"B",0.853585541428629,-1.89746235300533,1
1,"A",1.20252904366389,-0.0469013205680055,1
0,"B",-0.431750460994678,-0.787841627226826,0
0,"A",0.518843406367023,-0.457763849280066,1
1,"A",0.105141991295905,-0.757429105564171,0
0,"A",0.483214912954598,-2.11121620440443,1
1,"A",-0.900095185005558,0.672028154996897,1
0,"A",1.20275550608054,0.189033598672891,0
1,"A",1.28150709696678,0.356141280229625,1
0,"B",-3.15192768952581,-0.470269799026548,0
0,"A",1.06383243083009,-0.368267509273171,0
1,"A",0.631335194104187,1.62929914847581,1
0,"A",-0.442471396428607,0.307582078994815,1
0,"B",-1.89756933497827,-0.275453867830469,0
0,"A",0.917891424639159,-1.40917637171686,1
0,"A",1.08350895050673,-0.91559704453605,1
0,"A",-2.25147077850842,-1.97865228283495,0
1,"A",-0.0714109992209102,-0.0350573739429968,1
1,"B",-1.16247973913117,0.695377238073565,1
0,"A",1.11119213405138,-0.643522068551184,1
0,"A",-1.01724884633038,0.238762010205329,0
0,"B",-1.66709147955459,1.21122116673055,0
0,"A",-0.112032557646699,-0.566542089080481,1
1,"B",-1.48593969769237,-0.130444002539881,0
1,"A",0.077711158598491,0.287293274422715,0
1,"A",0.959749685918412,-0.819924904130576,1
1,"A",0.919705501141783,1.17853058700398,1
1,"A",1.52849956602205,0.169808943597319,1
1,"A",0.0836577939611183,1.74176929592323,0
0,"B",1.07374214783207,-0.769530995413037,0
1,"B",0.81767186321781,0.0800813204123999,0
0,"B",0.131755060299264,0.894760901034234,0
0,"A",-0.717832148753239,-0.68122887920456,0
1,"A",-1.46099045376945,-0.0154036254047905,0
1,"B",-1.16545267652584,0.892875127564446,1
0,"A",-0.0817575364438823,-0.682146199581827,1
0,"B",1.98215899312238,0.223037815822432,1
0,"A",-0.942198124246531,-2.49921235325982,1
0,"A",-0.482644081537404,-0.979014805990445,1
0,"A",0.495193028895235,-0.197324665161163,1
0,"A",-1.22649784661485,1.7803186563445,0
1,"A",0.697958303124065,-0.226606443113731,1
0,"A",0.703741686693233,-0.33750710175946,0
0,"A",0.60636979765628,-1.46197831942875,0
1,"B",0.340274909510588,-0.352784951437292,1
1,"A",1.43749349274507,-1.91452731594234,1
0,"A",-1.6212243273742,-0.282453432596249,0
0,"A",0.266170631566861,-0.18155889219955,1
0,"A",0.417620876300335,-1.67785048051062,0
0,"B",-2.02002113133476,0.582327300655846,0
0,"A",0.261628408613622,-0.621638898613947,0
1,"A",0.807347526189788,1.38437903368615,0
0,"B",-0.968692206453128,-0.766051892788928,0
1,"A",2.59550943387313,0.370872407018581,1
0,"B",-0.149241350677277,-0.476612413040252,1
1,"B",-0.442033969019938,0.462945463080052,0
0,"A",0.859416785349512,-0.10627420521749,0
0,"A",-0.081702637881963,-0.896268879607416,1
1,"A",-1.67440323409264,-0.408743908926901,0
0,"A",-0.721696352605907,-1.02126313344169,1
1,"A",-0.375151872400971,0.206457693687404,1
0,"A",0.94077238127671,0.190678472942632,1
0,"B",-0.838127469710597,1.03050978713941,1
0,"A",1.2803497968501,-1.07633152012409,1
0,"A",-0.227793880578374,-1.45237532593593,1
0,"A",-0.0588821854595481,-1.18792774795821,1
1,"A",1.46853021525726,0.0160553622560768,0
1,"A",2.01316552252573,1.08216755540783,0
1,"A",-0.797132523481639,0.682948064466995,0
0,"A",1.93551913335475,0.0904554143759413,0
1,"B",-1.34578645836765,0.455166970892463,0
0,"B",-0.607444438145029,-1.28254633752085,0
1,"B",0.784538859353309,0.991863579942366,1
1,"A",1.23148165537398,-1.4260994933178,1
1,"B",-1.80509025599649,1.08328213485014,1
0,"B",-1.38539045849874,-0.0741771569546972,0
1,"B",1.18341846466894,0.758492151482044,0
1,"A",0.432999613660145,0.371664521370944,1
0,"A",-1.73680334640527,-0.599095388338431,0
1,"A",1.24138862180312,-0.0561502506407083,1
0,"B",-1.08800811158864,-0.487897963915525,0
1,"A",-0.375522309104335,0.857254462270134,0
0,"A",2.82733803908942,0.249437017538821,1
1,"B",1.16378337793939,2.28019175445645,1
1,"A",0.0684764451525727,-0.990927446738927,1
1,"A",0.00748267773479455,0.317554780128928,1
1,"A",-1.09968662750633,0.836612868589408,0
1,"B",-0.250797820169644,1.04704799861616,0
1,"A",-0.760897673423978,0.361863138781921,0
0,"B",-1.53894575657775,1.26775801807736,0
1,"A",1.12760685257338,-0.970817309968969,0
0,"A",0.10246607930927,-0.348111697205263,0
0,"B",-0.454594022398292,0.191391188519794,0
0,"A",0.842834903262129,-0.836877777886094,1
1,"A",0.0276460393373294,1.01422456040093,1
1,"B",-0.0261163300031039,0.126489534045841,1
0,"A",0.169691568565144,-0.484766912953413,1
0,"A",0.793164592319721,-0.360381802471851,1
1,"A",0.401777728546112,0.984702320078759,0
0,"A",0.421221521710835,0.47251660546804,1
1,"A",0.592009782250378,1.64553076899938,1
0,"A",0.302131741160444,0.209962634198586,0
1,"B",2.38410582008837,0.941015727438329,1
0,"B",-0.10722959662085,-0.110732092034221,0
1,"A",0.657608974557036,0.87749603542239,1
0,"A",-1.426545209712,-0.2364510793534,1
0,"A",-0.265827000436075,-1.10624498588154,0
0,"B",-1.94334355542543,-0.684441574645817,0
0,"A",-1.10160675408211,-1.77922044818245,0
0,"A",-0.624060638746912,-1.92823502127534,0
0,"A",-2.2916532081136,0.016921931094778,0
0,"A",0.083842908888633,-1.46236564829953,0
0,"A",-1.42057707073651,0.57637401607758,1
0,"B",-3.53891878092979,-1.00151556594247,0
0,"B",-0.338005824362754,1.46987199563141,1
1,"A",1.83150463241551,0.624673321886941,1
1,"A",0.144385963496714,1.60971394848439,1
1,"A",1.7506303618275,-0.847350913695438,0
1,"B",-1.80746818200054,0.0289023090382768,0
0,"A",0.710475266511307,0.756671388516025,0
1,"A",-0.912701072089478,-1.02016105441892,0
0,"A",-0.3593445173075,-0.993424253952405,0
0,"A",-0.421658916166589,0.0823322561556143,0
0,"A",-0.164967402557814,-0.325968269643568,0
1,"A",1.67446110029178,0.828068642541223,1
0,"B",-0.981527520300957,0.284121977469377,1
0,"A",1.17249362391075,0.906970548365209,1
1,"A",0.723022075415955,-0.217989177424744,1
0,"B",-0.563898985293406,-0.825847479341383,1
0,"A",-0.281625799151644,-0.244041533917432,0
1,"A",2.08904894622993,-1.52955058860821,0
1,"A",0.921145918396794,-0.7218108967852,0
0,"A",0.535359701573843,-1.86852085474765,1
0,"B",-0.175285305100552,0.0210803632011575,1
0,"A",-0.28182536993789,0.208513145187048,1
0,"A",-0.294215076021957,-0.115879934969516,1
0,"B",-1.50961968096699,1.14018996710361,1
0,"B",-1.88341486936611,0.675315481683149,0
0,"A",-1.22839645062106,0.870592363114797,0
1,"A",1.30632575514242,0.873251240550725,0
0,"A",-0.322824230534814,-0.469345123192441,1
0,"B",-0.833008076701576,0.557033755119308,1
1,"A",1.89040475894565,0.998229226228119,1
0,"B",0.0183486459345753,0.0986370736433103,0
1,"A",0.55123874125188,-0.181133911029355,1
0,"B",-0.888046410212101,0.86372850861419,0
0,"B",-0.0103244231712565,-0.961578947194616,0
1,"B",0.68647088484465,0.317715098083345,1
0,"A",-0.933288627505877,0.326041334955185,0
0,"A",-1.20799860238299,-1.74451362783975,1
0,"A",0.644936858766361,-1.37193292273388,1
1,"B",-0.120490970976715,1.0417240984475,0
1,"B",-1.58602492454978,2.16052419935348,0
1,"B",0.302620219182127,1.09936734043638,0
0,"B",-0.247052732099105,-0.215529619001062,0
1,"A",1.5580736835449,0.12721168779228,0
1,"B",1.0457391198558,-0.837383957506836,1
0,"A",0.895056920077564,-2.64003576961961,0
1,"A",0.604108860495836,1.3363693019861,0
0,"B",0.127996012905247,0.974909643373153,0
1,"A",1.10571994934464,-0.245650100139116,1
0,"A",-0.322177396479122,-0.00296565439362639,1
1,"B",-1.37447787103277,0.595245533003872,1
0,"B",-1.34080158401094,1.08338835088381,1
0,"A",-0.205714983989002,1.29464424668951,0
1,"A",-0.263713284553221,-1.17074503956512,1
1,"B",0.382144241248297,0.483549406152295,0
1,"A",0.733528160791412,0.60478184157533,0
0,"A",-1.06774283146141,-0.870193860759073,1
0,"A",-1.21014228836157,0.230836229460777,1
1,"A",-0.0187005569812304,-0.33816193842978,1
1,"B",-0.956174756489814,0.291510577916877,0
0,"B",-1.23620823529615,0.0439100852009774,0
0,"A",1.79052984454083,0.0898666020735009,0
1,"A",0.927083526707066,0.944726068703905,1
1,"A",0.13286041549723,-1.82640272441607,0
1,"A",1.18088432961344,-0.756702903373371,1
1,"A",0.404111993861826,0.919244025322848,1
0,"B",-1.87895562515796,-1.16601499210581,1
0,"B",-0.121998040037068,1.37091565431286,1
1,"A",0.520730568909317,2.14776481737678,1
0,"A",0.803306266652274,0.0463708267128332,1
1,"A",0.270332229197362,-0.923743898038591,1
1,"A",-0.492954848050605,-1.31918558396591,0
1,"A",1.22809766796797,-2.32871275499649,0
1,"A",1.11855695242813,-0.378262734189962,1
1,"A",-0.129557600578396,-0.255689925367562,0
1,"A",2.15615698602587,-0.17602328037649,1
1,"A",1.16705497659199,-0.445910292522155,0
0,"A",0.0875463522205761,-0.534126191233606,0
1,"A",-0.104330702842787,-1.20830314390536,1
0,"A",0.137444324561088,-0.667297315492025,1
0,"A",-0.312246194335408,-1.673640038623,1
0,"B",0.12503471796079,-1.12692760648943,0
0,"A",-0.890090771648498,1.4533633962034,0
1,"B",-0.4854606359717,-0.279254424756171,0
0,"A",-0.686552978696946,-0.581215063575988,0
1,"A",1.07850264130741,-0.0800898788171667,1
0,"B",-1.00305669776296,-0.914567627054845,1
1,"B",-0.741650708901122,1.59853917524494,1
0,"A",-0.291489621321662,-0.214148445006309,0
0,"A",-0.0146955829164769,-0.413305040773388,0
1,"B",-0.910095968436144,0.990771754443047,0
0,"B",-0.542890115328557,-0.398894903086187,0
0,"B",0.961073247318773,0.456682087173338,0
1,"A",1.05876981581988,2.00871039771245,1
1,"A",-0.405926390889262,-0.460269755637868,1
0,"A",0.0561376803462278,0.262487488305594,1
1,"A",0.827631059645473,1.21896824907864,1
0,"A",0.0674600195032117,0.856055907053615,1
0,"B",-0.843900521124967,0.698864405114883,0
0,"A",-0.809991163684608,-1.85319062803052,1
0,"A",-0.129421391630656,-0.692234155095955,0
1,"A",0.106820995939861,-0.733462691813436,1
0,"A",-0.891168628168124,0.493053587913677,1
0,"A",-0.640742578405007,-0.613250078336507,1
1,"B",-0.312196063655752,-0.43472657723152,0
1,"B",0.214109145070822,1.48148047540892,0
0,"B",-0.452771357545042,-1.59337157476177,0
0,"A",-0.115763498916963,-0.860865296633726,1
1,"B",-0.818535461991831,0.864797397791203,0
1,"A",2.26581748880346,-1.02843125961818,1
0,"B",-0.943567642028874,-0.624046530744454,1
0,"A",-1.00480940861877,-0.407479607572403,1
1,"A",0.952791135564488,1.52085925566444,1
0,"A",-2.2685887536004,0.226255259702826,1
1,"A",1.01972178844814,-1.19448894484726,1
1,"A",-0.669316480768215,-2.07022625497991,0
0,"A",-2.54556469115185,-0.672217200648291,0
1,"A",0.0987675148207886,0.302717613167542,0
0,"A",-0.897958671963328,-0.839383718197785,1
1,"A",0.721395112235246,-0.903308517956858,1
0,"A",-0.527249351364377,-1.71889538757846,1
1,"B",-0.56166745445637,-1.53028101171744,1
1,"A",0.081215466583381,-1.11982400824648,0
0,"A",-0.702448589530417,-0.359983116175834,0
0,"A",0.801726812323793,-2.0720405355353,0
0,"A",-0.893123851025103,-0.993570731078599,1
1,"A",-0.413378647898153,-0.826352510858452,0
1,"A",0.298791252313885,0.120437721286999,1
1,"A",0.0436969104129303,0.55501813105919,0
0,"A",-1.74417524717445,0.281386913012188,0
1,"B",0.41450916972374,-0.342145498023462,1
1,"B",-1.8360884457238,-0.021359393484253,0
1,"A",-1.79629177397906,-0.206660065512178,0
0,"A",0.236527125061579,-0.786285506234047,0
1,"A",0.621852730103257,0.377970422117384,1
1,"A",1.31814461518752,-0.124733675582158,1
0,"B",-2.67972619922149,0.909753605559875,1
1,"A",-0.444477752139314,0.762167591961789,1
1,"A",1.27998701341607,-1.9824550098547,1
0,"B",-1.50686986651463,-0.359258293956779,0
0,"B",0.422475799085345,0.0924359937369422,0
0,"B",0.0941701749175403,-0.281427182914432,1
1,"B",-0.32779374693772,0.386966464231977,1
0,"A",0.193073830963551,-0.416842975626576,1
0,"A",-0.46481129731509,-0.0979275489781455,0
1,"A",1.11924757375508,0.156247337015985,1
0,"A",-0.648572099959414,-0.688515702942018,0
0,"A",0.549533913741759,-1.23701642935257,0
1,"A",0.87173616926,-0.514440864636524,1
0,"B",-1.70274603880284,-0.560192466906378,0
1,"A",0.0165785752621753,1.44664409300622,1
1,"A",0.682240068302832,-0.475225805278136,0
1,"A",0.252128543068563,-0.842410213315967,1
1,"A",0.862885095021913,1.14202754193741,1
1,"B",-2.25384763275453,1.08645043172158,0
0,"B",-1.3018731688555,-1.82803671028176,1
0,"B",-2.38279096783175,0.173888500523108,1
0,"A",-0.174783780042898,-1.13846210590649,1
0,"A",-0.657294906440878,1.18904237392589,1
1,"A",-0.184585889392841,-1.07762882973006,0
1,"A",-0.459854618697708,-1.75331886982883,0
1,"A",1.33506473816613,-0.0123947319917119,1
1,"A",-0.466402701740797,0.741052094973424,0
0,"B",-0.80039571114327,-1.52391114861893,0
1,"A",1.21100684849816,-0.887656224527623,1
0,"A",-0.249838305069198,-1.36304033154602,1
0,"B",-1.04540777207818,0.617135697351164,1
1,"A",1.22222008745609,-0.757415950968253,0
0,"B",-0.367422548594719,-0.13725002358268,1
0,"A",-0.120064485276973,-0.81465394959272,0
0,"A",-0.157491291717292,-1.3038666264061,0
1,"B",0.241340993379253,1.266944559166,0
1,"B",0.720395718232681,1.20117170949437,1
0,"A",0.804282370022618,-1.89753084122227,0
0,"B",-1.71639594681874,-1.33761381326206,1
0,"A",-0.586291109758482,0.893516585794241,1
0,"A",0.956684044484425,0.652850677174667,0
1,"A",0.399903612385683,-1.2269780708626,1
0,"A",0.109124410100581,-3.81072960001272,0
1,"B",-0.89860547816679,0.736929535067917,1
1,"B",-2.2299098267071,0.00277782739795759,0
1,"A",0.836758180338897,0.325164815773691,0
0,"A",-1.50566327391913,-1.47212273853005,0
0,"B",0.271082969210192,0.398232884500205,0
1,"A",0.593546556491919,0.271187904102936,0
1,"A",1.50998021938748,-0.730278554445228,1
1,"A",0.967443761419173,0.212074657848645,1
0,"B",0.766692380833492,-0.834689423158492,0
0,"B",-0.908849914784015,0.621092457794928,0
0,"A",0.420951669269847,-0.646362689786328,0
0,"A",-0.547950648816806,-0.567460435232426,1
1,"A",1.8905344013078,-1.92570514653937,0
1,"A",-0.709694348900989,0.463560174887745,0
0,"A",0.195379601923151,-2.08751015786166,1
0,"B",-0.930762520093052,-0.761304557831831,1
1,"A",1.81688196741135,-0.712951921901768,1
0,"A",-0.010336585307576,-0.791889621130704,0
0,"A",0.63255674362215,-1.44984755881877,0
0,"B",-0.729158080148921,0.627920673617667,0
0,"A",0.925216619061895,0.50063976990136,0
1,"B",-0.337797252328107,-0.0920643508033436,1
0,"B",-0.340149694101962,0.600631510176387,1
0,"A",-0.261632328337474,-1.45024872228594,0
0,"A",1.50449993697752,-1.46358476963344,1
1,"A",1.17924087421477,1.84416604309839,1
0,"A",-0.351625863114285,-2.63789642589118,1
0,"A",-0.190637032576755,1.94365928463287,1
0,"A",0.126151004883496,-0.886197615166907,0
0,"A",-0.850921103712051,-0.462249709418134,0
0,"A",-0.128849606427278,-0.0128287716629072,0
0,"A",0.249860500230754,0.731933178736412,1
1,"A",0.0568466684073592,0.554191419230423,1
1,"B",-1.15825892677776,0.634651968373369,1
0,"B",0.195247720646754,-1.64082430639806,0
0,"A",-0.274110142109957,-1.07133562694481,1
0,"A",-0.27735165482669,-0.000105927236589642,1
0,"A",0.00697164906718956,-0.548484882995894,0
1,"A",2.35165710944149,0.871635807658998,1
1,"B",0.962534992707264,-0.304480548316977,1
1,"A",-0.606200648074509,1.61285995716589,1
1,"B",0.681476064422277,1.30117121101147,1
0,"B",-0.715468147109005,0.275498444436838,0
0,"A",-0.922772260606793,-0.0893195197283498,0
1,"A",0.0289087916017766,-0.633229943589488,1
0,"A",-2.06797912051756,0.844735493680453,1
1,"A",1.12554749692507,-2.46499039435394,1
0,"B",0.149498423722654,-1.10076399992535,1
0,"A",-1.38023265957335,-1.85600476593022,1
0,"A",0.800409548320342,-1.06185070156981,1
0,"A",0.182425302030265,-0.944594172844941,1
1,"A",0.493513559491206,0.821393577492777,0
0,"A",0.390011251083182,-1.42339837294694,0
1,"A",-0.168013206265297,-1.43287894189206,1
0,"A",1.18047468049426,0.647016636391527,1
0,"A",0.042118366405656,-1.573760965132,0
1,"A",-0.212923034367782,-2.15781841148981,0
0,"B",-1.31437478908626,-0.335120352304414,0
1,"B",-1.25647204092466,0.519062383150802,0
1,"B",-0.370367418700821,0.49228835969779,1
1,"B",-1.17506533748471,-0.674764653628465,1
1,"A",-0.909551889573476,-0.0373685245346044,0
1,"A",0.340474077073361,-2.1236375155916,0
1,"A",0.356087966231075,-0.482161507577761,1
1,"A",-0.227060903172051,-0.483506823751852,0
1,"A",0.761725186972454,1.15505582269352,0
0,"A",-0.719675753855252,-0.987047096068634,1
1,"A",1.26926254328223,-0.485905855852075,1
0,"A",0.0111057807210471,-0.705559961360168,0
0,"A",0.653196206616953,-0.532026324557677,1
0,"A",-0.0390309241372184,-0.202581571157264,1
0,"B",0.043246686900694,0.530794206403842,0
0,"B",0.0142888351068402,0.101770971476909,1
0,"A",-0.593207937854236,-2.75398677374331,0
0,"A",-0.95692638197926,-1.82992043137047,1
0,"A",-0.256430082765333,0.115019926977099,0
0,"A",0.245346673149075,0.272969816433823,0
0,"A",-0.8039332669365,1.75849257340114,1
0,"B",-1.29822823918247,-0.522249816197348,0
0,"A",-0.924139823100705,-1.2830452307877,0
0,"A",-0.498715167421355,0.350544059199168,0
0,"B",-1.41445123582542,0.305564857209106,0
0,"A",0.335950664309547,-1.69265084681023,1
0,"A",0.548578975649988,-0.870316925667756,1
1,"A",1.05285764462776,-0.366017456335376,1
1,"A",0.71615191221093,-0.785451291961959,0
1,"B",1.39470032536433,0.110499368706464,0
0,"A",0.173173767714136,-0.336818631947319,1
0,"A",-0.344048409854739,0.472111974428404,0
1,"A",-0.113992416192589,1.89762812944896,0
0,"A",0.0606224249873754,-1.2735744763375,1
0,"A",-0.0377398833054362,-0.455862538001375,0
0,"A",0.545199418616913,-0.482645814181657,0
0,"B",-0.852809804792178,0.0913912193613274,0
0,"A",0.924584249850096,-0.65278554678053,0
1,"A",0.980169913244143,0.284403252068739,0
0,"A",-0.403447602455065,-0.346542853075434,0
1,"B",-0.533670129920129,0.0102672886916013,0
1,"B",0.31909222535668,0.66655525660769,0
0,"A",0.323303023868234,-0.347278338972192,1
0,"A",1.41953332064626,-2.20510002914404,1
1,"A",1.14037370986696,-0.747580063464001,1
0,"B",0.169343783992381,0.118119630617315,0
0,"A",-0.368911290698797,0.13564917134696,1
1,"A",-0.0261846230085361,0.0124969916664381,1
1,"A",-0.717968543561858,-0.616792270996763,0
0,"B",-2.89550764082702,0.534006951196526,0
0,"A",0.0684111638634685,-1.61831215759554,0
0,"A",0.628046199493681,-0.229399766509274,0
1,"A",0.981856668455676,-1.02882729652253,1
1,"A",0.640414174325276,0.685308971908917,1
1,"A",0.931302495193321,1.12146369783342,1
1,"A",0.406750671644217,-0.725341809716598,1
1,"A",1.36991521174752,-1.13239341192532,0
1,"A",0.265656913961295,0.303966553778223,0
0,"A",-0.384770024605327,-0.694310043150454,1
1,"B",-0.706715790957473,0.0134141220247775,0
1,"A",-0.131605651360537,1.20243029639975,0
0,"A",-0.783583496640512,-2.30017364440418,1
0,"B",0.274291280143394,0.00950234767700742,0
0,"B",0.363479740001502,-2.8053222311484,0
0,"B",-1.23060802342496,0.517968437364567,0
1,"A",0.405278075364719,-1.94211925438999,1
0,"A",-0.48895393026169,0.525341336291179,0
0,"A",-0.89348820015702,-0.859671583888137,0
0,"A",0.547879882302581,-1.51359912034919,1
0,"A",-0.670050284504905,-0.61182724301025,0
1,"A",-1.11477646528028,-0.449049528896369,1
0,"A",1.45696697987294,-1.74913803909743,0
0,"A",-0.446438727905926,-0.375874496599993,1
1,"A",-0.00720598175776943,-1.87275222269652,0
0,"A",-0.0124867937957202,-1.19074983996566,0
0,"A",-1.16064379565689,-0.0537264736278243,0
1,"A",1.16974608472485,0.217305129610578,0
0,"A",0.892525890815744,0.59507165753136,0
1,"A",1.13369821461525,0.843660658169692,1
0,"B",-1.68259422247391,-0.260444748762636,1
0,"A",-0.960325383159191,-1.56469798437806,1
0,"A",0.260999996506326,-1.8843670805124,0
1,"A",1.33743098242103,2.19168664186118,0
1,"B",0.255721568057665,0.617506907815393,1
1,"A",-0.285360350163146,0.267335109094144,1
0,"A",1.45802382844832,-0.602289366529815,1
0,"A",2.10013147459969,-0.120296054274409,0
0,"A",-0.115982948618317,-1.08571688343607,1
0,"A",-1.56446132431616,-1.11898224981053,1
0,"A",-0.956462415894633,0.351996797412474,0
1,"A",-0.161203339235555,2.04788010107678,1
0,"A",0.294930756561461,-1.37076704884998,1
1,"A",1.06734491204306,1.09451157543254,1
1,"A",1.08055180467821,-1.11533723873502,0
0,"A",-0.954421437019322,0.0843809897221646,0
0,"A",0.383992167206479,-1.62964586231323,1
0,"A",-0.957215401078114,-0.366198538398818,1
1,"A",1.34290983013539,-0.486245490787424,1
0,"B",-0.556225316188134,-0.383159372530238,0
1,"A",0.23308598342133,-0.80873409953367,0
0,"A",-0.463302232009642,-0.388297058891395,0
0,"A",-0.274443848533785,-0.871238824249655,1
1,"A",1.19043721974253,0.710258977851152,1
1,"A",-0.70337588747445,0.433432731658295,0
1,"A",0.661379535906391,-1.27514428245972,0
1,"A",-0.182468498457785,-0.933745080623549,1
0,"A",-0.745034497204444,-0.501432170511685,0
1,"A",1.76978578714147,0.561306498727354,0
1,"A",1.60117761757012,2.06520137634544,1
0,"A",0.210404414859735,0.195126888335618,1
0,"A",-1.71962415165191,1.05348605773207,1
1,"A",0.372713876084886,-0.585371073911177,0
1,"A",0.527771752644585,0.618897333458187,1
0,"A",0.508921161239622,-0.310635348673403,1
0,"A",-0.200998082328155,-1.64378074704461,1
1,"B",0.0490898916364783,0.195548970682667,0
0,"A",-0.108133104884513,-0.208026155419637,1
1,"A",-0.191242794902781,0.235501470321051,0
0,"A",2.07479503586109,-0.164557936767119,1
0,"A",0.962450253007467,-0.920223189436434,1
0,"A",-0.935835079430745,0.121040969485946,0
1,"A",-0.858640221132721,2.1407148337875,0
0,"A",0.594724439211047,0.59287091579045,0
1,"A",0.855324132611076,0.54911524851158,1
0,"A",-0.359383413383605,-2.4944648267257,0
1,"B",-2.0121697968525,-0.659412262169224,1
1,"A",0.00248510759347004,1.89768600101543,1
1,"B",0.875459729383103,-0.834191563831102,1
0,"A",-1.39926283802931,-0.00603439744756729,0
1,"B",0.275354086700979,0.19232248031036,1
1,"A",1.39648735728992,0.0812294558628414,1
1,"A",0.238934835646825,-0.654072465984135,1
0,"A",0.0980218414525787,-0.312299716851568,0
0,"A",0.835318687058752,0.661692667256358,0
1,"A",0.142182584201249,-0.0199795116491727,1
0,"A",0.133588932709077,-1.10089975610366,1
1,"A",0.335410323957225,-0.359457800869491,0
1,"B",0.613779295915021,-0.255796822683087,0
0,"B",0.856575803504015,-1.89221585167245,1
1,"B",-1.22464664509607,0.397276376194713,0
0,"A",1.06430311134143,-1.94545757103006,1
1,"A",-0.925773386393344,0.40302019027194,1
0,"B",0.290013372648124,-1.11792360021826,1
1,"A",1.49559391067804,-0.762393584469229,0
0,"A",0.41970817401989,0.586908489200753,0
0,"A",0.473127568607466,-2.50699395008233,1
0,"B",-1.21390423622322,0.00735979174370871,0
0,"A",-0.315987536977676,2.09499559087705,1
0,"A",-1.11391868481645,0.185707259047338,1
0,"A",0.628952216574516,-1.02475273811735,1
0,"A",-1.06947666466974,-2.35820857556685,0
0,"A",0.712976454449627,-1.94024558050144,1
1,"A",-0.238657401930427,0.391160332205895,1
1,"A",1.5148580711287,-0.843824930811109,0
1,"A",1.77366776001858,-2.43198619182491,1
0,"B",0.124062483555871,0.493341228390978,0
0,"B",-1.61116072736984,-0.633666939035961,1
1,"B",-0.317067786666708,0.953922914107839,1
1,"A",1.01535622538569,0.266687575794885,1
1,"A",0.303667631980293,0.213061473048433,0
0,"B",-1.64093202690725,-0.0951581362749064,1
0,"A",0.273104660824699,0.965465521879664,1
0,"A",1.60123836037106,-1.02232033060615,1
0,"A",0.179722141945948,-0.63828204871299,1
1,"A",0.995117203168378,-1.56574006212742,1
0,"A",0.529863258295084,-1.88301484320166,1
0,"A",-0.838955251165155,-0.159139964007685,0
0,"A",-0.313564217214242,-1.28959964234334,1
0,"A",-1.70982494019909,-0.216926973126808,0
1,"A",0.203842227832056,1.63901874881929,1
1,"A",0.69653676229578,-0.463169065178091,0
1,"A",0.0287780029041063,-0.568139582720183,1
0,"B",-3.04538237143757,0.376866791020987,0
1,"A",0.842340267542539,-1.14163559257551,0
1,"A",-0.745365726812977,0.828148000612895,1
0,"A",0.100747017019631,-1.27383912162051,0
1,"A",2.68657356387787,-2.23780831276067,1
1,"A",-0.376478673141778,0.122321282190185,1
0,"A",0.607600667541175,-1.0700166803165,1
0,"A",-0.151281827574005,-0.800742974588983,0
1,"A",0.728460982384117,0.442813334202871,0
1,"A",1.69402113090867,-1.64578531617454,1
0,"A",-1.51334902769153,1.02684434124405,0
0,"A",-0.141484822984973,-0.551181821592382,0
0,"A",1.37717161484874,0.116997020201474,1
1,"B",0.170831309241465,1.36693103406901,1
1,"A",0.255748061134478,-0.752339862813312,1
0,"A",1.62393714879632,-0.441919011921273,1
0,"A",0.907116818953636,-0.9833515307354,1
0,"A",1.42033125185552,0.701126464096184,0
0,"A",0.00921776165347132,-1.79308529755657,1
0,"A",0.138350022880598,0.180515351115317,0
1,"A",-0.61461481627203,-0.149843857171386,1
1,"A",1.49072418967352,-0.441385789300617,0
1,"A",-1.13728686486767,-1.08600944195553,0
0,"B",-1.310329313276,0.289750769085368,0
1,"A",0.854383844245837,0.977396646721257,0
0,"A",-0.0665689103411177,-0.797321509344281,1
1,"A",1.91448246254597,1.03024288129493,0
1,"A",0.13001567230338,-0.265068385341415,0
0,"A",0.206208122666142,1.06666056409066,1
1,"A",2.41439434741678,-2.21937344383712,1
1,"A",0.369920234740281,-0.349269414565508,0
1,"A",-1.63981934716602,-1.43716286905307,1
1,"A",0.992623727149898,-0.662899892414193,0
1,"A",-0.519365140613871,-0.614540093241854,1
1,"B",0.957546692723184,0.511865123891107,0
1,"A",0.415785974996926,-0.00482871448827621,1
1,"A",0.0756507712044089,0.516778466083189,0
0,"A",1.40820532132433,-1.92166033889938,1
1,"A",0.476630766498658,-0.742929733263672,0
1,"A",-0.224228573103142,0.634110067898926,1
0,"A",-1.63996589592619,-0.704325108799359,1
1,"B",-2.5694790427384,2.92150065919389,0
0,"B",-1.51058250427991,1.2130205605503,0
1,"B",-1.32040476376091,0.800996529825999,1
1,"A",0.38747771368888,0.149019219765069,0
0,"A",-1.93140034544877,0.442702094495047,1
0,"A",0.492092538380019,-0.756572401539057,0
0,"A",0.665579807174348,0.390576153195526,0
1,"A",0.687899053269371,-1.01458857833249,1
0,"A",1.66187958895039,-0.55783599778656,1
0,"A",0.974036676962012,-0.550231484789732,1
1,"A",0.892267059981277,-0.568223359974779,0
0,"A",-0.61328329922406,-0.95823364070352,0
1,"A",1.35484531449777,-0.335630457244753,0
0,"A",0.976594287265726,-1.15802170573721,0
1,"A",1.02920266175905,-0.758738600476785,0
0,"B",-0.499844318402033,-1.08928927234491,0
1,"A",0.927436432236419,0.0915189342907494,0
1,"B",0.502937328751577,1.37771249152484,1
0,"A",-1.14363884519593,-0.188733073796083,0
0,"A",-1.51037713325336,-0.890270641377068,0
0,"A",-0.744415681987404,0.253383942995517,1
0,"B",-1.79537381592555,1.71087268553291,0
0,"B",0.119066883094131,0.506137591068213,0
1,"A",2.15763518532316,0.228601109192368,1
1,"A",0.870008665162874,0.41755968213856,1
0,"A",0.414097356135307,0.899501588674116,1
1,"A",1.88076241174317,0.199872437826682,0
1,"A",-1.31581529139347,2.3357522599052,0
1,"A",2.1552731147087,0.26694307809154,1
0,"B",0.276507325273505,0.276630830567247,1
0,"B",-1.37673292552206,-0.0013758066293714,0
0,"A",0.745339531944124,-0.485053833430358,0
0,"A",-0.612499776294785,0.394649708335416,0
1,"B",-0.322969738797092,-0.370965173882068,0
1,"B",0.388504871239716,0.853257004474304,0
0,"A",0.467438342817942,-0.906052393302821,0
0,"B",-1.10330892978903,-0.677776779070929,0
1,"A",1.77115119542572,-0.289606896206296,1
1,"B",0.728005068832877,0.196539938617821,0
1,"A",1.88756665785032,1.17527832791492,1
0,"A",-0.492467522630509,-2.37014089019514,0
0,"A",2.52617331743513,-1.13057570681679,1
0,"A",0.308029210923803,0.302548520731122,0
0,"A",1.30834959962326,-0.952111815639824,0
1,"B",0.215835435565825,-1.08436791652795,0
1,"A",0.535917289315963,-1.11765819040574,1
1,"A",0.0774821583495307,-0.218799883391983,0
1,"B",-0.570618654558391,-0.0751308685821371,1
1,"B",1.58240383012031,0.105812744714224,0
1,"A",1.45093418633808,1.17284434815424,0
1,"A",-0.116330482111698,0.853965385337593,1
0,"B",-1.99265858901288,-0.23707274055775,1
0,"A",0.00352802956069309,1.26399464606791,0
1,"A",0.979164685933472,0.657052101101924,1
1,"B",-0.647864035439457,0.217322004714157,1
0,"A",-0.191667774409532,-0.771435871766584,1
1,"A",-0.0961092075037193,-0.370104166610583,1
0,"A",0.0635372618610708,-1.7775536978635,1
1,"A",1.07477041328205,0.434390285387985,1
1,"A",1.56282513420805,0.717870957059601,1
0,"A",0.318368934778925,-0.687801151535163,1
0,"A",1.21940755730363,-1.15787902479058,1
1,"A",1.56692187686454,-0.0201749126513768,0
0,"A",-0.873494724757857,-0.334953197039507,0
0,"A",0.142572292063767,-2.12571307250677,0
1,"A",1.41888758905373,-1.9662094270174,0
1,"A",-0.0570531522119136,-0.499766055620531,1
0,"B",-0.163542670385188,0.362271754504169,0
1,"A",0.275694085745115,0.00700882304816941,1
0,"A",-0.554708701304565,0.0113721191236972,0
1,"A",-0.605067519300118,0.156483613189912,1
0,"B",0.268367387965656,-1.66833640728052,1
0,"B",-1.44035155401166,1.16694472748272,0
1,"A",1.72310241390015,-1.60545142750954,1
1,"A",-0.657720918423437,-0.614099795278144,0
0,"A",-0.485241363405912,-2.02333318889013,1
1,"A",0.423384503583729,-0.357380626137789,0
0,"A",-0.871880052610584,-2.56925321348591,0
0,"A",-0.929382233163494,-0.58639285458497,1
1,"A",0.383272453744274,-0.504681108660327,0
0,"A",-1.33231070066036,0.789837514892392,0
0,"A",-1.49428761096474,0.358446048237786,1
1,"A",2.44926885553344,0.883649943494432,1
1,"A",-0.345004631128713,-0.0203868397703561,0
0,"A",-1.60078030895311,-0.917873438088861,1
0,"A",1.25061252669266,-0.0410860790794565,1
0,"A",-0.438253929931808,0.846599509270081,1
0,"A",0.00184448553246708,-2.11908871673606,1
1,"B",0.0444217450718059,0.259403587862326,0
1,"A",-0.396225164090813,0.882657194450824,0
0,"A",0.666184074057674,0.886860689898649,1
0,"A",-0.0751482180446354,0.925844101301499,0
1,"B",1.57301521772695,-2.16300967525219,0
0,"A",-0.553828586693578,-1.14656531373523,0
0,"A",1.00172844563766,-2.06027071153896,1
0,"A",0.531648969889525,-0.597206527341104,0
1,"A",2.38081263762178,0.761198301665624,1
0,"A",-1.45055378730125,-0.999750456933075,0
0,"B",-1.27313313518296,0.109371750716564,0
1,"A",-0.298320752272986,-0.203657889423322,0
1,"A",1.21720816024127,-0.231327952353236,1
1,"A",1.11199904516137,-0.118889427686908,0
0,"A",0.321924825311763,-0.119632513037563,0
1,"A",1.30506136166603,-0.0159945586235756,1
0,"B",0.236998627861993,-0.271133026327728,0
0,"A",0.0332172200301243,-1.32739196319093,1
0,"A",0.166198960140637,-1.21882606751148,1
0,"B",0.93282121005642,-0.0480824986670813,0
0,"A",-0.969128380143351,-1.55236606235943,1
1,"A",0.750996642011686,-1.38404960383633,0
0,"A",0.838886798900986,-1.17976971100264,0
1,"A",1.63225771813198,0.707969501074182,1
0,"A",-1.97809296442353,-1.32499744574014,0
1,"B",-0.31000119059612,0.534528675473518,0
1,"B",-0.760856317982548,1.72914177592409,0
0,"A",-1.440477016236,-0.520867152488123,1
1,"A",1.13871965078019,-0.697308655777432,1
0,"A",-1.1842673677723,0.636739917455285,0
1,"B",-0.904190472919652,0.953496423927326,1
0,"A",0.105802386828117,-2.18967527738453,1
0,"A",0.410883707403035,0.774726726590536,0
1,"A",0.447934452480445,-1.23642550367075,0
1,"A",0.367725169151592,1.10231416489406,0
0,"B",-1.64086672900606,0.788986287954092,1
1,"B",-0.295587466436844,2.72195232600238,0
0,"A",0.653576097675086,-1.80028818906116,0
0,"A",0.625468040383501,-0.690945625755913,0
0,"A",-0.0496448017791776,1.16827686466011,1
1,"A",0.0245064585085871,0.495785297942039,0
0,"A",1.78233346815157,-2.05877658184265,1
1,"B",-0.225416120117947,-1.07871381908339,0
1,"A",1.62774041641221,-0.59097508715418,0
0,"A",-1.63809604667703,-2.26416529988441,1
1,"B",-2.23805766243837,-0.167395295645074,1
0,"B",-1.12858399521878,-0.908027988673995,1
0,"A",0.0123277363947638,-1.16782503087703,0
1,"A",1.32792658685472,0.167069819202331,1
0,"A",0.747469141107766,1.42509779597987,1
1,"A",-0.164115345285293,0.318716698282762,1
1,"A",0.36889071828381,-0.752992012506813,1
0,"A",-0.546807923962285,0.438602966841926,1
1,"B",-0.149236848524019,0.378684456276867,1
0,"A",0.790555569308326,0.0223896076577099,0
0,"A",1.47257688397001,-3.46570938112024,1
0,"B",-1.07857645996696,-0.849795876848823,1
0,"A",-0.399906332397296,0.311875336242652,0
1,"B",0.921249385636125,0.314571733725245,1
0,"A",0.351927485727225,0.303071712231056,1
0,"A",0.325346966234068,-0.598067921757063,1
0,"A",0.997613722365674,-1.70166808638446,0
1,"A",0.0604077801375461,0.399162839804403,1
0,"A",-0.525512511240872,-1.31713489237009,0
0,"A",0.24672039390378,-1.32850795400068,0
0,"A",-0.605500201231841,-0.880770054677355,1
0,"A",0.178290457714939,-2.70261586643869,0
1,"A",-0.235539037887335,-0.529004732341421,0
1,"A",0.27512017627239,2.24058567114911,0
1,"A",-0.0373447896561137,-0.0311867748271775,1
1,"A",0.866385717907465,0.462843078338545,0
0,"A",-1.6943607586757,-0.0359530802877141,1
0,"A",-1.12828485746045,-0.010377558731482,1
1,"B",-0.910392741474041,2.32344008169598,0
1,"A",1.07970930210983,0.811251984442405,1
0,"A",0.235037951951202,-1.10244123612941,1
0,"A",1.61537182570887,-0.387974414884274,0
1,"A",1.0957381300342,-2.41454901126732,1
1,"A",-0.13465243954716,0.155072057613733,0
1,"A",2.11216835747087,0.530870869920193,0
0,"A",0.272100161354561,-0.274419390865494,0
0,"B",-2.6860204734857,-0.907626441895427,0
0,"A",2.18867552509448,-1.23147071261438,0
0,"A",-0.740917164995617,0.305908061481142,1
0,"B",-1.34884188271653,-0.993348155484463,1
1,"B",-0.285786237220557,0.992813982341681,0
0,"A",0.58924810764954,0.0797368464824751,0
1,"B",1.3459821438243,1.36438205145437,1
0,"A",0.942728614040928,-1.30054514323076,0
1,"A",1.33411744763239,-1.54798037406554,1
1,"A",-0.796289148270789,2.06226551890927,1
1,"A",-0.482438299379348,-0.183519223521638,1
1,"B",-0.67772834102911,0.102029377593974,0
1,"B",0.287182691211768,0.375090965514121,0
1,"A",0.467292116331396,0.498335984674388,1
1,"A",0.0970135441255977,-1.89324371908537,1
0,"A",-0.296197528776389,0.661852530300649,1
1,"B",-1.09690521221074,1.26252300552919,1
1,"A",1.20723397977461,0.460744185116629,0
0,"A",-0.776569765675074,-0.568314951459337,1
1,"A",-0.69317442935158,0.633880809425966,1
0,"A",-0.463588429575513,-0.987380007940025,1
0,"A",-0.500045263773341,-1.57582167093264,1
1,"A",0.619261905800733,-1.55564309331372,1
0,"A",0.492464807258873,0.498613195316257,1
1,"A",1.38969743120627,0.57179952299557,1
1,"B",-1.6359526320985,0.628768778181903,1
1,"A",0.404831614460639,0.0457636855207057,1
1,"A",-0.584055831785674,-0.469698144904698,1
0,"A",-0.157622568206135,-1.10201926078145,1
1,"A",1.71314411534875,0.731665886775453,1
1,"A",0.182470837548125,-0.408904569205544,0
1,"A",-0.330952270164644,1.10572310877054,0
1,"B",-0.59106018062046,0.223049427721959,0
1,"A",-0.893274717137741,0.0357263328323743,1
0,"A",0.390505063251307,-1.26041372711484,1
1,"A",1.01090641741016,-1.52948647972231,0
0,"A",2.44675352863287,-0.122162755581575,1
1,"A",1.8388998978281,-0.289631771243967,1
1,"A",1.65787310932634,-0.587066426504568,1
1,"B",-0.457438744064972,0.381643562513905,1
0,"A",-0.767737524248602,-1.53715387445563,1
1,"B",-0.91955258556129,0.139410208410844,0
0,"A",-0.433326079225371,-2.97052293133604,0
0,"A",-0.543042978882276,-0.00441925609074628,0
0,"B",-0.0205726285593283,-0.00464244595343313,0
0,"B",-1.44498667744162,-0.473709989243474,0
0,"B",-2.32825783447316,1.56300467479541,0
1,"A",0.960657952087919,1.14950877164313,0
0,"A",0.346170738752257,0.245455284952576,1
0,"A",0.0670533892288955,-0.706130333836834,1
0,"A",0.393114519578212,0.395582535408831,1
0,"A",-2.43257513963541,0.856540706125385,1
1,"A",-0.324593760059418,-0.288841212823084,1
1,"A",2.35552673340714,-0.647937548794075,0
1,"A",0.137092232631674,0.657639115223471,1
1,"A",1.20125177232144,1.27642684171974,1
0,"A",0.904092899477846,-0.818523261837134,1
0,"B",0.0440140752260672,-0.256374950910026,0
0,"B",-0.382097867072282,2.0020498918258,0
0,"A",-0.259913598316448,-0.36837841622383,0
0,"A",0.233214186640173,-1.41116775983811,0
0,"B",-1.29065603539792,-0.0123044448644572,1
1,"A",0.663890658838289,-0.227557030595126,0
1,"A",0.598088399788293,-0.284753341559828,1
0,"A",0.38310161107692,-1.07198371139738,0
1,"A",0.58547668373146,-0.531347958034284,1
0,"A",0.851563051977457,-0.296836932249823,0
0,"A",0.367261232171626,-1.25530232626625,1
1,"A",-1.27403997220451,1.08459641347267,1
1,"A",0.568767566313165,0.100889093609031,0
1,"A",0.73621251647144,-1.49414795482872,1
0,"A",1.20637820059215,-0.475259214897792,1
0,"B",-0.431610895324346,-0.500061107916394,1
0,"A",-0.187024052647173,-0.612024534113534,1
0,"A",-0.154553084865067,-0.877546962056,1
0,"B",-0.126492576265382,-1.68784146182191,0
0,"A",0.908428812423386,-0.509062464187394,0
1,"A",0.573528084183466,-1.05967114090676,0
0,"B",-2.07240537932808,1.12791375528896,0
1,"A",1.57780890018156,-2.27391949056298,0
0,"A",-1.1600671052682,0.705409106928946,1
1,"B",-1.35819541252399,0.145660995014431,1
1,"A",0.692398702418388,-0.583391295129207,1
1,"A",-1.57684235186232,0.0517302254209336,1
0,"A",0.241084073997155,-0.717752624747293,0
0,"A",-1.97729074599222,0.216651686390252,0
0,"A",0.0490573884863145,-1.54786817826293,0
0,"A",0.9113241101635,-3.03372644064422,0
1,"A",0.717489056444341,-0.122946594530076,0
0,"A",-0.456086561074831,-0.980396911776326,1
0,"B",-0.579862484506837,0.774297311118705,0
0,"A",2.75174090772274,-0.107305436106539,1
0,"B",-1.60672240891121,0.848619267647613,0
0,"A",1.1890546064844,-2.10994120355009,1
1,"A",2.55537028172646,0.18736451035267,1
0,"A",1.98793559147762,0.487578191046525,0
0,"A",-0.955422405966132,-1.10273889823323,0
1,"A",1.76674948421339,0.309156013727317,1
1,"B",-0.906962809327995,1.2470605290538,0
1,"A",0.144483031574268,-0.317030518044881,1
1,"A",1.02548644510046,0.623227323395411,0
0,"A",-1.85580057182467,-0.350503588759366,0
1,"A",1.63528684796266,-0.181857504702238,0
1,"A",0.0141068444406574,-1.62715568339193,1
1,"A",2.25173227361866,-0.744843312247944,0
1,"A",0.707972869707115,-1.77749104649056,0
1,"A",1.71381976171912,0.454128159760318,0
0,"A",0.342577900851168,-0.132582514575175,0
0,"A",1.04965186308756,-0.105666238568954,0
0,"A",1.05099861495759,-1.2759044335336,1
1,"B",-0.882252259725825,1.58350160726526,1
1,"B",0.781064448846611,-0.755245108324373,0
1,"A",0.815627190697799,0.411054322834252,1
1,"A",1.67958879780405,-0.740097026343498,1
0,"A",-0.863078850650622,-0.225957138633324,0
0,"A",-0.810988734517077,-0.447958090031959,0
1,"B",-1.79337763706704,1.02205208342338,0
1,"B",-1.9583027353531,2.48752184790919,1
1,"A",0.0105984926998896,0.68732297871694,1
0,"A",0.500208605216525,0.364897770087885,1
0,"B",-0.497823873993599,0.203462296135505,1
0,"A",0.81613714226869,-2.38724661409324,1
0,"B",-1.21119839716095,0.672170751542236,0
0,"A",-2.30281261899889,-0.0785267948848893,1
1,"B",-1.36950120426416,0.509949866015592,0
1,"A",-0.198257826970898,-0.316127515117908,1
0,"A",1.12386320758502,-2.31761575475191,1
1,"A",0.665969639164498,1.04666979635838,1
0,"B",0.389499882366164,-0.110866314052593,0
1,"B",0.0418106099288119,1.48123517984569,0
1,"A",0.570266104016877,0.482751949460494,1
0,"A",1.34679767618538,-2.76769881196208,0
1,"A",1.19595726919597,1.30588020258637,0
0,"B",-0.681027686221736,-0.173158648744715,1
1,"A",1.94302970204881,-0.554327779421785,0
1,"A",-0.680645664894532,0.808204004971559,0
1,"A",0.583457876565681,-0.324981686571544,1
0,"B",-0.016360073021719,-0.094815719777248,1
0,"A",2.00351839135373,-2.85429377886296,0
1,"A",0.81738384620223,-0.935931628490098,1
1,"A",1.07648728140324,-0.777096935364055,1
1,"B",-1.8229886115726,-0.0767048535510486,1
1,"A",0.187698851159973,0.251028540658921,1
1,"A",1.36339573926699,-0.358431331095897,0
1,"B",-2.43877678064196,1.11120522803433,0
0,"A",-2.40891797590727,-1.04022861045931,0
0,"B",-0.565672044850855,-1.163414863405,0
0,"A",-1.11728979806586,0.147865616368087,0
0,"B",-0.355474152396706,0.621444541321398,1
1,"A",0.905741003731749,-1.6574217155028,0
1,"B",-0.476991097577701,0.803334054769212,1
0,"A",1.13218817906878,-1.74820239890007,0
1,"B",-1.02984954492015,-1.53955727518938,0
0,"A",-0.289107120943892,-0.800071706480161,0
0,"A",0.715031640375787,-0.443155058382211,0
0,"B",-0.157288075223697,-0.46530875606539,0
1,"A",1.09225375446982,0.70148374668074,1
1,"B",0.443249604847948,0.382701676107506,1
1,"A",1.5414278370602,-2.19004917771928,1
1,"A",0.368088023328384,1.03140869685687,0
1,"A",1.09039448514321,1.40544867300365,1
0,"B",-1.4612367240773,-0.579488835547144,0
1,"A",-0.0781722405546828,-1.36172745812098,1
1,"A",-1.03242422529132,1.68086125374258,0
1,"B",0.215975244656475,1.18198287965795,0
0,"A",-1.12550206172643,1.07315308355407,0
0,"A",0.86148370823325,-1.39357057530917,1
1,"B",0.78000849339776,0.986523789934069,0
1,"B",-0.691723300638759,-0.313908832641782,0
0,"A",-0.949641840622689,-0.404450051870983,1
1,"A",0.250798015946159,-0.552344007320537,1
1,"B",-0.111602722790913,0.325855459900829,1
1,"A",1.4609252574439,-0.0599105991893661,0
1,"A",1.81951491177809,0.5407013245579,0
1,"A",-0.626979173604316,0.359901466441971,0
1,"A",-0.511115619313432,0.191192462890421,1
1,"B",-0.863784619436241,-0.664688647163335,0
0,"A",-0.84967657981878,-0.108753959518366,0
0,"A",-0.497510206728733,-0.12982330668815,1
0,"A",-0.0230760102348837,-0.0366385988644576,1
0,"B",0.884564033963856,-0.35679796509393,0
0,"A",0.873646504266823,-1.71314769914837,1
1,"B",-1.33281854634507,0.444104432025096,0
1,"A",0.831202586307243,-0.803254940236711,1
0,"A",0.334580930179492,0.0321281950583678,0
1,"A",0.325038420408052,-0.326680790992493,0
0,"A",-0.522835655768408,0.134339143951701,0
0,"A",1.83725690733355,1.26739688932039,0
1,"B",0.240637635972083,1.83852634471141,1
0,"A",1.28176132656591,-0.816799437464243,0
1,"A",0.682367886366959,-0.737555621562276,1
0,"B",-1.50806037280178,0.787734314239981,0
0,"A",-0.852426432509446,0.149772322334971,1
1,"A",0.437571172847256,0.0125963901535137,0
0,"A",-1.40025357994363,-0.440867139653385,0
0,"A",-1.1083387696656,-0.252157449398865,1
0,"A",-0.403063095925985,0.185595923870598,1
0,"A",-0.154881620624438,-1.11632815607899,0
1,"A",0.259981078429828,-0.341279481616212,1
1,"B",-2.19770224439223,0.693721947106498,0
0,"B",-1.90080547410855,-0.121602315122486,1
1,"A",0.648367450634563,0.20630401760116,1
0,"A",0.119906089852815,-1.33936682418408,1
0,"B",0.202141103484495,1.30839871380862,0
0,"B",-1.85130175213618,-0.429271523805137,0
1,"B",0.0621830828538685,0.450470026340663,0
1,"A",-0.527960207594234,0.224123884981299,1
0,"B",0.39882281526523,-0.223988582527723,0
1,"A",1.12362421722438,0.898131177796335,0
1,"A",0.106001629030553,0.203057849816505,1
0,"B",-0.987001129974855,-0.144599730522059,1
1,"B",-2.15972478093592,0.801352789569486,0
0,"B",-2.09125976955784,-0.134126449863174,1
0,"A",-0.102348622369286,-0.688386527311128,1
1,"A",-0.697903364180202,0.94780456036738,0
0,"A",-1.38207923774622,-0.488384910718966,1
0,"A",0.173123585598434,-0.143476412364353,0
1,"A",-0.175121727644517,-0.625478789816764,1
1,"A",-0.42816376795767,0.192075791510145,1
1,"A",2.06628628154575,-0.371499380524913,1
1,"A",-0.6079563895544,1.19895073692531,1
1,"A",-0.37466969070665,0.0763855623377231,1
0,"A",-0.52830345341884,-0.102971144125133,1
1,"A",-0.343322542644395,-1.11548526643687,1
0,"A",0.786332945444394,0.833408787596867,1
1,"B",0.344197587365996,-0.201171815428504,0
0,"B",-0.0775527092412003,0.652244672909613,0
1,"A",0.0590055824430849,-0.310085964281193,1
1,"B",0.454367297755897,0.681616576567251,0
1,"B",0.379357413949379,1.04681286420249,0
0,"A",0.151565891471736,-1.52719200589033,1
0,"A",0.0474575626479326,-1.79234584944461,0
0,"A",1.63546924300365,0.770372430658875,1
1,"A",-0.805256017748026,0.2073595376239,1
0,"A",-0.0660864289080831,0.159360300879379,0
1,"A",0.822506129878092,-0.204040471106609,1
0,"A",0.788850833000162,1.28270991159068,0
1,"A",1.37860383158993,1.29340733477222,1
1,"A",-0.109256741486801,-1.87016944230506,1
0,"A",0.434303117172147,0.0201056435487233,0
1,"A",0.621423002950546,-2.09069769715087,1
0,"B",-1.81446965237456,1.34974226899858,0
1,"A",-0.820130874194552,0.255037623755786,1
0,"B",-2.00079574744549,-0.381056323035419,0
0,"A",1.3231282962254,-0.576577195320431,0
1,"A",1.9886343394932,0.0199979324964358,0
0,"B",-0.466730346336696,0.125435993687999,0
0,"A",-0.75803821782433,-0.209809095516608,1
0,"A",-0.183509147888712,0.0387330120719478,0
1,"A",0.707332887950026,0.665199678830023,1
0,"A",0.696970491382388,-2.25394248504791,1
0,"A",-0.275637502691903,-1.42154986865729,1
0,"A",-0.345453843841676,-1.05477040185097,0
0,"B",-0.993553598268705,1.00009573339715,1
0,"A",-2.05275105089615,0.291418247018311,1
0,"A",0.435016757402506,-1.37120460566737,1
0,"A",-0.170365346611738,-1.14865455400024,0
0,"A",-0.406782077669627,-0.739307784748974,0
1,"B",-1.57146886779242,1.25703972982762,1
0,"A",0.831448101645281,-2.21225949860345,1
0,"A",-1.71930923171415,-0.970407837196124,1
0,"A",-0.375103359380487,-1.49742834932893,0
0,"A",-0.22663122489422,-2.97445793061489,1
0,"A",-0.324177583591011,-0.931474301047762,0
0,"A",1.72638827069801,-1.73625496555156,1
1,"B",0.801579690794228,1.8182252751067,0
1,"A",0.609064781556421,0.510468344152301,1
1,"A",0.882128388629848,-1.23903009088233,0
1,"B",-0.450888429342109,2.03453521036687,1
1,"A",2.39267369074311,-0.87270048359794,1
0,"A",0.534132330656949,-0.530493498426314,0
0,"A",-0.921781514641576,-0.826322698960533,1
0,"A",0.424896709080666,0.426819644359328,0
0,"A",-1.39502379334085,-0.414204678900745,1
1,"A",1.1767953724438,-0.613686147401088,0
0,"B",-0.161853566029023,-0.697204985562839,0
1,"A",1.43515520091802,-0.74469410300632,0
1,"A",0.695331289468876,0.489221635181866,1
1,"A",0.578699025863563,-0.507850277067585,0
1,"A",2.34907729345509,0.815528867461463,0
0,"A",-1.13801732851036,-2.15654752741697,1
1,"A",-0.445963965998675,0.683929663150512,1
0,"B",1.1539372480732,0.810320878310247,0
1,"B",-0.731158190245159,-0.763158369292776,0
0,"A",0.410667064511513,-1.5524925328798,1
1,"A",1.95799561405131,-0.158820059442796,1
1,"A",1.36422910419162,-0.205147333841296,0
0,"A",-0.442220688964215,-0.793362137985731,0
0,"A",-0.435893756018962,1.46771265093685,1
1,"A",-0.0115186984616257,-0.531513694826896,1
0,"A",0.331538807458086,-0.969535393949179,0
1,"A",-0.651904327216318,0.128164446770304,1
0,"A",0.474629019654401,0.31676282898942,0
0,"A",1.74793608693361,-1.36581041445086,0
1,"B",1.37799971810597,0.551132682585146,1
0,"A",-1.95610373552946,-0.0860626687433781,0
1,"B",-0.43543833628196,2.27514589511614,1
0,"A",0.650340364301934,-0.412641623900021,0
1,"B",-0.483827728963459,0.136135577628558,0
1,"A",-0.232454965887593,-1.37384899081847,1
0,"A",-2.44405122616238,0.343934378156979,0
1,"A",1.50413219119383,0.154890190088442,0
0,"B",-2.04369185153614,0.795802547203222,0
0,"A",-0.95606616727042,0.809565466245787,1
1,"B",0.701525501217893,1.54573113830511,1
1,"A",0.130888386950156,-0.361002615435277,1
0,"A",-0.531610018329911,-0.875059590890073,0
1,"A",0.883528859741725,-0.166367585771672,0
0,"A",-0.109046585960045,-1.47879166002715,1
1,"A",1.28207528538562,0.859594422466798,1
0,"A",0.414606954275327,0.115656806835234,1
0,"B",1.39414634833857,-0.489456173222923,0
1,"A",0.0779445466821875,-1.35283706216665,1
1,"A",0.873941011283318,-0.298844346016564,0
0,"B",-1.31608193446667,-0.653390266148573,0
1,"B",0.557598448183677,-0.918344003126992,0
0,"B",-0.73677063581341,1.40488329310148,1
0,"B",-1.30505122543957,-0.37260466387681,0
0,"A",-1.58862357822731,0.165463157098992,1
0,"B",-0.524955764643648,-1.1928843039896,1
1,"A",0.460445255386833,0.0945137624035923,0
0,"B",0.765366301944868,0.277797153191743,0
0,"A",1.47210457915144,0.142180570811649,1
0,"A",0.394131853653668,-2.07701041566038,1
0,"A",-1.027700907669,0.0697920657808818,0
0,"B",-1.06038757602028,-1.25968909286456,1
0,"A",-1.42177784480172,-1.03431489039717,1
1,"B",0.955064471227827,1.19886443648076,1
0,"A",-1.0857533048708,-1.106141581164,0
0,"A",0.842870741774907,0.654466941631374,0
0,"A",0.51817206093659,-2.03266298449238,0
0,"B",-1.51749080417685,0.116736331489566,0
0,"B",-2.83024120804365,1.70178830518865,0
1,"B",0.256943583927943,1.23237304473388,1
0,"A",-0.603268689941064,-0.0272453428770317,0
0,"B",1.27711590518882,0.232644714327223,0
0,"A",-0.0263436459977572,-2.24809262792149,0
1,"A",2.1659518140843,-0.115002026652949,1
0,"A",-0.0907791230639164,1.31656609060062,0
0,"A",-1.82802767369336,-2.41175094482544,0
0,"B",-1.422317034597,0.0846220203988411,1
1,"A",-0.54556022213524,1.20254701974818,1
1,"A",2.26707722554736,0.520095419231506,0
1,"A",0.211589547844203,0.456982307270263,0
0,"A",-0.453180853653412,-0.238287033968403,1
0,"A",0.931608833482688,-0.478887873169501,0
1,"A",0.172662636524449,-0.970682398618389,1
1,"B",-0.481918629005011,0.470586558241322,1
0,"A",-0.425573063487717,1.11040085463868,0
0,"A",0.686014412887268,-1.85492423752691,0
0,"A",-0.179025785270133,-0.0861772212069181,1
1,"A",0.949155216625585,-0.521495254742808,1
0,"A",0.866830604864642,1.25793050036568,1
0,"A",0.115929843687735,-0.11851441483162,1
1,"A",-0.427595305034949,-0.709173452955695,0
1,"B",0.814487498611976,0.177962188248317,1
0,"A",0.776026287978117,-1.36481467411326,0
0,"A",-0.964215564901826,1.63600270251367,1
0,"A",0.447385605578718,-2.17291063421032,1
0,"A",-0.0471615438199111,-0.087359493677603,0
0,"A",1.47669558014548,-2.32364954794147,1
0,"B",-1.71421329379376,0.331303182697491,0
1,"A",1.58559592979914,-0.363913750173045,0
1,"B",1.00653193056954,1.42363927652732,1
1,"A",1.08084731059953,-0.0667975999551235,1
1,"A",1.45784309572537,0.638094294842194,0
1,"B",0.584358593057682,-0.145219540403391,1
1,"A",1.79344875456035,-0.744974304157395,1
0,"A",-0.182328614539916,-0.103007353231199,1
0,"A",1.71140805644185,-0.0148124093394373,0
1,"A",-0.274896737881156,0.241524296522909,1
0,"A",-1.21505763693237,0.28792195203251,1
1,"A",0.211407923909715,-0.599957329810826,0
1,"A",0.532961863807043,-1.34482439115886,1
0,"A",-0.0175644720145474,0.104218817723566,0
1,"A",1.77796497830956,-0.707684847322973,1
1,"A",-0.530253569485793,1.58551972078292,0
0,"B",0.526392098232567,-1.05346684198993,1
1,"B",0.3085560279158,0.243517524447214,0
1,"B",-0.0685576544428919,2.20208699834664,0
1,"A",1.0928698980248,0.934682137319901,1
0,"A",-1.8544558925239,0.505292082566808,1
0,"A",-1.09447791307623,-0.0127520305683456,1
1,"B",-0.974616534322614,0.0123918791312608,0
1,"B",0.420822957057238,0.100517554710083,0
0,"A",-1.91967192067865,1.19975005332415,1
0,"A",-0.0046264421502708,-1.4819010763595,1
0,"A",-1.57790012238764,-1.03659869111225,0
1,"A",-0.708773612861139,-1.40409353280256,1
0,"A",0.607932570810068,0.475438656031765,1
1,"A",1.16637742358732,-0.34914016309148,0
0,"A",1.18364606755862,-2.02831304117599,0
1,"A",2.01751019730747,0.00670806507557692,0
0,"A",-0.700277698222872,-0.645934313977461,0
1,"A",0.478189436512087,-0.469646481705923,1
1,"A",0.875910808858606,-0.449800200626978,0
1,"B",-0.832189280253205,0.781330054409263,0
0,"A",0.0300265422149897,-0.683020437174659,0
0,"B",-0.176064206556261,0.808335145591452,0
0,"A",-1.3266218539426,-0.586876528276043,1
1,"A",-0.899301422963072,0.26082681186215,1
1,"B",0.195698569085132,2.07114499607992,0
0,"B",-2.69101589775024,1.00070905131692,0
1,"A",0.987854862933562,-0.310613517251713,1
1,"A",-0.0972540115230944,1.72008506996104,1
0,"A",0.375469389669781,-0.617735686203951,1
0,"A",-0.144667284359067,-0.0755787465703169,1
0,"B",-0.208711192958609,0.382957061516086,0
0,"A",-0.610352740991949,-0.0965470673512465,0
1,"A",-0.892000063977344,-0.534996749969376,1
0,"B",-1.00191023778932,1.63193828947034,1
0,"A",0.441734582031486,-0.611921821252564,1
0,"A",0.651503326752428,-0.157793714736018,0
1,"A",0.910788894944655,0.30589395317907,0
0,"B",0.732695584928652,1.57091985160533,0
0,"A",-1.64697247010976,-1.3084264063049,1
0,"A",-1.04400649162996,-0.87555984924174,0
0,"A",1.43297205591269,-1.26815669376955,1
1,"A",0.0777724683356832,0.291655945051829,1
0,"B",-0.0673489819388753,0.0812952782942738,1
0,"B",-0.176857879074063,-0.470051885918264,1
1,"B",-0.316750068896872,2.19671001261295,0
1,"A",1.27723154865119,1.11558661803043,0
0,"A",-0.997733223711673,-1.16648599981209,0
1,"B",-0.692946959623525,0.0508003789316926,0
0,"A",-0.973081583586848,-0.414395838773081,1
1,"A",-0.827001640457554,-1.07905262064659,1
1,"A",1.11690779184619,-1.00126654225072,1
0,"A",0.802659030828172,-0.87926756496888,0
1,"B",-0.325100892290982,0.561765657579516,0
0,"A",1.20689217629763,-1.64203461691624,0
0,"A",-0.481476609062424,0.843502559895661,0
0,"A",1.04824985340609,-1.16463793569766,1
1,"A",1.39604665801628,-1.13154327416281,1
1,"B",1.03559753629972,1.016476991426,0
1,"A",0.200223122227015,0.102401513565573,1
0,"A",0.59101013300479,-0.438497139351347,0
0,"B",-0.437133387468669,-0.494518693202281,0
0,"A",-1.18803557254284,-0.564486111315976,0
0,"A",1.38401969120695,-0.457054872424891,0
0,"A",-1.23660010327788,-0.562332496954961,0
1,"B",0.77906315329092,-1.02528753067962,1
1,"B",-1.17089051544857,2.63548516656402,1
1,"A",-0.191515909981522,0.419018145792347,1
1,"A",0.338971420374299,-0.210457788151648,1
1,"A",0.0706698347059095,0.133209236768193,1
0,"A",1.2432158192714,-1.53777076661951,1
1,"A",1.59014064171378,0.797383898729196,1
0,"A",-1.82965726586213,-0.857023589800715,1
1,"A",-0.0750745200662084,-1.30996464194422,0
0,"A",-0.0178058611630131,-0.335233397734317,1
0,"B",-0.799840480470446,1.33513849303148,0
1,"A",-0.200391821784136,0.162131069746431,0
1,"B",1.08066259618735,0.675695129496295,0
0,"A",-0.612224205738782,-0.957835607515331,1
0,"A",-0.29715948213863,-0.542073890027006,0
1,"A",-0.26357344158043,-0.28331825569557,1
0,"A",0.651298903223581,0.823285968830903,0
1,"A",1.49317792796303,0.250253297315471,1
0,"B",-0.525821197102367,-1.39060786060118,1
1,"B",0.757699464967785,-0.670013218139533,1
0,"A",0.752229927814997,-0.270734914195177,0
1,"A",1.94358955472154,-0.499953367608679,1
0,"A",-0.271574075681441,-1.17770889049317,1
0,"B",-1.35095102237375,-0.359765460148865,0
0,"A",0.169985808909788,-0.782362161771165,1
1,"A",-1.536865856687,0.290104666719369,0
0,"A",-0.830814939623418,0.394416407822335,1
0,"A",0.418987590516341,-1.1673369130397,0
0,"A",-1.55639516764475,0.0599930175220277,1
1,"A",-0.0604538311853625,-0.358278296631842,0
0,"A",-0.0132459929043772,-0.197638136271127,1
0,"B",-0.594029642031353,0.520956861886211,0
0,"B",-0.298429713163146,-0.747295744152281,0
1,"A",0.601568197472738,-1.08673742432657,0
1,"A",-0.284526542099256,-0.889465119334577,1
1,"A",0.720150806426232,1.99755294491771,1
1,"A",1.84755823792281,0.0206461079994038,1
1,"A",0.767216125540272,0.607074787900161,1
0,"A",1.42056559948178,-0.631331170004459,0
1,"A",0.0786190958115777,-0.93132926975856,1
0,"A",-0.393036447525632,-2.19892570159865,0
0,"A",-1.42666079296329,-0.121086390379241,0
1,"A",1.38545999080965,0.653589523522901,1
1,"A",0.132357383948295,-0.809287829841265,0
1,"A",0.400265424290088,0.0282433563743065,1
1,"A",1.52328140958252,-1.999490334332,0
1,"A",-0.00385560064727558,0.819176394369398,1
0,"A",-0.965306423500936,-1.03325015598822,1
1,"A",0.559073210184377,0.0625298776109201,0
0,"A",1.20988675114481,-0.909606428138375,1
1,"A",2.28955057524409,-1.9360433454067,1
1,"A",1.06859536604299,0.481014851129787,1
0,"A",-0.337209607095923,-1.12570655396158,1
0,"A",-1.3726194863393,-1.09191522739808,0
1,"A",2.34981097996155,-0.916958633277386,1
0,"A",0.403625962220478,-0.545407155423525,0
1,"A",1.05281993039293,-1.30067596628707,0
0,"B",0.00928295824337055,1.22398976079426,1
1,"A",1.29660826426681,0.486312569678705,1
0,"A",0.609731456710199,-0.226347532870257,0
0,"A",0.842121745694951,-0.339763707594707,0
0,"B",-1.33847311341636,0.804040298753314,1
1,"A",0.426493019180743,0.335472824389305,1
0,"B",1.51280374624896,0.5492321703226,1
0,"A",0.168508659411679,-2.3121923216648,1
