"y","group","x1","x2","x3"
1,"B",-0.343752550955352,-0.297597929832244,1
1,"B",-0.986066093655486,0.546154505960535,0
1,"A",0.809570493308871,-1.39551918464287,0
1,"A",0.514233095360107,-0.560735688215826,1
1,"A",1.51336060581531,-1.3274694632124,1
0,"A",1.56190361495485,0.238018254995626,1
1,"B",-1.9056267317275,0.962265944302973,0
1,"A",-0.03381941764474,-0.0415668507025859,1
0,"A",0.144267003160516,-1.54351791419569,1
1,"B",0.497059686618564,-3.02410731926364,0
1,"A",0.0549352542193324,0.478771641901151,1
1,"B",-0.93806038317263,0.254238445306009,1
0,"B",-0.556248550945137,-0.45183506320796,0
0,"B",-0.130881922828092,-1.7517858835269,0
1,"A",2.1659518140843,-0.115002026652949,1
1,"B",-2.68883685027782,0.740277382032758,1
0,"A",0.801726812323793,-2.0720405355353,0
0,"B",-0.963395819023092,0.393257912523955,1
0,"B",-0.793637973947051,-1.1550089460444,0
0,"B",-1.19240849675024,0.43881442724921,0
1,"A",-0.864864035777711,0.465766596648172,0
1,"A",1.4034100860176,0.284979954600665,1
0,"B",-0.594200081825296,1.04073222306826,1
1,"A",-0.650946636418277,0.73179003343898,1
1,"B",0.914733027152391,-0.469457549767833,1
1,"A",0.56206024059454,-0.100556473994152,1
1,"B",1.22779198434619,2.16593609298545,0
1,"A",2.36282368178745,0.329647559593532,1
1,"A",-0.132097152871029,0.804386481215836,1
1,"A",0.0552822222404366,0.152029908067921,1
0,"B",-0.251971535350106,1.27623185321288,0
0,"B",-2.67570354107106,-0.158981496317493,1
0,"B",-0.602563245384209,-0.854260962204151,1
0,"B",-0.10311787572862,2.06017234099408,1
1,"B",-0.718938837969033,0.251358265314947,1
1,"A",-0.0743776661390665,0.639172530626333,0
1,"A",1.85129657471702,-0.146553272371389,1
1,"A",1.33125225834087,-0.373749500800885,0
0,"B",0.64990307518216,-0.206149758051848,0
0,"B",-1.2697602218627,0.849022978406533,1
0,"A",-0.536586663050836,-2.01912620443325,0
0,"A",-0.509133876785365,-0.519237721828009,1
0,"A",0.731360418221012,-1.16623053478839,0
0,"B",-0.972475635517077,-1.45471266037701,0
0,"B",-2.68468728211163,1.37822174150202,0
0,"B",-1.41548929982055,-1.14440695801588,0
1,"A",0.659619634882364,1.09477985899468,0
1,"A",0.687388337740339,-0.589896199583116,1
1,"B",0.331212892343877,0.310137413714619,1
1,"A",0.928976370237336,2.1420497724565,0
1,"B",0.214109145070822,1.48148047540892,0
0,"B",-1.0432623312486,-0.796570451661667,0
0,"A",-0.295746443615733,-0.942373522205291,0
0,"B",0.000270189276886046,1.08829219060835,1
1,"B",-1.68877024107312,1.5638948236753,0
0,"B",-2.1074670685102,-0.245317565931876,1
1,"A",0.544520362454845,0.880737872043814,0
1,"A",1.13238464513924,-0.509668618279898,1
1,"A",-0.452710749189644,0.329706782465235,1
0,"A",-0.338489384964265,0.0704329237905858,0
1,"A",2.17582861540801,-0.957467436030801,1
0,"A",-0.902610944819068,0.159161338295848,0
1,"A",0.123360474244218,0.649269407311652,0
0,"B",-1.34919162914587,-0.838419366606848,1
0,"A",-0.0384741608070123,0.19540970836114,1
1,"B",-0.913430663542525,0.00460616525739621,0
0,"A",0.201690883748131,-0.483509298825706,0
1,"B",1.27789286807911,1.01946406444926,1
1,"A",-0.232454965887593,-1.37384899081847,1
0,"B",0.82664759996745,-0.741735027337943,0
1,"B",0.853700409901286,-0.347706611478723,0
0,"B",-0.907224789186779,1.03153329811709,0
1,"A",2.09597026699135,0.315064548456011,1
0,"A",-0.283273186614427,-2.77097762072316,1
1,"B",0.245813592322568,0.311908630372024,1
1,"B",-1.13639429833383,0.394552506938877,1
1,"B",-0.95082085071224,-0.902172056858984,0
1,"A",0.97004533258284,-0.726573743972423,1
0,"B",1.55181379410455,0.308219722123051,1
1,"A",1.2952966087397,2.17231128863108,1
0,"B",-0.326642407435542,0.377425296645546,0
0,"A",-0.191667774409532,-0.771435871766584,1
1,"B",-0.416378418376478,-0.089618084553423,0
1,"A",-0.892183947049773,-0.833526410775393,1
1,"A",-0.209715725620771,0.290179819577467,1
1,"B",-0.550255476770398,0.833368785289851,0
0,"A",-0.0138903637064922,-1.25716467482834,0
0,"B",1.57098593538764,-0.489894116378001,0
0,"A",0.325108250580079,1.12341658614258,0
1,"A",0.601568197472738,-1.08673742432657,0
0,"A",0.0419707442805176,0.567811047850879,1
0,"A",-1.91432464322735,-1.27273507058005,0
1,"B",-0.0579788637871649,-2.19832048173635,1
1,"B",-1.2328034346151,0.912378471101562,1
1,"A",0.866821301540895,-1.09765315333061,0
0,"B",-0.524109408649106,-0.0183859803670179,0
0,"A",0.0966818256082394,-0.291803014154915,0
0,"A",-0.0959640331588245,0.190088855273676,1
0,"A",-1.01215639758865,0.902007194603309,1
0,"B",-1.71492456933245,-0.0675557255432668,0
0,"B",-1.23657912048113,0.471621299815632,0
0,"B",-2.89550764082702,0.534006951196526,0
1,"B",-0.703174709822918,-0.183242119174846,1
1,"A",0.214614607379077,-0.731524711080137,1
1,"A",1.10053202415182,-1.1316591984931,1
1,"A",0.736952578754837,0.541492816303298,1
0,"B",-1.45770729610853,1.1347382599058,1
0,"A",-0.287905554258615,-0.281952220845105,1
1,"B",-1.09047584919159,0.672672390191222,0
0,"A",1.21325875252059,0.247439314912762,0
1,"A",-1.24305689162464,-0.0421367815492196,0
0,"A",1.14809322547047,0.662413985618931,1
0,"A",-0.667372784589437,0.486479459706801,1
1,"A",0.693702622186467,-0.2662531159963,1
0,"B",-2.10630418336888,0.889226525928157,1
0,"A",-1.42312531867329,-0.270853017115622,0
0,"A",0.119669924062009,1.79827332891446,1
1,"A",-0.0218465879435588,0.931708958357087,1
1,"A",2.41691725736789,-0.66938017148749,0
1,"A",3.72275281796032,-0.447574809493244,0
1,"A",0.956049137690944,-0.613117203619493,1
0,"B",-1.01725526117252,0.141098688964711,0
1,"B",1.27678690682268,0.109098718364628,0
1,"A",2.62990791441849,0.630017785452373,0
0,"A",1.77225956018922,-1.58508170136081,1
0,"A",-0.857239315300691,-0.0666007023755075,1
0,"A",0.342577900851168,-0.132582514575175,0
1,"A",-1.1326640991401,-0.0660577421790807,1
1,"B",-0.32779374693772,0.386966464231977,1
1,"A",0.358886851165209,1.22596179687058,0
1,"A",1.53086478047659,0.0681426920247602,1
0,"B",-1.4136070471085,0.438930096608939,0
1,"B",0.511698884674714,-1.00051434343694,0
0,"B",-0.90833571258174,-0.959436189745072,0
1,"B",0.521482185045852,-1.38652380005999,1
1,"A",0.0898997472649401,0.0539934384363323,1
0,"A",1.0165843644228,-0.784634333896125,1
1,"A",0.338971420374299,-0.210457788151648,1
0,"B",-1.73556391702286,0.0919558940589272,0
0,"A",0.258287385600096,-1.60815228588367,0
0,"B",-0.416194473757362,-0.274938488471221,1
0,"A",1.35226491589237,-1.83798608375676,0
0,"B",0.136813248498327,-0.328999573824332,0
0,"B",0.756927749182598,1.19363429523213,1
1,"B",-0.868245342838423,0.773181955251489,0
0,"A",-0.34045122200045,-0.477669502471724,1
0,"A",1.05046711562333,-0.151695882557694,1
0,"B",-1.39319095647085,-0.236313741367485,1
0,"B",-0.441608800196874,0.761477006248602,0
0,"A",0.33805975127689,0.876027138021848,1
1,"A",1.66895515655368,2.14027836236783,1
1,"A",-0.0725804946865735,0.701219779198798,0
1,"B",-2.87066627248198,0.243847578270865,0
0,"A",-0.467572578893196,-0.151203114221347,0
1,"B",2.38236743725828,1.02861955020587,1
1,"B",-0.144155539623197,1.20267388549573,0
0,"A",0.241587176109309,-0.650552214059408,0
0,"A",0.289566126214225,-1.0800361888495,0
1,"B",-0.289480235243351,0.535931207238568,0
1,"B",0.155154114059623,-0.309176939166897,0
1,"A",-0.862208383070794,-0.149304835485625,0
1,"B",-0.357192239359126,-0.0320874565900292,0
1,"A",-0.0705107237614716,-1.78596878780447,1
1,"B",-0.747190776486854,0.853925150323796,0
1,"A",0.717627658063478,0.330311763429435,0
1,"B",0.79121721106677,0.261891063364831,1
1,"A",-1.45613598796886,0.0156652582184362,0
0,"A",-0.274413400572194,1.20274268011376,0
0,"A",0.419589639623224,-1.39398889618092,0
1,"A",-0.0972540115230944,1.72008506996104,1
1,"A",0.408079982009194,0.278918871744212,0
0,"B",0.102276126931776,-0.381724116901184,0
1,"A",-0.0152925616284646,0.386464442426011,0
0,"A",1.08446898157148,0.281791565892722,1
0,"A",1.05483469192224,0.228767211484617,0
1,"A",-1.05915844177549,0.442417667787756,1
0,"A",0.440968906479044,-0.646085137967664,1
0,"B",1.21551131833021,0.379544227130478,0
0,"B",1.13423264589986,-0.209948080378871,1
0,"B",-2.83831874407855,-0.971252833888299,1
1,"A",0.255707596183764,-2.30668021899493,1
0,"A",0.0706927808248554,0.0371249499499332,0
0,"A",-0.325196523432423,-1.44471997865987,0
1,"A",0.757091431812728,0.116645081883959,1
0,"B",-2.02256747717692,0.584201314501657,0
1,"A",-1.05939521577459,0.361793568775223,1
0,"B",-0.939564194740083,0.042943298131178,1
0,"B",0.484569745600533,-0.0074218773627126,0
1,"A",1.08527915114012,-1.81932078745909,0
1,"A",-1.08019177192281,0.633856107983365,1
1,"A",1.67293719172717,0.894707046224578,1
1,"A",0.179731081329158,-0.204245346960772,0
0,"A",-1.85943389666311,-0.691694509038488,1
0,"B",-0.806786200602131,0.868225414988379,1
0,"A",0.21462916455313,-1.48429422073965,1
1,"A",0.143958099099704,0.725546219998768,1
1,"A",0.949155216625585,-0.521495254742808,1
1,"B",0.235797917791657,2.18633760452053,1
0,"B",-1.36617915888678,-0.392443053465644,1
0,"A",-0.945990615238261,0.765539623882851,0
1,"B",-0.447606982323278,0.800108523905138,1
0,"A",-0.0239652629620339,-0.935745307542042,0
0,"A",-1.03190637898413,-1.35130556161302,0
0,"A",-1.18655404048728,-1.15411799434272,0
0,"A",0.200627296552043,-2.25600339326611,0
0,"A",-0.123062708004701,-0.427768517267117,1
1,"B",-1.1923371745088,1.54188397160666,1
1,"A",-1.45479101141582,0.819215671541219,1
0,"A",0.72538332843594,2.05513986976215,1
0,"A",-0.00479093674034864,-1.40243003603057,1
0,"B",1.11601068799133,0.647098233166419,0
0,"A",-1.34322754958845,-0.635881289017827,1
0,"B",1.20253784333101,-0.541908541697715,0
1,"A",0.703666287988142,-0.125566956318163,1
0,"B",-0.682376381882429,0.508826049200768,1
0,"A",-0.922827089420763,0.0820632298193631,1
1,"A",-0.317824147021714,-0.674137715105655,1
1,"A",1.30050923493699,0.261178678818806,1
0,"A",2.10599537223331,1.07500252165414,1
0,"B",-1.41912142130727,-0.0988522578383165,1
0,"A",-0.199335180446492,0.133336617558211,1
0,"B",-0.0551464125532742,-1.33869892843111,0
1,"B",0.387924499211917,0.611058702763347,0
1,"B",-1.10239049436869,0.240973646331712,0
0,"A",-0.380362583761519,-0.374316126425834,0
1,"A",0.315728464778,-1.06200617084555,0
0,"A",0.477926268804377,0.989301811815534,0
1,"A",1.18227085118658,-0.838229938197201,0
1,"A",1.40352318646846,0.174457982499815,1
1,"B",-0.0510481985136105,-1.96565394886782,0
0,"B",-0.588298376059538,0.0378839376781708,1
0,"A",-0.178651670549068,-1.19201313049271,1
0,"B",-0.304234654310869,-1.50389651132784,0
1,"B",0.139020922906694,0.780995832064094,0
0,"A",-1.97526398353622,-0.0493080600446804,1
0,"B",-1.48805741147731,0.0961753813322586,0
0,"A",-1.81619041832561,0.618372671733075,0
1,"A",2.05182192710155,0.580652642743293,1
0,"B",1.71195654065301,-0.653743820422656,1
1,"A",2.01751019730747,0.00670806507557692,0
0,"B",-2.00079574744549,-0.381056323035419,0
1,"A",2.39328422218746,0.25594720496154,1
0,"B",-1.07010503928841,-0.0481898146296207,0
1,"A",0.248088677110574,-0.416668165354328,1
0,"A",-0.0183136949480501,-1.04754729163339,1
0,"A",0.0904803423164938,-0.35553482246967,1
1,"A",1.5979998346551,-1.48701592187026,1
0,"B",-1.24880046781321,-0.108973637466555,0
0,"A",0.505656128889651,-0.036160450140321,1
1,"A",0.515765784111614,-0.448779888241497,1
0,"A",0.229649596144869,-2.38021029677734,0
0,"B",0.0583767594427639,1.68570686356637,1
0,"B",-2.09885716771784,-1.92179579675418,0
1,"A",1.15852839096795,-0.812827228542437,0
0,"B",-1.59099093747375,1.62148039375269,0
1,"A",-0.248259765479168,0.902813150179029,1
1,"A",-0.314624573136332,-0.432980409440565,1
1,"A",-0.012987454629539,-1.57429280182163,0
0,"B",-0.99203820579103,0.539795944455205,1
1,"A",0.697416849676549,-0.320078300983958,0
0,"A",-0.837903699803254,-1.31286907228434,1
1,"B",-0.811969515188922,0.200337593055529,1
0,"B",-0.886367687083798,0.447749145812765,1
1,"A",1.07111971945476,-0.960457288691726,1
1,"A",1.35992509318226,-1.56466225739641,0
1,"B",-1.03001187579689,-0.430289162189978,0
0,"A",-0.887125845003575,-0.967933590302399,0
1,"A",-0.191242794902781,0.235501470321051,0
1,"B",-1.14823691198726,1.05310435434185,1
1,"A",-0.625948885263673,-0.287716700281452,1
0,"A",0.48102591903348,-1.18891384685455,0
0,"B",-0.679615202137005,-1.19655148138317,1
1,"A",-1.1950535495576,-0.359969729899414,1
0,"A",-0.425573063487717,1.11040085463868,0
1,"A",-1.55107371074331,0.770830853185986,0
1,"A",0.198728888653176,1.49271010637631,1
1,"B",-0.417428400660875,0.235307750185566,0
0,"B",-1.1870328970739,-0.300411064169152,0
1,"A",-0.679158081287782,-0.922448614863684,0
0,"A",1.87629471291835,-1.45622220656258,0
1,"B",-0.0651095842371934,-0.04880376978021,1
1,"A",2.11028285028936,0.0109313337744769,1
0,"A",-0.0509953153742466,0.658541720208036,0
1,"B",-2.17811864322487,0.216409604870725,0
0,"A",0.348565558449489,-2.49725471825545,1
1,"B",0.26779749524615,0.737728950296622,0
0,"B",-1.91098471317879,0.0940681302561149,1
1,"A",1.2871393911463,0.1827607034133,1
0,"B",0.102418867419585,0.0713386268155965,0
1,"B",-0.0826950459686334,-0.960770655566431,1
1,"A",0.588031975680996,-1.38529275973901,1
1,"A",2.1455646615351,-0.688577499126634,0
0,"A",1.18768654001976,-2.08163834090325,0
1,"A",0.518107042625208,-1.79484480499559,0
0,"A",0.226882523430182,-2.02730427012665,1
0,"A",-0.217913850865594,-1.4710633715848,1
0,"A",-1.16518576410097,-1.65969789076206,1
0,"A",0.455261183903638,-1.13747545897566,0
0,"A",-0.754898260714226,-1.40117355273726,1
0,"B",-0.567924338337319,-1.99528989520753,1
0,"A",0.765814112700354,-0.591729198404721,1
0,"A",0.622706055639338,0.52349243262952,1
0,"A",-0.64406665357295,-1.83781653884239,1
0,"B",-0.276477912709657,0.817697052244301,1
0,"A",-0.606114995942006,0.333679163255442,0
1,"A",0.335494144393705,-0.00851039330216152,1
0,"A",-0.473317235916925,0.311058639239253,0
1,"B",0.83522233845221,-0.451179549140724,0
1,"B",0.318518366740691,0.853060880875755,0
1,"B",-0.0273189614235492,-0.0424058540749129,0
0,"A",0.0140412837548462,-0.827150204293079,1
1,"A",2.37638376317271,-0.726130361813609,1
1,"A",0.00613546668907389,0.279981918580661,1
0,"A",-0.315103766757395,-0.2275748219395,1
1,"A",-1.26130575337207,-0.309927238209242,1
1,"A",-0.319777943197888,-0.155283609398265,0
0,"A",0.321924825311763,-0.119632513037563,0
1,"A",0.967738823677924,1.06621866976944,0
1,"A",2.09774090417899,-0.805258496286917,1
0,"B",-0.445517868549694,-1.04081411716503,0
1,"A",-0.227902428789575,0.885965158499387,1
0,"A",-1.25462012722986,-1.37388890148995,0
1,"B",0.50332844850454,-0.476736147976079,1
1,"B",-0.344275425820091,0.169860758508506,1
0,"A",-1.06774283146141,-0.870193860759073,1
1,"B",-0.289463401737787,0.13085400496945,0
1,"A",-0.292016735569284,-0.683713676106502,0
1,"A",0.0105984926998896,0.68732297871694,1
0,"A",0.47682103472663,-2.27460436371734,0
1,"B",0.0106046482433831,-1.18027851279097,1
1,"B",-0.106922863882196,0.313578245912108,1
0,"A",0.531648969889525,-0.597206527341104,0
0,"A",0.534876644871358,-1.46403624275128,0
0,"A",-0.850921103712051,-0.462249709418134,0
0,"A",-1.33786057426534,0.850049571671965,0
0,"A",-0.0325174585894572,-0.745459141101531,1
0,"A",-0.867223003148659,0.0980640533876647,0
0,"A",1.49427071608322,0.367513401924374,0
0,"B",-0.241785108913981,-0.341970257734931,0
0,"B",-1.3131210086188,-0.476259270301553,0
0,"A",-0.379059371743171,-1.24311073231361,1
1,"A",2.02136459939695,-0.0508518082945938,1
1,"A",1.48793304467637,0.400683557845149,1
0,"B",-1.55637887658957,0.365933750908499,1
1,"B",0.0763683530597504,-0.525614802924798,1
1,"B",1.29724567371561,1.71438118828088,1
1,"B",-0.13437084024476,1.92139076744119,0
1,"A",1.60515488094641,-1.32259067430575,1
0,"B",-0.983535152701177,0.769583524383469,0
1,"B",0.107591743637683,-1.32500715384367,0
0,"A",-0.781044163726802,0.610332194923597,0
0,"B",1.2321486311399,-0.568735583872564,0
0,"A",-0.206252897001087,0.153888579290361,1
1,"A",0.425903067547394,1.20460758806603,1
1,"A",1.6888477691813,0.251658156961174,1
1,"A",1.37104441525432,-0.903773770065058,0
0,"B",-0.0758635475777503,-1.23000648224978,0
1,"A",0.308606261063178,0.911341912256883,1
1,"A",1.19268812561108,0.612442257839719,1
1,"A",-1.20859268038486,-0.36291914094071,1
1,"B",-0.393822050849568,1.70027814708674,1
1,"A",0.193800351983838,1.46666191999531,1
0,"A",-0.810988734517077,-0.447958090031959,0
0,"A",0.182425302030265,-0.944594172844941,1
1,"A",1.24442214307825,-0.00490521054251686,1
1,"A",2.09350544796482,-0.684152912461899,0
1,"A",0.175149985825924,-0.413786542920431,1
1,"B",-0.68725415088153,0.0384342828898427,0
0,"A",-0.673078481414408,-0.317242985430369,1
1,"B",1.0159221969303,0.698087366352748,0
1,"A",1.42686898444602,-0.167499017428896,0
0,"A",1.20988675114481,-0.909606428138375,1
0,"B",0.143580992215796,-2.36055783024213,1
1,"A",1.36628967810865,-0.0759617203848545,1
1,"A",-0.307803536792712,0.886285781509737,0
0,"B",0.178149646979012,-1.00034666668352,1
1,"A",0.215579633411112,-0.317388036019576,1
0,"A",-1.22010160276007,-0.718161212095665,1
1,"A",1.68784842205106,-0.639261498491143,0
0,"B",0.830510214347352,-1.11951954509505,0
0,"A",-1.18061656590786,-0.331117210841791,1
0,"B",-0.0476411469791238,0.565929878420414,0
1,"B",0.420085501086434,-0.57311337947511,0
1,"B",1.28340126040086,-1.0557793576182,1
0,"A",0.202690605021572,0.729319203639107,1
1,"B",-0.00350832891746489,1.61725701416921,1
1,"A",-0.388303617311722,1.01397381496934,1
1,"A",-0.373105523182735,-1.28210178969324,1
0,"B",-0.94547018889937,-0.462142884457017,0
1,"A",0.532961863807043,-1.34482439115886,1
1,"A",1.41888758905373,-1.9662094270174,0
1,"B",0.210903982657896,0.0184303915550155,1
0,"A",-0.0818927181790107,0.4102573064995,0
0,"A",0.306143788621067,-0.55908120607675,1
1,"B",-0.478145365906664,0.994724639931388,0
0,"A",1.42809638265599,-0.642166101893745,1
1,"A",0.559073210184377,0.0625298776109201,0
1,"A",2.29201867951826,0.0577654379177954,1
0,"A",-0.635368323039697,0.791908194922034,1
1,"B",0.0449254180650154,0.758908583271771,1
1,"A",0.837183683062978,-0.427258068321315,1
1,"A",-0.226286719374516,-0.432633583881728,1
1,"B",-0.0862649152363043,1.65891042885981,1
1,"A",0.371842255945558,0.523000605012787,1
0,"B",-0.243451454203956,0.599224570496396,0
1,"B",1.25240208844713,2.56507233857449,0
1,"A",0.340938078463991,0.316250466056479,0
1,"A",-0.624392483581128,-2.48894811542586,0
1,"A",-0.0536956961744849,-0.299777003989391,0
0,"A",0.676126557802721,-1.43700089413019,0
0,"A",-0.224636537827899,0.73396388156802,1
0,"B",-1.71364197239518,0.101525551116974,0
1,"A",0.393228749605327,-0.181855656214245,1
1,"B",0.381615914969222,-0.851343578328503,0
1,"A",1.81688196741135,-0.712951921901768,1
1,"A",1.34799040446697,-1.28475058438491,1
0,"B",-0.35149939665827,1.98518908093788,0
0,"A",0.776116094435804,-1.19207366825112,1
1,"A",0.179017856219429,-0.683937526040425,1
0,"A",-0.55263801367014,-1.2676936135286,1
1,"A",2.53726100352511,1.02597708479106,0
0,"B",-1.4244959526096,-1.20764602302186,1
1,"A",0.0659467754109354,-2.18326084029421,0
0,"A",0.448257689189109,0.348337896581216,1
1,"A",1.56595154612955,0.240646979707463,0
1,"A",0.96402791547141,0.360335175041659,1
1,"A",0.254710991760196,-0.531005145880928,1
1,"A",0.895039320147165,-0.252332604531081,1
0,"A",1.50975063251926,-0.274347832394066,0
1,"B",1.14023295173514,0.934811114127787,0
0,"A",0.447921395102056,-2.95005170215593,1
0,"B",-1.01619804809575,-1.33002896073087,1
1,"B",1.45434225482576,0.13892076425685,1
1,"B",-0.820798964865072,1.58368355983754,1
1,"A",1.39236152189308,1.19283478417617,0
1,"A",-1.14777327686771,-1.36958388739945,0
0,"A",-0.8252822694826,0.457975464512154,1
0,"A",-0.558611458215019,-1.56734973520525,0
1,"B",-0.803815950864899,-0.133514777819055,0
0,"A",-1.17729271878169,0.668297708407838,1
1,"B",-1.32624777746268,2.17081927348776,0
1,"B",0.240831591260079,1.3451408115335,0
1,"B",-0.737903823377823,0.758030400851476,1
1,"A",1.23230080935045,0.282013766098023,1
0,"A",-1.34227448370809,-1.0868520325415,0
0,"A",0.212850845036699,-0.33818437318843,1
1,"B",-0.18252097060262,1.91484318058946,1
0,"A",-0.821231386177001,-2.74207361804216,1
0,"B",-2.1296096786496,0.60862517781164,1
0,"A",1.30760567644036,-0.204328262842272,0
1,"B",0.781064448846611,-0.755245108324373,0
1,"A",2.10078578112418,-0.048369085722906,0
1,"A",0.650432521970579,0.0775029633609343,1
0,"A",0.59712295840779,-1.65094294724447,1
0,"A",0.423962669410071,-0.905010253808922,1
1,"B",-0.323876995876885,-0.257588800383919,1
0,"A",-0.470620624263891,0.329741624808396,1
0,"B",-2.70348934775832,-0.17867103964119,1
1,"B",1.73209560826132,-0.886040971637179,1
0,"B",-2.15506467709691,0.767730146942115,0
1,"A",1.28981512248177,0.214279795967809,0
0,"A",0.357293001195754,-2.13187501832976,1
0,"A",1.47168486066206,0.081026629882981,1
0,"B",-0.798744999095844,1.1248668872333,0
1,"A",-0.0147973693046549,0.514938260145685,0
1,"A",0.458972424310787,0.225405238072786,1
1,"B",-0.394463443379952,-1.01233624885664,0
0,"A",-0.704885809705271,-0.854297578782114,1
0,"A",0.0881879252557854,-1.32275402479873,0
0,"A",-0.135521417251792,-0.19006866062592,1
1,"A",1.57508379376304,0.851860444242068,1
0,"A",-0.311712344969956,0.116666983220032,0
0,"A",-1.21321505996941,-1.67912110688082,0
0,"A",-0.377876305896538,1.09792858802866,0
1,"B",-0.849723990910837,0.225904054245017,0
0,"B",-1.51143683836524,-2.01114959023282,0
0,"B",0.113137683949846,-0.404200677127753,1
0,"A",0.430587415542825,-1.76745399677929,1
1,"A",1.40466526958452,0.870761389234798,1
0,"A",1.35138625686535,-2.31741043523246,1
0,"A",-0.383028253102888,0.820111581376213,1
0,"B",-2.07315252249735,-0.117593751507955,0
0,"A",-0.264315866516674,-1.94409490801108,0
1,"A",-0.347985477215381,-0.932799204178617,1
0,"A",0.316169511389797,0.208589823350005,0
0,"A",1.06901088967039,-0.244386369810602,1
1,"A",1.07651599853358,-1.16349751651727,1
1,"B",-0.47103814720293,-0.383998287382462,1
1,"B",-1.09020210126736,0.48996072102495,1
0,"A",-0.0257890420606428,-0.127557471738157,1
1,"A",1.20971610229951,0.873228274448003,1
0,"A",0.668459863393338,-1.31528714926284,0
0,"B",-0.108643135827016,-1.61594135907015,1
1,"A",2.38760352249651,0.378129666198984,1
1,"A",2.49061235600903,-0.0383537520551875,1
1,"A",0.60184352041538,0.937750122624133,0
0,"B",-1.50168141399591,1.3467994447279,0
1,"B",-0.289747662858395,-0.398366037981029,1
0,"B",-1.38148688293313,0.394247138311026,0
1,"B",1.4126789748707,1.53014770704245,1
0,"B",1.27711590518882,0.232644714327223,0
0,"A",1.11355888898564,0.120678665323201,1
0,"A",-1.29760340045867,-0.241419100903488,1
1,"A",0.62750896321913,0.410521732252701,1
0,"A",-0.361335449292096,-1.87499444655088,1
1,"A",1.98088790918533,0.526968763842888,1
0,"A",-0.0909531827075866,0.635691597043198,1
0,"A",1.38324668410931,-0.750266264127727,1
0,"B",-1.74905182350697,-1.24015691014474,0
0,"A",-0.129915409622614,1.38850262378946,0
0,"B",-0.663628441334488,-0.16347275068939,0
1,"A",0.979164685933472,0.657052101101924,1
1,"B",-0.533214291347931,1.94714798397335,1
1,"A",-0.295735294736636,-0.774746661301089,1
0,"A",-2.45861714564091,-0.00481702292783148,1
0,"A",0.111062356345586,0.218137124488693,0
1,"B",0.00618970297134636,0.550797926956019,1
1,"B",0.383367567610821,0.485745631981324,1
0,"A",-0.578112934671438,1.28530280096725,0
0,"A",0.0320467591162407,-1.48601285051102,1
1,"B",-1.39204194325318,0.975188519307856,0
1,"A",2.10390145743931,-0.204799971067596,0
0,"A",0.82315335831323,-1.18168948868648,1
1,"B",0.397424532040481,0.944888120062601,1
0,"A",-1.21493226044631,-0.492188261034133,0
0,"B",-1.23092371185097,0.335320102971951,0
1,"A",3.35407167673182,-0.462037165899462,1
0,"A",-0.344843030678874,-2.66729252816061,0
1,"A",-2.26188313160212,1.50675412846679,1
1,"A",3.09237761203316,0.100592471186255,0
0,"A",0.843893423508677,-2.10189361438804,0
1,"B",0.0702687011200073,0.355861136781775,1
0,"A",0.296223580656053,-1.04874518550991,0
0,"B",-1.21166079943972,0.495900797423479,0
0,"A",1.02420801785789,-0.45026682518366,1
1,"A",-0.636445332976969,1.56055155042528,1
1,"A",0.854436346498021,-1.36031278263407,1
1,"A",1.04118844927694,-0.513362823654872,1
0,"A",0.53516573563618,0.260409611208374,0
0,"A",-1.13801732851036,-2.15654752741697,1
0,"A",-0.805433467364801,0.561334037724989,0
1,"B",0.477675882891628,-0.646844286764408,1
0,"A",-1.76199244645349,0.0814132091223893,1
1,"A",1.52740298411675,0.305278733229208,0
1,"A",0.982305621988602,-1.35417446819268,1
0,"A",0.325639517214457,-2.60748514992389,0
0,"A",-1.03807770468149,0.25840738100067,0
1,"A",-0.366542662761883,-0.126122235499534,1
1,"A",0.420374577358861,-0.340660724174621,1
1,"B",0.723601179902779,1.25202779657875,0
0,"A",0.0310031922454802,-1.34698914405813,1
1,"A",0.920446611473367,-4.47539518301232e-05,0
0,"A",-0.586291109758482,0.893516585794241,1
0,"A",2.28634335329965,-0.703261013379746,0
0,"B",-1.22059881526941,0.476531067366537,0
0,"A",-0.789782536542623,-0.408606229066005,1
0,"A",-0.263457463157367,0.705922098056777,1
1,"A",-0.483511455857894,-0.770511678760819,0
0,"A",-1.38085710233291,-0.2024279956452,0
0,"B",-0.48777336712287,0.638720306751347,0
0,"B",0.320243679485973,-0.573138884793614,0
1,"A",2.67774717966297,-0.749915278263118,0
1,"A",-0.0167131315756159,0.310322842691007,1
0,"A",-0.582672477626274,-1.59564215191031,1
0,"B",-1.71275116927236,0.735225712965465,1
1,"A",0.815179444050992,0.860358479029856,1
0,"B",-1.17120861626837,0.0370194338741408,1
1,"B",-1.32964774698902,0.773611380214084,1
1,"A",-0.259019909214029,-0.0426886269199515,1
1,"A",-0.282200020814472,2.1722076615642,1
1,"B",0.548985046888386,0.374818992852916,0
0,"A",-0.721696352605907,-1.02126313344169,1
1,"A",0.551953700193583,0.390863898087287,0
1,"A",0.69608693745104,-1.8393532392692,0
1,"A",3.21046909918095,0.415202252717748,1
1,"B",-1.90776010018604,0.761553426790876,1
0,"B",-0.682725702104188,-0.81843710264084,0
1,"A",1.30425657331143,0.597985831832521,1
0,"A",-0.931895984045193,-0.0244959677950958,0
0,"A",-0.472402230379923,0.760193333834278,1
1,"A",0.328917337049169,0.373949776202543,1
1,"B",-1.4266009354196,1.5859926099058,1
1,"B",-0.886804207211655,1.23597339631427,1
1,"B",-0.465267480450471,0.825852685481703,1
0,"B",-1.27628793097803,0.376744727782934,0
1,"A",0.44181674289698,-2.94536090052753,0
0,"A",-0.245246410981925,-1.12857321246269,0
1,"B",-0.325841411139278,-2.25523848528493,0
0,"B",-2.01279182348728,-0.88760370138665,1
0,"A",-1.0140060561965,-0.314796022757928,0
1,"B",-1.95605675260457,-0.074363552038363,0
0,"A",-0.876790050120319,0.315471491425326,1
1,"A",0.752140104385879,-1.12762408905689,0
0,"A",0.899060164974075,-1.38711660554356,1
1,"A",0.0946413088583113,-1.24534143934718,1
1,"A",2.42358197789331,-1.09900628302403,0
0,"A",-0.421658916166589,0.0823322561556143,0
0,"A",0.666754988659319,-1.48813116787094,1
1,"A",0.798459312266701,-1.90436405732699,1
1,"A",1.61147043829666,-1.14865461098548,0
0,"B",-1.31321177708998,-0.80972607122418,1
0,"A",-0.450632690679167,-1.19701528741303,1
0,"A",0.508363494313255,-0.70664301194702,0
1,"A",-0.237005180929406,0.0161987414988626,1
0,"B",-1.2436871593421,-0.527728624790352,1
0,"A",-0.0369358819319494,-0.968574382690872,1
0,"B",-0.0248053213699461,0.248778034854393,0
1,"A",-0.183671951766133,0.100150189441267,0
1,"A",0.019045282507896,0.554615380245689,0
0,"B",-1.5144746569976,1.21797243107816,0
1,"A",-0.050466785478976,-0.599346000092627,1
0,"B",-1.75017534401255,0.109052387672962,1
1,"B",-0.285600765179281,0.400423058194469,0
0,"A",0.641185471353237,0.0909504909179869,1
1,"A",0.535917289315963,-1.11765819040574,1
1,"B",0.93495243288825,-0.560086272389442,0
0,"B",-1.52335096025995,-0.245742892909052,0
0,"B",0.153653191439048,-0.463837595300785,1
1,"A",1.16785094600185,-1.71749803852362,1
1,"A",-0.309436506900414,1.12844087001597,0
0,"B",-0.655096260829319,0.192722944102462,0
0,"B",-0.195322834069119,-0.397252194812443,1
1,"A",0.945119847858177,0.416704494436583,1
0,"B",-1.30366590039763,0.518698194372414,0
0,"A",-0.582401843786699,-0.884131659180116,1
0,"B",-1.40351541618959,-1.15338670957739,0
1,"A",-0.499481779197549,-0.677832355119195,1
0,"A",-0.183509147888712,0.0387330120719478,0
0,"B",0.676166526629628,-0.277375714190748,0
0,"A",0.552242465956497,-1.96756068104322,0
0,"A",-0.848968065404871,-0.0102496403420146,1
0,"A",-0.609868869046285,-2.17863663512519,0
1,"A",1.20808197250194,0.559786511093755,0
1,"B",-0.66713487912592,0.0949119370836801,0
0,"B",-1.50458157812574,-0.124178048645366,0
1,"A",0.333614038824435,-1.43034734592268,0
0,"A",0.16397510324761,-0.235184371961117,1
0,"B",0.295850734552314,-2.07298214258725,1
0,"A",0.512785544152102,-0.449673174423877,1
1,"B",-0.31707780183973,0.722131803130531,1
1,"B",-0.691509536812637,-0.316765998719427,1
0,"A",1.53830771963645,0.721531662780934,0
0,"A",-0.678784028933049,-0.428061434786238,1
1,"B",0.2822355343392,1.13996000381962,0
0,"A",-0.128928299450108,-1.87328267112606,0
0,"A",2.10013147459969,-0.120296054274409,0
0,"B",-1.30863218244677,-1.07318406687027,1
0,"A",0.722160850565831,-0.782501618160538,0
1,"B",-1.28323537766304,1.40632625764897,1
0,"B",-0.954058346946639,0.177909642785196,0
0,"B",-1.28683568654651,0.151633380482409,1
0,"A",0.274035228178045,-0.910629082969721,0
1,"B",-1.16688486494801,1.67724641474925,0
0,"A",-0.0957286502059151,0.370809741046407,0
1,"B",-2.89874739865626,0.336490837668153,1
1,"A",0.140376255411572,0.803790551903866,1
0,"A",1.86069371892745,-0.247729026407957,0
0,"A",2.83779437660339,-0.0786448386326007,0
1,"A",-0.504498491747757,1.41839827124881,0
0,"A",0.255239371942552,0.124866813718573,0
0,"A",-0.935479864047285,-0.811171570118965,0
0,"A",0.422045230290098,0.329919972845585,1
1,"B",-1.25189648611564,-1.47036831049202,0
0,"A",-0.0601750395254114,-0.558994645034131,0
1,"B",1.48357290629981,0.8202686366076,0
1,"A",-0.320731289013859,-0.126629916838458,1
1,"A",2.50065403780917,-0.35217653255403,1
0,"A",-0.821532425743726,-0.83872112320576,0
1,"A",1.12362421722438,0.898131177796335,0
0,"A",0.153977459298637,-0.10278294661909,0
0,"B",0.000148699187750068,1.53570325667307,0
1,"A",1.09039448514321,1.40544867300365,1
0,"A",-0.111988098784862,-0.132379812637961,1
0,"B",-2.14964173737255,0.884072740595942,1
0,"A",-1.66761344303197,-1.092725465025,1
1,"A",2.81670649478791,-1.24494339585535,1
1,"A",1.96961724122442,1.32432242476348,1
1,"A",1.00257346269434,0.231295778642247,0
0,"A",1.47210457915144,0.142180570811649,1
1,"B",1.43013820254962,-0.338556027689016,0
0,"A",-1.30940619622493,-0.992887201867081,0
0,"B",-1.29328253409722,-1.35166596003095,1
1,"B",-0.762608461417657,0.736547817423818,1
1,"B",0.0115784954915947,-0.149480236311656,1
1,"B",-0.837801743058456,1.34362690592347,0
0,"B",-0.0100789916265178,0.422695159751536,0
1,"A",0.414224438372729,-1.17189859756426,0
1,"A",0.161458806486988,0.618062829418881,0
1,"B",0.125589688228614,0.667630988211775,0
0,"A",0.708477957400675,-0.799161862410483,1
0,"A",0.8622399947288,-0.253817174388792,1
1,"A",0.965315878113512,-0.0144955475911703,0
1,"B",0.663477036749011,0.23268124682302,1
1,"A",1.45716088795616,-0.914531812188279,1
1,"A",2.21440401913243,-0.929159958648239,0
1,"B",-1.27611188141717,-0.898810086862949,0
1,"A",-0.296358429254768,-0.706325025506629,0
0,"B",-1.80960839560148,2.44308347364816,0
0,"B",-0.833008076701576,0.557033755119308,1
1,"A",0.314859567822572,0.644834360893408,0
1,"A",0.964273301631623,0.64283849790923,1
0,"B",-2.12350224644048,0.416893103788541,0
0,"B",-1.42377348770692,0.606351113970552,0
1,"A",2.20948266007553,-0.167004881503124,0
0,"B",-2.54472681988443,0.543646087334575,0
0,"A",0.683869065452693,-3.10891713151286,1
0,"B",-1.60969642018967,-0.559540676514546,1
0,"B",-1.45088477106697,0.705335676925719,0
1,"A",0.118826467388905,-2.41408325334636,1
1,"A",1.54517163045785,-1.35774254898045,1
1,"A",3.08630997922336,-0.401086058432453,1
1,"A",0.368088023328384,1.03140869685687,0
1,"B",-0.813589159485964,0.634447285272745,0
1,"A",-0.207288690675076,-1.27665111269866,1
0,"A",0.301978578971564,-0.259404077598132,1
1,"B",-0.745958107972336,-0.500161059649969,0
1,"B",-0.274913950822004,-0.313154188660501,1
0,"A",-0.599523226324961,-2.23141118652649,1
0,"B",-1.74415396804085,-0.157788155820659,1
0,"A",-1.25247333422641,-0.30569384789231,1
1,"A",1.77063341424043,1.04627035291756,1
1,"A",0.407508712770851,-1.69042387756925,0
1,"A",0.585978868948726,-0.484779153196553,0
0,"A",-0.319104317881848,-1.51516115361561,1
0,"A",-1.46501133874351,-0.560308309068673,1
1,"A",0.481388517797277,0.987927107751495,0
1,"A",0.631335194104187,1.62929914847581,1
1,"A",-1.03634515899953,-0.629328498038186,0
1,"B",1.21826763546271,-1.11633083359213,0
1,"A",0.176161863714321,-0.813228149322915,0
1,"B",0.700483205920488,-0.760997940186694,1
0,"A",0.442786153661497,-0.925165603406175,0
1,"A",-1.67180422927918,-0.491034826889347,0
0,"B",-0.16717671639077,-0.770637357037052,0
1,"A",1.72139451430053,-2.05282091879462,1
1,"B",-1.59446512662909,-0.129295473613631,1
1,"A",0.300027010341858,0.128953323794069,1
1,"A",0.0877564269382455,1.57707559892345,0
1,"B",-2.1273694771341,0.29149581540245,0
1,"A",0.170638068904334,-0.0459720255988127,0
1,"A",0.685615592542137,-0.234699610513628,0
1,"B",-1.70828156696586,3.39324701885616,1
1,"A",-0.0815740540296705,0.348924021223762,1
1,"A",1.04585045857642,0.949844531413238,1
0,"A",0.773770294148664,-1.87728959919976,1
0,"A",-0.19541262247626,0.749139411148368,0
0,"B",-2.25601759204943,0.251780712840321,1
1,"A",1.5494332724457,0.978888901758768,1
1,"A",1.19900813212122,0.444408404460159,1
0,"B",-1.76053423971433,0.623975668054613,0
1,"A",-0.184394850739905,1.15444717428871,0
0,"A",-1.03655962013231,-1.6148908682958,1
1,"A",0.821557541604055,1.00520837203002,0
1,"A",-1.69373285643374,0.194386832573951,1
1,"B",-1.05486608848429,0.928650307660146,0
1,"B",0.0451252624714671,-1.05680718377597,0
0,"A",-0.885252775957029,0.0587094808852978,1
1,"A",1.57173889341739,-1.77285108104379,1
0,"A",0.931608833482688,-0.478887873169501,0
0,"B",0.180502310472816,0.249918418388425,1
0,"B",-0.379314600460415,-0.535114640480564,1
1,"A",1.18138834032064,-0.134840798959521,0
0,"A",0.278222991721968,2.46514255029541,1
0,"B",0.112909634903022,-0.0196172882388014,0
1,"B",0.894762203426001,-0.153790232554831,1
0,"B",-0.888020062553044,0.693811215804765,0
1,"A",0.980700897112727,0.126702174973724,1
1,"B",-1.28195823626524,0.071357298185892,0
1,"B",0.0724140178314097,-1.44829013113205,0
0,"B",-1.70050065394475,-1.8424119554855,0
1,"B",-0.38666176837929,-0.65179398259507,1
0,"B",-0.940014525336383,1.53663261430715,0
1,"A",1.05966715062462,-2.49792523861205,0
0,"A",-0.0435986710989813,0.973245254942963,0
1,"A",0.894267292508397,0.334514676898867,1
1,"B",0.666599288305995,-0.300740121513807,0
0,"B",-1.19677451429023,-1.08794410778544,1
1,"B",1.1791902197284,1.33799584021479,1
0,"A",-0.496657654306654,-1.48196154878256,1
0,"B",0.469975409677723,-1.5569211311265,1
1,"B",-0.601249810845977,2.01459709498438,1
1,"A",1.12765365733018,0.0504082697532263,0
1,"A",1.4805808676675,0.751471718951759,0
0,"A",-1.42666079296329,-0.121086390379241,0
0,"A",-0.167929871187321,-0.485225311226873,1
1,"A",-0.170564280632925,-0.346614357025396,0
0,"A",0.74947457191659,-0.329815257874686,0
0,"A",1.6697855057476,-0.84228125056187,1
0,"A",-0.528041869904619,0.08688104763099,0
1,"A",-0.371207794927791,0.617016693942341,0
0,"B",-1.26697848932592,1.08077937892754,1
0,"A",1.35124856356917,-0.760538937934072,1
1,"B",0.357145911002863,0.559082576106105,0
0,"A",0.303102011482675,-2.25074499458111,1
1,"B",0.0981977651697779,1.54566342535106,1
1,"A",0.967443761419173,0.212074657848645,1
1,"B",0.814047515020989,0.287419800478035,0
0,"A",-1.33231070066036,0.789837514892392,0
1,"A",0.157632621150225,0.14415122530502,1
0,"A",-0.458161654678418,0.663211123311558,1
1,"A",-0.502660623669448,0.00273996408637356,1
1,"A",0.469564764600564,0.872258064137924,0
0,"B",0.846096216930898,1.32516933508462,0
0,"A",-0.433290244211722,-0.0369901877383078,0
1,"B",-1.79337763706704,1.02205208342338,0
1,"B",-0.0871882081853603,0.714768273330164,0
0,"A",-1.16634607110936,0.286879996204581,1
1,"B",0.370298668289876,2.63653011589611,1
0,"A",0.913109980622033,-1.47837279978996,0
1,"B",0.38824477344965,0.671555970854266,1
1,"B",-0.301777384593256,0.731182207627167,1
1,"B",-0.54831347687353,0.706040619437816,1
1,"B",-0.0830558792892263,2.04165703623848,1
0,"A",1.11435860809488,-0.886480183179101,0
0,"A",-1.46816310646346,-2.02266805003465,1
0,"A",-1.45257672078026,-1.65785375383978,0
0,"A",0.897086810769867,-1.5976579238868,1
0,"A",-0.179870205161521,-1.01593585524676,0
0,"A",-0.0643741921739557,-1.03321255874476,0
1,"A",0.293789447847266,1.86063044262797,1
0,"B",-0.407982129771441,-0.933607383844483,0
1,"B",-0.583964239266136,1.85412552492245,0
0,"B",-0.117463075432473,0.334936812242543,0
0,"B",-1.12097773398699,1.80985652024902,0
0,"A",-1.20910961709079,0.115360175030656,1
0,"A",-1.82965726586213,-0.857023589800715,1
1,"A",-0.2687137888405,0.791008451599989,0
0,"A",1.74889908009092,-0.0918854240832787,0
1,"A",0.621423002950546,-2.09069769715087,1
1,"A",0.248090428764407,0.238807563133475,1
0,"A",1.62393714879632,-0.441919011921273,1
0,"A",-2.0206952567515,-0.231071980845715,1
1,"A",2.37328575764742,0.350495824151621,0
0,"A",-1.33959124657659,-0.106177077999513,1
1,"A",0.910788894944655,0.30589395317907,0
1,"B",0.551144283136265,0.0252810745493732,0
0,"A",-1.46617680876661,0.640352866451691,0
0,"A",-0.952034023927843,-0.795687819540319,1
0,"A",0.385318525077151,-1.15739337617491,1
1,"A",1.10423352781372,-1.40981535638179,0
1,"A",0.774897294189037,0.16828575124245,1
1,"A",1.09799340955947,-0.808418184615776,0
0,"B",-1.70274603880284,-0.560192466906378,0
0,"A",0.461464870234387,0.22332967218753,0
0,"A",2.16043085343105,-1.59438966902761,0
0,"B",-0.699977854523331,-0.0287799972245738,0
0,"A",0.637918787852817,-2.00235484788127,0
1,"B",-2.42671866941968,-0.662726992748711,0
0,"A",0.645825189030118,-1.17899972884172,1
0,"B",0.0114075530156887,0.357524667610293,1
0,"A",-0.641263535523875,-0.286858566795041,1
1,"A",-0.269219261665418,-0.601915270864866,1
1,"A",-0.249379523525562,-0.516743882520142,1
1,"A",-0.234642090597048,-1.22387006682869,0
0,"A",1.38195898297025,-0.692200530288341,1
0,"A",0.0175159683542639,-3.61434410462925,0
1,"B",1.37230894277498,1.88971509499838,0
1,"A",0.413733255329408,0.54264076077447,0
1,"B",-1.26977568624126,0.546091958952605,1
1,"B",1.05840218966125,-0.644524894997119,0
0,"B",-1.99265858901288,-0.23707274055775,1
0,"A",0.976594287265726,-1.15802170573721,0
1,"A",1.0667701731808,-1.01479169346558,0
1,"A",1.45866376551082,-0.841755258049771,0
0,"A",-1.09418551639904,-1.17443575359661,0
1,"B",-0.352460612050796,1.11691446074253,1
0,"A",-0.305943644914869,-0.0336358369800064,1
1,"B",-0.525629174991545,-1.11254176629923,1
1,"B",0.706405976825137,0.645700567766913,0
1,"A",2.54036431927766,0.410641664419176,1
1,"A",2.34840292281071,-1.88138733829038,0
0,"B",-2.22816269244201,0.13723334336224,0
0,"B",-2.45160014743196,0.472876872390024,1
0,"A",0.163790802010149,-1.13532196507034,1
0,"A",-0.215467229330739,-1.09207396702551,0
1,"B",1.11900237447923,-0.260374721528584,1
1,"A",0.53103493386763,-1.10454205215798,0
1,"B",-2.27528267477935,0.981173505032946,0
1,"A",2.75025298101266,-0.563758883769714,0
0,"A",-0.199474103398103,0.249649150613669,0
0,"A",-1.4433332346074,0.861805818833995,0
1,"A",0.0172850891024971,-0.164702835701998,0
0,"B",-3.26022696568322,0.800617955449021,0
1,"B",-0.119036772180658,0.653176171951292,0
0,"B",-0.718986842615999,2.61791207667927,1
1,"B",0.134372413826771,-1.06990819707954,0
0,"A",-0.728647370870335,1.71136257670359,1
0,"A",1.1890546064844,-2.10994120355009,1
0,"B",-0.0464054584707208,-0.575289146375537,0
0,"A",0.952583432839504,-0.0498145524523603,1
0,"A",0.111619747023572,0.75129067234387,0
1,"B",-0.268700509150818,-0.251367443880857,1
0,"A",-0.929179847724046,-1.49226909702889,0
0,"B",-0.600905845775235,-0.0347457663551783,1
0,"B",0.416468196902936,-1.81025880752599,0
0,"A",-0.550436780900763,-0.858107966297049,1
0,"B",-1.24420817496414,-1.13831684392054,0
1,"A",0.163616944780037,0.125781806536817,1
1,"B",-0.276178094927364,1.62637496701617,0
1,"B",1.95619220688357,1.88930156503926,1
0,"A",1.04024253216893,-2.22513581634574,0
0,"B",-2.02580058852115,0.799096258174181,1
1,"A",0.444253290533249,-1.37648767748615,1
0,"B",-0.513887163742526,0.194407856917849,0
1,"B",0.324097757612831,0.874877859687636,1
0,"A",0.00514449229418901,-0.374185952418191,1
0,"A",-0.0309722216788705,-1.56946192051809,0
1,"A",0.304399769748464,1.67807113062236,0
0,"A",0.991027339263469,-2.02850919461423,0
0,"B",-0.552324635086526,1.89449458365936,1
1,"B",0.314375339268722,1.16836205515186,0
1,"B",-0.213277992113795,2.01702432063374,1
0,"A",1.06605877448169,-0.521422753050255,0
1,"A",1.54063640430706,-1.23058989439415,0
1,"A",-0.189122804656812,0.826837442292803,1
1,"A",0.246951419656984,-0.719316194252884,1
0,"A",1.94802762189998,-0.808626070812817,0
1,"B",-2.43688479062307,0.617770073510168,0
1,"A",-0.2721593041435,0.4953967957866,1
0,"B",-0.531890699333269,-1.0026810053556,0
1,"A",2.31830164253025,-0.0557743815373922,1
1,"A",1.62774041641221,-0.59097508715418,0
0,"B",-1.898107354585,-0.514386644156756,1
1,"A",-0.0541855896741912,-1.52798368692732,1
1,"B",0.817547537045145,-0.1008956103491,0
0,"B",-0.894984722700329,0.197318857209039,0
1,"B",-1.84910406458876,1.07377766260429,0
1,"A",1.11914225655417,-0.707099364288925,1
1,"B",0.398202835756939,0.372227517678208,0
0,"A",0.377677891028861,-0.53844016238099,1
0,"A",-0.296547690866947,-0.412992542578046,1
0,"A",-0.751838678153675,-0.736719831909808,1
0,"B",-0.948103587376649,0.395609757190212,0
1,"A",0.421112215670327,1.24957243537989,1
0,"A",0.579093045104092,0.188048474647077,0
1,"B",0.407547447914104,0.168496314115874,0
0,"A",-0.0263436459977572,-2.24809262792149,0
0,"A",2.11299986020307,-1.84930067578851,0
1,"A",0.576892606449805,0.782500520476545,0
0,"A",-2.10647111386957,0.90109235315565,0
0,"B",-0.54736940147734,-0.336489282883038,1
1,"A",1.96824061273198,0.857937370659143,1
1,"B",-0.902048040379147,1.64683989318069,0
1,"A",-0.0210726742601882,1.29327492223354,1
1,"B",-1.33332309849853,-0.597827962812147,1
0,"A",1.72411944220748,-0.292664090964259,1
0,"A",0.503267554046645,-0.85094997053123,1
1,"A",0.201257217807696,-0.0312090818278269,1
1,"B",0.43623269379328,0.469682925023044,0
1,"B",-0.703764326084007,-1.67704655979655,1
0,"B",-1.93943321957919,-0.426563277995759,0
0,"A",0.47312525147482,-1.55073559936046,1
1,"A",0.708539658659222,0.663150207795005,0
0,"A",-2.84413036861029,-1.72952212842899,1
0,"A",0.542713205999651,0.278675164741028,0
0,"A",-0.45897537521511,0.323765370484505,1
1,"A",0.381057557633313,0.463534116292717,1
1,"A",-0.893274717137741,0.0357263328323743,1
1,"A",1.15232353224127,-0.550840633558224,0
0,"A",0.485614653484184,-1.3306548133529,1
0,"A",2.66004597991403,-0.0903764477631327,0
1,"A",1.77781951538765,-0.112237296066021,1
1,"A",0.348468533389567,1.52136622016316,1
1,"A",1.98860314262769,0.442526277976931,1
1,"B",0.513168600170625,1.76035615206685,1
0,"B",-0.38675176976171,-0.095044567529002,1
1,"B",-0.7325414515406,0.892555682816142,1
0,"B",0.657319928777619,-0.987645610515115,0
0,"B",-0.105856354038492,0.575566796495336,0
0,"B",-0.923899241051263,0.510512277336987,1
1,"A",0.947809291266267,-1.63589397032067,0
1,"A",2.72065682844999,-1.05931416241479,1
0,"A",-0.550428028605861,-2.19463642574172,1
1,"A",-0.482438299379348,-0.183519223521638,1
0,"B",-1.15878641336774,-1.06085401092846,1
0,"A",-0.410461282044646,0.0998672571226437,0
1,"A",-0.466402701740797,0.741052094973424,0
0,"A",-0.157873251458764,-0.379828717985834,1
1,"B",-1.6357755409652,0.892847279058665,1
1,"A",1.12556916413033,-0.540620634193879,1
0,"B",-2.01833180567313,0.991501411963792,0
0,"B",0.471738624811051,0.541561022665179,1
1,"B",0.135005590929101,-1.23246354078021,1
0,"A",0.0211293152476026,2.04944463620329,0
1,"A",-0.123442438486942,0.712926910081646,0
1,"A",1.23743429795125,-0.608310540797693,1
0,"A",-0.171553814589093,-1.02906153801154,1
0,"A",-0.194461959596685,0.233054788991576,0
0,"B",-1.43637527581855,-1.60493376951929,1
0,"A",-0.173234553886333,-2.12722222911005,0
0,"A",1.26201076335254,-1.72538320584314,0
1,"B",-0.725286927471858,1.65976260117694,0
0,"B",-0.835704373508869,0.449722237786014,0
1,"A",0.794234752108863,-0.710710033950756,1
0,"B",0.0621529343175191,-1.23467018126948,1
1,"A",-0.633510964362698,0.913795133803275,1
1,"B",-0.185704850941864,-0.7318756043056,0
0,"B",0.0792139542669807,-0.948834378679147,1
1,"B",-0.86922316091456,0.329340700462664,1
1,"A",0.915557433608398,0.0385241994746185,1
0,"A",-0.927398871364381,-0.00869110184382177,1
0,"B",0.0334399246823724,0.249487305485149,0
1,"A",1.43538034435628,0.259375040641354,0
1,"A",0.296539155055679,-1.18487123812148,1
0,"A",-0.12145580708046,-1.35551116484986,0
0,"A",0.81760681605223,-1.64747508382504,1
0,"A",-0.271189039052756,-2.45898629361003,0
1,"B",-0.131448982226792,-1.16012386291025,1
1,"A",1.47793329420027,0.497368099925285,1
1,"A",0.201886595490676,0.55820079293321,1
0,"B",0.722349830309586,0.207909955576464,0
1,"B",0.229711419788313,2.27500631253695,0
0,"A",0.346170738752257,0.245455284952576,1
1,"A",3.32581246062034,-2.80279452474684,0
1,"B",1.75389244359711,-0.988668014111745,1
0,"A",-0.146898762266528,-0.958914376767488,0
0,"B",-2.3477123640502,2.09226061803375,1
1,"A",0.664615249335145,-0.241612310232896,1
0,"B",-1.84109578753283,-1.41162030848796,1
1,"A",1.16505986950109,-1.06183959149089,1
0,"B",-0.710182286145477,-1.57027700535408,0
1,"B",-2.11183524219739,0.982857208603814,0
0,"A",-0.769391409690868,1.27120504957069,1
0,"B",-1.12201036701389,1.07415107478655,0
1,"B",-0.660580629175924,-0.243682583243076,1
1,"A",-0.330499182652791,-1.03142619160694,0
0,"A",0.69622490072439,-2.77196885118773,0
0,"B",0.00656520163428165,1.43882589813444,0
1,"A",-0.6079563895544,1.19895073692531,1
1,"B",0.990899158755049,0.105507445058562,0
0,"A",0.908274388442673,-0.633303590652277,1
1,"A",1.29279140917931,-1.1296554471653,1
1,"B",1.96975604326206,0.456030548912083,0
0,"A",-0.623116152923191,-0.720250208544774,1
0,"B",-1.13524651539161,-0.266552641918946,0
1,"A",0.589708863436471,-2.14514348107289,1
1,"A",0.0987960453558781,-2.51781709941465,0
1,"B",0.0954225862301988,1.84327842433384,1
0,"B",-0.90155542880809,0.611505125953692,1
0,"B",-0.974686354923869,-0.769086881762705,1
0,"A",0.0422360626749038,-0.742201792123627,1
0,"B",1.31835332379424,-0.519575566347199,1
0,"A",1.27401179449586,-1.43565359087731,1
0,"A",0.570223138379829,-1.26273412849669,1
1,"A",1.36216833243742,-0.920354029575915,1
0,"A",0.181142282144281,-2.12219225133222,0
0,"A",-0.291567501351354,0.15925202263608,0
0,"B",0.0694174954897605,-0.0748026666539431,0
1,"A",0.796660155843155,1.4673112931837,1
0,"B",-2.75596997608421,-0.513723086785197,1
0,"B",-1.29594553852553,0.224082101209987,1
0,"A",-2.15173413437461,1.57849461697419,1
1,"B",-0.7902152026994,0.845450060340996,0
1,"A",-0.678597890420265,-0.774391082115801,0
1,"A",-0.895757707573154,-0.0967173181767509,1
1,"B",0.861877227765215,0.97612460112087,0
1,"B",0.428623383454819,2.6803744356727,0
0,"A",1.04730958678936,-0.50900052864999,0
0,"B",-0.368884375748262,-2.17576069834269,1
1,"B",-1.94537607561819,-0.0145685362611483,0
0,"A",1.3876871218572,-0.000813263375453899,1
0,"A",1.17348904320288,0.501817257037036,1
0,"B",-1.05625130606918,-1.55324801270839,0
0,"B",-0.431782094577501,0.446929160382288,1
1,"A",1.00406394358403,-0.385705427477641,1
1,"A",-0.269307781586045,-0.210857645375447,1
1,"A",0.026149026476428,-1.52010753216733,1
1,"A",1.02238168045402,0.708637523518746,0
1,"A",0.891670677226038,-0.161049471188031,1
0,"B",-1.07451573161036,1.26218594566978,0
0,"B",-0.292351440497541,-0.105551606915533,0
1,"A",0.283378847809428,-1.00255751601219,0
0,"A",-0.796501321392565,-1.66903048327695,1
1,"A",1.19559964097184,0.54682288930959,0
1,"A",-0.0441302499906039,-1.0736077274487,0
1,"B",-0.353435388434213,-0.674277780149046,0
0,"A",-2.22124470353706,-0.875976882554874,0
1,"A",-0.726324373929117,-0.465544696566967,1
0,"B",0.510082899318908,0.226581554931193,0
0,"B",-1.70744289692452,-0.186857782662599,0
0,"A",-0.212548794082514,-1.87393041145127,1
1,"B",0.100570800219662,1.41392158312861,0
0,"B",-0.478600857081734,0.0484111797681288,1
0,"B",-1.91779533375518,0.58617583226568,0
1,"B",-1.55120864572132,-0.450676452889474,1
1,"B",0.20609525832241,1.47150007954133,0
0,"A",0.974087216078394,-1.22449224544246,1
1,"A",-0.144205383326948,-0.697853145681253,1
1,"A",1.38033655588652,0.656692196636867,1
1,"A",0.513677367335801,-0.349495691991279,1
1,"A",1.39267714295409,-0.305149698999169,1
1,"B",0.217665930402775,1.07514421282007,1
1,"A",-0.355018304252476,-0.142019029668411,1
0,"B",-0.530288155437133,0.236435498861604,1
1,"B",-0.537635068290236,0.562190140282131,0
0,"A",-0.405570447510667,-1.1224228357347,1
1,"A",1.88076241174317,0.199872437826682,0
1,"B",0.452011314133017,-0.980442147287309,1
1,"A",0.906482613870099,0.837007762924807,1
0,"A",-0.0221178345030003,-0.121452754441909,1
0,"A",-0.0494278291749938,-0.713177508530274,1
1,"B",-1.14110755174946,1.06899592409627,0
0,"B",0.140748645223485,0.582722548305586,1
1,"A",0.55123874125188,-0.181133911029355,1
0,"A",-1.12550206172643,1.07315308355407,0
1,"A",0.900750277037157,0.0545265198370931,1
0,"B",-1.13349486839606,1.54357406566149,0
1,"B",-0.348796886393804,-0.70891921844238,0
0,"B",-1.10229692193562,0.160731874342886,1
0,"A",-0.362193180013128,-1.81273318018832,1
1,"A",0.664310053400159,0.596084130729744,1
0,"A",2.24927997406382,-0.615666086659862,1
0,"A",1.2432158192714,-1.53777076661951,1
0,"B",-2.8275515876239,-0.605791860125809,0
1,"B",1.26672076369294,1.48895969611437,0
1,"A",-0.476449965944118,-0.788120120916951,1
0,"B",-1.50512358206756,0.680037359127356,0
0,"A",-1.57868805177742,-2.2704130329386,1
1,"B",1.16378337793939,2.28019175445645,1
0,"A",2.47729139733193,-0.939532230226299,1
1,"B",-0.150979540098927,-1.10335242886508,1
1,"A",-0.879120719933952,-0.232811079795405,1
0,"B",-0.634472314206717,-1.0654411923441,0
1,"A",0.568929135656425,0.902562622322234,1
1,"B",-1.1474466129575,-0.207753647648603,1
1,"B",-1.10042644732118,1.78136581433842,0
0,"A",-0.693550528003528,-1.61333186835437,0
1,"B",-0.118441333452377,-0.0874992328871381,1
1,"B",-0.316623855190877,1.63527238681133,1
1,"B",-0.718135590659575,3.30120459411215,0
1,"A",1.56607310188646,0.104942987594092,0
1,"B",0.49130462657231,0.123111082561059,1
0,"A",-0.975118581563591,-1.17193777060397,0
1,"A",0.512034679228329,-1.48877189059224,1
1,"A",0.287808289482715,0.461007186652396,0
1,"A",-0.117747717742074,-0.224355452142784,1
1,"B",-1.66947218712772,0.0838783245174344,1
0,"A",-0.432447883320518,-1.41951823299677,1
1,"A",0.214507200942188,1.05917257424153,1
1,"A",0.884650781940181,-1.43599429790502,1
1,"B",-0.946833110688967,0.746437033232056,0
1,"B",-0.330901457311024,0.18543476107562,0
1,"A",1.54605208526509,-0.595555986647644,0
0,"A",-0.311392235514101,-0.941234852613539,0
1,"A",2.06565456514192,-0.537498327169852,1
1,"A",2.08785469959819,-0.942052658220078,1
1,"A",-0.479792940734687,-0.96284066471431,1
0,"A",0.919978818069323,-1.86769089295262,0
1,"A",2.01880026024442,-1.29195301772987,0
1,"A",0.786699779083778,-1.21789200050316,0
0,"B",-0.842737362072488,-2.55355022783552,0
0,"B",-1.25519121877178,-0.669921880920236,0
0,"B",-1.24245672069849,0.096032429089025,0
0,"B",-0.354193285435987,-0.595924010516591,0
1,"A",-0.395116388898147,-0.330623960514698,1
0,"A",-1.49202665026105,-1.72794207794031,1
1,"B",-0.585640733475479,0.567485520165647,0
0,"B",-0.192811320081262,-0.440985520815539,1
1,"A",0.0684764451525727,-0.990927446738927,1
1,"B",0.819178434758615,0.805464141795175,0
0,"A",1.5382882054938,-1.6557303219059,1
0,"B",-0.325201835947172,0.496271522430403,0
0,"A",0.554563862900935,-0.270014144119555,0
0,"B",-0.589850267706818,0.181969779525659,0
1,"A",0.32011784741171,-0.259874894633894,1
1,"B",-1.06976647330684,-0.0211074753941302,1
1,"A",-0.058187567722862,1.14491295510445,0
0,"B",0.25466381704131,0.4898909503254,0
0,"A",0.453143476409111,-0.562161026994238,0
1,"A",0.975763825169825,-0.769046566370461,0
0,"A",-0.0935500222272542,-3.63308743660268,1
1,"B",-2.14054052855994,-1.29333845552973,0
1,"A",2.1090475170384,-2.49429876847325,1
0,"A",1.13927236706967,-0.389339220355123,0
1,"A",-0.0726330455383912,-1.12001488880033,0
1,"B",-1.02683803521722,-0.412207314652109,1
1,"B",-0.300914802696435,2.08268630086987,0
0,"B",-1.6469420203203,-0.0348676938735546,1
0,"A",-1.2531731555721,1.04315146757635,1
1,"B",1.05025862654738,1.54593981762374,0
0,"A",1.28209685474474,-2.85356141436909,1
1,"A",1.14911676763651,-0.991051311032086,0
1,"A",2.30405527121477,1.42862212819725,0
0,"A",-0.0920941359285635,-1.53501449923143,0
1,"A",0.802635730089003,-0.166502020683567,1
0,"B",-1.11354383170262,-1.40764593154405,0
0,"A",-0.154553084865067,-0.877546962056,1
1,"A",-0.451782224795008,-1.2691874648128,0
1,"A",0.00274730644709537,0.88159062603302,1
1,"B",0.906874271891661,0.911470492594448,1
1,"A",0.842488957467333,-0.990356684308622,1
0,"A",0.0111057807210471,-0.705559961360168,0
0,"A",-0.859976076005311,0.802480090684644,0
0,"B",-1.12369660793147,-1.07556137711051,1
1,"B",-0.00799212742080113,-0.504632520376416,0
0,"A",0.394296598550466,-1.43605658914983,0
0,"B",-0.713355631285371,-0.607104892747023,1
0,"A",-1.32499173738812,-0.384532145257511,1
0,"B",-1.4447719069732,-1.083920618986,0
1,"B",0.944691920024894,-0.721705061735021,0
0,"A",0.382280644701437,-2.42042390011268,1
0,"B",-1.99383749535915,-1.09211995236717,0
1,"B",-1.2839446986764,0.259897153250497,1
0,"A",-0.111774608626885,0.0602864597140527,0
0,"B",0.46715568079914,-1.60853684677579,1
1,"A",0.0656221021449811,1.13147480429537,0
0,"A",0.509618410076837,-0.0197187411918423,0
1,"A",1.4125551563685,1.73327729314447,1
1,"A",0.955872752715676,0.79274745573594,0
1,"A",-0.670370560249181,-0.381929861417788,1
0,"A",-0.891168628168124,0.493053587913677,1
0,"B",0.23184615975838,0.434968354710051,1
0,"A",-0.0952277894677572,1.06069750869145,1
0,"A",-1.71930923171415,-0.970407837196124,1
0,"B",-1.54343787877221,-0.394504864309019,1
1,"A",-0.341085954854072,-0.488107466348274,1
0,"B",-2.28222684767091,-1.07434847268111,1
1,"A",-1.42597123966559,-0.519148259200999,0
1,"A",-0.49187677982798,0.077790956049903,1
1,"B",-1.33100315856758,-0.409954985749043,0
1,"B",-0.57418189704883,0.938647178836688,0
0,"B",0.381804424413145,0.409410991214728,0
1,"A",1.48698522839129,2.24112036262052,0
1,"B",-1.1674025468479,-1.53255433296711,0
1,"A",0.148402336040949,-2.08520719620578,0
0,"B",-2.9086043422144,0.817548045370414,0
0,"B",-0.0773859336320848,0.0285205769665063,1
1,"A",1.5358008570962,-0.602063359262813,1
1,"A",0.866858621575659,-0.635611217865335,0
1,"A",-0.184585889392841,-1.07762882973006,0
1,"A",-1.2166864634227,0.521310296456721,0
0,"B",-0.306600436738079,-0.813837470226911,0
0,"B",0.538151375816611,-0.248326905922758,1
0,"B",-1.459279975321,-0.522341976815476,1
1,"B",-0.982321828689219,1.36074669145807,0
1,"A",1.00449967475788,-1.15897508058925,0
0,"A",0.970502009713844,-1.33423896552292,0
0,"B",1.43165283576516,1.13226274485734,0
1,"A",1.62640637008001,0.358889025365517,1
1,"A",-0.551895779204321,0.0692232082724208,1
1,"B",-0.317927840935016,1.29725001901268,1
1,"A",0.137982374465019,2.21897461647527,1
0,"A",-0.262262099657,0.340096750766192,1
0,"B",-1.5394979004527,0.454966299260297,0
0,"A",1.59787725341293,-0.890595882115665,1
0,"A",-0.384483931439243,-1.09055892915851,0
1,"A",1.57748520718104,-0.816500581002471,1
0,"A",-1.20364220509171,-1.56505895243181,1
1,"A",0.732242353658832,0.371080676027865,0
1,"A",1.60039094581288,0.505799650430645,1
1,"A",0.0565964386140065,-1.97412988283138,1
0,"A",0.896457628926002,-0.440222383343343,1
1,"A",-0.999697479629361,1.46317820269825,0
0,"B",-0.160865861821189,0.287698942530066,0
0,"A",1.3365070909155,-1.45545809008554,1
0,"A",0.255423831125817,-1.80197671033397,0
0,"B",-1.01360936693976,0.901076398098688,0
0,"B",-0.419904391662627,0.821671540806723,1
1,"B",1.08718367242685,-1.04307274928652,1
0,"A",-0.071320592801209,-1.05354687038243,0
0,"A",-0.164967402557814,-0.325968269643568,0
0,"A",0.352570079053578,-1.35093395046303,1
1,"B",-1.04810657228643,0.969805111324537,1
1,"A",-0.397690279147888,1.09786724569636,0
1,"B",0.990886185595928,0.169428948593056,1
1,"B",1.66081813348029,-0.0863799714727045,0
0,"A",1.32639782769634,-1.69505102988698,0
1,"B",1.06037829800523,-0.32804344831891,1
0,"B",-0.999669418945617,-1.54068632327131,1
0,"A",1.66180381201269,-0.552260104004149,0
1,"A",-0.0600702872532344,-1.67099809275559,0
0,"A",-0.925859660988153,2.31839045177099,1
1,"A",0.432255694382019,-1.64328911659352,1
1,"A",0.417598350240094,-1.16583468333233,1
0,"B",-1.89219360553212,-1.33264735887034,0
0,"A",-0.988081359066811,-0.722813818434438,0
0,"A",0.364757214271104,-0.0768963067300206,1
0,"A",0.903913161415579,-0.296234639505174,0
1,"A",0.103095691572546,-0.176301671181055,1
0,"A",-0.125714719263186,-0.589675898979276,1
0,"A",-1.28984817287806,-1.29029017196222,1
1,"B",1.13919505493176,-1.0554333537257,1
1,"B",0.563729182585948,1.13535855133341,1
1,"B",0.368449816401586,-0.827106538399935,0
0,"B",-1.39812351214582,1.27848163982779,1
0,"A",0.375211199612601,-1.13413901735739,1
0,"A",-0.455002453609244,-1.69612900533275,0
1,"B",0.60469131671501,-0.0158020561804529,0
1,"B",0.287182691211768,0.375090965514121,0
1,"B",-0.241584522939898,-0.417039890841732,1
1,"A",0.581209237419079,0.322270737047947,0
1,"B",1.24275018840683,-0.787648957060077,1
1,"A",0.984866592546056,2.03565280444524,0
1,"B",1.46307597803265,0.501813685022094,0
1,"A",0.422007529746959,2.14509400355862,0
0,"B",-0.708384112077211,0.629836401014209,1
0,"B",-0.151209106077478,0.449178540742508,1
1,"A",3.44277833087084,-0.542901990194238,0
1,"A",1.02518505489568,0.282644170756051,0
0,"A",0.0213546730016861,-0.211872039496673,1
1,"B",-1.23758496227013,0.952744229213174,1
0,"A",1.18247877190897,0.762557424019746,0
1,"A",1.16871229885613,0.290507529697677,1
0,"A",-0.920908475165218,-0.450038044187305,1
1,"B",-0.32618659719859,0.655374751552011,1
1,"A",-0.519365140613871,-0.614540093241854,1
1,"B",0.115406147468418,0.18727759998628,0
1,"A",1.43801363386046,-0.0311143420253849,1
0,"A",0.745614544825542,-1.98682110170268,1
0,"A",0.97048128643329,-0.0745180680051665,0
0,"A",0.610755378856263,-0.485324549746315,1
0,"A",0.31785490116629,-1.53466696994904,1
0,"A",-0.254895477099001,-1.68180944813612,0
1,"A",0.515704849849543,-0.313561506971772,0
1,"A",1.40081943929038,0.351435406262962,0
0,"A",1.25001383503163,-0.373613880312425,0
0,"A",-0.757154062478435,0.970540690835921,1
1,"B",1.2142792206422,-0.46742935428745,1
0,"A",-0.332947186088808,-2.40037965431358,1
0,"A",0.435016757402506,-1.37120460566737,1
0,"A",0.573124524618382,-2.12828751898751,1
0,"A",-0.669299842224402,-1.10720632426643,0
0,"B",-1.83191716408335,-0.936362494099223,1
0,"B",-0.658801399311432,1.84796755190825,1
1,"A",1.57784312273236,-0.478011435413349,1
0,"A",0.942287371420601,-1.95190052775857,1
1,"B",0.679579335204503,0.957176433477604,1
0,"A",-0.547167254710383,-0.150554026987646,1
0,"A",-0.463212774326449,0.14590795693104,0
1,"A",1.14459400494118,-0.338216107076775,1
1,"B",-0.358633593775773,-0.998629426317556,1
1,"B",0.824098461749293,-2.44563486170524,1
1,"B",0.709811418085897,-0.711849249181099,0
1,"A",0.91417798841323,-0.602963330343101,0
0,"A",-2.09568022884578,-0.533262076271459,0
0,"B",-2.43714609501185,0.719911811428823,0
1,"A",0.982510543905054,-0.093656118402592,0
1,"B",0.604664447859563,-0.380490695329345,0
1,"A",1.10907630099177,-1.44236071838425,1
0,"B",-1.58417631335932,-0.176552782081211,1
0,"B",-1.17028111276972,1.04411033762952,0
0,"A",-0.373049972150566,-0.481434538313926,1
1,"A",0.259272116246908,0.242128645338312,1
0,"A",0.208670404309138,-0.311127353227385,0
1,"A",-0.00720598175776943,-1.87275222269652,0
0,"A",-0.311150224326086,-0.270505527645221,1
0,"A",-0.13612999588254,-0.197729237355515,1
0,"A",-0.975087644954167,-0.405428958035232,0
1,"B",-1.33977750420369,-2.23872826197625,1
1,"A",0.434479862693545,-0.949472836329511,1
0,"A",-0.341237916387956,0.123571582645958,1
0,"A",-0.064882414712296,-1.58604611064296,1
0,"B",0.0851968444492344,0.0608676088268829,0
1,"B",-1.01230209298929,0.168611027794472,0
1,"A",0.142607250350332,0.630113161560706,1
1,"A",1.67958879780405,-0.740097026343498,1
1,"B",0.419794110807073,1.74194528117197,0
0,"A",-0.108345525363586,-1.55115360058027,0
1,"B",0.102291560201789,0.227899655834208,1
0,"A",0.042118366405656,-1.573760965132,0
0,"A",1.74793608693361,-1.36581041445086,0
0,"B",-1.34181714541889,-0.419405709241146,1
0,"A",1.28954627615436,0.2536721992669,0
0,"B",-1.32310711508386,0.263573626447772,1
0,"B",-1.36650315000833,-0.244161869759114,0
1,"A",1.78634631694511,-0.982678986455523,1
0,"A",-0.114025952618077,0.169478210300434,1
1,"B",-1.85965141738388,0.752025209629892,0
1,"A",0.53627967075508,-0.623384138779532,1
1,"B",-0.691723300638759,-0.313908832641782,0
0,"A",0.20172289679408,-1.05085977363539,0
0,"B",-1.61365871499015,1.28683176855814,0
0,"A",0.642639918648754,-1.31204974286076,1
1,"B",-0.182926075965516,1.44985599887829,1
1,"A",0.606090810577639,0.205028754750572,1
1,"B",-0.821540101974716,1.36021857863632,0
0,"B",-0.821002377866538,0.570471238861892,0
1,"B",-0.436862128588088,0.657226837961267,1
0,"B",-1.56872109915645,-1.2026085305196,1
1,"B",-0.345180869258431,0.350410963463036,1
0,"A",0.874559178372809,-0.0503216494333878,0
1,"A",1.72391279599082,0.586766407284601,1
0,"B",-2.35762555724886,-1.21748939678099,0
1,"B",-1.37198571936955,0.963887392911864,0
1,"B",-1.11321627583407,1.57061146200251,1
1,"A",1.39869252046647,-0.122586679021309,1
0,"B",-1.16830676526245,-2.21573449557025,0
0,"A",0.167594675298743,-0.362349198824261,1
1,"B",0.897322368918275,0.0438745140326002,1
1,"A",-0.524083560052781,2.10018462430014,0
1,"A",0.931957743053416,0.205354025375891,1
1,"A",0.509143416468948,-0.773362533553644,1
1,"B",-0.524200636941949,1.33954876571099,1
1,"B",-1.18532220196632,-0.00582958125063432,0
1,"A",-1.11477646528028,-0.449049528896369,1
0,"B",1.33784806410451,0.851168988138902,1
0,"A",0.612859254951539,0.364466139000522,0
0,"B",-0.497883019209579,1.41401455737654,0
0,"A",-0.124670066715562,-2.42556124618719,1
0,"A",0.000410163389036988,0.10044735178765,1
1,"B",-0.684231752651135,0.987448674590793,0
0,"A",-0.0817575364438823,-0.682146199581827,1
1,"B",-0.54206610027186,1.96570441754851,0
1,"B",1.98758965276273,-0.471425851386786,1
0,"A",-0.463302232009642,-0.388297058891395,0
1,"A",-0.76020122108723,-0.109549523223587,1
0,"A",-1.31904347170124,-1.22620826901905,0
0,"B",0.16378119237114,0.0194510114565757,1
1,"B",1.66566400629121,1.19438126569878,0
1,"B",1.10591013830684,-1.55076725471611,1
1,"B",-0.717225990532626,1.39153164073547,0
1,"B",-0.670703246875155,-0.098209356724166,1
1,"B",-1.48111979891891,0.364093173923344,1
0,"A",0.327497807450132,1.91151306596433,1
0,"A",0.986662743847961,1.10741648775922,0
1,"A",0.527953688623127,-1.30503503305264,1
0,"A",1.85480228063776,0.903331647275712,0
1,"A",-0.0688804491763879,-1.62414320682063,1
1,"A",-0.23876082335954,0.761556497223779,1
0,"A",-0.526881396405986,-1.37676804312334,0
0,"A",0.800213079185186,-0.746100555336596,1
1,"A",0.753959364758082,-1.59516186302362,1
1,"A",-0.337412442565044,-0.632276810719976,0
0,"B",-1.63081314839434,0.406372770962011,1
0,"A",-0.0781371931803171,-0.85416503266281,0
0,"A",-1.07222698119945,-0.38585342384998,0
0,"B",-0.352972973434019,-0.555126513053181,1
1,"A",1.16753257327192,-0.416633952655424,0
1,"A",0.65499743906873,0.273870679304545,1
1,"B",-0.176542866917566,0.682204380852556,1
1,"B",-0.0650537530220739,1.83890372532195,1
0,"B",-1.1215731087075,-0.901353373603461,1
1,"B",-1.39389455217758,0.976295053320865,1
1,"A",1.01082817042198,1.03179769670063,1
1,"B",0.10144828906705,1.13209808962575,1
0,"B",-1.25462191169564,0.202998791322993,0
1,"B",0.789545171436364,0.59355380440962,0
0,"A",-0.552742346005216,-1.70301383356839,0
0,"B",-1.33093966670015,0.369021637460501,0
1,"B",-0.0629524503771641,0.483598418709128,1
1,"A",0.202767257507614,-1.4369399947404,0
1,"A",-2.0473152754033,0.172130260966893,1
1,"A",-1.31517665594856,-0.511088019853753,1
0,"B",-1.17053408390995,-1.01305940907953,0
1,"A",0.707332887950026,0.665199678830023,1
0,"A",-0.0590242333562518,-0.4632689600778,0
1,"A",0.961269470960071,-0.591809561801875,1
1,"B",-0.809831059053242,0.315935044095889,0
0,"B",-1.07340729715907,-0.134248230284709,0
0,"A",0.482680860264986,0.974644833114388,1
1,"A",-0.118055363745078,0.201695584234068,1
0,"A",0.340829727876073,-0.317017842420808,0
0,"B",-1.79495697515351,-0.407418195820883,1
1,"A",0.21413385714461,0.392257491080468,1
1,"B",1.25014644632692,1.50213641584579,1
1,"B",0.340403983491552,-0.408843993033218,0
1,"B",-0.709267540313028,-0.32793900400064,1
1,"B",-0.611887556363736,0.333397002138426,0
0,"A",-1.40698818084178,-1.30287747422313,0
0,"B",-1.41162299056045,-0.416730184386137,0
1,"A",2.42912178705663,-0.455507107426737,1
1,"A",0.386300284232182,1.65245281838153,1
1,"B",-1.24806135393854,0.71762980963609,1
0,"A",0.13829071036468,2.42858132375117,0
0,"B",-1.52449788512188,0.0482527792776611,1
0,"B",-0.326916567066126,-0.966908953356954,1
1,"A",0.490001180000098,0.354144630550542,1
1,"A",-0.361380492906454,-0.235192929404852,0
0,"A",0.0611538208642855,1.17221044042383,1
1,"A",-0.0484441745380584,-1.01033701982732,0
0,"A",1.424362075305,-0.917098364971832,1
0,"A",1.6979521608414,-0.679072017055608,0
0,"B",1.05846773541348,0.367947431567371,1
0,"A",-0.468421110564771,0.315647766300057,1
0,"B",-0.176857879074063,-0.470051885918264,1
0,"B",-0.678186913929927,0.170740600229718,0
0,"B",-0.923445486469862,0.723645816012565,1
1,"A",-0.925773386393344,0.40302019027194,1
1,"A",0.905350818715043,0.110045523895875,1
1,"A",0.674686519200875,-2.35989839910658,0
1,"A",-0.689285059761689,-1.57464585222085,1
0,"A",0.32924088196371,-0.474618637120057,0
1,"B",-1.04205177530492,0.940128157937319,1
1,"B",-0.131685881226322,2.89185090835021,1
1,"A",1.48107709780791,-1.38568672650908,0
0,"B",0.214639698715155,1.2454199113114,0
0,"A",-0.744415681987404,0.253383942995517,1
1,"B",0.651777111770124,1.75693996742193,0
1,"A",-1.04051396504108,0.0800525635369441,0
0,"A",1.37137960019643,-2.38771631467371,0
0,"B",-2.23446416197261,-0.703678065035536,1
0,"A",-1.93140034544877,0.442702094495047,1
1,"A",0.652096351875744,-2.42922404737642,1
1,"B",0.524792677554806,0.131472538306133,0
0,"B",-0.577737770413617,-0.0504027803268637,0
0,"B",-0.685425107757802,-0.665047098620164,0
1,"B",-0.021349724380469,0.977140467035832,0
1,"A",0.691513175414898,-0.467130197177206,1
0,"B",0.756971482479985,1.2809581500126,0
0,"A",-1.22124759903751,0.832217003914386,1
1,"A",0.356161168886239,0.538644321080564,1
1,"B",0.953207968925482,1.16513321325676,1
1,"A",0.866525427583502,2.16525411813897,0
0,"A",-0.108390654666907,-2.61112627371446,1
0,"A",0.22309854855732,-1.72014821440995,1
0,"A",0.424901007731297,-0.199055288314615,0
1,"B",-0.105867800161198,-0.683757486981413,0
1,"A",0.0636812941666795,-0.390822593615961,0
0,"B",-2.00423901956551,-1.48935093726008,0
0,"B",-0.614021027809617,0.133746266780434,1
1,"A",-0.810229720667614,0.541638527272507,1
0,"A",-2.05275105089615,0.291418247018311,1
0,"B",-0.384340047943706,0.500644972600989,1
0,"A",1.45483710674649,1.87243496617528,1
1,"A",0.798705322796265,0.157042333142426,0
0,"A",-0.721208597704318,-0.961033428344931,1
1,"B",-0.361089534093549,-0.356535915830825,1
1,"A",0.626749339400304,0.88286383796501,1
1,"A",0.771523002145697,-0.638283941218361,0
0,"A",-0.21842926332338,-1.0496219436605,1
0,"A",0.715464589670426,0.552689839610788,1
0,"B",-0.755824687258846,-0.816740839131952,0
1,"B",-0.0124906043902953,0.978020026650879,0
0,"A",-0.429467825580425,-1.02714910362479,0
1,"B",-0.0168120092529456,-0.2071259373572,1
0,"A",0.0231905530943595,0.675454821377461,0
0,"B",-0.47836272748034,0.687082439834634,0
1,"A",2.8124083411753,-1.03961285568396,0
0,"B",0.0435886035292187,-0.971224740200329,1
0,"B",-0.265043906986151,2.39724080776151,0
0,"A",0.832038146328813,-1.84709445597199,0
0,"B",0.00928295824337055,1.22398976079426,1
1,"A",1.4399626679324,-0.295587841567021,1
1,"A",-0.645882849993731,-0.859779112323529,1
0,"A",-0.488250451236842,-1.87249976810802,1
1,"B",0.993013508219451,0.270715134313605,0
0,"B",-1.50645220542869,-0.468990484262091,0
0,"A",-1.10616157420343,-0.541886557622076,1
1,"A",1.72307856249382,-0.937483606114429,0
0,"B",-2.63826329679634,0.298838265608588,0
0,"A",-0.751473893702439,-1.07623846396854,1
1,"A",-0.0494940613588476,-0.186276048198927,0
1,"A",-0.174490632522279,-0.952401501723553,1
1,"A",-0.679760913729161,0.0609310148033057,0
1,"B",-0.887365627399775,1.48338145173812,1
0,"B",-1.4140869138886,-0.424940580112365,0
0,"A",-0.743675504577335,0.725510200023807,0
0,"A",1.20607588644184,0.102876342638719,1
1,"A",-0.450077589776966,-0.0886192550991217,1
1,"A",1.41528517144956,0.847666633063214,1
1,"A",0.360314410857421,-0.459905775040225,0
0,"A",-0.040341150968708,-0.950243937534221,0
0,"A",-0.762154318229205,0.0828895730051077,1
0,"A",-0.376676142581912,-0.697860670459212,1
1,"A",-0.434927369919592,-0.453859811383154,1
1,"B",0.947167623851762,1.68144427164243,1
0,"B",-1.36646039709005,-0.216279528516357,0
0,"B",-0.156332409967692,0.263964444050588,1
1,"A",-0.0397897279304806,-0.528194483881524,0
1,"A",0.0534221609305962,-0.655407514795968,0
0,"A",-1.38875135432777,-0.933515063231438,1
0,"B",-1.1754277911216,-1.97180339113389,0
0,"A",-0.724056887129568,-1.32270387868193,1
0,"B",-1.5838795007482,0.44474487502532,0
1,"B",-1.78885367792984,-0.587287092446237,0
0,"A",-0.692325690568079,-3.17248303158265,0
1,"A",-0.0215111912171906,-1.21250359739657,0
0,"A",-1.46625772383216,-0.827757621110018,0
1,"A",-0.184737898504337,-1.06578957208077,1
1,"B",0.349280913771435,1.29084536801545,0
0,"B",-1.70644124968941,-0.709107631369227,1
0,"B",-1.5732835226177,-0.154631123009256,0
1,"A",1.29468891592656,-0.0148017409037158,1
1,"A",0.113561377081533,2.25315732032986,1
1,"A",-0.766972318956389,-1.69657417111801,1
0,"B",-2.4036709416277,1.35941406496894,1
1,"A",1.33651036507783,1.11370856596493,1
1,"A",0.601148920080099,0.489661132180145,1
0,"B",0.130151807470096,0.251506051369729,0
0,"A",0.235037951951202,-1.10244123612941,1
1,"A",1.70824833587207,0.714052289357601,1
0,"A",0.515533268028445,-2.09735303697327,1
0,"A",-0.287929180692462,1.2066696148041,0
0,"A",-0.227793880578374,-1.45237532593593,1
0,"A",0.237163956084746,-0.941194982303635,0
1,"A",0.639649425229088,-1.7257500686993,1
0,"B",0.712130572570733,0.0167705037167975,0
1,"A",0.390106171018796,0.229449505231949,1
0,"B",-0.788966313561497,-1.48534322451627,0
0,"A",-0.465272024304322,-0.329391788901753,0
1,"A",0.44501740387574,0.398782122839603,0
1,"A",0.183830973042815,0.353760018561189,0
1,"A",0.77922849202353,0.0218329086713118,1
0,"A",-0.446856805130711,-0.129865364336012,1
1,"B",-0.761942553919062,0.911991678148283,1
1,"A",-0.893064702966698,1.18882356231595,0
0,"A",-0.154881620624438,-1.11632815607899,0
1,"A",0.508584992290705,-2.5931372845275,0
1,"A",0.0245064585085871,0.495785297942039,0
1,"A",0.745654141168055,-1.34324028785502,1
0,"B",-0.126492576265382,-1.68784146182191,0
1,"A",0.802086005803199,-1.24192146733214,1
0,"A",0.52551364032488,-1.0718498207328,0
0,"B",-1.98424391649214,0.183152297661101,0
0,"A",0.137907458882527,-0.462595008049478,1
1,"B",0.447443050574258,0.392308227191163,1
0,"A",1.51313666235462,-0.57518523989557,0
0,"B",0.144381500916637,1.42383672671524,1
0,"A",-0.419220233834956,-2.06175332244294,1
0,"A",1.66033551663482,-1.89285629817825,0
1,"B",-1.66690413703997,-0.156909317634547,0
0,"A",-0.322824230534814,-0.469345123192441,1
0,"A",0.790507182895446,-1.37289540152024,0
1,"B",-0.704312651545185,-0.294301791489721,0
0,"A",1.21169680547794,-1.14172220559211,1
1,"B",0.529810762934763,0.129286339731963,0
0,"A",0.688386610126399,-0.361001957325405,0
0,"B",-1.15771496175977,0.633679456563303,0
1,"A",0.659062635718016,0.709781736336561,1
0,"A",-0.922423106911429,0.394942103798895,1
1,"B",-1.33819790437596,2.11696361238346,1
1,"A",0.856406722665964,0.717030966629297,1
0,"B",-2.31538094953167,0.923132546559017,0
1,"A",1.38905176077019,1.26255086715419,1
1,"A",1.69590446591099,-0.918512470960828,1
1,"A",0.372713876084886,-0.585371073911177,0
1,"A",-0.560643268519521,1.14634567034592,1
0,"A",-1.31141384128914,0.718836249027809,0
1,"A",2.03511233239334,-0.232469534683805,0
0,"A",0.563674604590624,0.555587765071425,0
0,"A",-0.244544241914461,0.524931751626159,1
0,"A",-0.114292876923063,-1.1196788593292,1
0,"A",-0.343530417198362,-0.995128500649156,1
0,"A",-0.499918913835033,-3.17558284273919,1
0,"A",0.956684044484425,0.652850677174667,0
0,"B",-0.337268113216477,0.0799090958795804,0
0,"A",0.911460757132979,0.91137699850885,0
0,"A",-0.558230148804642,0.803501213476359,1
1,"A",0.387420306653032,1.01236644673053,0
1,"A",-0.314177327162042,-0.298090932381115,1
1,"A",-0.724029808416676,-0.837824065947585,0
0,"A",0.216957227766671,-1.71384592853446,1
0,"B",-0.922963918403945,-1.09789440441548,1
0,"B",-1.2229832459957,-1.05466536342341,0
0,"A",-0.00140544424696248,-0.0155819296493132,0
0,"A",0.332602661165854,-1.95458409366161,1
1,"A",0.478074840940301,1.20869325599404,1
0,"B",0.0559593719374349,-1.03442775353171,0
0,"B",-0.162897848421324,-0.773709888694199,1
0,"A",-0.66223245749851,-0.836526745445269,0
0,"B",-1.95126157877791,0.0393241745063077,0
1,"A",1.7592165899251,0.0469357232204725,1
0,"A",-0.917385360083009,-1.07061482680365,1
1,"B",1.14380849567203,-0.39129839003372,1
0,"A",1.40820532132433,-1.92166033889938,1
1,"B",-1.12875475325974,0.479528851267896,0
0,"A",0.920456844005785,-0.720821252550191,1
0,"B",0.742789431945153,-1.18241021087124,0
0,"B",-2.48015150531559,0.0656648461674914,1
0,"B",-0.515596336979326,-1.70310229259613,0
1,"A",0.419632363679398,0.868032850671685,1
1,"A",1.03877966983029,0.367643737801512,0
1,"B",-0.79345801892364,0.524329733816879,1
0,"A",0.183847186174148,0.269489893124604,0
0,"B",-0.505406448672224,0.582468899042099,0
0,"A",1.24102764482126,-0.0958301931561025,1
0,"A",0.272932940702582,-2.13719731512689,0
0,"B",-0.142423903655252,-1.25653829298738,1
0,"A",-1.04497155891333,-1.61401847751202,1
0,"A",0.49227405903902,-2.65803051757806,1
1,"A",2.83451884934038,-1.28725443211252,1
0,"A",1.53854198080996,-1.02981416255873,1
1,"A",-1.15603635585683,0.456069452473352,1
0,"A",-0.839370721124853,0.403983155951093,1
0,"B",-0.559055149041737,-0.442998799120828,0
1,"A",-0.168013206265297,-1.43287894189206,1
0,"A",1.66275615431823,-0.940071749888878,1
0,"A",0.0917133766840557,0.45500355917223,0
1,"B",0.58353593262081,-1.15925481603708,0
0,"B",-0.739501496608223,1.37245645346703,0
1,"B",0.0497517469908476,2.07302454533966,1
1,"A",0.340474077073361,-2.1236375155916,0
1,"B",-0.152154266380172,0.387068946596597,1
0,"A",-0.79991407347697,-1.8284246149154,1
0,"A",1.04629535908215,-2.61870422354895,0
1,"A",0.978183415751998,-2.13256335424206,0
0,"A",1.28075025028592,-2.70906672725444,1
0,"A",-1.07211266461369,-0.847843858524328,0
0,"A",0.2758988258761,0.253011425338384,1
1,"A",0.686625312614824,-0.0140821142815969,0
1,"A",-0.0161045662679795,0.192623057201649,0
0,"B",-2.18738836152772,0.514763223568169,1
0,"B",-0.0326958581814471,0.411006760001271,0
0,"B",0.0602417032920747,0.605680111942141,1
1,"A",0.952791135564488,1.52085925566444,1
0,"B",0.250501716743353,-1.39334902041352,0
0,"A",0.0310201162219045,-0.0372836547793859,1
0,"A",-0.391828891169933,-0.759034781985916,0
0,"A",0.49124493089108,-1.11533554157999,1
0,"A",0.982113794135098,-0.713226718445615,0
1,"B",0.956072740193863,0.295522765249069,1
0,"B",-2.2212888384919,-0.848248335674888,0
0,"A",-0.177147974507489,0.495075768202433,0
1,"A",1.04329710121114,-1.14668831282244,0
0,"B",0.0493597411613822,0.238805985543972,1
1,"B",0.185035408857779,0.825610921927054,0
1,"A",0.478189436512087,-0.469646481705923,1
1,"A",0.396180901212402,-1.35699723074135,0
1,"B",-0.721118131537967,1.78969734905118,1
0,"A",-1.22649784661485,1.7803186563445,0
1,"B",-0.0489071867388717,2.06217224069678,0
0,"A",0.212421596296867,-1.20829792696602,1
1,"A",0.0868235507766334,-0.00166268438116918,0
1,"B",0.445389312589135,1.55373325929978,1
1,"B",-0.737896600619418,-0.1915944105695,0
1,"A",0.302542183808212,-0.777446735524794,1
1,"A",1.33375993417808,0.232785075503883,1
1,"A",-0.517182253826408,-0.492588881874603,1
0,"A",0.606584907790116,0.793219582246455,1
1,"B",-1.21186040615073,-0.310452034118122,1
1,"B",0.662825711882493,-1.24802488577503,1
0,"B",1.63516291364115,0.843427829487323,1
1,"A",1.80184318011785,-0.0213736997360846,0
1,"A",0.0813328679398978,0.415316221941084,0
1,"A",1.44472888981701,0.159590905893205,1
1,"B",-1.47532688895323,0.607013033063028,1
1,"A",0.712531241791589,-1.35875274646424,0
1,"B",-2.03321457584784,-1.01173656308359,1
1,"B",-2.45300004317879,1.75490696463209,1
1,"A",1.09973578731464,-0.875198565720808,0
1,"A",2.63355482918351,-0.476421866396172,0
1,"A",2.66097606478569,-1.40342414455555,1
0,"B",-0.810972624345047,-0.239014124755151,1
0,"A",1.57344501296344,-1.455162929023,1
1,"A",0.655661793449309,-0.642246274970403,1
0,"B",-0.515054468909104,-2.1903804482291,0
0,"A",0.303936246426788,-0.628478919262937,0
1,"A",0.464249846016288,-0.50224523325937,1
1,"B",-0.0215617063763712,1.18785805263648,0
1,"B",0.46295506335367,0.225144549822912,0
0,"B",-0.643944644468588,1.62587667436012,0
1,"B",-1.11546426472533,-0.0638336806086551,0
0,"B",-1.20543886970588,-0.488878774979288,0
1,"A",-0.46689910440865,-0.247871156262575,1
0,"B",-0.398458179531116,-1.60835565736492,1
1,"B",-1.38418760192104,0.116220922112828,1
0,"A",0.33456306077037,-1.94666908162511,1
1,"A",1.64981821648482,-0.299182153293546,0
0,"B",-1.20319807681727,0.390552338400793,0
1,"B",-0.991033296285518,-1.00126729050212,1
0,"A",1.13107759565955,-1.54033378802109,1
1,"A",0.990598867691644,0.856363578144898,1
0,"B",-0.681778008610095,-1.15268889200108,0
0,"B",0.0797718217082203,-0.090267640862745,1
0,"A",0.00352802956069309,1.26399464606791,0
0,"B",-1.19499885007777,0.440000361928474,1
0,"B",0.0674127200245254,2.05226489501969,1
1,"B",0.0626248620050867,1.63865146206188,1
0,"A",0.0177073319948805,0.116783954333591,1
0,"A",-0.929382233163494,-0.58639285458497,1
1,"B",-0.330684025165356,0.485197748624256,1
0,"B",-0.885060733112096,-0.892486935723837,0
0,"A",-1.21318290612276,-0.562582510666719,1
1,"A",-1.36163856963472,1.29435444271646,1
1,"A",0.256470897799272,-0.0429639514067406,1
1,"A",0.955233716666613,-1.28718858532247,0
0,"B",-1.97544787354239,-1.94019328454632,1
0,"A",1.23266696206671,-0.457569709061106,0
0,"B",-1.4853154573904,2.19073850632246,0
1,"B",-0.441118633488657,0.0214101317352626,0
0,"A",-0.113306681746946,0.308478560511486,1
1,"A",-0.993215460643678,1.16463954558362,0
0,"B",-0.154022551865033,-1.72563100878097,1
0,"A",-0.443452314685669,-0.496375335238943,0
0,"A",1.10713421499295,-1.84390147154071,1
1,"B",-0.8982457587524,-0.607730176000457,0
1,"B",-0.543638782124503,2.39886558018791,0
1,"A",-1.48444019583276,0.150481215668928,1
0,"A",1.0855155256326,-2.00194378042975,1
1,"A",0.0204438455224225,-0.326927837461821,1
1,"A",0.682367886366959,-0.737555621562276,1
0,"B",-1.23773356401277,-0.817948030072624,0
0,"A",1.18768100973937,-2.0217564204417,0
1,"A",-1.11681358453495,-1.94797590477433,0
0,"A",1.51204294265483,-0.222235767848736,0
0,"B",-1.79023065969304,0.585019144209405,0
0,"A",-1.35592215191489,-0.600131494682417,0
1,"A",1.71314411534875,0.731665886775453,1
0,"A",-1.61764632881461,-0.225853292937825,1
1,"A",1.01675053175529,-0.938503373741129,0
1,"A",1.30801079224019,-0.189245205572791,1
0,"A",-0.0569552335835796,0.221948470648623,0
1,"A",0.422541392821891,1.12328629794899,1
1,"B",-0.703971934095549,1.71193598835309,1
1,"B",-0.966761057047335,0.214400100268225,0
0,"A",-0.884992975002487,-0.407993058551035,0
1,"A",0.778960356171577,0.242416003907327,1
0,"B",0.0726498787241251,-1.4087929743346,0
0,"A",-2.18983607617945,-1.02433535388703,0
1,"A",1.54567897635977,-0.170598650568264,1
0,"B",-1.18371590201208,-0.869006393574792,0
0,"A",-1.10223472752141,-1.68641024495208,1
1,"A",1.72099065358657,-0.490457661247679,0
1,"A",-0.747677317201996,-0.524539318567307,1
1,"A",2.04349282361731,0.905386205372613,1
1,"A",1.11813456001496,0.0131173654444289,1
0,"B",-2.75508088968529,1.58820301740402,0
1,"A",0.00747991942501625,-0.598769364603272,1
0,"B",-1.963834903729,-1.80062756259162,1
0,"B",-2.23692747298627,0.459727352008601,1
1,"A",1.10825785042196,-1.99482357885753,1
0,"A",-0.53972242210414,-2.34421190240186,1
1,"B",0.656381513029283,-0.0177272713269991,1
0,"A",0.67440446594906,2.07446511291274,1
1,"B",-0.666156008180045,-0.350305777917147,0
1,"A",-0.201891258601674,1.02225039993174,1
1,"A",2.18099987620259,-0.639156503221226,0
0,"A",0.0048105649817563,-3.06783403676762,0
1,"A",0.163098710818321,-1.17606179353815,0
0,"B",-0.398707537123419,1.28468878127281,1
0,"A",-0.51836853188892,0.671069875347264,1
0,"B",-2.18419962329868,1.94543028809183,1
0,"A",0.066088532530842,0.426575018928679,0
1,"B",-0.733810147376003,1.9298382668233,1
0,"B",0.0390931053936402,-0.766990612995804,1
0,"A",-0.166282370734829,-0.289711302143498,1
0,"A",0.937048045123386,-1.58487753273292,1
1,"B",0.813818955064774,0.670974585195654,0
1,"A",-0.883524932106033,-0.904008167060509,1
0,"A",-1.39791267948042,1.09375161479867,0
0,"B",0.295467220245418,-0.888247587077478,0
1,"B",0.468655780907007,2.20554999054855,1
0,"A",-2.30281261899889,-0.0785267948848893,1
0,"B",0.706051567064138,1.03094095543542,0
0,"A",0.526834441505946,-0.807439760472188,1
0,"B",-0.00183020749067225,0.00699320153171629,0
0,"A",0.974043874729882,0.288866593465851,0
0,"B",-0.542890115328557,-0.398894903086187,0
0,"B",-1.31072849870759,-0.459906117637104,0
0,"B",-1.65263791725787,-0.392185203609607,0
1,"B",0.375103786188645,0.309352331673194,0
0,"B",0.765366301944868,0.277797153191743,0
1,"A",0.919705501141783,1.17853058700398,1
1,"A",-0.796289148270789,2.06226551890927,1
0,"B",-1.36980176074396,1.37578762701367,1
1,"A",0.775931894002373,-0.590387402109084,1
1,"B",-1.03959122914444,-1.39592505199677,1
1,"A",0.795423618679719,-0.205158571899959,0
1,"A",0.763922640401,0.330172492245399,1
0,"A",0.924545957118176,-1.24734006148582,1
0,"A",1.35863882189351,-0.81771496325933,1
1,"A",1.85375570743718,-0.885481781628119,1
0,"A",0.363262108381221,-0.18557918994474,1
1,"B",0.186186335251744,-1.73383388081475,1
0,"B",-0.666857770571254,0.559156750767509,0
0,"B",-1.74920827617768,0.214549525473008,1
1,"B",0.465265067814955,0.156710102937047,1
0,"B",0.802574203131125,-1.61478292810244,1
1,"A",0.492936276610645,-1.326098143701,0
1,"A",0.383708011283301,-0.518250449917721,1
0,"B",0.176097011381067,0.375023050489382,0
1,"A",0.702842652196493,-0.792303993383555,1
1,"B",2.51655473671183,0.0290698043632469,0
0,"A",-0.442471396428607,0.307582078994815,1
0,"A",-0.612789474226535,0.753478175216689,0
1,"B",3.08525555202387,0.158954845375094,0
0,"A",-0.186738308435024,-1.55699840669489,0
0,"A",1.24327678306439,-1.26135096231714,1
0,"B",0.119364593374957,1.71232470296457,0
1,"B",-1.87100006602726,0.583404135697222,0
1,"A",1.49152831568279,0.875668119524624,1
1,"A",-0.658222335481537,-1.15094596393075,0
0,"A",-0.386140712987122,-1.05536387924565,1
0,"B",-0.574080506320632,0.0255781560737682,0
0,"A",-0.815115764404231,-0.250705474588509,0
0,"B",-0.935026617622729,1.3471627992279,0
1,"A",0.375640352898885,-1.92346508828381,1
1,"A",0.146918402384726,-0.215483359080551,1
0,"A",-0.33842965239603,-0.090920904825037,0
1,"B",-0.531920713967816,-0.40675327140941,0
1,"A",-0.322751359547259,-0.118070360078409,1
0,"A",0.652464568082185,0.233352453222032,1
0,"A",-1.25728934013169,-0.82346262082203,1
0,"B",0.467257249669277,-0.410780967909192,0
0,"A",-0.126447155500306,-0.0527873978670721,0
1,"A",-0.882052780005963,0.238483969436517,1
0,"A",-1.74724949253434,-0.344131301121165,1
0,"B",-1.15237461642078,-0.69321282552643,0
1,"B",-0.439481505732155,0.113551077870801,0
0,"A",0.947190922206099,-2.38417199098825,0
1,"A",0.357160092236181,0.935031194839581,1
1,"B",0.305169421585645,-0.998819976209655,0
0,"B",-0.737941955881923,-0.226308496070172,1
0,"B",-0.264211030718955,1.26253705151269,0
1,"A",-1.79007109378155,0.300816853960716,0
0,"A",0.366124847222549,0.259475692446425,0
0,"B",-1.43206695049658,0.318232620960541,0
1,"B",2.16310144469269,0.252551959109713,0
0,"B",-1.50686986651463,-0.359258293956779,0
0,"A",1.27079893617322,-1.06785963019374,1
0,"A",-0.197843249935951,-3.01531912309579,1
0,"B",-1.75779507344432,0.134273115252299,0
1,"A",0.793848431894341,-0.724488099689888,1
1,"A",1.25116896469122,-0.267041148314715,0
1,"B",-1.60385409971008,-1.19102842876073,0
1,"A",1.13369821461525,0.843660658169692,1
0,"A",0.50258186184286,0.00301995936917143,0
0,"B",-1.27680142843794,1.76224101700157,0
1,"A",0.441296829344274,0.672300007174842,1
1,"A",-1.42052704846377,-1.91938110960398,0
1,"B",-0.747119344594573,0.696591765149876,1
1,"A",0.701426102308293,-0.509170734830318,1
1,"B",-1.48097871051396,-0.298912687837338,0
0,"B",-1.35170952964482,0.922158913877659,1
1,"A",-0.507691679160228,-0.296378583789112,1
1,"A",0.924197322343102,-0.879953046018511,1
1,"B",-0.0212496142946331,0.439435833488289,0
1,"B",-1.58962040114069,-1.47222028732849,1
1,"A",0.441931331648326,-0.547904152441928,0
0,"B",-0.733398472595241,-0.481638520389047,1
1,"A",1.1707713666696,0.113665439538864,1
1,"A",-0.43854413925483,0.900407226325391,1
0,"A",-1.50566327391913,-1.47212273853005,0
0,"B",-1.35085597341873,-0.799153803832652,1
0,"B",0.0512760165240199,-0.0722448861898186,0
0,"B",-0.12540713849469,-1.20644726918376,1
0,"A",-0.436330410345406,-0.565432226192217,0
1,"B",0.697055928992019,0.57325477206009,1
0,"B",-1.49682172365897,0.0156049494034829,1
1,"A",-1.17247842922332,-0.273878107851278,1
0,"B",-1.22991499080669,-1.02703982260576,0
1,"A",1.44589722530921,-0.371459398422548,0
1,"B",-1.515996876467,0.050860828462742,0
0,"B",-0.877798313077965,0.260553261813968,1
1,"B",-1.04563674325584,2.2797655282475,0
1,"B",-1.69295950884123,0.890189375819541,0
1,"B",0.470271496017615,0.712319412166442,1
0,"A",-0.43093948964694,-0.888586506034895,0
1,"A",-0.036870430644556,-0.343625157736937,1
0,"A",-0.0618478268448488,0.218707788833364,1
1,"A",0.951128660464693,-0.455292310261222,0
1,"B",0.162271567805144,2.34180746446478,0
1,"A",1.05617569704252,-1.23428958574122,1
1,"A",2.13511900249691,-0.26759789797143,1
1,"A",-0.179775787280866,1.22975086973655,1
1,"B",1.15617687547757,-0.505896557632035,1
0,"A",0.00321397656057082,-1.27230084610207,1
0,"A",-0.520931372292152,-0.423539549167785,1
0,"A",2.05704656537487,-0.624755493602448,0
1,"B",0.387248371352128,0.149066239512004,0
1,"B",-0.456997335126704,-0.321020583064393,1
1,"A",1.53216696717111,-0.994068237969975,0
1,"B",-0.0157478759499968,-1.02076619834043,1
0,"A",-0.69961010783401,0.186644931462261,0
0,"B",-0.700270974562995,-2.23760329916557,0
1,"A",1.00531162883036,-0.709892932237472,0
1,"A",0.963933039995767,0.0253364125242892,1
1,"A",1.57624179893337,-1.33995106005944,1
0,"A",0.934665669252907,-0.497079831411496,0
1,"B",0.844307262583783,0.257803804452203,1
0,"A",-0.299686367269287,-0.644170194411962,0
1,"A",0.490293798218785,-4.01436952452486,1
0,"A",-0.513890819505857,-0.436077707838974,1
1,"A",0.19700506375213,-0.376392232539823,0
1,"B",0.953165476019299,-1.57024205884902,1
0,"B",-0.754346349580173,-0.738760106079817,1
0,"A",-2.09948340573053,-1.54931919852467,1
1,"A",0.561940871684758,-0.331588842455915,0
0,"A",-0.0332150040622249,-0.36712002752603,0
0,"A",-0.510972271170762,1.191741802998,0
0,"B",-1.01981127541793,-0.648543750802357,0
1,"B",1.14693048734218,1.14685088138109,0
0,"B",-1.37979047518342,0.490884980207881,1
1,"A",-1.65938821297988,0.306259672273403,0
1,"B",0.0295565498050852,-0.341329141306846,0
1,"B",-1.31790093873159,-0.107093330551867,0
1,"B",-1.58814042503027,0.310577433436739,1
1,"B",0.142938660398737,-0.629855197272805,1
0,"B",-1.15367425310245,-0.956829751226463,0
1,"A",0.847237175355337,-0.11505837853444,0
1,"A",0.0614838427018025,-0.33758360494578,1
0,"B",-2.58731368116684,-0.187620085419708,1
0,"A",0.126908867152851,0.1921287946366,0
1,"A",0.211179353679879,0.944082327667083,0
0,"B",0.132450704377574,1.07723193214432,0
0,"A",-0.580897908676127,-1.84965990237999,1
0,"B",-3.45670872207989,-0.461900375354771,1
0,"A",-0.25509190792364,-0.824095887634364,0
0,"A",-0.571038715794725,0.403140279887234,1
0,"B",-0.342741347833654,0.854984280918184,0
1,"A",1.04509115414401,-0.342039428909265,0
1,"A",0.521105969409645,0.696200709284904,1
1,"B",-0.868715328762061,1.11381409728356,0
0,"B",-0.61089754850243,-0.562947437499507,0
1,"B",-0.282099445245036,0.0511983932075132,0
0,"A",0.104518102764761,1.18772800896027,0
1,"A",2.51531875961846,-2.88173415190135,1
0,"A",-1.11391868481645,0.185707259047338,1
0,"A",-0.0117041739045779,-0.721548469592804,0
1,"A",-0.764630714988857,0.799034602799211,1
1,"A",-0.00791663683774707,-0.394022387182037,1
0,"A",-0.0660864289080831,0.159360300879379,0
0,"A",-0.731180931106428,-0.37054622439797,0
0,"B",0.976820165776209,0.622793309752585,0
1,"A",0.646829004794651,1.29891616100927,1
0,"A",0.810743519841559,-1.40994505150273,0
1,"B",0.197341520106586,1.82056783933058,0
0,"B",0.355551357438901,2.31741506616209,0
0,"A",0.703741686693233,-0.33750710175946,0
0,"B",-0.65066734462283,-0.0975627658572372,1
1,"A",1.00553872152266,1.26984693969155,0
1,"A",-0.00385560064727558,0.819176394369398,1
0,"A",1.50070087067797,0.0462597587039858,1
0,"A",0.180351358121616,-0.262111686636037,1
0,"A",-0.556468895586411,-1.43696656633542,0
1,"A",0.200987611771341,-0.780109121813856,0
0,"A",-0.804563699725552,0.946449495618164,0
1,"A",-0.320036698351202,-1.00116800226625,0
1,"A",0.172332030404829,-0.823540834951443,1
0,"A",2.54917879228359,-1.12579752963929,1
0,"B",-0.890236822644499,-0.757318753123804,0
1,"A",0.640414174325276,0.685308971908917,1
1,"A",-0.423738297736265,-0.126652594987954,1
0,"A",-1.25626103400827,0.326143590857575,0
0,"A",0.127294113194535,0.234182093661672,1
1,"A",1.65650905856913,-0.314289316800365,0
0,"A",0.42079861990174,-1.14269579871044,1
1,"A",0.175809006627313,-1.65879890655954,0
0,"B",-2.34549542540506,1.04028451671699,0
1,"A",1.52201171320525,-2.07685983399414,1
1,"A",-0.40173630395851,0.637079559517553,1
1,"A",1.20334171019621,-1.00398204492665,1
1,"B",-0.72041233763163,0.00626762451515325,0
0,"A",-0.157491291717292,-1.3038666264061,0
0,"A",0.492464807258873,0.498613195316257,1
0,"A",0.571893886581305,-1.49827935522607,1
0,"B",-0.796970319768287,0.0280185839048188,1
1,"A",1.15620833914773,0.27130679573607,0
1,"A",-0.287908490801644,-0.150365718990852,0
1,"A",-1.00026157935336,-0.972184853163852,1
1,"A",0.0101350107570497,-1.12205355161881,1
1,"A",1.21100684849816,-0.887656224527623,1
1,"A",-0.436206104559346,1.49796700967671,1
0,"A",1.33272582350118,-2.591988899146,1
1,"B",1.37920673273634,1.65965810285027,0
1,"B",0.911594890750156,0.700895375254654,0
1,"A",1.34501623535444,0.979693346577887,0
0,"A",0.957869155884127,0.00719468441256332,0
1,"A",0.801964475542879,0.683361723763162,1
0,"A",0.664044321622635,-0.767231949278632,0
1,"A",0.532760896855689,-1.31675314089002,1
1,"B",-0.305985592368418,0.231219515551276,1
1,"B",-0.715563171391456,1.77906624294144,0
1,"A",0.90237227272176,1.67349457567726,1
1,"B",-0.25681574860626,2.97830847995413,1
1,"B",-0.335417852573541,-0.0852823869596703,0
0,"A",0.511444877067155,-0.136512738564174,1
1,"A",1.12760685257338,-0.970817309968969,0
1,"A",-0.776727645985104,0.777465072321847,0
1,"A",1.89040475894565,0.998229226228119,1
0,"A",0.743701691012264,-0.950814939254126,0
0,"A",1.69106430870624,-1.84919231170706,0
1,"A",2.53673353418961,0.908003940225012,1
0,"A",1.85301307803921,-0.509872715174572,0
1,"A",0.2435195462089,-0.537726869249208,1
0,"A",-0.18700723290962,0.012746935839044,1
1,"B",-2.29364373919961,1.45986274046156,0
1,"A",0.0967325458233121,-1.04479495297178,1
1,"B",-1.35433289733614,1.12049759189534,0
0,"A",0.0320043197633753,1.47971674012186,0
1,"A",0.863180005224235,0.803627110046664,0
0,"A",-1.59455651155402,0.522609861214553,1
1,"A",1.73557822461109,1.8744463510648,1
0,"B",-2.35337507736986,0.101573460812113,1
0,"A",-0.877843388135264,0.65125355214573,1
1,"B",0.0706324083575257,0.0460806422132934,1
1,"B",2.60168349895598,0.342574836786277,0
0,"B",-2.4012783085527,-0.943756076525661,1
1,"A",0.182326168077418,-0.770393253728965,1
0,"B",-1.321162206669,0.409962039202089,0
1,"A",-0.0513647377598518,1.3917444093639,1
0,"A",-1.17434365243349,0.0907325915771867,1
0,"B",-1.67258748488641,-0.0701587594647731,0
0,"A",-1.76875985726902,-0.370205369318072,0
1,"A",1.10545035500505,-0.670579437787208,0
1,"A",1.96202394069336,-0.542672524475634,0
1,"A",-0.272929358793996,-0.0770717916319688,0
0,"B",-0.23086843244473,0.347638839610757,0
1,"A",1.06711635637481,-1.0706827155727,0
1,"B",0.033081931650683,0.720746195638458,0
1,"A",1.88520304727781,-1.99498017706171,1
0,"A",0.0218025859704213,-0.0695024263388346,1
1,"A",0.382855837457713,-1.70665958894463,1
0,"B",-2.21070826125021,-1.47419349602283,0
0,"A",-2.2685887536004,0.226255259702826,1
0,"B",-1.16407197663673,0.678474533214605,0
0,"A",-1.20841172854255,0.342408369468696,0
0,"A",-0.422713334845278,-3.30067523578169,1
1,"A",3.1121114982305,-0.54500380482453,1
1,"A",0.709944596152274,-1.15818432191702,1
1,"A",1.68032400806742,0.59692857560193,1
0,"A",-2.10664618292546,1.61404380469327,1
1,"A",1.49477117837745,-0.108669905312888,1
0,"A",-2.26571012512658,-0.116071222789118,0
1,"B",0.854576912505361,-0.85877344879753,1
1,"A",0.622508387832534,0.604444550916991,1
0,"A",0.917891424639159,-1.40917637171686,1
0,"A",0.918736772241523,-0.28612236864559,1
0,"A",-0.0436407218636921,-0.765317826556169,0
1,"B",-0.723188896867468,1.13027666275028,0
0,"A",-0.212262883578844,-1.33994600649596,0
0,"A",1.34203718862056,-1.07323229763675,0
0,"B",-0.0906069748170867,-1.22184364562858,1
1,"B",-0.475395955503362,0.915063913631773,0
1,"A",0.559129887222231,1.10796954251956,1
1,"B",-0.00664671802400224,0.69794797364948,0
1,"B",-1.32954905782807,1.65287436615884,0
0,"B",0.0886369362319581,1.09335252810584,0
1,"B",-0.0935986691991458,-1.71737056578046,0
1,"A",0.476630766498658,-0.742929733263672,0
1,"A",0.546532410534703,0.604261582758195,1
0,"A",0.443235070896338,-0.766473919364272,0
0,"B",-1.9735967181501,0.517201029630564,0
0,"A",0.441734582031486,-0.611921821252564,1
0,"B",-0.461740433010149,0.848326747832813,0
1,"B",0.221828058631312,1.17622208955604,1
1,"A",-0.121926210515131,1.39522580203533,1
1,"A",-0.585310432718727,-0.749292751227174,0
0,"B",-1.96873322808822,1.09986394698516,1
0,"A",0.374308981593916,-1.40556566541719,1
1,"B",-0.120258431397132,0.918209737479328,0
1,"A",1.10007783417651,0.412538455296535,1
0,"A",-0.818721870817797,0.485958740502872,1
0,"B",-0.316672126868127,1.37872943051321,0
0,"A",0.0493750246936019,-1.14488071487627,1
1,"B",-0.893509136496544,0.419220705252722,0
0,"A",0.508485658609519,0.602397401913681,1
1,"B",-0.386291444158324,0.0531451412298208,1
0,"A",0.179722141945948,-0.63828204871299,1
0,"A",0.218953130708202,0.487343385322649,1
1,"A",0.202211531363752,1.45604164436899,1
0,"B",-0.079466091747368,-0.523192295461854,0
1,"B",0.672489594272402,1.21412153983289,1
1,"A",-0.702241466376632,-1.83714601690334,1
1,"A",0.163776700287706,-1.15316575685657,0
1,"A",1.87594075499718,0.118903896525494,0
0,"A",1.2555025709294,-1.22460134976751,0
1,"A",0.214425089583502,-0.534127617956878,1
1,"A",0.696696595562747,-1.11287854714869,0
1,"A",1.28984939881799,-0.204537198960855,1
0,"B",-0.812941372597345,-0.772796514303953,1
0,"A",-0.719730217320949,-0.785897898042861,1
1,"B",1.03318899022323,0.409588433129187,0
1,"A",-1.33054795794822,0.515607033106181,1
1,"A",-0.478329525562367,-0.0385833028478406,1
0,"A",1.20523469443635,0.950107701672741,1
1,"A",0.822517541344843,-0.0196104599675699,1
1,"A",1.94989485252431,2.26669587930227,0
0,"A",-1.38603403137548,0.871886619390279,1
1,"A",1.09303755658203,0.561104143132885,1
0,"A",1.21007189893187,-0.519555606386215,0
0,"A",0.591895595074844,-1.30599453261194,0
1,"A",-0.541927858243057,-2.4330596071281,1
0,"B",-0.656529121535711,0.241141027512326,1
1,"B",0.387093155412972,0.941668851998167,0
1,"B",-1.18019759014862,-0.361938300143753,0
1,"B",-1.80695631066821,1.21409255673559,0
1,"A",0.593546556491919,0.271187904102936,0
1,"B",-2.1654222397026,1.07905299125912,0
1,"B",-0.431319495896896,-0.411771818596989,0
1,"B",0.0888700894621708,0.488697131510665,0
0,"A",1.51884083251532,-1.77718526726491,0
1,"A",1.4609252574439,-0.0599105991893661,0
0,"B",0.714728832854005,0.497662593950601,0
0,"A",-0.328189434871643,0.0630893425018919,0
0,"B",-1.19714837927178,-1.87285493536397,0
0,"A",1.09445256803295,-0.114272762944038,1
0,"B",-0.28909298165244,-2.25254601719732,0
1,"B",-0.217191945987009,0.334756599834791,0
0,"B",0.40195808788681,-0.960594880741804,1
1,"B",-0.821283996097218,-0.318606032117804,0
0,"B",-2.32744114641551,0.951207603267546,0
0,"A",-0.338554253793329,0.253064627867919,0
1,"A",0.78056019828874,0.425405558859667,0
1,"B",-0.476709999536307,0.462330535241588,1
1,"B",-0.416117122860616,0.636578640547064,0
0,"B",-0.947657500852714,1.11169637826946,0
0,"A",-0.482644081537404,-0.979014805990445,1
0,"B",0.213720151323452,0.752539650211871,0
1,"B",-0.280957992037145,0.144785828389302,0
0,"B",0.0118202962116573,0.443554104950968,0
0,"B",-0.336041230752336,-0.00613735038275026,0
0,"B",-1.88453925980076,1.55457945722636,0
0,"B",-0.560158973584143,-0.704559952832762,1
1,"A",0.615280041053734,-0.0245799237570015,1
1,"A",1.36064676646479,0.737671753989119,1
0,"A",-1.20349340294928,0.629329425237335,0
0,"B",-2.05999981959434,0.530216358945005,0
0,"B",0.52864658795908,-0.342219193278461,0
1,"B",-0.509204891736466,0.0308344711062395,0
1,"B",0.305488862460666,1.40074402338029,0
0,"B",-0.346151417764275,0.190374557157972,0
1,"A",0.119589573190136,-1.08978658183994,0
1,"B",1.16009091354906,1.46517004880562,1
1,"B",-1.64300658248855,2.20077541881255,1
1,"B",-1.04889255485887,-0.630554152104811,0
0,"B",0.0888900240257798,0.475323459224207,0
0,"A",3.24280377520995,-0.863854343688183,0
1,"B",-0.903804424583992,0.978082384146668,1
1,"A",-0.189716810768453,0.416407386777084,1
1,"A",0.117324814829656,-1.22175319996966,1
0,"B",-1.53805834705875,-0.421476857368194,0
0,"A",0.398942367336281,0.353434507579284,0
0,"A",0.240614878279884,-1.91332324560474,1
1,"B",0.0240112994124246,1.88996912537346,0
1,"A",1.57593564486054,-0.0295770645657396,0
0,"A",0.287037503831898,-0.555599899010993,1
1,"A",1.80477223712083,0.697956895918619,0
1,"A",0.437750263507992,0.945838097697428,1
0,"B",-0.606471017045108,2.00459577635515,1
0,"B",-1.75140850322146,-1.29972323924538,1
0,"A",0.10246607930927,-0.348111697205263,0
1,"A",0.489606107545703,-0.0901089436066979,1
1,"B",1.50816539983419,0.226773526358674,1
1,"A",1.666702496838,-0.814577269494292,1
1,"B",0.233189357453846,-1.1280503032556,0
1,"A",1.81678862037051,0.80503658578016,1
1,"B",-0.396494152665122,0.861903036456065,1
0,"B",-0.630931886101864,-0.696526359311597,0
1,"A",-0.191515909981522,0.419018145792347,1
1,"A",0.144483031574268,-0.317030518044881,1
0,"A",-0.548621434066296,1.35163282757508,0
0,"B",-0.544817788809927,-0.681817516249872,1
1,"A",-0.149205475373131,1.07657055282048,1
0,"A",-0.339184335182923,1.25997500851811,0
0,"A",-0.105726277646305,0.978090673046216,0
1,"A",1.00801104926942,1.97605267584842,1
0,"B",-1.92420850123485,-0.202653776082668,1
0,"A",-1.08108295131977,0.143628250358995,0
0,"B",-0.947237345737711,0.876301411345732,1
0,"A",1.01585379555603,-0.363088741221831,0
1,"A",1.0957381300342,-2.41454901126732,1
1,"A",0.90497907233686,-0.0497996646919738,1
0,"A",1.65108281749703,-1.36510824658626,1
1,"B",2.04775320526652,1.35932268241845,1
0,"B",-1.39380044461727,-1.47460268457159,1
1,"A",2.0075590312948,0.348167649482372,0
1,"B",1.17466020405327,0.7870298518708,0
0,"B",-0.163542670385188,0.362271754504169,0
0,"B",-0.275424186428085,-1.06586107368072,0
0,"B",-0.557519555375953,-0.776738955988294,0
1,"A",0.150809228467966,-2.27001058239671,1
1,"A",2.60303274891883,-1.35070099004592,1
0,"B",0.26126008033918,1.85066568506776,0
0,"A",-0.338982567742927,-1.80398327982601,0
0,"B",0.802690134799998,-0.246970010540581,0
1,"A",0.862885095021913,1.14202754193741,1
1,"B",-0.481918629005011,0.470586558241322,1
1,"A",1.55603719917453,-0.786579068715253,0
0,"B",-0.669399219142881,-0.570026466396339,1
1,"B",0.437180641625287,-0.137044295032258,1
0,"B",0.154167941756067,-1.7456730193856,0
0,"A",-0.338097062263405,-0.781925006471691,1
0,"A",-0.341510573776692,0.287240756836739,0
0,"B",-0.220712845194295,-1.23546608833938,0
0,"A",0.342771391030625,-1.40591795547228,0
0,"A",-0.431636008237982,0.540688929485085,1
0,"A",-0.0468600362551274,-0.350879423213,0
1,"A",0.838338270639028,-0.42138402271253,0
1,"B",0.410581783290745,0.563261775982943,0
0,"B",-0.62921485398379,0.0670037816409324,1
0,"B",-0.503565405576381,1.34681127274274,0
0,"A",0.290155670948655,0.344829052994301,1
1,"A",-0.396225164090813,0.882657194450824,0
1,"A",1.23524962339193,-0.845688540517665,1
0,"A",-0.120064485276973,-0.81465394959272,0
0,"A",-1.1083387696656,-0.252157449398865,1
1,"A",0.425649290704152,-0.392805114108118,1
1,"A",-1.07428525992659,2.31195518993221,0
0,"A",1.60023298277555,-1.41219403958798,1
0,"A",0.920682486853448,-2.31544837775622,1
0,"B",-1.00572443473274,0.756408944505451,0
1,"B",-0.429943318292906,1.14435985357409,0
1,"B",-0.904550705824051,-0.648578429152338,0
0,"B",-0.193344239198316,-0.298941327422504,0
0,"B",-1.24038407507865,1.46993688941945,0
0,"A",0.393114519578212,0.395582535408831,1
1,"B",0.496921381770258,-0.687404394062203,1
1,"A",0.173108581657344,-0.556970271276256,0
0,"A",-0.438526930648659,-0.58357752101298,0
0,"B",0.440555862166977,-1.13876115928161,0
1,"A",-1.59748968806134,-0.319412030632586,1
1,"A",1.35864452488046,1.96636673027942,1
1,"A",0.575980441482553,0.189063063594518,1
0,"A",1.35706442257166,-1.62574418517784,0
0,"B",-0.825717528292796,0.0654651841782558,0
0,"A",-1.35859668217467,-1.15378286722936,0
0,"A",-1.41158014370423,0.798071854183468,1
0,"A",-0.0385877244871864,-1.77257042262956,0
0,"A",-0.99683509553169,-0.926974379424175,0
1,"A",0.947770255461587,-1.1997010796125,0
1,"A",-0.642777290544031,0.589982193973926,0
1,"A",1.01972178844814,-1.19448894484726,1
1,"B",0.437239200427929,-1.16423841185359,1
1,"A",1.30380022966999,-0.0498012855461625,1
1,"B",1.97168648996486,1.33394734768229,1
1,"A",2.38361557858484,-0.843962006734735,1
1,"B",-0.109248074261245,0.142139962204485,1
0,"B",-0.97282755008458,-0.745544769853674,0
0,"A",-0.852426432509446,0.149772322334971,1
0,"B",-0.605334460494173,-0.0361302898243544,0
0,"B",0.41384585523273,-0.75117629340485,0
0,"A",0.148156593539966,0.792905642484571,0
1,"A",0.474569539788954,0.619700151701788,1
1,"A",0.590743114135339,-1.54179850979432,1
0,"B",0.112331988565067,-1.44390247412825,0
1,"A",1.67739490907735,0.624608488189412,1
1,"B",0.921992986182133,-0.449553620587619,0
0,"A",-0.776569765675074,-0.568314951459337,1
0,"B",-0.892601742368546,-0.527351586246797,0
0,"A",-1.48996214508223,-0.598121237996411,0
0,"A",0.128084566406022,-1.37517850507303,1
0,"A",-1.67364868696736,-1.7494550078489,1
1,"B",-2.29503643937312,2.01578131720182,1
0,"A",2.82733803908942,0.249437017538821,1
1,"B",-1.25560146418103,-0.520754782956516,1
1,"B",-0.0713256332044236,2.05741730525228,0
1,"A",-0.310365466226723,0.0988233931688524,0
1,"A",-0.664073797502337,0.45686267261664,1
0,"A",-0.499075670600268,-1.56579886402118,0
0,"A",0.869510528264087,1.03387892299888,0
1,"A",-0.0723075147077772,-1.70102882521495,1
1,"B",-0.813377021763328,0.749195180706288,1
1,"A",0.533700394680429,0.232767411010901,0
1,"A",2.52382582927079,0.983816345161154,1
0,"A",0.529388975726078,-0.864825346456831,1
1,"A",2.32143218291388,-1.68852051906931,1
1,"B",-1.65021981455179,-0.0846546633758241,0
1,"A",0.367725169151592,1.10231416489406,0
1,"A",-1.21629952566897,-0.866297641885107,1
1,"B",1.0655667254722,0.0327585927000985,1
1,"A",0.130762685064111,3.68958144974467,0
0,"B",-0.322922188279056,0.0596539734757366,1
0,"A",-2.39262968163152,-0.484391974250101,1
1,"A",1.35528472752666,1.19805187608582,1
0,"A",0.441274328173471,-1.70533888653426,0
0,"A",-1.10180787921185,-0.392603082030302,1
0,"B",0.519871449358105,0.656741543627487,0
1,"A",0.909678448797229,1.03493416830719,1
0,"B",-1.67764781468625,-1.28477729534222,0
1,"A",-0.411935137569417,0.541258597749672,0
1,"A",1.39835688657307,-0.497703209547266,1
1,"A",-0.230373338566478,-0.158940768482979,0
0,"A",0.186574077151689,-0.64367281065552,1
0,"A",0.135836034833832,-1.15087103222277,1
1,"A",1.08851052710024,-0.195976856144288,1
1,"A",0.414214952987309,-0.631166927853364,0
1,"A",-0.331533712875053,-0.534519177513036,1
1,"A",-0.125036041956318,-1.20396301242515,1
0,"A",0.686014412887268,-1.85492423752691,0
0,"B",-0.85932019267421,0.473480367025814,1
0,"A",-0.924088156107238,-1.83686234611502,1
1,"A",0.00060270152233477,-0.432156462729832,1
0,"A",-0.74090099202855,-0.266484812296615,0
0,"A",0.94153057685129,0.252842087243651,1
1,"A",0.159807980151589,-1.56711066507357,1
1,"B",1.53116096371002,3.00232446017621,0
1,"B",-0.207305543133907,-0.459315988320606,1
0,"A",-1.42448273337093,-1.45778539662889,1
1,"B",-0.447067692464598,1.30156134373559,1
1,"A",0.68632448289503,2.38693904985533,1
0,"B",-2.07836658376871,-0.730103537205268,1
0,"B",-1.14469229887288,-0.402635717530179,1
0,"B",-1.43850132693011,-0.374127003552513,0
1,"A",1.14832030972113,0.984322196723819,1
1,"B",0.256170686466804,-0.0998713770195703,0
1,"A",1.44231469094478,1.34388256805106,1
1,"B",0.25680517771469,-1.47982390476709,1
0,"A",0.529689582124602,-3.03649877271158,1
1,"A",-0.570727422834165,1.03269629412008,1
1,"A",0.246696009834865,-1.32382330807404,1
1,"A",0.510935559330221,0.00148391525947122,0
0,"A",0.643146056431511,0.761038290527073,0
1,"A",2.46742539039721,-0.0173989990284805,1
0,"A",-0.213565888888919,0.798286558110085,0
1,"A",0.199877946324969,-0.33772389271916,1
1,"A",1.98975923218611,0.186243309660717,1
1,"A",-0.286046540885749,0.198872307339868,0
0,"A",0.152044050059345,-0.519601846136294,0
0,"A",-0.294215076021957,-0.115879934969516,1
0,"A",0.220006406941418,-0.394796965049136,1
1,"A",-0.192417965873019,1.06349897835661,1
0,"A",-1.42177784480172,-1.03431489039717,1
1,"A",1.36545569283898,-1.65752451234285,1
0,"A",0.62415821490479,-3.83961315932323,1
0,"B",-0.697005734343766,0.821268061764776,0
1,"B",-2.31216288966537,-1.03328205398452,1
0,"A",0.260324842537682,-0.571518398966224,1
1,"B",-1.03828813023918,0.248886416540638,0
0,"B",-1.98372661579482,-0.457558778351094,0
0,"A",-0.66225143935853,-1.0212457229488,0
1,"B",0.201827487083748,-0.0308066715792748,0
0,"A",-1.02857487534722,-0.333313721663754,1
0,"A",-1.73542312859109,-1.53419541777802,1
0,"B",-1.35958763197405,-0.304131038446063,0
0,"A",0.313396292213286,0.451585816197979,0
1,"A",0.207913842672926,0.518528114006483,1
1,"A",1.19873417011246,1.21587681534914,1
1,"A",1.76403124866738,-0.0520945276044517,0
0,"A",0.547879882302581,-1.51359912034919,1
1,"A",0.988950112232631,-0.413124245193285,1
1,"A",2.70804363020409,-0.566534756072789,1
0,"A",-0.418021166482661,-1.01362157976741,1
1,"B",-0.897014266368075,0.174869929951004,0
0,"A",1.08350895050673,-0.91559704453605,1
0,"A",-0.0435587967831004,-1.02540112514745,0
1,"A",0.679995212395304,0.816988494930192,1
0,"A",0.373197170497746,-0.562147856809019,0
1,"B",-1.70469027239888,0.744266307692519,0
1,"B",-0.818535461991831,0.864797397791203,0
1,"B",1.21681118300863,-0.5961505803185,0
0,"A",-0.942198124246531,-2.49921235325982,1
1,"A",-0.191132496175832,0.636488681666132,0
1,"A",0.609107178692258,0.79768810414444,0
0,"B",0.135586631163002,-0.240944847793726,1
1,"A",0.992815200198425,-0.182746272620947,1
0,"B",0.137377128079455,-0.266481956654082,0
1,"A",-0.0266277941316589,0.954406185232166,0
1,"B",-1.2389787471114,1.07229815480882,0
1,"B",-1.531305001181,0.555980816159562,1
0,"B",-1.74963488371362,0.110065213410356,1
1,"B",0.378344203180001,-0.343677087461418,0
1,"B",1.02871330164417,2.45369245304869,0
1,"A",1.72310241390015,-1.60545142750954,1
0,"A",-0.110519095327899,-1.6995248512826,0
1,"B",-0.796890847892648,-0.354281850386717,1
0,"A",1.7665086694963,-0.405969319988857,1
0,"B",-0.564766906225815,-0.938947431497533,1
0,"B",-2.84504528840251,0.508730246782458,1
0,"B",1.1628522582392,-0.299179687428854,0
0,"A",0.563630789081491,0.365793058101948,0
0,"A",-0.394380065308316,-1.41967022185032,1
1,"A",-0.748504778529329,0.319930439469156,1
0,"B",-0.693170307366205,1.24936392197221,0
1,"A",0.447934452480445,-1.23642550367075,0
1,"B",-0.280148366230213,2.22280287634054,1
1,"A",0.382493762023874,1.65895348520521,0
1,"B",-0.278971896463853,0.939766579294417,1
1,"B",-0.285752153960454,0.737250002568381,1
1,"A",-0.379475786768248,0.151341480296428,0
1,"B",-0.910095968436144,0.990771754443047,0
1,"A",1.47182265035599,1.93906742143612,0
0,"A",-1.34393956769948,-1.51375545284756,1
0,"B",1.67385791208793,0.297491318899514,0
1,"A",2.93774263578887,0.959962387575053,0
1,"A",1.43996196943706,-2.05463396084013,1
1,"A",1.23087756205446,-0.305241121077664,1
0,"A",0.735402901398088,0.561608211146986,0
1,"A",-0.678902178208089,-0.349984345177986,0
0,"A",-0.278301435135662,-1.37619085297115,0
1,"B",-0.0920294634785639,0.976501820728298,0
0,"A",-1.37155597192031,-1.76008691503645,1
1,"B",0.12372542178873,-0.193929974319269,0
1,"A",1.12725871607459,0.360309714370832,1
1,"B",-0.219648110411897,0.159071650523188,1
1,"A",0.137092232631674,0.657639115223471,1
0,"A",0.00734125455771384,0.62939270939989,0
1,"A",-0.960295557210918,-1.01702947562943,0
1,"A",0.738765127379028,-0.0291087439413001,1
0,"B",-0.628609300941293,-0.776277818735315,1
1,"A",-0.61461481627203,-0.149843857171386,1
1,"B",-0.0358356558855908,-0.798599991766221,1
1,"A",0.533024133864049,-0.786458568357276,0
0,"B",1.58274035510191,-0.890687799002238,0
1,"A",2.51562507784778,-1.99630089311016,1
0,"A",-0.638262980280953,-0.373525397483055,0
0,"A",1.55330979967859,-1.59915241663451,1
0,"B",-1.20193336136326,-0.909122585001211,0
1,"B",1.18976813026088,0.56133636697371,0
1,"A",1.89523765664224,-0.418098083033351,1
0,"B",-2.03368409858541,-1.80088397927415,1
1,"B",1.28362413873142,0.548022681291029,0
0,"A",-1.42057707073651,0.57637401607758,1
1,"A",0.536623591471806,-1.58403600607157,0
1,"B",-1.30327068401677,0.666748032320148,0
1,"B",1.585477285486,-1.1712555339094,0
0,"A",-1.28928906652825,-0.697051948981159,0
0,"A",-1.6943607586757,-0.0359530802877141,1
0,"B",0.267012742691098,-0.00719827736854209,0
1,"A",0.0590055824430849,-0.310085964281193,1
0,"A",0.425108892535753,1.13482790970648,0
0,"A",-0.280544008496251,-0.337521763793393,1
1,"A",1.17378320239648,-1.24909189345477,1
1,"A",-0.353294637558001,0.4082835078595,1
0,"A",-0.566748368830003,-0.698190430559586,1
1,"A",1.04271322948318,-0.0617379868515646,1
0,"B",0.986731758174463,-0.0456461543885653,0
0,"A",-0.0691968827115349,0.90966718906226,1
1,"B",0.472090734247288,-1.16160838860341,1
1,"A",2.4240475220937,-2.55234720287318,0
0,"B",-0.0414042830761686,-0.561585382780231,1
0,"B",0.01023071885164,0.020152328798312,1
0,"B",-1.85231272199319,-1.30916199161086,0
1,"B",-2.25384763275453,1.08645043172158,0
1,"B",-0.0438500241870534,-0.529939337457686,1
1,"A",0.537772474487782,0.50953812442316,1
0,"A",-0.553491121200342,0.093645233385723,1
1,"A",0.511748996404355,1.28920257196841,1
0,"A",-1.7398974973671,-2.64902145323738,0
0,"A",0.331538807458086,-0.969535393949179,0
1,"A",1.71577029580684,-0.166241767789303,1
0,"A",-0.0745844981090051,-0.716396606169331,0
1,"B",-1.69978325185878,0.56843718695658,1
1,"B",0.61478040186118,-0.972224363819053,1
0,"A",0.76602457802446,-0.0720684817881408,0
1,"B",-0.737269966593919,1.78152875908004,1
1,"B",0.395898474396564,0.986753150014386,1
0,"B",0.73685739405999,-0.0757370730417093,0
1,"A",2.63987950774734,-0.455553775704025,1
1,"A",0.672206996929885,-0.605542740744546,1
0,"A",0.352784054110678,-0.131376372189445,0
0,"A",1.23794290798879,-1.17573461723454,1
0,"B",-0.184275360733551,-0.563422046418536,0
1,"B",-1.29078501336601,0.604729361766711,1
1,"B",-0.0715129860786917,-1.68542182537555,0
1,"A",-0.285360350163146,0.267335109094144,1
0,"B",-0.50070746186432,0.406418195839604,1
1,"A",-0.299842841813279,0.336106238813281,1
1,"A",1.13667019136266,0.898028638677245,1
1,"B",1.19994747332648,1.32718020784856,1
0,"B",-0.965158869544123,0.532771003343764,0
1,"B",0.154016064021373,-0.399173758948191,0
0,"A",-0.220258411284857,-1.63505823925378,0
1,"B",-0.235683626331738,-0.875811370759057,1
1,"B",-0.483379112987298,0.953446846772917,1
0,"B",-2.15443341876792,0.899406135394782,0
1,"A",-0.109165860362057,0.501216279520605,1
0,"A",-0.261892469945875,-1.67816431706243,1
0,"B",-1.83591649836996,-0.174960629948559,0
1,"B",1.09804103405097,-0.0843940015498917,1
1,"A",-1.89327947606147,1.10729068643409,1
1,"B",-0.10367833779356,1.44223274484769,1
1,"A",1.78344025395933,-0.826833297641777,0
1,"B",0.876148427941282,0.233386495315841,1
1,"A",-1.71848299002243,-0.175579551094817,1
1,"A",1.36339573926699,-0.358431331095897,0
1,"B",-1.16545267652584,0.892875127564446,1
1,"B",0.991387032620193,-1.55610960674271,1
0,"A",0.0634052712390045,0.111935030849824,0
0,"A",-0.402833486408984,-1.43688203033563,1
1,"B",-0.499638473460388,0.124626119880038,1
0,"A",1.74632215713039,-0.628022086903626,0
1,"A",-0.0744088885803644,-0.711505268164266,0
0,"A",-1.37392546408665,-1.76752672080648,0
1,"B",-0.665719317352209,-1.11943964282118,1
1,"B",-0.179498247088012,0.51634199732209,1
1,"A",0.864420784723272,-0.0211682967980883,1
0,"A",1.61736138675194,-0.424226795567731,0
0,"B",-2.36086755599357,0.446759282282556,1
1,"B",-0.651347890904913,-1.18779489730708,1
0,"B",-0.889761969340686,-0.603193636255367,0
1,"A",0.0287780029041063,-0.568139582720183,1
1,"B",-1.57146886779242,1.25703972982762,1
0,"B",-0.419785331618418,0.0591962607431246,0
0,"A",-0.929268997897198,-1.49765777259323,1
1,"B",-1.42287225839846,0.125341967247613,1
1,"A",-0.879804343057545,0.487028646740943,1
1,"A",0.187496036626085,0.695526630051638,0
0,"A",0.843332360130804,-1.40232475102217,1
0,"A",-0.648017800387979,-0.720931078756229,0
1,"A",0.135537575595919,0.375549347423977,1
1,"B",1.2903888469217,2.48015413875792,0
0,"B",-2.50667694897892,-1.20717221364084,1
0,"A",0.0422102933126581,-1.03516556406248,1
0,"B",-1.79011478825522,-1.38810865103814,0
1,"B",-0.381761115067123,1.72638072398192,0
1,"B",-0.492759899210271,1.0398634717187,1
1,"A",1.69402113090867,-1.64578531617454,1
0,"A",-0.294994244504565,-1.05102433171317,0
1,"B",-0.858698319599175,0.414970491871404,1
0,"A",0.823582273781367,-0.220911501088789,1
0,"B",1.22983409943018,0.397187955781762,0
1,"A",2.04013121728637,-0.654484209121416,0
0,"B",0.164252901365154,0.924121193996376,1
0,"A",-1.53714540386183,1.06182125730438,1
0,"B",-1.99357559111083,0.619397982014397,0
1,"B",-2.37015247023478,0.653326415097809,0
1,"B",0.389160503907085,2.46266185089482,0
1,"B",-0.968064904869725,-0.581926603019641,0
1,"A",-0.65821595353223,-0.830665800879661,1
1,"A",0.895698029886776,1.09329222695679,0
0,"B",-0.385137959395413,-1.31636760839451,0
0,"A",1.15783663823295,-0.580292428945521,0
1,"A",0.411891257154969,0.0797167544875467,0
0,"B",-0.419496141564546,-1.591521057059,0
1,"A",0.842359962902623,0.984138980159495,0
0,"A",-1.47373919428819,-2.77378791966923,1
0,"B",-2.79806517925366,-1.44501710846619,0
1,"B",0.291686978035706,0.0735084769079534,1
0,"B",-1.34314606079874,-1.29160527358909,0
0,"B",-0.768743276528282,-0.297049856742888,0
0,"B",-0.0600983401064375,-0.419314078224717,1
1,"A",2.1552731147087,0.26694307809154,1
1,"A",1.01483872098044,-0.366977148583248,1
1,"B",0.573487731179483,0.371211285377212,1
0,"A",1.63273731570946,-1.01360963345704,1
1,"A",-0.327258628878698,-1.42395830942481,0
1,"A",2.0860307962551,0.366361559406311,0
1,"A",0.873143131905917,-0.860963456489942,1
1,"B",-0.316103178110111,-0.203420812495319,0
1,"B",-0.010756098855021,-0.210862078556734,1
1,"A",1.08556852590087,0.17657331424905,0
0,"B",-0.0456061691355145,1.87167136984014,1
1,"A",1.82876598381055,-0.807543215956863,0
0,"A",0.549533913741759,-1.23701642935257,0
0,"A",2.43045445337704,-2.03104986323632,0
0,"B",-0.704020019715745,-0.448905685588753,1
0,"A",-0.67164687104751,-0.456340163329157,1
1,"B",-1.74291755515286,-0.0692384102995189,1
1,"A",2.04125125579381,-0.153858153039497,0
0,"A",0.25538370698642,-0.405819559069805,0
1,"A",1.44517741609504,1.69997700029933,1
0,"A",0.0289345430802744,-0.804711450130664,1
1,"B",-0.606721992467564,1.61525204808395,1
1,"A",-0.71406205322616,-0.476295351074595,1
0,"A",-0.637263543841609,-0.944473921754075,1
1,"B",-1.63774241241163,0.466273201804979,1
1,"A",-0.858033993013861,0.595855469743402,0
0,"B",0.554945561620519,0.0725565977557811,1
0,"A",-0.0632182594420594,-1.66912844369426,1
0,"A",0.470216044882632,-2.40608819530127,0
1,"A",-0.662568397668436,-0.860606593059846,1
0,"B",-1.08942372630405,-0.888655786670255,0
1,"B",1.25202547820471,-0.0912382227684876,1
1,"A",0.260008959344772,-0.441220072945328,0
0,"B",0.274333367196397,0.418354885322647,0
0,"B",0.00108918130056856,0.663460346297871,0
0,"A",-0.719675753855252,-0.987047096068634,1
1,"B",-3.65809979112736,1.26961692280272,1
0,"A",1.06617455738427,-0.493424614194966,0
0,"A",0.578470132836691,-2.43753248075743,0
0,"B",0.203672593954466,0.496504921086355,1
0,"B",-1.33955906147848,0.768414620564634,0
1,"B",1.2582814379822,-0.712627898900744,1
1,"A",0.128622258060333,-0.238721669951549,0
1,"B",1.44569170850718,1.28532680118658,0
1,"B",1.38140808497158,0.106858961561613,1
0,"A",0.81613714226869,-2.38724661409324,1
0,"A",-0.783969392681675,-1.6183724764446,1
1,"A",-0.800498906212273,0.25126265486974,1
0,"B",-1.67073419984758,-0.547792159922248,0
0,"A",0.403217430688954,-0.382820605568247,0
0,"A",-0.325761374723316,-0.205578362521124,1
1,"B",0.0974826231455239,-0.912458023944424,1
1,"A",0.293102296484033,0.660036944076716,1
0,"A",-1.11648169482484,-0.507449239487904,1
0,"B",0.607405601978734,-1.65878224331024,0
0,"A",-1.89703441923373,-0.128201978292773,1
1,"B",-0.557880698574812,1.15143768727525,0
0,"A",0.609622485312338,-1.21727320135135,1
0,"B",-2.20982569667265,-1.73188317778154,1
0,"A",-0.998846058731264,-0.374799860922071,0
0,"B",-1.81204542018113,-0.334802541016929,0
0,"A",0.389511544341831,-0.769775708062083,0
1,"B",-0.758671951865029,-0.279567062850304,1
0,"A",-0.759929647632215,0.9825001787075,0
1,"A",1.27998701341607,-1.9824550098547,1
0,"B",-0.296067309662766,-0.227748928984965,1
1,"A",1.63883382527216,-1.56172371012362,0
1,"A",0.17483661730293,0.254079594003071,0
0,"A",0.0503145904963055,-0.673816139717842,0
1,"B",0.458895267569721,-0.675238038326101,0
0,"B",-1.1407917293481,0.434266615722302,0
0,"A",1.02473837010388,-0.665636522723266,1
1,"B",-0.26311079694509,0.0203820881293185,0
0,"B",-1.8972936423042,0.512299358180312,1
0,"A",0.0795207816284541,-0.306173891653233,1
0,"A",0.217348289248833,-0.639738773224703,1
0,"B",0.183736114568518,-0.67732678073981,1
1,"A",-1.6088733146182,1.40835805809419,1
1,"A",2.13718655727207,-0.121555677802331,1
1,"B",-0.0968342774761126,-0.34076234238025,0
1,"B",-1.01848426912298,-0.683577192643023,1
0,"A",0.902571886056878,-0.226202506398978,0
0,"B",-2.13422997823848,1.05063230418686,1
0,"B",0.34112977351606,-0.135255906624395,1
0,"A",-0.918029258698968,-0.219157857115029,0
1,"A",0.486491303522496,-0.337196514159441,1
1,"A",0.921145918396794,-0.7218108967852,0
1,"B",0.0993981930870341,0.91862601557952,1
0,"B",0.781262725826014,-0.749355838084565,1
0,"B",-1.08288630687557,-1.63570195097332,1
1,"A",0.621336383166554,-0.987602327206657,0
0,"A",0.282824677807517,-0.755891406993286,0
0,"B",-0.800490656137309,1.17003751628543,1
0,"A",-1.69863167145021,0.610930500140559,1
0,"B",-0.6246040347734,-0.817340292929581,0
1,"A",0.0746407600706026,-1.07965819375567,0
0,"B",0.000696428829436213,0.914085868199985,0
0,"A",-1.27423204876551,-1.0625373453141,0
1,"B",-0.600546336579941,1.39162881721738,0
1,"A",0.570266104016877,0.482751949460494,1
1,"A",1.56122056578994,-0.441076691993263,0
1,"A",0.0275788477512525,0.589173665270925,1
1,"B",0.496980654985925,3.61437469657367,1
1,"B",-1.66558185442035,0.880780883537935,0
0,"A",-0.396372382819939,-1.77806350965931,1
1,"A",-1.67440323409264,-0.408743908926901,0
0,"A",-0.0546887238645469,-1.86121743144023,1
0,"B",-0.0570127345876121,-1.05734424265752,0
0,"A",-0.790356505482634,-2.54905983239569,1
0,"B",-2.75251653360724,-0.34558796919697,0
0,"B",-1.18089272761952,-0.468857325644052,1
0,"A",0.487345791099531,-1.81037075792491,1
1,"B",-0.516481414802856,1.48967320671496,0
0,"B",0.268367387965656,-1.66833640728052,1
1,"A",-0.0722211536871477,-1.98223606024037,0
1,"B",0.0456418218967491,0.191342455032007,1
0,"A",-0.278390036474262,-2.47206019414847,1
1,"A",-0.0952261433143571,-1.53791483981382,1
0,"A",-1.98824404847148,0.187450031458226,1
0,"B",-0.188353356662269,0.0199494244666889,0
0,"A",-0.536890101048417,-0.124159781601856,0
0,"A",-1.48853490606934,-0.0533979947091817,1
1,"B",-0.910320108192209,0.766107467464513,1
1,"A",0.132357383948295,-0.809287829841265,0
0,"A",0.441414623950262,-1.13796212403321,0
1,"B",-0.423575030135678,0.398948640895817,1
0,"A",-0.21132617393868,-1.42641382125614,1
1,"B",0.533760614427861,0.094534479463001,0
1,"B",0.947988916568598,0.282734404737908,0
1,"B",-0.232373473018747,2.84117154883239,1
1,"B",0.23465818339656,0.916326040366555,1
0,"B",-0.0163764491946799,1.35246072621261,0
1,"A",-1.05545414996004,-0.944825821760683,0
1,"A",-2.0201527501205,-2.11702646449857,0
0,"B",-1.56010125215736,-0.596810679151537,1
0,"A",0.025166288495926,-1.2736945788036,0
0,"A",-0.860057651535348,-2.23512977131826,0
1,"A",0.128963008481073,-0.757924390584401,1
1,"A",0.106820995939861,-0.733462691813436,1
0,"B",-1.57857839486777,0.574237758263565,1
1,"B",-0.366542583122283,0.505860024479052,0
0,"B",0.678284088946906,-0.981674671173198,0
1,"B",0.0677197762481848,-0.334891133771424,0
0,"A",-0.710496657369583,1.20800237886509,1
0,"B",-1.56291110970558,1.79848532964032,0
0,"B",-0.0288369820596834,-0.803304019499481,1
0,"B",-3.65603515310858,1.43732285638229,1
1,"B",1.15140769037302,0.689649463466482,0
0,"B",0.287785297222824,0.389691974261509,1
1,"B",-1.45739878858461,3.58340254940809,1
1,"A",-0.835630208250284,1.23879170791125,0
1,"B",1.0457391198558,-0.837383957506836,1
0,"A",-2.5394864602616,0.769775077692631,0
1,"B",0.107129262098973,-0.429448517622969,1
1,"A",-0.447024412544581,0.720948477938058,1
1,"A",0.270139468894219,0.611062007812707,1
0,"A",0.514968161562814,-0.344947681398451,1
0,"B",-0.109442670629404,1.56831446338876,1
1,"B",0.394652959665065,-0.215805525955726,0
1,"A",0.842346222491225,0.120025323339409,0
0,"B",0.486604616195037,-0.815291364655764,1
0,"A",0.780970557494703,0.108983553476369,1
1,"A",-0.171331588913,-1.07537103314583,1
0,"A",0.524070954651458,-1.37244743153296,1
0,"B",-0.883579303477072,-0.404092076868164,0
0,"A",0.732467818358331,-0.279905244944267,1
0,"B",-0.986234731360379,-0.735209065696992,1
0,"A",1.55229384177741,-2.48011754675435,1
1,"A",0.480025823126443,-0.633840084099814,1
1,"A",0.594743889815817,-1.80040669049385,0
0,"B",0.334081034497486,-0.474700043646509,0
0,"A",-0.213468234137668,-1.79409922689997,0
1,"A",0.945933669543676,0.475291031128028,1
0,"A",0.849511384129348,0.535511859036925,0
0,"B",-0.967305665335662,0.0142815826257109,0
1,"A",0.410997559208906,0.796410167729454,1
0,"A",-0.505199532351923,-2.69787203891741,1
1,"B",-0.70880182568163,-0.788364370066222,0
1,"B",0.964572496602506,-0.0249230559031557,0
0,"A",0.416186944137524,-0.144814158268069,0
0,"A",-0.734322689148546,-0.529084820158134,1
0,"B",-0.750207312571961,0.612053202518633,1
1,"A",1.87201109491888,-0.363471740821534,1
1,"A",1.87342639522059,0.94240891559012,1
0,"A",-0.479026312520323,-0.710060809764713,0
0,"B",-0.629468867290124,0.336404568289059,1
1,"B",0.182796273277078,-0.316621605093613,0
0,"A",-0.354742468021957,-1.26939373557386,1
0,"A",1.68307991370208,-0.745641337140954,1
1,"B",0.881629251654737,-0.60736363751806,1
0,"A",-0.259913598316448,-0.36837841622383,0
0,"B",0.0522339220895687,0.450101170462695,1
1,"B",0.170831309241465,1.36693103406901,1
0,"B",0.73337657252481,-0.179551012850742,0
1,"A",1.51487176012569,1.77732168810106,1
0,"A",0.547428037184742,-2.77212365644131,1
0,"B",-0.157288075223697,-0.46530875606539,0
0,"B",0.749839173757142,-0.111930081939949,0
1,"A",1.55266212588845,0.036400899724583,1
1,"B",-0.133609291785321,-1.01157313824363,0
1,"A",0.125702521792954,0.0662219406769584,1
0,"A",0.353842074168735,0.0265705766206442,0
1,"A",0.579074483119673,0.493640073573134,0
0,"B",-0.0149398782895394,0.771627435002822,1
1,"A",1.81428404455647,-0.49652552967958,1
0,"A",-0.494619583009825,0.190635079811295,0
0,"A",-0.3593445173075,-0.993424253952405,0
1,"A",1.70026456633324,0.913542486143035,1
1,"A",0.579222124718988,-2.87116805911096,1
1,"B",0.940506762023857,1.90552592079138,1
1,"B",0.810191575729127,0.857662762100889,1
1,"B",-0.042405044683942,0.275134709577397,0
1,"B",-0.483295740034386,1.79436153397016,0
0,"A",0.790012858812405,-1.10302344313515,0
1,"B",0.276916291627162,0.584017989169622,0
1,"A",-0.453568215370259,0.0256091188445197,1
1,"B",-0.307727392372808,-0.520988408362926,0
1,"A",0.589990437356763,1.12525594247498,0
1,"A",1.09295070879274,0.739420939849077,1
1,"B",-0.203186748531089,-1.50174308886991,1
1,"A",0.439796547494595,-1.20031427090777,1
1,"A",1.18783485363489,0.397183954915906,1
1,"B",0.010348721630221,1.15217657220048,1
1,"B",-0.539677505284323,0.0308796710518725,1
0,"B",-1.04069273394584,-1.7288711577809,0
0,"B",-2.29113109976424,-0.48481010477903,0
0,"B",-0.0158381361418249,0.836502423812817,0
1,"B",-0.327772654865041,1.01687466251782,1
1,"A",-0.745365726812977,0.828148000612895,1
1,"B",1.52001705077756,0.50115772954781,0
0,"A",0.556721917523595,-0.353673143908531,1
0,"A",-1.3266218539426,-0.586876528276043,1
0,"A",2.18867552509448,-1.23147071261438,0
0,"A",1.12321096663051,-0.780321378498549,1
1,"A",0.0329602641848972,-0.0625517504735899,0
1,"A",2.71325968902708,-0.728653508815213,1
0,"A",-0.13572104734379,-0.787412404450311,1
0,"A",-0.767737524248602,-1.53715387445563,1
1,"B",1.06454500527249,0.738595317012477,1
1,"A",-0.23869857210109,-0.386862570442857,0
0,"B",-2.35419941258561,-0.712989228221374,1
0,"A",0.438799660355239,0.0324371042022258,0
1,"A",1.22887956175378,-3.1902431907489,1
1,"B",-0.582627075176218,1.30850571854375,0
0,"A",-2.60673102393173,-1.24254298723672,0
0,"A",0.302799715158331,-0.57837522419372,1
1,"A",1.46054964062446,-0.620183429440942,1
1,"B",-0.371948978639136,2.08185853412415,1
0,"A",-1.027700907669,0.0697920657808818,0
1,"B",-0.908860866271727,0.367213325820963,0
0,"A",0.0812356627010684,-2.21178725125788,1
0,"A",1.94236931664784,-0.612004974401867,0
1,"B",-1.22464664509607,0.397276376194713,0
1,"A",1.04402557885189,-0.000559617671863855,1
0,"A",-0.262473124330034,-0.863157803371508,0
1,"A",0.0732899359108015,-0.0108532299072673,1
1,"A",-0.299428087430501,-0.680102851874865,1
0,"B",-0.0205726285593283,-0.00464244595343313,0
0,"A",-0.194048920127685,-0.892126377820471,1
1,"A",1.65737586890914,0.380835771492644,1
0,"A",0.242467978292284,-0.725027191928341,1
0,"B",-0.203684616464212,-1.36683809675477,0
1,"A",2.0563089075195,0.508682702870332,1
0,"A",0.814718832349981,0.0754585552157628,1
1,"A",0.770068368147186,-0.242665969543631,1
1,"A",0.0510700787105302,-0.323213339423234,0
1,"B",-0.161070761491558,1.18205930857786,1
0,"A",-1.7475973865586,-0.901174713870508,0
0,"A",0.158754125226966,-1.48724107449371,0
0,"A",-0.997733223711673,-1.16648599981209,0
0,"A",0.579839800436565,0.214526106233202,1
1,"A",-0.0526636353267084,0.770229784977275,1
1,"A",1.54881272791359,-1.00593948739821,1
0,"A",0.934971758918323,-1.2680851870129,0
1,"A",0.319046485188757,-0.622632578923387,0
0,"A",0.823031989753959,0.207683588996967,0
0,"A",0.531144946534781,-2.2383700126132,0
1,"A",0.423227680991163,-0.0492977706218027,1
1,"A",0.0225674316545925,0.713069384121686,0
0,"A",-0.348358409058837,0.0327122442029124,0
1,"A",-0.402753491548487,1.25419009629664,1
1,"A",0.912977392484648,-1.09660603272259,0
1,"A",0.631664035856768,-0.302173863765217,1
1,"B",-2.28828828034159,-0.641270097806785,0
0,"B",-0.190822922689385,-0.911495920109054,0
1,"A",-1.72242595375014,0.112002622655055,0
1,"A",0.105141991295905,-0.757429105564171,0
0,"A",0.0847879961006608,0.200048484841117,0
1,"A",0.707731468681782,-0.845736066581409,0
1,"B",-1.88050508342025,-0.567722348091547,1
0,"A",-0.391857781051422,-0.182679946324214,0
1,"A",-1.10594730065813,-0.107169374256643,1
1,"B",0.537644746583997,0.521185462588761,0
0,"B",-0.851621083981677,-1.04218390848223,0
0,"A",-0.727272037050581,-0.0137708620270628,0
0,"A",-0.912998729611363,-0.453068066336128,1
0,"A",0.408507846159401,-0.448407400778058,1
1,"B",0.854216365866924,-1.21625903041421,0
0,"A",0.264638462817141,0.32041663886797,0
0,"A",1.12536318153029,-0.481587706651621,0
1,"B",-0.653172102630268,0.727381600132065,1
1,"B",-1.29664365411997,0.307301857278895,0
0,"B",-1.28054370465216,0.981772529369373,0
0,"A",-0.473194265104024,1.23477629259393,1
0,"A",-0.868711717488382,-1.0133855652882,1
1,"B",1.19161533720636,1.43147166156311,0
0,"A",-0.539502786196883,1.00197826770061,0
0,"A",0.0745952536361954,-1.69474167036667,0
0,"A",0.112147216041698,-1.57887154338353,1
1,"A",0.878244042897551,-0.248001661832728,1
0,"A",0.769859306943359,0.0839089181467492,0
1,"B",0.282519621796826,0.488326706356757,1
0,"A",0.649034323052873,-2.64476424357399,0
0,"B",-1.36196169806673,0.204536299635359,0
0,"B",-0.105400212165665,1.93507402464849,0
0,"A",-1.4868914887384,-1.9934597630833,1
0,"A",1.17765678368725,-0.221400751505107,0
1,"A",3.07799258333092,-0.759127190835144,0
0,"A",-1.26654154759647,-1.4106195047288,0
0,"A",-1.39514245987612,0.438379024562089,1
1,"B",-2.07814343253008,0.210679454778154,1
1,"A",0.0395548101842988,-2.4654954085431,0
0,"B",-0.720347121368719,-1.62571497603956,0
1,"A",2.18551002314478,-1.02243192201847,0
0,"A",0.656154286214735,0.92289407907156,1
1,"A",0.500527999632285,0.0939780416859225,1
0,"B",-0.551994528291514,-0.497957427768484,1
0,"A",0.266540981099477,-1.14249173475818,0
0,"B",-1.25248541075328,0.81868627761937,0
0,"B",-0.321538746439055,0.265331451270502,1
0,"A",-0.921113280742482,0.336067899845932,1
0,"A",-0.647490118754661,1.18137104974216,1
0,"A",-1.53486435793454,-0.212012508353683,1
1,"B",-0.541355459817878,-1.04994912371035,1
0,"A",-0.274311400343291,-0.258216463237105,1
0,"A",0.255031699570532,-1.44645973825243,0
0,"B",-1.1231975350792,0.0424975553372231,1
1,"A",-1.03242422529132,1.68086125374258,0
1,"A",0.672391492606756,1.48699315768476,1
0,"A",0.0300265422149897,-0.683020437174659,0
0,"A",0.0848163818390053,-0.977416392556195,0
1,"A",1.31034568467093,-1.20182100670947,1
0,"A",-0.621992208704907,0.718368105654987,0
0,"B",-1.22018340646146,-0.552634110954612,0
0,"A",-1.500505654143,-0.325383108465728,0
0,"B",-1.48736564543471,1.31705577362795,0
0,"A",-0.180680474330814,-1.39657571109336,0
1,"A",1.75287482787851,-0.00763732809300183,0
1,"A",2.8776951700319,0.514524924558273,0
0,"A",0.335482270141155,-1.7954149668743,1
1,"A",1.22222008745609,-0.757415950968253,0
1,"A",0.236293880538899,0.769227325824156,1
1,"A",-0.177169190606756,-1.98056673576887,0
1,"A",1.15814298723467,1.39740028563505,1
1,"A",1.20101846914454,-0.212669452574775,1
1,"B",-1.2259847465793,1.22774182263783,1
0,"A",0.260999996506326,-1.8843670805124,0
0,"B",-1.33691974405604,-0.22456718306879,1
1,"B",0.831502816945466,0.992261837128326,1
0,"B",-1.42558994417013,-0.996829101271295,0
0,"B",1.55240177132102,-1.24148729567283,0
1,"A",1.9893112288274,2.87491487201635,1
0,"B",-1.97153237453585,-1.12599043464777,1
1,"B",1.11961901502829,0.298463377497086,1
1,"B",-0.229597433259202,1.24743558528824,0
1,"A",1.60584632951268,-0.572838540388621,1
1,"A",2.00471145954889,-0.196598637956829,0
0,"A",-1.38753267973331,-1.73899285778311,0
0,"B",-1.03014011940498,0.435503003523417,0
1,"A",1.04484507801154,-0.52983357611888,0
1,"B",-1.51632123485012,-1.35716021760645,1
1,"A",-0.450345951101119,-0.873980445002353,1
0,"B",-1.43637424020922,0.0263645879986487,0
0,"B",0.779071709222056,0.569455661124666,0
1,"B",-0.0157011916560028,0.907059539781929,1
0,"A",-0.745229182841092,-0.502583062163121,1
0,"B",-0.107089605317036,1.4687407424728,0
1,"A",0.168169448507612,-0.602338324367428,1
1,"B",-0.457438744064972,0.381643562513905,1
1,"A",1.13878006734503,1.67322869211816,0
1,"B",-1.32995793128671,0.823671253824598,0
1,"B",-0.729294909425488,0.44267647022232,0
1,"B",-0.532462113561891,0.223180562987572,1
1,"B",0.308517908449557,0.953366877650154,0
1,"A",0.605165975822941,-0.937304641558846,0
0,"A",0.975356720710869,-1.02682766927267,0
1,"B",-0.269582663050762,-0.632311674636575,1
1,"B",-0.646183524913597,-0.10678891603513,1
0,"A",-1.11728979806586,0.147865616368087,0
0,"A",1.79052984454083,0.0898666020735009,0
1,"B",0.0054300548753754,0.748228652576163,0
1,"A",-0.963355604442282,-1.72322899088681,0
1,"A",1.75421972368955,-0.263856021992664,0
0,"A",-0.916511454165367,-0.719314855848228,1
0,"A",-0.339763607778732,-1.25746679864518,0
1,"B",0.435593720625576,0.0751026411351923,1
0,"A",1.3984226980812,-0.605598337944877,0
1,"A",-0.29425159683873,-0.686282763608019,0
0,"A",-0.265827000436075,-1.10624498588154,0
0,"A",-0.32259643697838,-1.13455486189061,1
0,"B",1.98215899312238,0.223037815822432,1
1,"A",0.63912079624574,-0.464490017907744,1
0,"B",-1.95178297277194,0.750684238664944,0
0,"A",-1.22160497606379,0.0144914753926517,0
0,"A",1.13982667831618,-1.00172385315243,0
0,"A",0.113881748089142,-0.545257495534195,1
0,"B",0.161454573289752,-0.862229209368869,0
1,"B",1.23853872039041,0.0284996790603729,0
0,"B",0.471431945084204,-1.60393657630473,1
1,"A",0.37444964295214,1.5808740415689,0
0,"A",-0.291489621321662,-0.214148445006309,0
0,"A",0.300096196345589,-3.06266863451078,1
1,"A",1.04993736824196,-1.46736939319626,0
1,"A",0.427671055149377,-0.726370426402236,1
0,"A",0.86148370823325,-1.39357057530917,1
0,"A",-0.0805357372342701,-0.617963035526853,0
0,"B",-0.501043820336841,1.02702138847677,0
0,"A",1.18744300408548,-0.460017094009361,1
0,"B",-0.213718470828562,-0.186044896862891,1
1,"A",0.967489011613714,-1.34487232319279,1
0,"A",-0.911430167025001,-1.10727412070996,1
1,"B",2.81041088612819,0.492879133289555,0
1,"A",0.757105003850174,-1.23283247670225,1
1,"A",0.843675006712352,0.93326251156672,1
1,"B",0.77827198591141,-0.343116653439101,1
0,"B",0.500922428129575,-0.654914318330226,0
1,"B",-0.175332251263463,0.415814478840907,0
1,"A",-0.512483009024586,-0.756251799343119,1
1,"B",-0.213058268889063,1.06763380515773,1
0,"A",-0.272626210938504,0.0444642886422205,1
0,"A",-0.840346190849889,-1.19926063576384,0
0,"A",-0.792702504645224,0.36506469338314,0
1,"B",-0.146164071759092,-1.09203715179625,1
0,"B",0.213688549337834,1.08739784929751,0
0,"B",-1.1948296886002,-0.927118657724802,0
1,"A",1.04406869945066,-0.369865795157841,1
0,"A",0.271044921214816,-0.443718686901728,0
0,"B",-1.53529716304105,1.46925096378193,1
0,"B",-1.45322041550157,0.741580148174673,1
0,"A",1.16243131253877,0.461640635258095,1
0,"A",-1.01518659357058,0.559938730972885,0
0,"A",-1.54903945494555,-0.429598341634101,1
0,"A",0.0377470269564434,0.524303655264124,0
1,"A",1.17427370528379,-1.81199623881097,1
0,"B",-1.0618956855193,0.12369901904208,1
0,"A",-1.18522864419602,-1.62500506965446,0
0,"A",-0.885624970894691,0.675759668210054,1
1,"A",2.34172734137204,-1.49924592097084,1
1,"A",1.06847788672056,-0.71074709035467,1
0,"A",1.67104624905246,-2.50347023244937,1
0,"A",0.997613722365674,-1.70166808638446,0
0,"A",-0.88561919711285,0.986261826161554,0
1,"B",0.519817749319104,0.589304291856193,0
0,"B",-0.285822289840871,-1.35851038078903,0
0,"B",-1.04540777207818,0.617135697351164,1
0,"A",-1.36659873591255,-0.60693154146081,1
1,"A",-0.107495903388707,-1.16446912500688,1
1,"A",0.61702445754317,-0.218940061295257,0
1,"A",1.74601478911866,0.366285603088262,0
0,"A",0.432806335770648,-0.0196472773008941,0
0,"A",-0.990716035046925,-0.417233394936797,0
0,"A",-0.196824627891284,-1.94659725574214,0
1,"B",-0.0337699884875323,0.0669154787884273,1
1,"B",0.178417079997965,0.0288557299557542,1
0,"B",-1.78535583276904,-0.0888092654556872,1
0,"B",-1.00266965188949,-0.0115769596389977,1
0,"B",-3.27440248216964,0.0382919219048665,0
0,"B",0.19946833664147,0.642154484774723,0
1,"B",-0.47064691685355,0.205411561928163,1
0,"A",-0.271368847061628,-1.98129311269007,1
1,"A",-0.345004631128713,-0.0203868397703561,0
1,"B",-1.33119049426088,0.450582813512237,0
0,"A",0.00677768500060666,-1.87962464344268,1
1,"A",0.000906285635513426,-0.394834862573034,1
1,"A",1.40517938488388,0.178241890760559,1
1,"B",-1.23268462089965,1.85459495867971,0
0,"A",-0.987731631689861,-0.552308560300112,0
0,"A",-2.28087145426049,-0.890617278417988,1
1,"A",0.33930603755438,-0.51973111293492,0
1,"A",-0.312587357228592,-0.420814638015133,1
1,"B",-0.869993568726196,-0.141660417132119,1
1,"B",0.0136473575855859,0.0862733560765862,0
0,"A",-0.755196535932384,-0.431639411019928,1
0,"B",-0.620540322979014,0.364630507676154,1
1,"A",2.04603750861012,-0.304384225025509,0
0,"A",1.58109920722527,0.548158466701643,1
1,"B",-1.00452470110036,1.69501251766584,0
1,"B",0.830807931713662,1.10670949912497,1
0,"A",-1.85580057182467,-0.350503588759366,0
0,"A",1.06232706370472,-0.823228392456152,0
0,"A",0.831448101645281,-2.21225949860345,1
1,"A",1.19802742392527,1.16334909110525,1
1,"A",1.30632575514242,0.873251240550725,0
1,"B",0.677113774814275,2.41208679497292,1
1,"B",0.068837685529324,0.140884425038798,1
0,"B",-1.35836818330885,-0.107071077222415,0
1,"A",-0.182295102949999,-0.888336093343121,1
0,"A",-0.457734514892211,-0.371413525793171,0
0,"A",0.3021065370152,-0.466571763246138,0
0,"A",-1.71157034354156,-0.238079217068031,0
0,"A",1.21531058379459,-0.735089686220295,1
1,"A",0.926980221925115,0.732031700896486,0
1,"B",0.0594642887185457,-1.00100552602028,1
0,"A",1.72638827069801,-1.73625496555156,1
0,"B",-2.04369185153614,0.795802547203222,0
1,"B",-1.89392511109772,0.911623237115813,1
1,"B",0.590706892257416,0.943993371485799,1
1,"B",0.576244108946106,0.345989269194705,1
0,"B",-0.14550584776022,0.546984100691954,0
0,"A",0.955485653058149,0.555443233860563,0
0,"A",-0.00141925591744757,1.45325669024881,0
1,"B",1.59004713369665,0.561050863970975,1
0,"A",1.30961967572331,0.383204436334166,1
1,"A",-1.240068532739,-0.566965982455929,1
1,"B",-1.60853278211391,2.26392183671502,0
0,"A",0.837716330479666,0.636691004497364,1
0,"A",-0.417525123185223,-2.19866860913257,1
0,"B",-0.780526194924965,-0.824455050817119,1
1,"A",1.17245984191141,-0.548498617159456,1
0,"A",-0.914874123426525,-0.974858183932117,0
0,"B",0.70434181432765,-1.48669235705889,0
0,"B",0.659336575009868,0.583053736840518,0
0,"A",-0.536820082674129,-0.705439299641341,0
0,"A",-1.07391774598769,-0.578929863582061,0
1,"B",-1.20333707032687,0.222446435742285,1
0,"B",-2.67972619922149,0.909753605559875,1
1,"A",1.12904402975755,-0.811963138483526,1
0,"B",0.0929806681033405,0.100089809739311,1
0,"A",-0.230230592427139,0.926745677769156,0
0,"B",-1.44289187064088,-0.116253350568737,0
1,"A",0.634829118484763,-1.37018685147021,1
0,"B",-0.453221548774072,-0.13804073283895,0
1,"A",-0.42934086949644,0.247708477120323,1
0,"A",-1.00074491007311,-0.587400226795439,0
1,"B",0.233380796814695,0.302640380107629,1
0,"A",0.26333469234223,-0.914559233016282,0
0,"A",0.750170353009068,0.973503950228335,0
0,"A",-0.137424282566297,-2.45813937227019,0
0,"A",-0.910920692168734,-0.558915380773569,0
1,"B",-0.721966378925391,-0.0132751101409704,1
0,"A",0.163507628678562,0.0667531195391003,0
0,"B",-0.796037812020388,-0.181331347962074,0
0,"A",1.09032573839003,-0.8477999534865,0
0,"A",0.950736818693274,-0.816080528994259,1
0,"B",-1.49597652175162,-1.13824286810441,0
1,"A",2.02801348447462,-0.528405454275487,1
0,"A",-1.1600671052682,0.705409106928946,1
0,"A",0.688535999840373,-0.0728871761072254,1
1,"A",0.743930682539255,0.110103177127852,0
1,"B",-0.889041694499734,0.669748835361594,0
1,"B",-1.38194144801487,-0.343984177203832,0
1,"A",2.14378419898113,-0.0197283115022923,0
1,"B",-0.368910854195684,1.07641751242064,1
0,"B",-0.856970972341839,0.530252570578362,1
1,"B",-0.356518125137878,2.19627331767732,1
1,"B",1.43654838758535,-0.389691981797441,0
0,"B",0.148382439657606,-1.04690730406752,0
0,"A",1.02747342682239,0.478792199916685,0
1,"A",0.668417535937877,0.956187355958636,1
1,"A",0.271064253030195,-1.01902225892469,1
0,"A",1.0957487003031,-1.62670025412268,0
0,"A",-1.06219561026614,0.640467735246135,1
0,"B",-1.13993129070693,1.05154717611656,1
0,"B",0.139272650966981,-1.84142732967494,1
0,"B",-1.36227675951378,-0.195918569646903,1
1,"A",2.60622283062164,0.678032908048006,0
0,"A",0.500750970279398,-1.38116769936131,0
1,"A",2.18620354989966,-1.14284818738988,0
1,"A",0.067804046570428,0.479365841004146,0
1,"A",1.38843843400299,1.16774705626937,1
1,"B",-0.225752809793312,-0.628061199050936,1
0,"B",-1.56142805001609,-1.42810326118794,0
0,"A",-0.719662300484253,-0.994836869612466,1
1,"A",0.687899053269371,-1.01458857833249,1
0,"B",-1.71170976557153,0.1863361561031,1
1,"A",1.12997765103167,0.881909482686838,0
0,"B",-0.968692206453128,-0.766051892788928,0
0,"B",-1.60458285574083,0.363939831534787,0
1,"A",1.97199958853229,0.328782160289974,1
0,"B",0.547290966915757,-0.424949730014809,1
1,"A",-0.819030843266314,-0.797582821623276,1
1,"A",-0.709694348900989,0.463560174887745,0
0,"B",-0.132110461470985,1.75593405010249,0
1,"A",0.711407742637062,0.658950471117488,1
1,"B",-0.981025172602166,2.37913454696075,1
1,"A",0.472237587096298,-1.34410223319753,1
1,"A",-0.00491793825427533,0.870635533961311,1
1,"B",0.634988530153505,1.54820539775824,0
1,"A",-0.738594453415714,1.3378345642675,1
0,"A",-0.346679245470005,0.249719772051713,0
0,"A",-0.875371480952411,-1.06560091922261,0
0,"B",1.09125688213182,1.67327576613608,0
1,"A",0.0241134096062348,-0.548819419672281,0
0,"B",1.60221974887085,-0.327786702406581,0
0,"B",-1.02712208516568,0.532596379108591,1
0,"A",-0.531379073266455,-0.133488119089726,0
1,"B",-0.64632945704559,-0.390714045917854,1
0,"B",-3.31708548623816,-0.521877431949363,0
1,"A",-0.99557950151701,-1.28325969207114,0
0,"B",-1.52936041996196,-0.214099440644463,0
0,"A",-0.569267117679275,-0.0706536328995781,0
0,"B",-0.830033002657187,-0.201750038813,0
0,"A",-0.0539611160195496,-0.30797449819549,1
0,"A",-0.541224195178534,0.426210408244623,0
1,"A",2.32724586061805,0.768925319597562,0
0,"B",-1.30978876830274,-0.0380830584159139,0
0,"A",0.00396170663664924,-1.26352436206843,0
1,"A",1.63900048322968,-0.929226162891683,1
0,"A",0.309173790674292,-0.0601354333520679,1
1,"B",-0.471591431459186,0.377005332870394,1
0,"B",-1.48018946121213,-1.74186296455013,0
0,"B",0.537336507211301,0.450584898627256,0
1,"B",-0.974616534322614,0.0123918791312608,0
1,"A",-0.789229560913894,-0.450387132213818,1
1,"A",1.41349569666088,1.02958939377866,0
1,"B",0.202069047566133,1.76321335769618,0
0,"B",-1.09263273453229,-0.980900354369944,0
0,"A",-0.120923438364781,-0.923059546379205,0
1,"A",0.6432560465373,-0.632936122314949,1
1,"B",0.439674129425473,1.00574744044619,1
0,"A",0.861825071624995,-1.40288013489111,1
1,"A",0.250276651785433,-0.164500764832011,1
1,"A",-0.14519551566562,-1.0486421853892,0
0,"B",-0.711237958392403,0.928178982381115,1
1,"A",1.36134050892673,-1.48981353970204,1
1,"A",1.05281993039293,-1.30067596628707,0
0,"A",1.07636516151339,0.724346340654362,0
1,"B",-0.123681675932643,-0.383957710664638,1
1,"B",-0.497395214266434,0.981769611565873,0
0,"A",-0.116749986968585,-1.09003362193735,0
0,"B",-1.52088608492531,-0.542898889720126,0
0,"A",0.263868390684012,-0.837482219856771,0
0,"B",-0.900073892395249,-0.750451907990702,0
1,"B",1.07137786769698,-1.28625039292418,1
0,"A",-0.614450929038676,-0.52037087383823,0
1,"A",1.08089487803724,-0.419475386554652,0
1,"A",0.109564357262368,0.700296551041842,1
0,"A",-0.464304345682785,-0.0267875763406797,0
0,"A",0.22458988433551,-1.05458854371239,0
0,"B",-1.8344446867062,0.195826108786557,1
1,"A",1.69324359477245,-0.450944505933765,0
1,"A",-0.0117192342831486,-1.03046909863396,1
0,"B",-0.73869881265975,0.438566720261466,1
0,"A",-0.480357063247975,-2.91166562733679,0
1,"B",0.293178790784334,1.59222911916903,1
1,"A",-0.498975982081794,1.04646367808745,1
1,"A",0.598664924869192,-0.862396387371219,1
0,"B",-1.14746292046261,0.234608793743021,0
1,"B",-1.57348091603267,0.40582415881034,0
1,"B",-0.474492210398976,-1.82151021065591,1
0,"A",-0.438253929931808,0.846599509270081,1
0,"A",1.04467842214682,-0.992941167881482,1
0,"A",0.954228963169362,1.6819725186949,1
1,"B",-0.62372716415491,0.298584711901778,0
0,"A",-1.17176950493094,0.896457193866764,1
1,"B",0.873651045150244,1.03460122173896,0
1,"A",0.782345483045578,-0.770191084281437,0
0,"A",0.433892687109693,0.947223542406587,0
0,"A",0.775646221307848,-1.09938096439603,0
0,"A",-1.30391822593581,-0.901882942492882,1
1,"A",2.11098840489573,0.343727020485576,0
1,"A",1.48374077539253,-1.02087314238262,0
1,"A",-0.0804224483999712,-1.78451744713845,0
1,"B",-1.01531570402648,0.0158665947670527,0
0,"A",0.555106704272732,0.440655099989759,1
1,"B",0.728081727107647,0.609385018413898,0
0,"A",0.0556401430142315,0.0812679799027913,1
1,"B",-0.757843697117903,1.37598927032795,1
0,"B",-0.764194108045191,-1.05518107352165,0
1,"A",1.33411744763239,-1.54798037406554,1
1,"B",-0.723190646698673,0.62956664965117,1
0,"A",-0.170365346611738,-1.14865455400024,0
1,"B",-0.421893591884686,1.24775991126182,1
1,"A",0.897931427900301,0.119674674073879,1
1,"A",0.327641646155827,-0.0429292796217332,0
1,"A",0.488093496668904,0.339725242364931,1
0,"A",-0.908925823302154,-1.23493139589778,1
0,"B",-0.0530223071349233,-1.49429146968387,1
1,"A",-0.500109647181769,0.632052710977833,0
1,"B",0.0666516685860752,-0.347436445665484,0
0,"B",-0.0472958166220874,-0.908377226298657,0
0,"B",-0.470667523226179,0.251107536937534,1
1,"B",0.588074358628786,0.578891529525207,1
0,"B",-0.671439757670578,2.03363866521864,0
1,"A",1.53309675854828,-0.210767049981269,0
1,"A",0.884330420393435,0.449145663316128,1
1,"B",-0.222484857931032,-0.981672517896965,1
0,"A",1.07284533549781,-2.0785048101606,1
1,"A",-0.484837821427165,-1.72859114510917,1
1,"A",-1.25817381405431,-0.321182589452575,1
0,"A",0.0665715159632665,0.893306125428464,1
0,"A",0.349644478483602,-1.48880028241057,1
1,"B",0.423045408473335,0.989029624528111,0
0,"A",-0.778158946595908,-0.679204498527059,1
0,"A",0.702933624922387,1.42889650850064,1
1,"B",-0.878188055710832,1.27555706013217,0
1,"A",-0.0942749683261782,1.12661847016695,1
1,"B",-0.640788436091185,-0.297579822391921,1
0,"A",-0.93498758092418,-0.265376795893396,0
0,"B",-0.708783201794537,0.947591803371733,0
0,"A",-1.44918216774673,-1.42090884065768,1
0,"A",0.016446741604559,0.0279423256711535,0
1,"B",-0.0994518569414685,-0.138507027606793,1
1,"B",-1.51442708798092,-0.222056412387488,0
1,"B",-0.462644357170864,-1.56173654191016,0
0,"B",-0.355145074697566,0.81523594965439,1
0,"A",-0.351625863114285,-2.63789642589118,1
0,"A",-0.740831247967818,0.016368839327099,0
1,"A",0.831202586307243,-0.803254940236711,1
1,"A",0.439772917824655,0.650408079664584,1
0,"A",0.0668505822508889,-1.41181130670002,1
1,"B",0.11091275073074,-1.09924568594876,1
0,"B",-0.497777182777288,-1.71528593954102,1
1,"B",0.41332846750796,1.11518401361063,0
0,"A",0.271808020348565,0.566995890289785,0
1,"A",1.28258841686024,0.017944926903029,1
1,"B",0.0887426229361401,0.430596987239951,0
0,"A",-0.0501709862866438,-0.437974417722414,1
0,"A",-0.758899886637961,-0.413047893273921,0
0,"A",1.392279416502,0.199988955684633,1
0,"A",-1.19554198212311,-0.959358465504387,0
0,"A",-0.192354688462533,-0.496305453300191,0
1,"A",0.81738384620223,-0.935931628490098,1
1,"B",-2.81425359261794,1.33434321910827,0
0,"B",-1.25742232272482,0.503843793308238,1
1,"A",0.819509988486772,1.00296168481591,1
0,"B",-1.48557177625158,0.855755192629462,0
1,"B",0.892668991890295,0.0269014164647303,0
1,"A",0.614522156041616,-1.75363478745916,1
0,"B",-2.35215184410095,0.951930186985617,0
1,"B",-1.3013024636394,1.06284476688602,1
0,"B",-1.57702466463678,-1.8371479553704,0
1,"B",-1.26080043373332,1.52940159836398,0
1,"A",0.666380990871831,0.926327916083551,0
0,"B",-1.24045492993368,2.10264373373499,0
1,"A",-0.0187877585539303,0.979803678031937,1
1,"B",-0.773113101334997,0.611801387100485,0
1,"A",-0.707110508844925,-0.67001217110555,1
1,"A",-0.201195289304161,0.210276098059927,1
1,"A",2.05325091989304,0.528017645089022,1
1,"A",-0.390246529526176,1.31867471348819,1
0,"B",0.530072123242955,-0.672681886890818,1
1,"B",-0.00917813670711282,1.12405707407601,1
0,"A",0.816227488186858,0.449204312632196,1
0,"A",-1.56148787084028,-0.174949719759647,1
1,"A",0.081965966867642,0.959498734272877,1
1,"B",-0.677339373145985,0.249723074573935,0
1,"A",-0.820801135493908,0.523405929560481,1
0,"B",-0.977249345355983,1.13719113855254,0
1,"A",-0.00723895128895097,0.913496232885542,0
0,"A",0.628952216574516,-1.02475273811735,1
0,"B",0.960741880103956,-0.132416614070852,0
0,"A",1.09135893078691,-0.901774198147328,1
0,"A",0.315403882550732,-0.82795866725592,0
0,"B",-1.91390474795456,0.186254352275404,1
1,"A",1.17683719290684,-0.805795024731857,0
1,"B",-0.786625917097482,0.505881176035234,1
1,"B",0.207691167190994,0.0891231274949782,0
1,"A",0.482741419119302,-0.687597177407223,1
1,"A",0.169207590476421,-0.778054654342885,0
1,"A",1.85835601448747,-1.15436074603526,0
1,"B",-1.21820318533517,1.9032608765228,0
1,"A",0.256597506954771,0.166474642155909,1
1,"B",-1.05829205600636,-1.37926750717794,1
1,"A",0.424764482233427,-0.379716179959833,1
1,"A",0.683120831663657,0.11562428112719,1
1,"A",1.22834599711038,0.609870097535554,1
1,"A",0.629801490549981,1.12224887727571,0
1,"A",-0.520581318630702,0.560335320608169,0
1,"A",1.58014460069275,1.88054290156774,1
0,"B",-0.590984450188939,-0.395300778427255,0
1,"B",0.327484966780503,0.984410549079087,0
0,"A",0.190969035974105,-2.07202053937916,0
0,"B",-0.128342162723306,0.275596847912988,1
0,"B",-0.260869384004577,0.875565613509271,0
0,"A",1.30429113523864,-1.32119189692724,1
1,"A",0.421428152749217,1.75578470471819,0
1,"B",0.785691961312281,1.19900512058234,0
1,"B",-0.320727971291264,1.49617515295481,0
0,"A",-0.0368988374407315,-0.0792068929317257,1
1,"B",-1.80898178692842,1.77703459297384,1
0,"A",-0.666287979090978,-0.611526293707788,1
0,"A",0.546939074610555,-0.0547755180623624,0
0,"A",0.180548320749777,0.912251819930639,0
0,"A",0.0137188462399381,-1.5325535104227,1
0,"B",-3.079673876814,0.846416864276777,0
1,"A",-0.463610245032832,0.348154259911258,1
0,"A",-0.0146955829164769,-0.413305040773388,0
1,"B",0.931307127609617,0.152323166010791,1
1,"B",0.0163809614109534,-2.22908153983292,0
1,"B",-0.301432830169779,0.4018856438625,0
1,"A",1.31913879836089,-0.257929794991639,1
0,"A",1.28829616846616,0.219048830444239,1
0,"B",-2.41101301750375,-1.88940640959242,1
0,"B",-0.646167317985443,0.198394226191075,1
0,"A",-0.57654559380516,-0.587225452633629,0
0,"A",1.04634522361005,0.449999325975529,1
0,"A",-0.0508638496640542,2.31554010513492,0
0,"A",0.641982357873247,-0.143415166438117,0
0,"A",0.577444415130211,-1.30677034394151,1
1,"A",0.683595647718772,1.35517372801592,0
1,"B",-1.42241900291939,0.567630664586905,1
0,"B",-1.08691353734224,0.0606470476320797,1
0,"A",1.314351270302,-2.06382738791872,0
0,"B",0.654795365677624,-0.693945411834961,0
1,"B",1.48409142903543,0.444546028559955,1
0,"B",-0.0699495936167726,-1.19772919761894,0
0,"A",0.762258432880366,0.252374533774391,1
1,"B",0.149360044843474,0.125740210958087,0
0,"A",1.38929629004519,-0.940971002017246,0
1,"B",-0.673846604275513,-0.466592490104958,1
0,"B",-0.599167921629312,-1.34420447973355,0
1,"A",-0.558899980579166,-0.502405268845045,0
1,"B",-0.0664939330248152,2.43557872393687,1
1,"B",-1.38841357995132,0.830161235486671,1
0,"A",0.696013636690315,-0.0452730669993364,1
0,"A",-0.56937829367061,-0.5243318717149,1
0,"A",-0.619042533570451,-0.758137825885156,0
1,"A",-0.0434979441664265,-0.369170342724955,1
1,"A",-0.0373447896561137,-0.0311867748271775,1
1,"A",1.07219401545445,1.10205052796374,1
0,"B",-0.818167852727301,-1.25710040842672,0
1,"B",1.25985133534463,-0.476065747953585,1
1,"B",0.623929325289994,-1.16798979807042,1
1,"A",-0.0719043950405838,1.62999845006677,1
1,"A",0.867189667567,0.225021994990246,1
0,"A",-0.50618889701914,-3.02868468371438,1
0,"A",1.08027165762512,-1.40796187640915,0
0,"A",0.836002926504562,-1.33242506417601,0
1,"A",1.35288617440571,0.708911878653076,1
1,"A",-0.0731888196402974,1.67890316900787,1
0,"B",-0.166854811406966,-1.07098628754993,1
1,"A",-1.25857413338644,1.01042372798989,1
1,"A",0.613317009433466,-0.640626711753544,1
1,"A",0.100755507517159,-0.903251595613949,1
0,"A",1.30504738376077,-0.924162504622756,1
1,"B",1.31533894868396,-0.972500161808084,0
0,"A",-0.909441175827661,-1.38548463214382,1
0,"B",-0.80039571114327,-1.52391114861893,0
0,"A",0.36719855181848,-0.221027523719367,1
1,"B",-1.44626880028293,2.72041746385299,0
1,"A",-0.253193039202191,-0.490964456626092,0
1,"A",0.94610911146677,1.02564879254622,0
0,"A",0.173152296587093,-1.6539850823017,1
1,"A",1.72055743283526,-0.155964842422412,1
1,"A",1.78343348382865,-0.0795187799934906,0
1,"A",0.0374295397929926,0.407186430109949,0
0,"B",-1.822660421727,-0.152075829659604,0
0,"A",1.00172844563766,-2.06027071153896,1
0,"B",-0.663609099880921,-1.83275561619918,0
1,"A",1.21357655046549,-0.419386605617684,1
0,"A",-0.625578417861301,-0.733428219746328,0
0,"A",-0.170680868949771,0.110936242526681,0
1,"A",0.927083526707066,0.944726068703905,1
0,"A",-0.0296259687435994,0.742608262469025,1
0,"A",-0.832778538689955,-2.65025680907524,0
1,"B",-0.073614840229334,-0.208340780585737,1
0,"B",-1.7487112567979,-0.551551057151109,1
0,"B",-1.81807643543532,-0.848363360397267,0
0,"B",0.732774952942657,-0.229909944916565,1
0,"B",-0.936878160956364,0.547048891943627,0
1,"A",1.37830065992278,-1.34688450700149,1
1,"A",0.961011275491491,0.819657680277893,1
1,"B",-0.0142361963148612,-0.324682983637482,1
1,"B",-0.879596545929804,1.92630717072362,1
0,"A",-1.63974275759526,-0.243189343391541,0
1,"A",-0.0139150192740451,-0.411093641220759,1
1,"B",0.814584509379522,1.02435631664835,0
1,"A",0.404831614460639,0.0457636855207057,1
0,"A",-0.935786855103268,-0.243603473012478,1
0,"B",-1.2727036210981,-0.133780041808874,1
1,"A",0.737443297273009,0.365950311387081,1
1,"B",0.208680942703253,1.81450524010389,0
1,"B",-0.268928269816347,0.894950355153396,1
1,"B",-1.15573791184521,0.4905178369773,1
0,"A",-0.575207871347843,-0.185713329538388,1
1,"B",-1.60187560134604,0.891674591562669,1
1,"A",0.309188094700199,-0.791979609003098,1
0,"A",-1.23262096163144,-0.800222509003199,1
0,"A",1.50449993697752,-1.46358476963344,1
0,"B",-1.92925458980446,-0.94919088574072,0
1,"A",1.57264541661308,-0.902653621934152,0
1,"B",0.550202557069952,0.942020590237803,0
0,"A",-2.33063805457605,1.37344493961878,1
0,"A",1.7896978310892,-0.698463131736057,0
1,"B",-1.4350703595366,-0.330848284249372,0
0,"B",0.178560758866567,-0.698261265112442,1
1,"A",0.426414391110126,-1.62620777981751,1
0,"B",-0.719628905172371,0.808575418584818,1
1,"A",2.1894624086979,-0.94001647130923,0
0,"B",-0.359853249761528,0.0325655786283852,1
0,"B",-0.30197350479599,-1.45697074994702,1
0,"B",-1.44000666076273,0.426908707818994,0
1,"B",0.124076347049547,-0.381051456265814,0
1,"B",-1.46437032631359,1.7850277658349,0
1,"A",0.0970135441255977,-1.89324371908537,1
0,"B",-0.733018605452519,-0.876967564855261,1
0,"B",0.673121693539771,-1.15029913321493,0
1,"A",0.846369400867486,0.497260926773513,1
0,"B",-0.822093210982593,-1.22562266341971,1
1,"B",-0.497181071689174,-0.900017975155388,1
0,"A",-0.010336585307576,-0.791889621130704,0
1,"B",-1.17940223488333,1.62833347032501,0
0,"A",-1.51334902769153,1.02684434124405,0
1,"A",1.12307246950589,0.454473221517347,1
1,"A",-0.882532768694517,-1.0496239524843,0
0,"A",0.674653900632609,0.18784633694384,0
0,"A",0.298174216369632,0.604580359420655,0
0,"B",0.249019706197929,-0.535511062274581,0
1,"A",1.19790564281815,-0.41417320176143,0
1,"A",0.442743626219151,1.02161178373952,1
0,"A",0.0544876922074083,0.0599060280755639,0
0,"A",0.323054182146886,-0.0413389335351606,0
1,"B",-0.72091882858717,0.981715465637641,1
1,"B",-0.922134285990803,1.60897215290284,1
0,"A",-1.24287105068445,-0.934132488660315,0
1,"B",0.671123344409274,1.79193664130453,0
1,"A",2.60113131424724,-0.283707202808717,1
0,"A",0.00921776165347132,-1.79308529755657,1
1,"B",0.706382488594948,-0.613002687074205,1
1,"A",0.803080381352316,0.886451565369099,1
1,"A",-0.609537445158811,-0.795204811319484,1
0,"A",-1.47122484389576,1.24231002680072,1
0,"B",-1.0160309515109,-0.19484309766322,1
0,"A",-0.222090365639216,0.851992411600175,0
1,"A",0.672947098883625,-0.00687816881842596,1
1,"B",1.93060988543556,1.77169997353781,1
0,"A",1.13587178143996,-1.43624421281776,1
1,"A",2.40699463495125,0.467951184400345,1
1,"A",2.56045025028328,1.49362244904967,0
1,"A",1.21226234400988,-0.856160271671794,0
0,"B",-0.255693413291233,0.661021881565275,0
1,"A",1.8122404507181,-0.130078863984898,1
1,"A",-1.05754767075998,-0.634889835140903,1
0,"A",-0.378862505327859,0.120159724698976,0
1,"B",1.34395871993785,-0.464708632032062,1
0,"B",-1.18343993969598,0.171995480562431,0
1,"B",-0.290220126131972,2.40340435770538,0
0,"B",-1.30953739882308,0.679001481414453,1
0,"A",-0.42137156832849,0.518813876987194,0
1,"B",0.0936780143513909,1.12828259437224,0
1,"A",2.41439434741678,-2.21937344383712,1
0,"A",-0.521497323656504,-0.870234352622382,1
0,"B",0.235223194240583,1.17606449131136,0
0,"A",0.605958968514964,-2.75811004493454,1
0,"B",0.0419470050534371,-0.822573699557727,1
0,"B",-1.698434011227,-1.06274262031508,0
1,"A",0.987854862933562,-0.310613517251713,1
1,"B",-0.0641397315502827,0.386008749532916,0
1,"A",2.25217850684184,-0.0764593638820271,1
1,"B",-0.557625919651958,1.44365635617215,1
1,"B",-0.597988023326947,0.293827135217935,0
0,"A",1.7479682733252,-0.106048350114355,1
0,"B",-1.49388001616132,-0.110980932620622,1
1,"B",-1.91718778496738,-0.557953143833606,1
0,"A",0.548578975649988,-0.870316925667756,1
1,"B",-1.78810197188824,0.945426381290439,0
1,"B",-0.436960760559467,0.0595282546859461,0
0,"A",-1.0771106925977,0.844115541247013,0
1,"B",-0.634033043332076,0.0362557684670216,1
0,"A",-0.638223517222517,0.964728260747688,0
1,"A",1.62364568868513,0.886464151655285,0
1,"B",-0.620515737558787,1.91177482054247,1
1,"A",1.06501990126244,-0.0578969535875955,1
1,"B",0.179178492800872,-1.21599667231714,1
0,"A",-0.386550763078245,-1.76123959141129,0
0,"A",0.424896709080666,0.426819644359328,0
1,"A",-0.370146821194263,-2.06713131430126,1
0,"B",-2.57961035265055,-1.18351183471687,1
0,"A",0.88845579309214,0.331608889835778,1
1,"B",-0.658608346636008,-0.572760317625063,1
0,"A",1.20275550608054,0.189033598672891,0
0,"A",0.0515924013862546,-1.72320910723566,0
0,"A",0.40178111408032,-0.704025243238554,0
0,"A",-0.868574860790481,-0.422488424037354,1
0,"B",-0.297809355077074,-0.344046968229049,1
0,"B",-0.186637562817805,-0.433656634162124,0
0,"A",-0.12678089976564,-1.38532889306365,1
0,"B",-0.854742132989742,-0.510687096762781,1
0,"B",1.02146501196657,0.0316663182246642,1
0,"B",0.363731166670025,-1.11715356017809,0
1,"B",-1.12356274114031,0.104558689489696,0
1,"B",-1.63629867407281,0.56884185506081,1
0,"A",-0.831795859839424,0.0539217253337148,0
1,"A",1.88756665785032,1.17527832791492,1
1,"A",0.719647164637361,-1.38146622093427,1
1,"A",1.73696245578544,-0.463624800259279,1
1,"B",1.2800736102166,-0.3307937634872,1
1,"B",-1.94849289090103,-0.786788869445754,1
0,"A",0.685778690891035,-2.65312239039539,1
0,"B",-1.10689798690722,-0.0127379595882624,0
1,"A",-1.15788693207687,0.35977324255682,1
1,"A",1.34268587672024,0.0643784367129614,1
0,"A",0.623394001269082,-0.0683338545016248,0
1,"A",1.69188777765039,0.910403810643615,1
0,"B",-0.413312744781399,-0.127534881414284,1
1,"A",0.619261905800733,-1.55564309331372,1
1,"A",-0.391938643292565,0.730037854362613,1
0,"A",-1.51788527580836,-1.20254190987302,1
1,"B",0.105134272647499,0.596065261591522,0
0,"B",0.175426108662731,-1.6595090926101,1
0,"A",-0.0125005572722329,-0.515227497441921,0
0,"A",0.152265884825254,-0.694958856776049,0
1,"A",-0.706748748367539,-1.39400696166876,1
1,"B",-0.318112404478566,-0.137388375387634,1
0,"B",0.117936176116281,0.0488931818669452,0
1,"B",0.78714257216708,0.804190248914663,0
1,"A",0.293475168528262,-0.196759745936675,0
0,"B",-1.17064226498446,0.583147719864679,0
0,"B",-0.591072787328538,-0.905642566224384,1
1,"B",1.39912648624143,-0.52948772221631,1
0,"A",-1.38059257443077,-1.42051745214485,0
0,"A",-0.592097607478343,-1.32966668013203,1
1,"A",1.27377322500269,0.221433309694436,0
0,"B",-0.457972449765759,0.135743793236065,0
1,"B",-0.522622040053322,0.307939764893931,0
0,"A",0.376246117487234,-1.00366847764095,0
1,"B",-1.23381547324167,-0.676438223429079,0
0,"B",-0.419662964284906,1.56132919285527,0
0,"A",-0.199614650762904,-2.02935280628301,1
0,"A",-1.73002616065727,-1.13528555302283,1
1,"A",-0.191162012042746,0.425232051196116,0
0,"B",-2.21837885574345,0.147771775026942,1
0,"A",0.0781918649151216,0.270401459404489,1
1,"A",0.357972133149072,-0.84030653188254,1
1,"A",0.171436123402802,-1.15340715418643,1
1,"A",-0.767537594831158,-0.84332273934102,0
0,"B",-0.782624673217444,-0.514571426578013,1
1,"A",-0.517647121406592,2.38410076646626,1
1,"A",0.0667448188235269,-1.0966807100861,0
0,"B",-0.13877303307267,-0.88386609405612,1
1,"B",-2.26362442509542,-1.07118559063564,1
1,"A",0.125951354015145,-0.663665804250934,1
0,"A",0.674021877873058,1.51035651001101,0
0,"A",-0.132327914334315,-0.865734546923103,0
1,"A",0.0982766396293578,0.642954593876721,1
0,"B",0.497912539615018,0.0986534982553665,1
1,"A",0.879517218352174,-0.345821712896652,1
0,"A",1.12741053836233,-0.227993135644384,0
0,"B",-1.62904536955371,-0.745122254454653,0
1,"B",-0.624690321534209,2.34262301300032,1
0,"A",-1.95610373552946,-0.0860626687433781,0
1,"B",-0.15635164776906,-0.344503314710501,1
1,"B",1.28101872938196,0.859058445682653,0
0,"B",-0.690542136551686,-0.789227817092413,1
1,"A",-0.0613346992693535,0.961933947916849,1
1,"B",1.49016619348301,0.187792722746909,1
1,"B",-0.639009510618271,2.36892372555203,1
0,"A",1.08292385662768,-1.19545378718316,1
0,"A",-0.73254083977192,-0.433274955348522,0
0,"A",0.722711307366703,-1.92087896413455,0
0,"A",0.651503326752428,-0.157793714736018,0
0,"B",-0.181433090091697,-1.84625617535737,0
1,"A",1.65826079921526,0.650894403952344,0
0,"B",-0.311924211147967,0.415693510764571,0
0,"A",0.204634665725817,-0.392034107218041,0
0,"B",-1.32141351009604,-0.230704712658364,1
0,"B",-1.14268010135406,-3.28826121806623,0
0,"A",-1.48407414824229,-0.750925181188424,1
1,"A",1.18899141115977,-0.533788569404419,1
1,"B",-0.591622481722079,-0.856567509224197,0
1,"A",0.773765884848837,-0.764948989885018,1
0,"A",1.34147085275194,0.685188048855937,1
0,"A",-0.022670751048194,-0.243452296867328,0
0,"A",-0.890860166373696,-0.478619240853204,0
0,"A",1.19039459751581,-1.39755378561824,1
0,"B",-1.30810069773427,-1.98174619773285,0
0,"A",1.10958697726219,-1.15845383653196,1
0,"A",2.0267138610853,-0.867199269185047,0
1,"A",1.31253953691698,-1.83952796458664,0
1,"B",0.0621830828538685,0.450470026340663,0
0,"B",0.137213591791064,-1.02922507691008,1
1,"A",1.28651932261688,0.0292938589550228,0
1,"A",1.5224429369685,-1.02247714622992,0
0,"A",0.722640111472934,-0.595250344232767,0
0,"A",-0.446225080418577,0.749582015173064,0
0,"A",-0.591418435718697,-1.46584686757374,0
1,"A",0.725584131065341,-0.380519094384011,0
1,"A",-0.326412432039228,-0.4606686348135,1
1,"A",1.37436499320219,0.674252601437048,0
0,"A",0.702819016714675,-1.51012058847619,1
1,"B",-1.59931784483312,2.13363691781112,1
1,"B",-0.764910643165322,-0.238770326521839,0
0,"A",-0.9734401338148,-0.0651364765041846,1
0,"B",-0.762584357476741,-0.565814565057317,1
0,"A",-1.57388432793158,0.192461577453989,0
0,"A",1.52047535441695,0.0703321960134278,1
1,"A",1.19155740513216,-1.32739775350803,0
0,"B",-2.01241421666515,0.581537370431928,1
1,"A",1.97513476797885,-1.43698798389855,1
0,"A",-0.61552578016318,0.546064634586043,1
0,"A",-2.52356727347909,-1.05039996573528,0
0,"B",-0.791647968116828,-0.473227753065389,0
1,"B",0.286687098064202,0.0634614847515469,1
0,"A",0.783516709238625,-1.05381931187313,1
1,"B",-0.418977413671894,-0.320716778233213,1
0,"B",-0.245255311173504,0.163934122483837,0
0,"A",0.41764830797112,-2.19678775813432,1
0,"A",-0.130646243880735,-0.0447328270930821,1
1,"A",1.06681814142202,1.24420513091603,0
1,"B",-0.00240535414783555,-0.224866655915091,0
0,"A",0.486419602519498,-1.35518816389662,0
1,"A",0.241819296010506,0.714848486689352,1
1,"B",-0.390244312524814,2.28224580541573,1
0,"A",-0.939144926825968,0.0466301663685275,1
1,"B",0.78859848476921,1.47226092852359,1
0,"B",-2.97688539723009,0.181007885369547,1
0,"A",-1.11409887414801,-1.65336067426293,1
0,"A",1.24192135313254,-0.205658953851158,0
1,"A",0.311879455628898,-0.013050166551262,0
0,"A",-0.93911393204176,-0.152999935298755,1
0,"B",-1.95364655947189,-2.02848511170464,1
0,"A",-0.187911079195347,-2.09267551545512,1
1,"A",-0.0791764369089296,0.112596413910737,1
1,"B",0.353290073518275,0.3124299108231,1
1,"A",0.804933083401033,0.292983278249072,1
1,"B",-0.974748263276746,1.67272602478022,1
0,"A",1.82474386659733,-0.456366971840971,0
0,"B",-0.297366509362515,0.919139857812191,0
0,"A",-0.887205107142788,-1.40764337903833,0
0,"B",-1.65759984504188,0.873432061693605,0
1,"A",1.14408651520331,-0.359400683908344,0
0,"A",0.983957233455785,-0.469934605884184,0
1,"A",1.07648728140324,-0.777096935364055,1
0,"A",-0.652333074602256,-1.40991586276935,0
1,"A",0.772430654702566,0.893047211580041,1
1,"A",-0.793658571061842,-0.666731210742024,0
0,"B",-0.450871273302875,-0.281889527177793,1
0,"A",-1.59795052627436,-1.33870821337023,0
1,"A",-0.76534699025849,-1.4111073925866,0
0,"B",-2.63990228680786,0.909208534623418,0
0,"B",-0.98483085354764,-0.806564632346721,1
1,"B",-0.891952962680144,0.440037821794447,0
0,"B",-1.6051511746064,-1.2505011645309,0
1,"A",0.727598031316213,0.415323406739872,0
1,"B",-0.133796111590964,-0.54292470145445,1
0,"B",0.251664591680756,0.970754578420694,1
1,"A",2.66221319850455,-0.154127911275669,1
1,"A",0.225037784256982,0.368246588139404,0
0,"B",-1.35477488998529,0.073985610292768,1
0,"A",-0.748352558515321,-0.663821928502467,1
0,"A",2.63654645601774,-1.60880712941552,0
0,"A",0.924584249850096,-0.65278554678053,0
0,"A",-0.183253192371103,-0.952944019068221,0
1,"B",-1.48834514115968,0.729116666391144,0
1,"A",-0.164568544070319,-0.221243549838194,0
1,"B",-0.728953966209958,0.868305272240278,0
0,"A",0.40692170069625,-1.31941491986282,1
0,"A",-0.266148848981736,0.492286975518527,1
0,"A",1.81528328152278,-1.11572478043038,0
1,"B",-1.22563990440928,2.49335445292375,0
0,"A",0.332802794811589,-0.734361491454789,1
0,"A",0.295404196025855,-2.71534366536207,1
1,"A",1.89876654746476,-0.75284099036586,1
0,"A",-0.0611898066403466,-1.26218276862125,0
1,"A",0.153322551823391,-1.31238332108555,0
1,"B",0.425015063437826,0.959876678120613,0
1,"A",0.142992296309169,-1.76050409489395,1
0,"B",0.018914420318961,-0.592835781327459,1
0,"A",0.508921161239622,-0.310635348673403,1
0,"B",-1.71254946912422,-0.0547365739343967,0
1,"A",1.13895302990049,-0.813762288415299,0
0,"A",-1.04044248511196,-0.417052866016892,1
1,"A",2.37873634580824,-0.42839812581639,1
0,"B",-1.09047903248038,0.373970957090569,1
1,"B",-1.28030490566849,2.88763531330966,1
0,"B",1.56663917345881,-1.61409316202262,1
1,"B",-0.67603759171476,-0.96416380612799,1
0,"B",-1.225813251469,-0.548072005041866,1
1,"A",-0.28329600749868,0.125671614610331,0
0,"B",0.659211420330392,-0.161397407229265,1
0,"B",-1.37673292552206,-0.0013758066293714,0
0,"A",0.0974268253292273,-0.00456195726497888,1
0,"A",0.0657841609894897,-0.978639861273216,0
0,"B",-0.359120908513722,0.701474596036847,0
1,"B",-0.504423558473085,0.990651663277402,1
1,"A",2.45834703432267,-1.41633977559788,1
1,"A",-0.0659951048988634,-1.64475796497984,1
1,"B",0.899047080728842,0.142837824324055,1
0,"B",-1.74445842462134,-0.745927544372234,0
0,"A",1.00870512513411,-1.59588280013236,0
0,"A",0.277193837694898,0.72158306693426,0
1,"B",-0.641483845274551,1.16497707093827,1
1,"A",-0.119430831954294,-0.529929218262209,1
0,"A",-0.261632328337474,-1.45024872228594,0
0,"B",-0.875819168550995,1.4666392773095,1
1,"B",-1.59453354375485,-0.580727629147843,1
0,"A",-0.00815892607937546,-1.25284984420757,1
0,"A",0.195251540696552,-0.0738340529615401,0
1,"A",2.15401673677218,-0.190835446653624,0
1,"A",-0.36192001657702,0.50116317926597,1
0,"A",-0.677339612028077,0.608076704684849,1
1,"A",0.644437875415066,-0.990443054586957,0
1,"B",-0.0108979725779682,-1.13725811458803,0
0,"A",2.14801960262232,-1.36171329380578,0
0,"B",0.871483864177546,-1.14970890562057,1
0,"B",-1.96103019498823,1.11285829740517,1
0,"A",-1.14537467494274,0.553643276722585,1
1,"A",1.23945847378309,-1.46599098091217,1
1,"A",1.58478754214514,-1.41135380159655,0
0,"A",-1.2141014830631,1.31236579694878,1
0,"B",-2.36768550220709,-1.4869570712365,0
1,"B",0.608010700468284,-0.136007479407254,1
0,"B",-0.648650268347941,-0.191325965071372,0
0,"A",0.0670533892288955,-0.706130333836834,1
0,"A",-1.08626361613351,-1.01850750746624,1
1,"B",-0.644488781903684,0.616830403283389,0
0,"A",0.392228159151889,0.146961162870788,0
1,"B",0.79423908161324,0.722793563109158,1
1,"A",1.83610296666251,1.01150338564526,0
1,"B",-0.909939771329238,2.23771661399829,1
0,"B",-1.03489851171578,-1.14416684063225,0
1,"A",0.948841554290054,0.111763748408466,1
1,"A",-0.152265516822827,0.887683320583877,0
0,"A",0.491905825658572,0.152057954952331,1
0,"B",-0.773672781203688,-0.573529698695377,1
1,"A",0.758842426265472,-0.296802203702064,1
1,"B",0.586160519760453,0.131917586224097,0
0,"B",-0.311826699778884,-1.22840929886632,0
0,"A",0.369892600489156,0.479252223956313,1
0,"B",0.163719032242843,1.16384019870076,0
0,"A",-0.176420107224189,-0.593437733616924,1
1,"A",-0.560362043953216,0.0868549902588447,0
0,"B",-1.605740647224,0.564751384777493,0
1,"B",1.71539707365995,-0.000777481079319076,0
0,"A",0.781649773628918,-2.39328186313971,1
1,"B",0.831590885404031,1.88740309917791,1
1,"A",1.05876981581988,2.00871039771245,1
0,"B",-0.635362352569049,-0.368164569741286,0
0,"A",-0.40402988783312,-0.764991825798609,0
0,"B",-0.0962789698421943,-0.644943597911348,0
0,"A",-0.943544420270954,0.487925415590968,1
0,"A",0.0273045205847857,0.129173313304187,0
1,"B",0.220698308274722,0.466991488947526,1
1,"A",0.0289087916017766,-0.633229943589488,1
0,"B",-0.242753779230873,-0.844581867501594,0
1,"A",0.563783822124226,0.266980833821567,1
0,"A",-1.21364469115399,-1.96130318168195,1
0,"A",-0.179402136323405,-0.649018764707459,1
0,"A",-1.42400495529628,-0.837849320396502,1
0,"A",-0.0614277951547784,-0.557450175600502,1
0,"A",0.0422211172504138,0.588405881990217,1
1,"B",0.572173897160536,0.712744867361274,1
0,"B",-1.49120544786306,0.0615881203618593,0
0,"B",-0.548737978534898,-0.0162306269860508,0
1,"B",-0.227763339906526,-1.15812142069679,1
1,"A",2.12591235505478,-0.148339771880969,0
0,"A",-0.0534963406410398,-1.23845188310124,0
1,"A",1.2466778359488,-0.703293210327408,0
1,"A",1.16705497659199,-0.445910292522155,0
0,"A",-0.3320630129827,-0.390922913776403,1
0,"B",-1.66241453483578,-1.419083228831,0
0,"A",0.85620019338925,-1.1435840410945,1
1,"A",1.06954254548051,1.75132807638702,0
0,"A",-0.960325383159191,-1.56469798437806,1
0,"A",1.60983886506482,0.0445757744803502,1
0,"A",1.35563050093131,-1.0875118239206,1
1,"A",-0.0187005569812304,-0.33816193842978,1
0,"B",-0.340332041573174,-0.168096085363757,0
0,"A",-0.245069711697721,-1.96470945746946,1
0,"A",-0.704090584191559,-0.412145884566139,1
0,"A",2.20782701653247,-1.33295755375044,0
0,"A",0.733738070778194,-0.57377452591605,0
1,"B",-0.432711934090137,0.549748314517377,1
0,"A",0.841594308402267,0.0129695131076,0
0,"B",-1.18176806414703,-0.318184239820249,1
1,"A",0.223455887728543,0.949675865125241,1
0,"B",-0.437099089644204,1.34295158739363,1
1,"A",0.256266240999072,-1.34866073959961,1
0,"B",-2.19717118338883,-2.33375771892512,1
1,"A",0.956753826871332,-0.940076171362654,0
0,"B",-0.460066371838666,0.0260476569771702,0
1,"B",-1.71041332116935,0.104058860848663,1
0,"B",-1.65177070745651,0.308836152940216,1
1,"A",1.27355773468828,-1.36874079431537,0
1,"B",0.473713939906605,0.95507591129869,0
1,"A",1.18568445465554,-0.153721338455218,0
0,"A",0.00219762517898098,-1.88179201590843,1
1,"B",-0.827291508096507,-1.01847892246673,0
1,"B",-0.195770168791449,1.12863275528744,0
1,"A",0.256133561134591,-1.44465406543914,0
1,"A",0.481489939327456,0.343289121142894,1
1,"A",1.59997332979097,0.0592135116082642,1
1,"B",-0.162484539533538,0.438748853503646,0
1,"B",1.03105931656152,1.27793933187403,1
0,"B",-0.225425197654413,-0.23307839571551,0
1,"A",0.700174969020046,-0.358740689354826,1
1,"A",-0.483617161604212,-0.242903466981672,0
0,"A",-0.61021481733169,-0.441682099727255,0
0,"A",-0.589833681344087,0.175123070294454,1
1,"B",-0.584275610520445,-0.302648069286278,1
1,"A",-0.117371522674944,0.3583413941124,1
0,"A",-0.542139126415264,-1.72499104100865,1
0,"A",0.334580930179492,0.0321281950583678,0
0,"B",0.634091423537468,0.603714608153982,0
1,"A",0.597324344095456,0.293808988343002,0
0,"B",-0.0673489819388753,0.0812952782942738,1
0,"B",-0.557303196455084,-0.34051273521173,0
0,"B",-1.90364787450166,-1.31959709270035,0
1,"A",1.37004434929715,-1.43856550648142,1
0,"A",0.416536736371732,-1.40964828576083,0
0,"A",0.141494905487592,-1.26676569219486,1
0,"B",0.294644861327434,-0.238129173439106,1
0,"A",1.09465771231891,-0.702298643400306,0
1,"A",-0.242205265381443,0.780056934716036,1
0,"A",-0.76894364810493,-0.447388440321787,0
1,"B",-0.0914119259102472,0.381979059012125,1
1,"B",-0.487097068332933,0.0598964185025656,0
1,"A",1.02609465460259,-0.911970066050126,1
1,"B",0.476952753204039,-0.934868005754073,0
0,"A",1.30105812554174,-0.926370611204743,1
1,"B",-0.489237809808116,-1.19005664398063,1
1,"A",1.76087784707765,-1.17997683382661,1
0,"A",0.127655562787771,-0.837563092111727,1
0,"B",-0.305602909302903,-0.188223876373351,1
1,"A",-1.536865856687,0.290104666719369,0
0,"A",0.0684111638634685,-1.61831215759554,0
0,"A",-0.666704626089384,-0.30481051020387,0
1,"B",-1.11494659051901,0.606879435291799,0
0,"B",-0.520678199400389,-2.41670255309156,1
0,"B",-0.800463077308019,-2.41742292281481,0
0,"A",0.533594911545547,-0.970758237600249,0
1,"B",-1.13759045694895,1.28748630267075,0
1,"A",0.5946611842559,1.2771157569377,1
0,"A",1.26160466943555,-2.33812988666999,0
0,"A",1.82167698631946,0.305527460212108,0
1,"B",1.93563434940001,0.874962888062756,0
0,"A",-0.957993446223717,-0.636641273987721,0
1,"B",-2.35623438198761,1.41980994690566,1
0,"B",-1.38126748969387,-0.61089887310654,0
1,"B",-1.05824642033764,1.23920757095593,0
1,"B",-0.0845256403460219,0.293083164509542,1
0,"A",-0.813855569798255,-1.06474574515602,1
0,"B",-1.79255856321991,-0.250135019493086,1
0,"B",-0.788969487878169,0.880902517420846,0
1,"A",0.230592666648628,-0.206537182299433,0
1,"B",-0.669066786435203,0.261564659210028,1
1,"B",0.68005524583394,1.26305945978053,0
1,"A",-0.131618348130009,-0.138958036061007,1
1,"B",-0.154610456646975,0.265369015288135,0
0,"B",-0.971349068745872,-0.180745349253287,0
1,"A",0.932416498081728,-0.320416881980459,0
0,"A",0.00929345206575627,-1.22946740509011,0
1,"B",-0.357444659455842,2.03877008944329,1
0,"A",-0.13029081464312,1.23772829441966,1
1,"A",0.832869075742386,0.362603125721492,1
1,"B",-0.602283061926059,-0.0801874156258789,1
0,"A",-0.257899332997998,-1.58809372969649,1
0,"A",-1.30525775656225,-2.29273151903712,1
1,"A",0.483844593412185,0.0310319580685697,0
1,"A",0.692702485358236,0.594137336133247,1
0,"B",0.281687522904543,-1.15469385638454,0
1,"A",0.304092991011551,-0.164422242960674,1
0,"A",0.248422318831649,-0.156640065237026,0
0,"A",-1.27168046400239,0.853806496185362,1
0,"B",-0.514273383618321,0.643729442962576,0
1,"A",0.78508016106503,-1.23814690986327,1
0,"A",-1.57276473264522,-1.30749860552076,0
0,"B",-1.08624762518781,-0.675261298414788,0
0,"B",-2.57459527721299,-0.3552772094121,1
1,"B",-0.697774862015806,0.144175832678452,0
0,"B",0.258467655563442,-0.734540350520831,1
0,"A",-0.553828586693578,-1.14656531373523,0
0,"B",-0.570878634631796,-2.01501195289062,0
0,"A",0.129951115934136,0.808834627642571,0
0,"B",-1.17817661410533,-0.555471402371037,0
0,"B",-1.86319744206123,1.40771254051565,0
0,"A",-0.322177396479122,-0.00296565439362639,1
1,"B",-1.38313917495594,1.39677329030968,1
0,"A",0.574417650658299,-2.13537084907677,1
0,"B",0.229987175845082,1.3087621801336,0
1,"B",-0.657789570440633,-1.79476191056433,1
0,"A",1.76950624977204,-1.30930764557977,0
1,"B",0.580123471450245,-1.02295862164858,1
1,"A",1.99744529022211,-1.00936092102387,0
0,"B",0.935446068532944,1.45282965661065,0
0,"A",-1.09958684783697,-0.164455560068433,0
0,"B",-1.51688502218851,0.24447904405736,0
0,"A",-0.861541110472104,-0.451110222954789,0
1,"B",-2.85897500498579,-0.382390410664356,0
0,"A",-1.44919966480122,-0.201571525132778,0
0,"B",-0.512508697926448,0.229491035805647,0
1,"A",1.77115119542572,-0.289606896206296,1
1,"B",-0.546722625391964,1.15749910688293,1
0,"A",-0.296703372404335,-0.155909475852769,1
1,"A",2.10260068791071,-0.720874946428516,1
0,"A",-2.54252254479262,-1.3931643697995,0
0,"B",-0.651052062759454,-0.873383303021364,0
1,"B",0.679282386483156,1.24090782267374,0
1,"A",0.560192628484874,0.737059660295164,1
0,"A",-0.999388410327164,-1.0576820797074,1
1,"B",-0.628665339179803,1.43488955741127,0
0,"A",0.599410272015571,-1.7699805582508,0
0,"A",0.535359701573843,-1.86852085474765,1
0,"B",-1.00379956043055,-1.03803477194404,0
1,"B",-0.264006684174852,-0.650393838275487,1
0,"A",-0.0543557264010684,-1.06921121083236,0
0,"A",-1.10160675408211,-1.77922044818245,0
