"y","group","x1","x2","x3"
0,"A",0.913109980622033,-1.47837279978996,0
0,"A",1.18988450616891,-1.11217406820911,1
1,"A",1.57784312273236,-0.478011435413349,1
0,"A",-0.525512511240872,-1.31713489237009,0
1,"A",0.951504020510326,-0.159090372941001,1
0,"A",-0.167726196147643,-0.383375805447343,0
0,"A",0.41764830797112,-2.19678775813432,1
0,"A",-0.132327914334315,-0.865734546923103,0
0,"A",0.391841813066676,0.0624745794302891,1
0,"A",-0.604192621157404,-1.39336032957671,1
0,"A",-0.18900228567181,-1.86295235848375,1
0,"B",-1.03103335710393,-0.820575266008122,1
0,"A",-1.69863167145021,0.610930500140559,1
0,"A",0.173167003204586,-1.03855581199349,0
0,"A",1.1114863039171,0.634844876133798,0
0,"A",-0.377876305896538,1.09792858802866,0
1,"A",0.792954747496304,-1.59797939380101,0
1,"A",1.42238741561944,-0.617349594805428,0
1,"A",0.979164685933472,0.657052101101924,1
1,"A",0.951128660464693,-0.455292310261222,0
1,"A",0.252128543068563,-0.842410213315967,1
1,"A",1.96202394069336,-0.542672524475634,0
1,"A",0.340474077073361,-2.1236375155916,0
1,"A",0.733655066194785,0.117974558819204,0
0,"A",0.965115675750028,-0.594254716500243,1
0,"A",-0.281625799151644,-0.244041533917432,0
0,"A",-0.35280646094939,-0.773154847307813,1
0,"B",1.1539372480732,0.810320878310247,0
0,"A",-1.58862357822731,0.165463157098992,1
0,"A",0.408507846159401,-0.448407400778058,1
1,"B",0.894762203426001,-0.153790232554831,1
1,"A",0.143091882553315,-1.35519773165004,1
0,"A",-1.11624226634977,-1.6572763258859,0
0,"A",1.05930044776503,-1.85267009088577,0
0,"A",-1.07445175572867,-1.68782095844594,1
0,"A",-1.19756066250051,-0.774523737023611,0
0,"A",0.927482235347161,-1.77393723827017,1
0,"B",-1.35095102237375,-0.359765460148865,0
0,"A",0.735402901398088,0.561608211146986,0
0,"A",-0.0569552335835796,0.221948470648623,0
0,"A",0.348881969601663,0.269019197951225,0
1,"A",1.35373086648041,-1.20649471657196,1
1,"A",-1.45613598796886,0.0156652582184362,0
1,"A",0.360369111084865,-0.155896941112612,1
0,"A",-0.435283614873999,-1.23773786806291,0
1,"A",1.1604770599707,-0.545947002695222,0
0,"A",-0.0660987890084382,-0.940514620014606,1
0,"A",1.26145845936059,-1.34367589753563,0
0,"A",0.302799715158331,-0.57837522419372,1
1,"A",1.77004476477985,0.314315744014761,1
0,"A",-0.643140789196504,1.51822459673806,0
0,"A",0.162148912989458,1.38602515022122,1
1,"A",-0.525379372715943,-0.245102608133465,0
0,"A",-0.829575067318828,1.77962632921121,1
1,"A",1.058064248137,0.82112348116647,1
0,"A",-0.641263535523875,-0.286858566795041,1
1,"A",2.15763518532316,0.228601109192368,1
0,"A",-0.0694927810717926,-0.249115674859608,1
0,"A",1.6888385897402,0.676250483796633,1
1,"A",0.515868957247465,-0.458812275088516,0
1,"A",2.39331006358117,0.381283429783133,1
0,"A",1.51566485317754,-1.55854035461299,0
1,"A",0.336409243484796,-0.271032425839407,1
0,"A",-0.126447155500306,-0.0527873978670721,0
0,"A",-1.74417524717445,0.281386913012188,0
0,"A",-2.05694461895908,0.225912463011621,0
0,"A",0.657744821757351,-0.587939227626622,0
0,"A",-0.205801171028751,-0.675466177676189,1
1,"A",0.578699025863563,-0.507850277067585,0
1,"A",1.65519148086385,-0.29767413398235,1
0,"A",0.441734582031486,-0.611921821252564,1
0,"A",-0.506702149587261,-0.431598190961551,0
0,"A",-1.1287142790064,-0.250067795683302,0
0,"A",0.685107231111747,-0.752432644931641,0
1,"A",0.895698029886776,1.09329222695679,0
1,"A",-0.869073139124073,0.55036791903592,0
1,"A",0.97696639015743,1.36966466835541,1
0,"A",-1.33786057426534,0.850049571671965,0
1,"A",0.404432257538081,0.0363129126800461,0
1,"A",-0.49187677982798,0.077790956049903,1
1,"A",0.362123496997913,0.884109302185482,1
0,"A",0.0556401430142315,0.0812679799027913,1
0,"A",0.392228159151889,0.146961162870788,0
1,"A",1.16705497659199,-0.445910292522155,0
1,"A",0.388167817614875,-0.862372497836508,1
1,"A",0.471604341084667,-0.445597811403838,1
1,"A",0.63574468537475,-0.478904344818085,1
0,"A",-0.499706698418011,-0.988820397723252,0
0,"A",-0.157910355843668,-0.19818052756491,1
0,"A",1.05295931340625,-1.00383626491101,0
1,"A",1.27648017796793,-0.385350630911422,1
0,"B",0.238092288935381,0.701578462902028,0
1,"A",1.2458363191862,-0.00202832456722662,0
1,"A",1.19595726919597,1.30588020258637,0
0,"A",1.43609974191393,-0.315810899001384,0
1,"A",-0.368234935927931,-0.121729449872774,0
1,"A",-0.0582853687351558,0.261856779401734,1
0,"A",0.212850845036699,-0.33818437318843,1
1,"A",0.61702445754317,-0.218940061295257,0
0,"A",-0.558684804073029,1.46637373146896,1
1,"A",0.791000509767632,-1.01643591935528,0
0,"A",-0.629520309025047,0.700616879365262,1
0,"A",0.563630789081491,0.365793058101948,0
1,"A",0.44181674289698,-2.94536090052753,0
0,"A",0.682444166152277,-1.5193887388128,1
0,"A",1.35863882189351,-0.81771496325933,1
0,"B",-0.750958980559524,-0.968561504026243,0
0,"A",0.00952445255118256,-1.72386206069086,1
1,"A",0.61088886488415,0.00781657262856661,0
1,"A",1.76341155743079,-0.0623770150234699,0
0,"A",-1.98653666013929,0.42199310594811,1
0,"A",0.0989690030138951,-1.22286613299319,1
1,"A",1.90628033225434,1.2228176208886,1
0,"A",-0.305943644914869,-0.0336358369800064,1
0,"A",0.710577123107023,-1.56258679172276,0
1,"A",0.344616398013664,-0.304611493553689,1
1,"A",1.7171994982544,-0.0758156810471601,0
1,"B",-1.31731098827213,1.3038629406947,0
0,"A",1.24327678306439,-1.26135096231714,1
1,"A",0.793848431894341,-0.724488099689888,1
1,"A",0.508584992290705,-2.5931372845275,0
1,"A",0.075361345769518,-0.60517257675913,1
1,"A",-0.523311742663302,0.0118033461767499,1
0,"A",-0.399906332397296,0.311875336242652,0
0,"A",-0.446438727905926,-0.375874496599993,1
1,"A",0.150480047372782,-0.201397505627443,1
0,"A",-0.841132518916587,-0.341106290340739,0
0,"A",-1.34633687994281,0.729689997546186,0
0,"A",-0.404745815343908,-0.333058152670996,0
0,"A",0.593476052327864,-0.00465714298700126,1
1,"A",0.36889071828381,-0.752992012506813,1
0,"A",0.433408664744032,-0.467849282112427,0
0,"A",0.499153705613839,-1.21701562042729,0
0,"A",1.20275550608054,0.189033598672891,0
0,"A",0.512785544152102,-0.449673174423877,1
0,"A",-0.864567239026135,-0.201367781117503,1
0,"A",-0.921781514641576,-0.826322698960533,1
1,"A",0.0912911523716145,-1.02220265562248,1
0,"A",-0.434866177256138,0.629120165797862,1
0,"A",-1.14363884519593,-0.188733073796083,0
0,"A",0.796200190242471,-0.69815410768089,0
0,"A",0.45662585599962,0.610328128280298,0
0,"A",-0.45927914074391,-0.918546620426626,1
0,"A",-0.12145580708046,-1.35551116484986,0
0,"A",-0.0988850116708364,-1.55226824759422,0
1,"A",-0.324593760059418,-0.288841212823084,1
0,"A",-1.06947666466974,-2.35820857556685,0
1,"A",2.28955057524409,-1.9360433454067,1
0,"A",0.940543167120104,-0.599092549489931,0
1,"A",0.906322387071216,-1.3147253938041,1
0,"A",-2.54512232324504,0.100975017353562,1
1,"A",0.0917581034876061,-0.344507781150069,1
1,"A",0.203270235493791,-0.763161397645926,1
0,"A",0.358003651524407,0.0471524883676072,1
1,"A",0.142257970413144,1.40885757737498,1
0,"A",0.259740450950464,0.384271946434294,1
0,"A",-0.124670066715562,-2.42556124618719,1
0,"A",0.715385175667019,-0.0105866438023418,0
1,"A",1.64981821648482,-0.299182153293546,0
1,"A",1.48739615033389,0.890297841436932,1
1,"A",0.849130808944044,-1.01528710606422,0
1,"A",-0.437898285243909,1.07845056388126,1
0,"A",-1.1195916197793,-0.796172647618232,1
0,"B",-0.179947593437589,-0.818009585104365,0
1,"B",-0.0168120092529456,-0.2071259373572,1
0,"A",-1.3294240248191,-1.09154774599411,0
0,"A",-1.17297526905059,0.017984052843164,1
0,"A",-0.670756170338563,1.24214859151586,0
0,"B",-1.31437478908626,-0.335120352304414,0
1,"A",1.34501623535444,0.979693346577887,0
1,"A",-1.41857383466087,0.00762820536213016,0
1,"A",-0.207902725420468,-0.66977797624883,0
1,"A",0.269306378786604,-1.35709554187928,1
1,"A",2.19595366273068,0.892707240775623,1
0,"A",-0.263457463157367,0.705922098056777,1
0,"A",0.265093009781397,-0.668677278817065,1
1,"A",-0.797132523481639,0.682948064466995,0
0,"A",-0.719730217320949,-0.785897898042861,1
0,"A",0.0611538208642855,1.17221044042383,1
0,"A",0.93796109285049,-0.181103739525325,1
0,"A",-1.64697247010976,-1.3084264063049,1
0,"A",-1.08080991714893,-0.751915912184756,1
1,"A",-0.890340157503821,0.0740938606445783,1
0,"A",0.138350022880598,0.180515351115317,0
1,"A",1.9409629696128,-0.459136430415448,1
0,"A",0.243846514310326,-1.21018936528216,1
1,"A",1.01195507403457,-0.566421291975165,0
0,"B",-0.858375359341373,-0.136619537518132,0
0,"A",0.537819740355775,-0.0578786695385605,0
0,"A",-0.440858104513791,-0.127730196892198,1
0,"A",-0.688747163009657,-0.670537088813034,0
0,"A",-0.525048721784606,-1.31587813905539,1
1,"A",1.14553838838931,-0.671055011226494,0
0,"A",1.26584089183541,-0.383354078805432,1
1,"A",0.55396424875982,-1.53081258404326,1
1,"A",0.0165785752621753,1.44664409300622,1
0,"B",-1.73961204068439,0.501450861209325,1
0,"A",0.0422222436001997,0.254556933420964,1
0,"A",0.485614653484184,-1.3306548133529,1
0,"A",0.56489137629242,-1.12191773669655,1
0,"A",2.32058832193332,-1.00242687627801,0
0,"A",-0.19092145688231,-0.12557860523812,1
1,"B",-2.5266007416413,1.68129065486033,0
1,"A",-0.727829696520682,-1.03083138045046,1
0,"A",0.790012858812405,-1.10302344313515,0
1,"A",0.592009782250378,1.64553076899938,1
0,"A",0.464064138292366,0.0240909861232559,1
0,"A",-0.860724981990711,0.866117735251026,1
0,"A",-0.257899332997998,-1.58809372969649,1
1,"A",0.52614431876056,0.62704154554728,1
0,"A",1.47063532660661,1.40540347944499,1
1,"A",-0.807527953126941,0.177878903779059,0
0,"A",-0.00141925591744757,1.45325669024881,0
0,"A",0.531144946534781,-2.2383700126132,0
0,"A",-0.920908475165218,-0.450038044187305,1
0,"A",0.00514449229418901,-0.374185952418191,1
1,"A",0.418651100435478,-0.108900336091932,1
1,"A",-0.459041587429161,-2.172958456988,1
1,"A",1.78634631694511,-0.982678986455523,1
1,"A",-0.200391821784136,0.162131069746431,0
0,"A",-0.470968778652334,-2.08628860642854,0
1,"A",2.79660421058746,-0.696116576067917,0
0,"A",-0.754166564337338,-1.21850392707237,0
1,"A",0.406614348229312,-1.83644303617058,1
0,"A",-0.575207871347843,-0.185713329538388,1
0,"A",-0.870833897653329,-0.657633891994644,1
1,"A",0.143958099099704,0.725546219998768,1
1,"A",-0.628432664871042,0.201562793619091,1
1,"A",1.37830065992278,-1.34688450700149,1
1,"A",1.0043585272958,-1.0707962558889,1
1,"A",0.672391492606756,1.48699315768476,1
1,"A",2.16540151262546,-1.29719189015677,1
1,"A",0.00536580549430077,-0.391735465294651,1
0,"A",0.393412126021962,1.22335473448981,0
0,"A",-1.1535754062707,1.12888142801741,0
0,"A",-0.245041702379334,-0.599038330030299,0
1,"B",1.10170940384303,1.92343094889983,0
1,"A",0.940100714069431,0.314441829832971,0
1,"A",0.0100007646647581,0.0715920446537299,0
1,"A",-1.79629177397906,-0.206660065512178,0
0,"B",-0.810206612163988,-0.582332188023823,0
1,"A",-0.598373612889734,0.0336052217543148,1
0,"A",-1.73452669229512,0.220231099734637,1
1,"A",0.55926191871324,0.989199502297849,1
0,"A",-1.57276473264522,-1.30749860552076,0
0,"B",-0.640167846447306,-0.0916472874978826,0
0,"A",-0.890090771648498,1.4533633962034,0
0,"B",0.0825872907385335,1.20152741116132,0
1,"A",0.529695221275303,0.899669262061184,1
1,"A",0.242364850247782,-0.465088596905038,0
1,"A",0.907756555578429,-0.0227414022101725,0
1,"A",0.467292116331396,0.498335984674388,1
0,"A",-0.667050242582299,-0.417964013925962,0
0,"A",-1.98824404847148,0.187450031458226,1
0,"A",0.161030689687891,-0.973963438479003,1
1,"A",1.05903336406705,-2.00504190947268,0
1,"A",0.0970135441255977,-1.89324371908537,1
1,"A",0.695173553635552,-1.27413670295252,1
1,"A",2.00534786180053,0.388347722212173,0
0,"B",-0.330515626513482,-0.587745125719536,1
0,"A",-0.215372530451235,-1.74198304062211,1
1,"A",0.796660155843155,1.4673112931837,1
1,"A",0.564971092214143,0.370168427468365,1
0,"A",-0.928683765492409,-1.0244921274934,0
1,"A",1.53983469664766,0.544050850670165,0
0,"A",-1.00840009370094,0.219655165987818,1
0,"A",0.974036676962012,-0.550231484789732,1
0,"A",0.683047601598395,-0.755704354167845,1
1,"B",-1.64270707112355,0.98796614119982,1
0,"B",-1.44817161114519,0.482464992957676,1
1,"A",1.37585589729066,-0.124971860874446,1
1,"A",-0.00445691816291216,-1.05496256199028,1
0,"A",0.170406728329875,0.565650207294229,1
0,"A",-0.708844867018138,-1.82967808400278,1
1,"A",2.03062148333539,0.665950209044319,1
0,"A",-1.11876099421966,1.07447426352906,0
1,"A",0.360569589954922,-0.850145924999627,1
1,"A",-0.35290852837183,0.396340303781683,0
0,"A",1.50070087067797,0.0462597587039858,1
0,"B",0.371205351311683,-0.61382474775075,1
1,"A",-1.31965170162266,2.06329608944143,0
1,"A",1.42640503394989,-0.585045759888815,1
1,"A",-0.184394850739905,1.15444717428871,0
0,"B",-0.661414493137947,-0.118589347091359,1
0,"A",-0.126851208210008,-1.21830935484214,0
0,"A",0.718518763348543,0.122941882302177,1
0,"A",0.0503145904963055,-0.673816139717842,0
1,"A",1.82876598381055,-0.807543215956863,0
1,"A",-0.0595629764178662,-0.525176451880693,0
1,"A",1.49006954982167,-0.0832914649023679,0
0,"A",-0.387130998015608,-1.07988715788585,0
1,"A",0.15307157477999,-2.15775186899513,0
0,"A",-0.370130562587727,-1.57843443125791,1
0,"A",-0.25509190792364,-0.824095887634364,0
1,"A",0.766902375506105,-1.11212406948195,0
0,"A",0.844193473582137,-0.706922952012635,0
1,"A",2.31356340507859,-0.270959833954426,0
1,"A",0.175809006627313,-1.65879890655954,0
0,"A",-0.24267269803277,0.13451430096094,0
0,"A",-0.586315211013669,-1.56513521444906,0
1,"B",-0.235275835060088,2.42327904757887,1
0,"A",-0.12543120189214,-0.402712522421778,1
0,"A",0.920682486853448,-2.31544837775622,1
0,"A",2.15689679481649,-0.21768471331825,0
0,"A",-1.51621993705757,-1.03202419314356,1
0,"A",-0.952928683578764,0.624971570249695,1
1,"A",-0.852132911282339,-0.827403493683799,1
0,"B",-0.685425107757802,-0.665047098620164,0
0,"A",0.00777055740063487,-0.38177271360787,1
0,"A",-1.3511852901806,-0.404666004521126,1
0,"A",-0.266601528362982,-0.201643380377637,1
0,"B",-0.853718413975344,-0.949805722082595,0
1,"A",1.38545999080965,0.653589523522901,1
1,"A",0.840646861383625,0.197954746104393,1
1,"A",2.21440401913243,-0.929159958648239,0
1,"A",-0.889705828257507,-1.11699642879774,0
0,"A",0.803306266652274,0.0463708267128332,1
1,"A",-0.314624573136332,-0.432980409440565,1
0,"A",0.995073999465042,-0.625767543476843,0
1,"A",0.60184352041538,0.937750122624133,0
0,"A",1.46692306429445,-2.75277792860423,0
1,"A",1.29124411421999,-1.33133237275145,0
0,"A",0.453455921396187,-1.63652546079365,0
0,"A",-2.03292173317842,-0.591670009463395,0
1,"A",0.693702622186467,-0.2662531159963,1
1,"A",2.20739287245953,-0.0828350441832285,0
1,"A",1.4805808676675,0.751471718951759,0
0,"A",-2.22536310362762,-1.06742065990671,1
1,"A",1.96573316091165,0.652422156245242,0
1,"A",0.519052256367069,-0.750260061220917,1
1,"B",-0.125816324504344,-0.776670962103611,1
1,"A",2.83451884934038,-1.28725443211252,1
1,"A",0.65499743906873,0.273870679304545,1
0,"A",0.38952431729101,-0.708689662054495,0
0,"A",0.140321611820331,-1.5870792170341,1
1,"A",1.0928698980248,0.934682137319901,1
0,"A",-0.794089525468183,-2.65326660924596,1
0,"A",-2.18349554857618,0.450625738989882,0
0,"A",0.0482184552490201,1.19900078940403,0
1,"A",-0.800498906212273,0.25126265486974,1
1,"A",0.13873531116052,-0.264044966515981,0
0,"A",-0.139368221698604,-0.909281006981633,0
0,"A",-0.431085799822562,-0.68404639955374,1
0,"A",2.65236540420488,-0.305760660102779,0
0,"A",-0.0831211072017062,-1.61648602004219,0
0,"A",-0.245069711697721,-1.96470945746946,1
0,"A",-0.567589000756039,0.575501338407819,1
0,"A",-0.74626947502484,-1.43819100177029,1
1,"B",-0.136178242783398,-0.144254225378868,1
0,"A",0.171572983118923,-0.0952087827513823,0
1,"A",-0.0706756165644562,-0.326491400843715,1
0,"A",0.501210862454705,-0.276685580036133,1
0,"A",0.195379601923151,-2.08751015786166,1
1,"A",1.521742045532,0.637937554311945,1
1,"A",0.081215466583381,-1.11982400824648,0
0,"A",0.302851709752372,-0.161871837292262,0
1,"A",-0.00791663683774707,-0.394022387182037,1
1,"A",0.340938078463991,0.316250466056479,0
0,"A",1.2179117641868,-0.186435929649019,0
0,"A",0.348565558449489,-2.49725471825545,1
1,"A",2.06969080140682,-1.77469992167961,0
1,"A",-0.201448855026613,-1.15536888726561,1
1,"A",0.421613779500291,-1.76563277374393,1
0,"A",-1.35592215191489,-0.600131494682417,0
0,"A",-0.337542064308088,1.77419476126951,0
0,"A",-0.501444653852543,-2.44737743930501,1
1,"A",-0.0762082621674144,-0.560722936896696,0
0,"A",-0.527766719975993,-1.42304326258189,0
1,"A",0.864420784723272,-0.0211682967980883,1
0,"A",0.323154391779857,-0.25272143579015,0
0,"A",0.255031699570532,-1.44645973825243,0
0,"A",1.56180774009444,-1.33733792359483,0
1,"B",-0.740780730053293,-1.1859939783966,1
1,"B",-1.28081746193403,1.64200486092324,0
1,"A",-0.730570755895137,-0.667094947163509,1
1,"A",0.190807133771238,-1.19526259952624,1
0,"A",-0.603305535611042,0.76764759246195,1
1,"A",0.371842255945558,0.523000605012787,1
1,"A",-1.89327947606147,1.10729068643409,1
1,"A",0.431449427747229,-2.4566968811606,1
0,"A",0.800213079185186,-0.746100555336596,1
1,"A",0.87063506379468,-0.150989068719905,0
1,"A",1.19268812561108,0.612442257839719,1
1,"A",0.0969296620266198,1.14639798216381,1
1,"A",1.24141156692955,0.764375098962756,1
0,"A",0.524299932358901,-0.842339309464175,1
1,"A",-0.14661495567585,-0.173889917056544,1
1,"A",-0.5963028513946,0.602591114460819,0
0,"A",0.702357220478407,-1.43500625313479,1
1,"A",1.42703149195821,-0.0577176721736169,1
0,"A",-0.570794239748426,-1.61478574137936,1
1,"A",2.15006921510792,0.294973121530151,1
0,"A",-0.609868869046285,-2.17863663512519,0
0,"A",-0.677339612028077,0.608076704684849,1
1,"A",1.95530076210664,-0.310910493643504,1
1,"A",0.798705322796265,0.157042333142426,0
0,"A",-0.99683509553169,-0.926974379424175,0
0,"A",-0.743675504577335,0.725510200023807,0
0,"A",-0.79876580346922,-0.979264075919681,1
0,"A",-0.876400236389723,-2.22225501961095,1
1,"A",-0.451782224795008,-1.2691874648128,0
0,"A",0.332802794811589,-0.734361491454789,1
1,"A",-0.283101784819719,0.670082267309246,1
1,"A",0.475049632942783,-0.426577240179631,0
1,"A",-0.28632048692755,0.931542329420268,1
0,"A",-0.969128380143351,-1.55236606235943,1
1,"A",0.875344346813492,-1.67576031818508,1
1,"A",-1.67180422927918,-0.491034826889347,0
0,"A",-0.831795859839424,0.0539217253337148,0
1,"A",1.53309675854828,-0.210767049981269,0
0,"A",0.936295083089095,-1.13963055664028,0
1,"A",-0.333769936701838,0.130530946865482,0
1,"B",-0.328138942348044,-0.249181572693737,0
1,"A",-0.0333331326820669,-1.00086518329582,1
0,"A",1.12627428931008,-0.508969221775184,1
0,"A",-1.1945351516307,1.32876002120104,1
0,"A",-0.877242485442011,-0.244500584168862,1
0,"A",-0.085321124813286,-0.22670051911689,1
0,"A",0.342577900851168,-0.132582514575175,0
1,"A",-0.112108171124473,-0.526755494603908,1
1,"A",1.43515520091802,-0.74469410300632,0
0,"A",-0.115936702045485,-0.418292799034845,1
1,"B",0.448851866137405,-0.197193157974182,0
1,"A",1.0866197524,1.10682134298963,1
0,"A",0.515672718825312,-0.90959931790329,0
1,"A",0.246177798921988,-0.116256901349077,0
0,"A",1.50560462620083,0.0412441020602472,1
1,"A",1.31253953691698,-1.83952796458664,0
0,"B",-1.0329978449597,2.44909424733577,1
0,"A",-0.433290244211722,-0.0369901877383078,0
0,"A",0.873646504266823,-1.71314769914837,1
1,"A",-0.41317254698158,-0.577474528168917,0
1,"A",0.797203650032821,0.639764698401169,0
0,"A",-1.00078680932398,0.74446597987075,0
1,"A",0.186637348379335,-0.876012159886299,0
0,"A",1.26661780034673,-0.592963272895384,1
0,"A",-1.10777816584958,-1.43975854048746,1
0,"A",-1.46675651587961,-1.07047581352095,1
0,"A",-0.00730577469769977,-1.4384673566069,0
1,"A",0.775364390696645,-0.259785797133551,0
0,"A",0.782173339441113,-0.273987720088503,1
1,"A",2.01316552252573,1.08216755540783,0
0,"A",0.309665595552648,0.339459948320333,1
0,"A",0.654647837381594,0.118121025418903,0
0,"A",-0.0329659782134272,-0.736037270508896,0
1,"A",1.22958214464422,0.962425285514356,1
0,"A",0.837093626682788,1.4283475656288,1
1,"A",-0.303981546666481,-2.10950205561874,1
0,"A",1.15492505179546,0.222217425981533,0
1,"A",1.11203412911791,-2.1606150192913,1
1,"A",0.431842483568863,-0.294304134412195,0
0,"A",0.950736818693274,-0.816080528994259,1
0,"A",1.67411252264353,0.35835522042753,1
0,"A",0.649034323052873,-2.64476424357399,0
1,"A",1.33580652138634,-0.340884824388053,1
1,"A",0.509882615765051,0.141010963003164,1
1,"A",0.901577997123168,0.819943648728235,1
0,"A",0.895214933863169,-1.09965908009931,1
0,"A",0.487345791099531,-1.81037075792491,1
1,"A",-0.340724305192979,-1.14877428365214,1
1,"A",0.960463439753553,0.0792134348616885,0
1,"A",-0.609537445158811,-0.795204811319484,1
1,"A",1.00624641396051,-0.780587167567303,1
0,"A",-0.391918266075315,0.38470168451676,1
0,"A",0.321924825311763,-0.119632513037563,0
0,"A",1.00629885965909,-0.688874327975405,0
1,"A",-0.331194064179233,0.559219312964868,0
1,"A",1.37004434929715,-1.43856550648142,1
1,"A",1.69372576724351,-0.255400979889085,1
0,"A",0.219487463020776,0.65508128640588,1
1,"A",1.9498067504386,-0.446737966303177,1
1,"A",2.16042311976307,-1.73457865933201,1
0,"B",-0.041528918179828,0.0213020903682433,0
0,"A",-0.609552627541163,-0.66210474741231,0
0,"A",0.423962669410071,-0.905010253808922,1
1,"A",1.46887724222099,0.771318928427505,0
1,"A",-0.0804224483999712,-1.78451744713845,0
1,"A",-0.051325241953541,-1.12670669894946,0
0,"A",-0.139847938553401,0.833453875967455,0
1,"A",-1.32208255184111,0.200832110564676,0
0,"A",0.282824677807517,-0.755891406993286,0
1,"A",1.23434823124899,0.410656699200095,0
1,"A",-0.632592411591341,-1.14742649309761,1
0,"A",-0.0458537985880006,2.158857976686,0
0,"A",-0.470748061308776,-2.63494070601734,0
1,"A",0.421112215670327,1.24957243537989,1
0,"A",-0.139296760895013,-1.64766770743005,0
1,"A",0.406380476845307,-0.555645588586622,1
0,"A",0.747469141107766,1.42509779597987,1
1,"A",1.00406394358403,-0.385705427477641,1
0,"A",-1.12843059169457,0.163693493759368,0
1,"A",1.26246181444389,-0.579217571181439,1
0,"A",-0.296074549439644,-1.77437038948118,1
0,"A",-0.399293088410837,-0.396740704716709,0
1,"A",0.360314410857421,-0.459905775040225,0
1,"A",0.21413385714461,0.392257491080468,1
1,"A",0.130762685064111,3.68958144974467,0
1,"A",0.62835333210924,0.511643618268167,1
0,"A",-0.548750459884559,-0.0190635547477501,0
1,"A",-0.452718591404505,-0.410278841639013,0
0,"A",1.47669558014548,-2.32364954794147,1
0,"A",0.379134499911014,-1.15668553567611,0
0,"A",0.710475266511307,0.756671388516025,0
0,"A",0.0871941872414425,-0.449479891353095,0
0,"A",1.15176655807145,-2.6150851861608,0
1,"A",0.430596634495015,0.402959623686993,1
1,"A",0.156114776209049,-0.697430711175043,1
0,"A",2.82970864184634,-0.315018082621633,1
1,"B",-0.378277840282183,0.49466660047533,0
0,"A",-0.179743473392479,-1.75298903701065,0
0,"A",2.75174090772274,-0.107305436106539,1
0,"A",-0.265016913641255,0.417464271201153,0
1,"A",0.883896066869401,1.11381868447927,0
0,"A",-0.0632182594420594,-1.66912844369426,1
0,"A",-0.783969392681675,-1.6183724764446,1
0,"A",0.0833982204516622,-0.992362820404893,1
0,"A",-0.317758602300968,0.656949709685949,1
1,"A",0.296539155055679,-1.18487123812148,1
0,"A",0.484357583890239,-1.29385333076597,1
1,"A",1.33532408072863,0.325820608237716,0
1,"A",0.964989772540825,0.299435864333217,0
1,"A",1.80184318011785,-0.0213736997360846,0
0,"A",0.36431262223997,-0.0220471680077755,0
1,"A",-0.864864035777711,0.465766596648172,0
1,"A",0.900750277037157,0.0545265198370931,1
0,"A",-0.274413400572194,1.20274268011376,0
1,"A",0.841195397428535,0.732398721109064,0
1,"A",-0.334348265457261,0.177800020277413,1
0,"A",1.29421700292688,-0.645585814556326,1
1,"A",-0.0418865209233349,-0.10876589077709,1
1,"A",1.60117761757012,2.06520137634544,1
0,"A",1.80628021087218,-1.30335376821085,1
0,"A",-0.0132459929043772,-0.197638136271127,1
1,"B",0.384712421491923,0.954946640470248,0
1,"A",-0.149205475373131,1.07657055282048,1
0,"A",0.247480361443096,-0.78864659890092,1
1,"A",0.410607754078373,-0.22662428744979,1
1,"A",-0.416906105537447,-0.662179343745125,1
1,"A",-0.921738255687931,-2.09087536490486,1
1,"A",1.58444408957411,-0.825649854165171,1
0,"A",0.252265689569066,-1.22717788474883,0
0,"A",-1.57868805177742,-2.2704130329386,1
1,"A",-0.0716182437180079,-0.224560114098713,1
1,"A",-0.400307119422832,-0.411634493453281,1
0,"A",-0.606399471566913,-2.22096798907798,1
0,"A",-0.612424152742908,-1.03194861933101,0
0,"A",0.16397510324761,-0.235184371961117,1
1,"A",-0.334560048759179,-0.32020467997183,0
1,"A",0.701556049362333,-0.0556671302454475,0
1,"A",-0.652558551706762,-0.219786784979743,1
0,"A",0.270233234159309,-0.785754148570024,0
0,"A",-0.0183136949480501,-1.04754729163339,1
1,"A",-0.353415861953977,0.366023943557315,0
1,"A",-0.274896737881156,0.241524296522909,1
0,"A",-0.55263801367014,-1.2676936135286,1
1,"A",1.40427046170506,1.82581319653033,0
0,"A",0.957280887350618,-1.35065349158259,0
0,"A",-0.710496657369583,1.20800237886509,1
1,"A",1.11813456001496,0.0131173654444289,1
1,"A",1.1757906764995,-1.49204998228884,0
1,"A",0.767216125540272,0.607074787900161,1
0,"A",-0.0494278291749938,-0.713177508530274,1
0,"A",1.47759022739806,-2.34874401164375,0
0,"A",0.74947457191659,-0.329815257874686,0
1,"A",1.60701537194245,0.91163189858158,1
0,"A",1.10488500629403,-1.1079198468411,1
1,"A",1.16974608472485,0.217305129610578,0
1,"A",2.42736493053354,-1.62795450449829,1
0,"A",0.653576097675086,-1.80028818906116,0
1,"A",0.342655659131958,-0.120559674022669,1
1,"A",0.183830973042815,0.353760018561189,0
0,"A",-0.855607942446507,-0.656621254950229,1
1,"A",1.85876736662597,-0.512795601342381,0
1,"B",0.728005068832877,0.196539938617821,0
1,"A",-1.60008217373978,0.54961440958841,0
1,"A",-0.307803536792712,0.886285781509737,0
0,"A",1.31623273909427,-1.02828311285889,0
0,"A",0.670137926495485,1.0024457703469,0
1,"A",0.0814250277824042,-0.925106226979957,1
0,"A",0.534876644871358,-1.46403624275128,0
0,"A",-0.50618889701914,-3.02868468371438,1
1,"A",-0.598733911609093,1.27231866514374,0
1,"A",1.65285337744369,-2.54594651956895,0
1,"A",1.36576314385165,0.326313268129069,1
1,"A",0.37664685383945,1.46670744026915,1
1,"A",0.967443761419173,0.212074657848645,1
1,"B",-0.344275425820091,0.169860758508506,1
0,"A",0.287500296915013,0.118561026971833,1
0,"A",-0.577599500585334,-0.165159662358637,0
0,"A",0.524912379700099,-0.821091429378621,1
0,"A",-0.588214432410529,-3.01621340855919,0
0,"A",1.21940755730363,-1.15787902479058,1
0,"A",0.115775610374441,-0.513175985685429,1
0,"A",1.18364606755862,-2.02831304117599,0
1,"A",-0.395116388898147,-0.330623960514698,1
1,"A",2.26581748880346,-1.02843125961818,1
1,"A",1.10173708893023,-0.152492732416573,1
0,"A",-0.644099808849242,0.0750738431805508,1
0,"A",-1.31872523130408,0.0014228485086778,0
0,"A",0.903415595207702,-0.59532611310092,0
0,"A",-0.0117041739045779,-0.721548469592804,0
0,"A",-0.554708701304565,0.0113721191236972,0
1,"A",-0.452957011943368,1.71204303303926,1
0,"A",0.761049172211181,-1.74787964465038,0
0,"A",0.288426460025367,-0.840292229185107,0
1,"B",0.00999490705116712,0.497216425685348,1
0,"A",-1.08626361613351,-1.01850750746624,1
0,"A",0.918736772241523,-0.28612236864559,1
0,"A",0.313396292213286,0.451585816197979,0
1,"A",0.303211681338401,-0.779059861067992,0
1,"A",2.84147644058723,-0.908227753342761,1
1,"A",2.30300415850571,-0.894877121926611,1
1,"A",1.22375777655669,-0.524570851872649,1
1,"A",2.49077356336921,-0.872055370879492,1
0,"A",1.65431456567529,-0.816934266026411,1
1,"A",1.052405249479,0.873182824002694,1
0,"A",0.359866907151013,-0.43958811157602,0
1,"A",1.54904110345021,-0.160018723516307,0
1,"A",1.04814531817572,-0.462996341220242,1
1,"A",-0.295735294736636,-0.774746661301089,1
0,"B",-0.318932115440731,-0.248741569537629,0
1,"A",0.617231133395675,0.119838498089817,0
1,"A",1.66732442222419,-0.503127482701364,0
0,"B",-0.755400479085148,-0.520033586587572,1
1,"A",0.327641646155827,-0.0429292796217332,0
0,"A",-0.196824627891284,-1.94659725574214,0
1,"A",-0.912701072089478,-1.02016105441892,0
1,"A",-1.63199113523345,-1.1683074251149,1
1,"A",1.35288617440571,0.708911878653076,1
0,"A",-0.873206118078145,-3.01537814881125,0
1,"B",-0.165287750592768,0.215868637316116,1
0,"A",0.186175245804531,0.421424355726856,0
0,"A",-1.73002616065727,-1.13528555302283,1
1,"A",1.55603719917453,-0.786579068715253,0
1,"B",-0.221967876608404,1.1919298192816,1
0,"A",-0.1359070646802,-1.00803882779073,0
1,"A",1.50998021938748,-0.730278554445228,1
0,"A",0.546826164846082,-0.389900852069158,0
0,"A",-0.372499531692866,1.19895035542066,1
1,"A",1.5520373975223,-1.52387745333831,1
0,"A",1.38195898297025,-0.692200530288341,1
1,"A",1.11679367243152,-1.36575218997367,1
0,"A",-0.0257890420606428,-0.127557471738157,1
0,"A",2.52617331743513,-1.13057570681679,1
1,"A",0.709944596152274,-1.15818432191702,1
1,"A",0.573528084183466,-1.05967114090676,0
0,"B",-1.41360563557727,-0.426484505019004,0
0,"A",0.377889253033862,-1.34851881459826,1
0,"B",-2.39437000725708,0.16033894106575,0
1,"A",-0.389738476570422,0.61415183132427,1
1,"B",-1.04463502989272,2.48250787562218,1
0,"A",-0.480357063247975,-2.91166562733679,0
1,"A",-0.0570531522119136,-0.499766055620531,1
1,"A",-1.49910764866633,2.09338521134336,1
0,"A",-0.638262980280953,-0.373525397483055,0
0,"A",1.31000119921187,0.0237116872904984,0
0,"A",-0.0170693704224631,0.421453006111837,1
1,"B",-1.04191709907121,0.500504842899935,0
1,"A",0.629801490549981,1.12224887727571,0
0,"A",-1.24842166829241,0.00285638055643045,1
1,"A",-0.317409594751481,-0.898329410775969,1
1,"A",2.36091167334825,0.56755379116751,1
1,"A",-0.624392483581128,-2.48894811542586,0
1,"A",0.493513559491206,0.821393577492777,0
1,"A",0.109542526300373,-1.19921581698205,0
1,"A",2.50189353524637,-1.59296241246222,1
0,"A",-0.105726277646305,0.978090673046216,0
1,"A",0.960239166542042,-1.64037796113458,1
1,"B",-0.259585612488418,-0.277097444082643,1
1,"B",-0.170308314488566,-0.646960673236533,1
1,"A",2.05325091989304,0.528017645089022,1
0,"A",1.20574807656974,-1.22403424736521,0
0,"A",0.686014412887268,-1.85492423752691,0
0,"B",-1.68658935402941,1.06758149729785,0
0,"A",0.529388975726078,-0.864825346456831,1
1,"A",-0.869386656099801,-1.15869094154332,0
1,"A",0.921145918396794,-0.7218108967852,0
1,"A",0.936598653986612,-0.294512545224532,1
1,"A",0.473462606053204,-1.09304605831074,1
1,"A",1.10825785042196,-1.99482357885753,1
1,"A",-0.299842841813279,0.336106238813281,1
1,"A",1.46285109535396,0.670056692867646,1
0,"A",0.264638462817141,0.32041663886797,0
0,"A",0.699653985816015,-1.00841423288367,0
0,"A",-0.313564217214242,-1.28959964234334,1
1,"A",0.39835674061311,-0.486402386989041,1
0,"A",-0.67197677901361,-2.25002019539671,0
0,"A",0.141494905487592,-1.26676569219486,1
1,"A",0.391710727542249,1.74080551955417,1
0,"A",0.218953130708202,0.487343385322649,1
0,"A",-1.8456586596824,0.201759173110457,0
0,"A",0.313943251264924,-0.340661636210697,0
0,"B",1.01067939521877,0.524776900745028,1
0,"A",1.3761479304578,-0.535048411278417,0
0,"B",-1.321162206669,0.409962039202089,0
1,"A",1.98249611064281,0.131237084559513,0
0,"A",0.0457946225224896,-1.0743067078385,1
1,"A",-0.386528355599712,0.451528409251398,1
1,"A",0.775279408609764,2.0503591672699,1
1,"A",-0.519365140613871,-0.614540093241854,1
1,"A",2.09937310512168,1.12504921476942,1
0,"A",-0.390982139976923,-0.638288882011167,0
0,"A",1.2531753657414,-0.221704578493911,0
0,"A",0.351738637947498,-0.752857284313414,1
1,"A",1.18901217232181,1.40110937224407,0
1,"A",1.66236107089718,-0.697906987232587,1
0,"A",0.281115863658614,0.707824127458987,1
1,"A",0.0490065751470555,-0.265950253733163,0
1,"A",1.66895515655368,2.14027836236783,1
0,"A",0.0467838992064874,-0.915415791208336,1
0,"A",-1.40283436106494,0.143081168853589,0
1,"A",-0.137135624848093,0.576613934661764,1
1,"A",-0.0389716226818871,-2.86670958780295,1
0,"A",1.52226894658779,0.346417794610749,0
1,"A",1.12887875935727,-0.2720905823806,1
1,"A",1.33506473816613,-0.0123947319917119,1
1,"A",0.439360149429412,1.67078156220729,1
0,"A",-0.922827089420763,0.0820632298193631,1
0,"A",0.323054182146886,-0.0413389335351606,0
1,"A",0.55123874125188,-0.181133911029355,1
1,"A",-0.856293121502933,1.00214622459493,0
0,"A",0.932422026468616,-2.19466441096482,1
0,"A",-0.890175843701658,0.368306069290311,1
1,"A",0.659062635718016,0.709781736336561,1
1,"A",2.09589862100101,1.34041875873202,0
0,"B",-0.695074555741006,0.848138715169735,0
1,"A",0.331575388301381,-0.0710163187305539,1
0,"A",0.308878276386743,-0.0493334309000361,0
1,"A",0.535917289315963,-1.11765819040574,1
0,"A",-1.39514245987612,0.438379024562089,1
1,"A",2.20905112232764,-0.112129685277867,0
1,"A",1.22067301984341,0.910894856866476,0
0,"A",-1.73680334640527,-0.599095388338431,0
0,"A",0.0604827068968468,-2.70077443306556,1
0,"A",-0.62688410118666,1.30110471419042,1
1,"A",0.980169913244143,0.284403252068739,0
1,"A",-0.201891258601674,1.02225039993174,1
1,"A",0.0185308246084606,0.647846462809737,1
1,"A",0.892267059981277,-0.568223359974779,0
1,"B",1.15988544143021,0.370468930478103,0
0,"B",-2.65170339413408,0.842720253672086,0
1,"A",-0.238558273403912,-0.794757867297672,0
1,"A",1.07648728140324,-0.777096935364055,1
1,"A",1.38843843400299,1.16774705626937,1
0,"A",-1.54232132547523,-1.3583189019595,0
0,"A",0.409603471477138,-0.289541189325316,1
1,"A",2.62410364509956,-2.09593931005285,0
1,"A",1.7568816808242,-0.290674143102099,0
1,"A",-0.548921653157312,0.306560460711315,0
1,"A",1.18166373403612,0.137350653903772,1
0,"A",0.441274328173471,-1.70533888653426,0
1,"A",1.41349569666088,1.02958939377866,0
1,"A",0.976831166933466,-1.62652589677967,1
0,"B",-1.79023065969304,0.585019144209405,0
1,"A",-0.653945312908016,-0.253128916688993,1
1,"A",0.832880577462207,-0.0290883007437591,1
1,"A",1.16871229885613,0.290507529697677,1
0,"A",0.976298434318411,-0.608012650245796,0
1,"A",0.41039957881621,-0.512866521982451,1
1,"A",0.862885095021913,1.14202754193741,1
0,"A",-1.52857137953241,-0.631246966113382,0
0,"A",0.955485653058149,0.555443233860563,0
1,"A",1.30134991142897,0.946247324797731,1
1,"A",1.61936478535636,-1.04927394022776,1
1,"A",-0.438854811253427,-0.0268161280860606,1
0,"A",0.842121745694951,-0.339763707594707,0
0,"A",0.831448101645281,-2.21225949860345,1
0,"A",-0.522835655768408,0.134339143951701,0
0,"A",0.638882911750271,-0.711301698877005,0
0,"A",0.607932570810068,0.475438656031765,1
0,"A",-0.961554653752074,-0.207129818854198,0
1,"A",0.217609376406571,0.262980134040386,1
0,"A",-1.66608290570459,-0.169160478612027,0
0,"A",0.0583619487004126,-0.633232979456126,0
1,"A",-1.71848299002243,-0.175579551094817,1
0,"A",1.26157368279558,-0.730686039964181,1
1,"A",1.19027642720998,0.63248920464432,0
0,"A",-0.0896191211896298,-1.84841096940807,1
0,"A",-1.4719349027566,-2.50360433254909,0
1,"B",1.50112872015653,1.04305308528132,0
0,"A",-0.707234293029357,-1.13512209762761,1
0,"A",0.155609655238798,-0.35713657681863,0
1,"A",0.369013420730135,0.141051933833709,1
0,"A",0.40178111408032,-0.704025243238554,0
1,"A",3.43558652850219,-0.97442608935306,1
0,"A",-0.337725281949778,-1.11544732205734,1
1,"A",0.611358770078762,-0.844441862900548,1
0,"A",-0.00386623852593115,1.77663006277964,0
0,"A",2.63654645601774,-1.60880712941552,0
0,"A",0.303102011482675,-2.25074499458111,1
0,"A",0.266540981099477,-1.14249173475818,0
1,"B",-0.375450263398951,-0.31563625981822,1
0,"A",-0.445652347420244,-0.843652009581636,1
0,"A",-0.0764882042062037,-0.894616201598713,0
0,"A",-0.616562819687148,-0.785010779684015,1
1,"A",0.270139468894219,0.611062007812707,1
1,"A",0.25027588664089,-0.811583610761444,1
1,"A",0.0732103067423201,0.578261572952674,0
0,"A",-1.84869410166866,0.24515065559811,0
1,"A",2.04125125579381,-0.153858153039497,0
1,"A",0.176161863714321,-0.813228149322915,0
1,"A",1.350298973225,0.824081192422721,1
0,"A",0.530796337455436,-0.449610755678414,0
1,"A",0.323398765820192,1.23084101851043,0
1,"A",2.12591235505478,-0.148339771880969,0
1,"A",2.18928947040335,-1.46985271425127,1
0,"A",1.13011446455305,-0.359898294313336,1
1,"A",0.153322551823391,-1.31238332108555,0
0,"A",-0.298782431667534,0.129377096603347,0
0,"A",-0.0651653363945545,-2.57127587112991,1
0,"B",-1.44187118462257,0.770825656364703,0
0,"A",-0.726712812867456,0.0918542929771433,0
0,"A",0.260401487370274,0.127652096797395,1
1,"A",0.172662636524449,-0.970682398618389,1
1,"B",1.39912648624143,-0.52948772221631,1
1,"B",-0.974140085291584,1.94904804176785,1
1,"A",2.01880026024442,-1.29195301772987,0
1,"A",-0.23033174713523,0.666268786464094,1
0,"A",-1.03807770468149,0.25840738100067,0
0,"A",-0.18995742432427,0.65356880650559,1
0,"A",-0.120923438364781,-0.923059546379205,0
0,"A",-0.370901050698517,-0.973893604757062,1
0,"A",-1.09392282829293,-0.918424566374126,0
0,"A",1.16938472532806,-2.65135238556141,1
1,"A",0.241819296010506,0.714848486689352,1
0,"B",-1.34919162914587,-0.838419366606848,1
0,"A",-0.123062708004701,-0.427768517267117,1
0,"A",1.42056559948178,-0.631331170004459,0
0,"A",-0.488870093247418,-1.57279490523675,1
0,"A",0.646075674424359,-2.89132578529806,1
0,"A",-0.142546437266488,-1.91564108009495,0
0,"A",-0.71633333603869,-1.52249477779828,0
1,"A",-0.264266933968781,-0.761853198923461,1
1,"A",1.20986999530957,-0.225494227270403,0
1,"A",-0.8443481160432,0.873723507255499,1
0,"A",0.325639517214457,-2.60748514992389,0
1,"A",0.469770101423957,0.80812144292912,0
0,"A",0.0751399174802867,0.453235457152196,0
1,"A",1.01771866867265,-1.15727099618746,0
0,"A",1.10815557086732,0.861546390047789,1
1,"A",0.441600462185642,0.499776931139364,1
0,"B",0.704303708185813,0.152792728894166,0
0,"A",0.74725031922648,-0.774575087023788,1
1,"B",0.625291412828906,0.450466118489479,1
0,"A",-0.763941097915817,-1.09547260761205,1
0,"A",1.41700278483163,-0.897802621181334,0
1,"A",1.70206522310987,-1.852734634266,1
0,"A",0.479218443802904,-0.657276021548815,1
0,"A",-1.04387126588288,-2.83682554275522,0
0,"B",-1.98424391649214,0.183152297661101,0
1,"A",0.513677367335801,-0.349495691991279,1
1,"A",1.04993736824196,-1.46736939319626,0
1,"A",-0.70337588747445,0.433432731658295,0
0,"A",1.716354154622,-0.478343692051923,0
1,"A",0.165420162270352,1.34429587815365,0
1,"A",1.64610216802634,-0.60381229735716,0
1,"B",-0.794263172207734,-0.452937055260656,0
1,"A",1.18227085118658,-0.838229938197201,0
1,"B",-0.639974426248201,1.29083732956916,1
1,"A",0.988497753981921,0.377489751330775,1
1,"A",-0.171083518452116,-0.585518709574983,1
0,"A",-0.527818999019808,-1.95487923620537,0
0,"A",0.26818079071486,-0.299985136565417,0
1,"A",-0.13465243954716,0.155072057613733,0
0,"A",-0.989486655955437,-1.63147853212984,0
1,"B",-0.357192239359126,-0.0320874565900292,0
0,"A",0.268109538606834,-0.143891984410798,1
0,"A",0.00873936787735791,-1.71755757778162,0
1,"A",0.0804388506449278,0.989634182235631,0
0,"A",-0.42137156832849,0.518813876987194,0
0,"A",0.51455284594309,-0.502634327667094,0
0,"B",0.670960995149711,1.46695989521469,1
0,"A",0.152544242594947,-1.20584622559179,0
1,"A",0.0333209089256727,0.361713005123765,1
1,"A",0.863180005224235,0.803627110046664,0
1,"A",-0.0726330455383912,-1.12001488880033,0
0,"A",1.30657402468974,-0.536782805724145,1
0,"A",-0.0509953153742466,0.658541720208036,0
0,"A",0.745492754613886,-1.17301622765,0
1,"B",1.532921578347,0.578834704180787,0
1,"A",1.23945847378309,-1.46599098091217,1
1,"A",-1.02386514022194,-0.830316397302779,0
0,"A",0.900163318284634,-1.38300957299984,1
1,"A",0.0706698347059095,0.133209236768193,1
1,"A",0.405278075364719,-1.94211925438999,1
0,"A",1.42033125185552,0.701126464096184,0
0,"A",-0.646526341814898,0.0712605101889822,0
1,"A",2.14378419898113,-0.0197283115022923,0
1,"A",1.3228769526107,0.259732982581074,1
0,"A",1.27364612557086,-1.62875413071374,0
1,"A",0.368270042958577,0.0472708880467763,1
0,"A",-0.93946863993047,-0.412653293006504,0
0,"A",-0.526980879275774,-0.135916283768774,0
1,"A",1.20189862619502,-0.0714731646113716,1
0,"A",1.1890546064844,-2.10994120355009,1
0,"B",-0.574097648674758,0.716519145578707,0
0,"A",1.37715077216708,-1.08975393195811,1
1,"A",0.708553156716329,-1.28952479430676,0
1,"A",0.968907221983609,-0.223089407331546,1
0,"A",0.59101013300479,-0.438497139351347,0
1,"B",0.178417079997965,0.0288557299557542,1
0,"A",-1.13801732851036,-2.15654752741697,1
0,"A",-0.108133104884513,-0.208026155419637,1
1,"A",1.93521928542843,-0.586143002283353,0
0,"A",2.23776427076304,-2.10531953713574,1
1,"A",0.188015854706176,-0.382830279308389,1
0,"A",0.637395841177443,-2.50090225706073,1
1,"A",0.901470014415009,-0.180869325486785,1
1,"A",1.56692187686454,-0.0201749126513768,0
0,"A",1.7665086694963,-0.405969319988857,1
0,"B",1.13428883083569,-0.61254034751196,0
0,"A",0.70567146584482,-1.43709242357517,0
1,"A",-0.25227452790297,2.77208450654612,1
1,"A",2.21394921067454,0.956350709824252,0
0,"A",0.550234289659156,-0.351560580728647,1
1,"A",0.255748061134478,-0.752339862813312,1
1,"A",0.68392592922007,0.389951682348491,0
1,"A",-0.181576270485628,0.347631858952226,1
1,"A",-1.4797759684595,-0.189580665490425,0
1,"A",0.658845650098312,0.296625735885439,0
0,"A",0.676426946736682,0.770634894444518,1
1,"B",-1.06827827095079,2.1134462438968,1
1,"A",1.2871393911463,0.1827607034133,1
0,"A",0.579839800436565,0.214526106233202,1
0,"B",0.315144258217275,-0.0800650357023679,0
0,"A",-1.26461656198728,-0.265248129252163,0
0,"A",-0.984396595581154,-2.96934098936507,0
0,"A",-0.621160386975443,0.529397527151231,0
0,"A",1.69106430870624,-1.84919231170706,0
0,"A",-1.58685354913732,-1.52628960781366,1
0,"A",-0.865557708333381,0.803354668215275,1
0,"A",0.425108892535753,1.13482790970648,0
0,"A",0.137444324561088,-0.667297315492025,1
1,"A",-0.234642090597048,-1.22387006682869,0
0,"B",-0.887630416315891,-0.787154206186002,0
0,"A",0.173123585598434,-0.143476412364353,0
0,"A",0.841399451559414,-0.362256359465388,0
0,"A",0.933850297551339,-0.104860280407341,1
0,"A",-0.491289062990113,-0.554995266269112,1
0,"A",0.762258432880366,0.252374533774391,1
0,"B",-0.323369759547329,2.02404483708973,0
1,"A",-1.26130575337207,-0.309927238209242,1
0,"A",2.0855768186141,-0.857433577828889,0
1,"A",-1.05823344807724,-0.356643428366262,1
1,"A",1.22592069275535,-1.43087963906275,1
1,"A",1.62721468643494,-0.241828938893528,1
1,"A",0.113561377081533,2.25315732032986,1
0,"A",-0.705540566142295,-0.859747264007808,1
0,"A",-1.49263714987994,-1.72417539975969,1
0,"B",-2.43355877619154,-0.165872143237384,0
1,"A",-0.179775787280866,1.22975086973655,1
0,"A",-1.01221987095493,-0.592758064066345,0
0,"A",-0.386424203593756,0.363895462097156,1
1,"A",1.90313930904122,0.262773456604387,0
0,"A",-1.09624806395391,0.430568056585827,0
1,"A",-0.107495903388707,-1.16446912500688,1
0,"A",1.10205283871769,-1.12055232560536,1
0,"A",0.0674600195032117,0.856055907053615,1
1,"A",-1.04051396504108,0.0800525635369441,0
0,"A",0.308029210923803,0.302548520731122,0
0,"A",1.0908441302416,-1.00543907676568,0
0,"B",-0.296573533359604,0.84641492026546,1
0,"A",-0.855833225235177,-1.02216548643451,0
1,"A",0.748520529987514,2.55607697476541,1
0,"A",-0.925554872999247,0.203428470393439,0
0,"A",1.04824985340609,-1.16463793569766,1
0,"A",-0.0506322184494711,-1.58531110168076,1
0,"A",-0.451695292669373,-0.247830106812895,1
1,"A",1.29803580206936,-0.807730876722839,1
1,"A",-0.358962340101355,-1.1034805249372,1
1,"A",-0.511115619313432,0.191192462890421,1
0,"A",-1.07855663695993,-1.00725217074363,1
0,"A",-0.964215564901826,1.63600270251367,1
0,"A",1.54260926368016,-2.13583762178977,1
1,"A",1.37436499320219,0.674252601437048,0
1,"A",1.25082426265091,0.483280371068603,0
0,"A",2.05155554833433,-0.869817393783202,0
0,"B",-1.98621883403389,-0.141197467431964,1
1,"A",0.756716681257332,0.497032804119043,1
1,"A",-0.210356326282484,-0.432972550654323,1
1,"A",1.20334171019621,-1.00398204492665,1
0,"A",-1.16518576410097,-1.65969789076206,1
0,"A",0.549854120250627,-2.82572243606364,1
1,"A",0.265656913961295,0.303966553778223,0
0,"A",-0.369965768995243,-2.27063094355899,1
0,"A",-0.69961010783401,0.186644931462261,0
1,"A",-0.479792940734687,-0.96284066471431,1
1,"A",0.346701097538496,-0.287216287688616,0
1,"A",0.365045738426934,-1.35615011662251,0
0,"A",-0.0985836178003372,-0.2312641633821,0
1,"A",0.542660552261796,-0.0340211253140953,0
0,"B",-1.94642790868481,0.567885914931014,1
0,"A",-1.73542312859109,-1.53419541777802,1
0,"A",-0.623685169128372,1.23902704632705,1
0,"A",0.10025312051391,-0.481829241280457,0
1,"A",-0.718132951102797,-0.899613903002147,1
0,"A",0.206086844319652,-0.407419952305523,1
1,"A",1.33510980303915,0.391514035970461,0
0,"A",2.11351633443857,-2.16012721416508,1
1,"A",0.179017856219429,-0.683937526040425,1
1,"B",0.276352179047509,-1.17381350591057,0
0,"A",-0.49464616544189,-0.196023611481648,1
1,"A",2.63979668685633,0.755599521818925,0
1,"A",0.240478766976323,-1.60327594785491,0
1,"A",3.04579896198339,0.816092154241205,1
0,"A",-0.76950868001263,-0.00370603288378096,0
1,"A",-0.745365726812977,0.828148000612895,1
1,"A",1.84755823792281,0.0206461079994038,1
0,"A",1.47168486066206,0.081026629882981,1
0,"A",-0.422713334845278,-3.30067523578169,1
0,"A",-1.08418558880558,-0.836657856714485,1
1,"A",-1.45479101141582,0.819215671541219,1
0,"B",-0.866403631970164,0.187328912430606,0
0,"A",-0.0156594028247156,-0.257894823831079,1
1,"A",1.49152831568279,0.875668119524624,1
0,"B",1.70129791362071,-0.779794472832374,0
1,"A",0.995117203168378,-1.56574006212742,1
1,"A",1.80545596930366,0.125253112197367,1
0,"A",0.272549233017338,-0.596388342993779,1
1,"A",-0.882532768694517,-1.0496239524843,0
0,"A",-1.31123875238001,-0.659924341674492,1
1,"A",1.4399626679324,-0.295587841567021,1
0,"A",-0.417228446179352,-1.45022173673368,1
1,"A",-0.0688804491763879,-1.62414320682063,1
0,"A",-0.0959640331588245,0.190088855273676,1
0,"A",0.524070954651458,-1.37244743153296,1
0,"A",-1.20230403354284,-1.05207588167156,1
1,"A",1.12218106174401,-0.43136805768382,1
0,"A",0.594724439211047,0.59287091579045,0
1,"A",2.48576924684046,0.859274306434498,1
0,"A",-1.01215639758865,0.902007194603309,1
0,"A",-0.00356937836919852,0.70046911219105,1
0,"A",-0.899823150996421,-0.508701394676889,0
0,"A",-0.0618478268448488,0.218707788833364,1
1,"A",-0.227905830436993,-0.839751683213149,0
0,"A",0.743701691012264,-0.950814939254126,0
0,"A",0.3371101833567,-1.48481838874657,1
0,"A",-1.57790012238764,-1.03659869111225,0
1,"A",-1.10095103807603,-0.0568544047178151,0
0,"A",1.32639782769634,-1.69505102988698,0
1,"A",1.08556852590087,0.17657331424905,0
0,"A",0.526834441505946,-0.807439760472188,1
1,"A",1.6549402815632,-0.803735344355638,1
1,"A",0.947770255461587,-1.1997010796125,0
0,"A",-1.21493226044631,-0.492188261034133,0
0,"A",-1.04497155891333,-1.61401847751202,1
0,"A",-0.323929089083724,-2.55151198007243,0
0,"A",1.00906275986488,-0.230648091732143,1
0,"A",0.00697164906718956,-0.548484882995894,0
0,"A",-0.809845597973113,-1.08654842723698,0
1,"A",-0.309912789950822,-0.023298622159439,1
1,"A",0.232612025735657,0.292651276286003,1
1,"A",3.00240186198446,1.19415369858151,0
1,"A",0.311879455628898,-0.013050166551262,0
0,"A",-1.5918179927088,-3.49604728894549,0
1,"A",2.02104380530579,0.0529234813772743,1
1,"A",-0.255115256318566,-0.538928344827629,1
0,"A",-1.34227448370809,-1.0868520325415,0
0,"A",0.454121075132655,-0.860247923177753,1
1,"A",-0.316765079172065,0.384344845961401,0
1,"A",1.63185911597652,0.812700903063835,0
1,"A",1.36545177164292,1.07116526223545,1
1,"B",0.726326431877324,1.04792432716094,0
1,"A",1.67958879780405,-0.740097026343498,1
1,"A",0.0434827417705361,0.264529536047684,0
0,"A",0.317420266193695,-2.50671683012186,0
1,"A",0.963185018743675,-0.375170228971122,0
0,"A",-0.553032435410533,-1.2129611264382,0
1,"A",-0.305837890221492,0.192479099749665,1
0,"A",-1.905695919948,-1.74418688096931,1
1,"A",1.98088790918533,0.526968763842888,1
1,"A",0.573513301366456,-0.639083089569172,0
1,"A",0.79462345557457,-0.865518783048745,1
0,"A",-0.848968065404871,-0.0102496403420146,1
1,"A",-0.220277119097221,0.357623892100539,0
0,"A",1.45870646258978,-1.52174287811452,0
1,"A",0.0310616981935111,-2.17715883756593,0
1,"A",-0.519260101055478,-0.209878273158255,0
0,"A",-2.04355012041618,0.332938778814628,1
1,"A",0.442817917186628,-0.484731613721536,0
0,"A",0.212867223147668,-0.501647771928469,0
0,"A",-0.0672561914332245,0.11370222278062,1
1,"A",1.48107709780791,-1.38568672650908,0
1,"A",1.11060927154558,0.195742923420036,1
0,"A",0.451472752920661,0.584213653532972,1
1,"A",1.53216696717111,-0.994068237969975,0
0,"A",-0.527249351364377,-1.71889538757846,1
0,"A",-0.0196241458621905,0.170423407799988,0
1,"A",0.40083263170149,0.0261176518300774,0
1,"A",0.963959838463466,-1.2727635497595,0
1,"A",0.664615249335145,-0.241612310232896,1
0,"A",1.98993635057749,-1.19977424044261,1
0,"A",-0.343261587995425,0.229993933882513,1
0,"A",-0.732158788126995,-1.23179185130674,1
1,"A",-0.655045836473598,-0.453250973696323,0
1,"A",0.295839519086917,1.1781609043682,0
0,"B",-1.00647286722495,0.792919949413235,0
0,"A",0.483263940742583,-0.00779214188208266,1
0,"A",1.04634522361005,0.449999325975529,1
1,"A",0.203842227832056,1.63901874881929,1
0,"B",-1.80679463851029,-0.318125237237155,1
0,"A",-1.15671092981011,-0.991797714868586,0
0,"B",0.925733039209372,-0.759572721684708,0
0,"A",0.584388668022997,0.455316964329239,0
0,"A",-1.42666079296329,-0.121086390379241,0
0,"A",0.0111057807210471,-0.705559961360168,0
0,"A",-0.95692638197926,-1.82992043137047,1
0,"A",1.45802382844832,-0.602289366529815,1
0,"A",0.161172383852991,1.46429263022842,0
1,"A",0.244601265276424,-0.991545899057238,0
0,"A",1.53830771963645,0.721531662780934,0
0,"A",0.732467818358331,-0.279905244944267,1
1,"A",1.11606450248718,1.18812463001606,1
0,"A",-0.51270825203398,-1.87079646004123,1
0,"A",0.183566096161126,-1.38430944056374,0
0,"A",0.22000723611284,-0.519894728732724,1
0,"A",-0.657870626841382,-0.418197000192914,0
1,"A",-1.27403997220451,1.08459641347267,1
1,"B",0.465265067814955,0.156710102937047,1
1,"B",0.0253412550464795,-1.31204544863694,0
1,"B",0.265457553226579,1.07199007419086,0
1,"A",0.920446611473367,-4.47539518301232e-05,0
0,"B",-0.204191879728791,0.622861026634448,0
1,"A",1.71577029580684,-0.166241767789303,1
0,"A",-0.405087156878711,-1.00198360455044,0
1,"A",0.0395548101842988,-2.4654954085431,0
1,"A",0.518690146087777,0.722679629681188,0
1,"A",1.29279140917931,-1.1296554471653,1
1,"A",0.234871312567527,-0.96828027510515,1
0,"A",-2.84413036861029,-1.72952212842899,1
1,"A",0.944112249136425,0.105183069701005,0
0,"A",-0.623877143188132,-0.219107211698686,1
1,"B",0.419794110807073,1.74194528117197,0
0,"B",-0.497883019209579,1.41401455737654,0
0,"A",-0.151689518219825,-1.04647594344721,1
0,"A",-0.212262883578844,-1.33994600649596,0
0,"A",-0.32259643697838,-1.13455486189061,1
1,"A",2.02702005166074,-0.472519382792679,1
0,"A",-1.66456689133343,-2.57422918589729,1
0,"A",-0.180680474330814,-1.39657571109336,0
0,"A",-1.71175453896297,0.0976785004735084,0
0,"A",1.09465771231891,-0.702298643400306,0
0,"A",-1.33925881507526,-0.485727911324939,1
1,"A",1.04271322948318,-0.0617379868515646,1
0,"A",0.575921818941964,0.159594824775364,0
1,"A",2.04603750861012,-0.304384225025509,0
0,"A",0.917891424639159,-1.40917637171686,1
0,"B",-1.40016472101324,-0.362403958196076,1
1,"A",1.91604957576407,-1.06840949976173,1
1,"A",0.0779445466821875,-1.35283706216665,1
1,"A",-0.232454965887593,-1.37384899081847,1
1,"A",1.56655455289332,-0.234641858188532,0
0,"B",-1.42687442994347,0.378157414901928,0
1,"A",1.17180329852683,1.13684607112857,0
0,"A",0.196951741225199,-1.23402192506504,1
0,"A",1.40100251218151,-1.29481675649455,1
0,"A",-0.943544420270954,0.487925415590968,1
1,"A",0.00977516243032517,-0.240187488508411,0
1,"A",0.913867593600757,-1.11077668179378,1
0,"A",-0.278243345686213,0.163114506024765,1
1,"A",0.296115409144252,3.13230111946588,1
0,"A",0.314085827746722,0.646037003516677,1
0,"A",-0.0512131687100774,-0.32974252883797,1
0,"A",1.1958664028378,-1.78643893517554,1
0,"A",-0.254895477099001,-1.68180944813612,0
0,"A",-0.0986323342609617,0.360540785973698,1
1,"A",1.61553525599635,-0.670017975306847,0
0,"A",-0.00064833153498528,-2.25327675838338,1
1,"A",-0.510721682152218,1.14992482811177,1
0,"A",-0.195000350784842,-1.16695055630393,1
0,"A",0.109911294840084,-0.950513203691596,0
1,"A",0.461344893007991,0.145796956492026,0
1,"A",1.00449967475788,-1.15897508058925,0
1,"A",0.44501740387574,0.398782122839603,0
0,"A",0.0867108645597663,-0.856692614991751,1
0,"A",0.854884141818748,-0.723087707958698,1
1,"A",1.08475725436294,-0.877170582615798,0
1,"A",1.05285764462776,-0.366017456335376,1
1,"A",0.279018187006789,-0.935432801939779,1
0,"B",-0.351561134219675,0.607146594582204,0
0,"A",-0.604380259035282,-1.26444955917793,0
1,"A",0.768964603169108,-1.01069141371828,0
0,"A",0.220006406941418,-0.394796965049136,1
0,"A",-0.151678464954435,-0.81571481019949,0
0,"A",-2.13482774094401,0.189094595266813,1
1,"B",-0.00133139686737566,-0.271850297769141,1
1,"A",-0.127021626818321,-0.747825626534114,1
1,"A",0.807045722858254,0.873641198465905,0
0,"A",-1.80102421390307,-0.872821931148867,0
0,"A",0.531648969889525,-0.597206527341104,0
1,"A",-0.51413715016912,2.97374744059978,0
0,"A",-0.892941686926544,-1.7803219996169,1
0,"A",0.859416785349512,-0.10627420521749,0
1,"B",-1.79809708894341,0.415791771012484,0
0,"A",2.36534036649185,-1.12873906331943,1
0,"A",-0.406782077669627,-0.739307784748974,0
1,"A",1.72310241390015,-1.60545142750954,1
1,"A",0.770553731975697,0.293478254419129,1
0,"A",-0.434623780209811,-1.47781935770885,1
1,"A",1.52205611167114,-0.569078643153485,1
1,"A",0.73249282194566,0.108380157464957,1
1,"A",1.53086478047659,0.0681426920247602,1
0,"A",0.867662706913715,-1.15242379397299,1
0,"A",0.101806694740068,-1.78381738856865,0
0,"A",-0.309293639581907,-1.25726632116142,1
0,"A",-0.463212774326449,0.14590795693104,0
1,"A",-0.171331588913,-1.07537103314583,1
1,"A",0.141278684994525,-1.37467870784697,1
1,"A",0.535720971687502,-0.515868079186564,0
1,"A",1.94358955472154,-0.499953367608679,1
1,"A",-0.26357344158043,-0.28331825569557,1
0,"B",1.75490650523671,-0.878494410477875,1
0,"A",1.06177923845174,-1.016900104459,0
0,"A",-1.38023265957335,-1.85600476593022,1
1,"A",0.0479468333375039,1.03383694954249,0
1,"A",1.67739490907735,0.624608488189412,1
0,"A",0.325108250580079,1.12341658614258,0
0,"A",0.719324547344161,-1.16735910498383,1
0,"A",-0.287929180692462,1.2066696148041,0
1,"A",0.529464151543789,0.620700467870905,1
1,"A",1.71086862934907,0.378999471887117,1
0,"A",-0.115763498916963,-0.860865296633726,1
1,"A",-0.408489106094867,0.959638426467513,1
0,"B",-1.37652629784484,-0.763004749086309,0
1,"A",0.274481965023662,-0.119624422979342,1
1,"B",-1.39901204255453,-0.733330124096674,0
1,"A",0.515704849849543,-0.313561506971772,0
0,"A",-0.0764549495496953,0.0197515184142679,0
0,"A",-0.89348820015702,-0.859671583888137,0
0,"A",-1.71600177993387,-2.18430691308131,1
1,"A",0.646829004794651,1.29891616100927,1
0,"A",-2.33547557895578,-0.366178454443759,1
0,"A",-1.00223801947212,-0.773195712628471,0
1,"A",1.35528472752666,1.19805187608582,1
0,"A",-0.553444152133681,0.235990714409771,0
0,"A",0.000410163389036988,0.10044735178765,1
0,"A",-1.67746801075512,0.305297946195274,0
1,"A",1.95466746336991,0.226652561371906,1
1,"A",0.696082588185996,-0.381053095151503,0
0,"A",-0.490198290867079,1.51014592318549,0
0,"A",1.32807589855588,-0.828213827770474,1
0,"B",1.27266511900997,0.759447253909145,0
1,"A",1.65737586890914,0.380835771492644,1
0,"A",-1.20633961360525,1.29578484194219,1
1,"A",0.601148920080099,0.489661132180145,1
0,"B",-0.198496746248155,0.256362767403965,0
1,"A",1.68407141442857,1.08071481812442,0
1,"A",1.89042095631561,0.784846657879991,1
1,"A",0.381996689760747,-1.55828403445152,1
0,"A",0.665579807174348,0.390576153195526,0
1,"A",0.0436969104129303,0.55501813105919,0
1,"A",-1.43734187611228,0.665725268976673,0
0,"A",1.56521855577906,-0.776118482499667,0
1,"A",2.32143218291388,-1.68852051906931,1
1,"A",0.292575608499387,2.18330783155488,1
1,"A",0.213860266964096,-1.22844219743302,1
0,"A",-0.794064975100641,-1.08686396222672,1
0,"A",-0.630655579603909,-2.36829307065927,0
0,"A",-0.647490118754661,1.18137104974216,1
1,"A",1.28373295833114,0.0243524201398814,1
1,"A",0.802086005803199,-1.24192146733214,1
1,"A",0.0772138761562633,0.2808786491078,0
0,"A",0.615998189084959,0.68330249905881,0
1,"A",-1.69373285643374,0.194386832573951,1
0,"A",0.147367707295015,0.0462001934378119,0
0,"A",0.138609247423102,-0.00848360074708665,1
1,"A",0.248556198169818,0.169213731061419,0
1,"A",0.569994862199155,-0.763321640921039,1
1,"B",-1.13759045694895,1.28748630267075,0
0,"B",-0.529829894382043,-0.861008945370553,1
0,"A",1.04024253216893,-2.22513581634574,0
0,"A",0.702933624922387,1.42889650850064,1
0,"A",1.60729318188868,-1.69173934067093,1
0,"A",1.19039459751581,-1.39755378561824,1
0,"A",-1.14142624252585,-1.48539894669486,1
1,"A",1.30458598123145,0.136870566815883,1
1,"A",0.274727577215877,-0.332031144697696,0
0,"A",-0.915625325719514,-1.83738183981583,1
1,"A",0.589505703626246,0.308126767021527,1
0,"A",-0.254154162828018,-2.72140697633156,0
1,"B",1.15617687547757,-0.505896557632035,1
1,"A",0.97004533258284,-0.726573743972423,1
0,"A",0.129951115934136,0.808834627642571,0
0,"A",2.18867552509448,-1.23147071261438,0
1,"A",1.35143011730862,-1.64342398041005,1
0,"B",-1.94847338676636,0.802200982245076,1
0,"A",0.434303117172147,0.0201056435487233,0
0,"A",-0.097769469753604,-0.719734438573903,0
0,"A",-0.585360353755081,-0.642155455245105,1
0,"A",-1.0506318480444,-0.926909744448062,1
1,"B",-0.528237235176086,1.04161098745365,1
0,"A",-1.29326049442676,-0.221110710007626,1
1,"A",-0.0126846403683524,2.40962110860409,0
1,"A",1.36172767877882,-1.25953019328419,0
0,"B",-0.452771357545042,-1.59337157476177,0
0,"A",0.819380196764618,0.108919117573691,0
0,"A",-0.36827764226379,-0.612092811357617,0
1,"A",-0.759743039895356,0.0825573107138647,1
0,"A",1.33654591028645,-1.6962381013506,1
1,"A",0.663247577010133,0.733578975406136,0
1,"A",0.390354153478377,-0.0985341089281003,0
1,"A",1.35089198042176,0.246941536294055,0
0,"A",2.59454754000961,-1.47470003323157,1
0,"A",-0.693550528003528,-1.61333186835437,0
0,"A",1.21007189893187,-0.519555606386215,0
0,"A",-0.278820310086651,0.741458644305017,1
0,"A",0.474732418238929,-0.0649889302265768,0
0,"A",-2.2509422709465,-0.203071231075965,1
1,"A",1.15814298723467,1.39740028563505,1
0,"A",-0.812503076737334,-0.0358838015126858,1
0,"A",1.27739861789485,-1.91013050135303,0
0,"A",-0.950576324138647,-0.513128217665432,1
0,"A",1.31970191398061,0.0709250310056798,1
0,"A",0.595100774286171,-1.76365495658334,1
1,"A",-0.177585903026584,0.680353056973501,1
0,"A",0.187511734657854,-1.50174823658645,1
0,"A",-0.291489621321662,-0.214148445006309,0
1,"A",-0.848041225016579,-2.09612218526778,1
1,"A",1.15620833914773,0.27130679573607,0
1,"A",1.49477117837745,-0.108669905312888,1
0,"A",-1.21364469115399,-1.96130318168195,1
1,"A",1.83150463241551,0.624673321886941,1
1,"A",1.70874394961543,-0.749205401462608,1
1,"A",1.50520679299104,-0.238421827404178,1
0,"A",0.0990253211462498,0.40938113041455,1
0,"A",0.449240424655604,-0.408378864121088,0
1,"A",1.09473032916199,-0.959048404383139,0
0,"A",-0.0539611160195496,-0.30797449819549,1
0,"A",-0.857239315300691,-0.0666007023755075,1
0,"A",0.704443423495855,-1.79281191141932,1
0,"B",-0.669158093877254,-0.14359415172551,0
0,"A",-0.990716035046925,-0.417233394936797,0
1,"B",-0.696090372680074,-0.15868340513966,1
0,"A",0.403625962220478,-0.545407155423525,0
1,"A",3.12829683043088,-0.814811851278877,1
1,"A",2.1552731147087,0.26694307809154,1
0,"A",-0.225477878071404,-2.07664672457046,1
0,"A",-0.591418435718697,-1.46584686757374,0
0,"A",-0.204948150113315,-0.0765131907694153,0
1,"A",0.718281290565332,0.069671528788096,1
0,"A",0.18914356236387,-0.27095698408948,1
1,"A",1.63085254342096,0.722606061022639,1
1,"B",-1.33544056864801,-0.603855008041988,1
0,"A",-0.0471615438199111,-0.087359493677603,0
0,"A",-1.48853490606934,-0.0533979947091817,1
0,"A",-0.717462730791142,-1.25767981909848,0
1,"A",-0.204987522858164,-0.643829053974481,1
1,"B",-2.31435158778649,2.66480155247908,1
1,"A",0.0771120540538906,-1.21732996674249,0
1,"A",0.850820609019707,-1.40404671899645,0
1,"A",0.382566392918513,-0.481276193399625,1
0,"A",-0.12678089976564,-1.38532889306365,1
1,"A",-0.0152121849160244,0.550340628687836,1
0,"A",0.232680662803072,-2.19299702780275,1
0,"A",0.511871492714323,0.0883052556050873,1
1,"A",0.261931011730908,-0.154720228184441,1
0,"A",-0.708600329851973,-2.06599952527581,1
0,"A",-0.356946963463978,1.23286076937503,1
1,"B",-0.777472696154597,0.275892327247649,0
0,"A",-0.73254083977192,-0.433274955348522,0
1,"A",0.666232986415729,2.00335799198988,1
0,"A",-0.354546751972444,-2.49845360180486,1
1,"A",0.807347526189788,1.38437903368615,0
0,"B",-0.540111011175612,-0.581325471034263,1
1,"B",-0.339667169739223,0.483316673929347,1
0,"A",0.0643728833662152,-0.216439771949967,1
0,"A",2.30200911526442,-1.98672671120735,1
0,"A",0.652464568082185,0.233352453222032,1
1,"A",1.83610296666251,1.01150338564526,0
1,"A",0.244635491123821,-1.17872616574102,1
0,"A",-0.325792630090713,0.498789819568985,0
1,"A",0.670568794655742,-0.20590047318924,1
0,"A",-0.807566213234773,-1.92876423506874,1
0,"A",-0.860853626755378,-0.469869202177408,0
1,"A",-0.879804343057545,0.487028646740943,1
1,"A",-0.614528999537661,-1.26699469803553,1
1,"B",0.671123344409274,1.79193664130453,0
0,"A",-0.0089497940442384,-0.964461201775229,0
0,"A",0.199913294216047,-0.67602153748947,0
0,"A",-1.25285062654122,-0.212924013455915,1
1,"B",0.690591316455531,0.581332538418095,1
0,"B",-0.732371522299894,-0.136509313175985,0
0,"A",0.0966818256082394,-0.291803014154915,0
1,"A",2.55537028172646,0.18736451035267,1
1,"A",0.0850516245192638,-0.86686009310079,1
1,"A",1.07815520445237,0.653336157826565,0
1,"A",1.20753250143169,1.18917535112375,1
0,"A",-0.544718695466785,-0.465544778062455,1
0,"A",-0.573871279370883,-1.57173825327556,0
1,"B",-0.232728060445206,-1.16627042859686,0
0,"A",-1.30615977875625,-0.985329175743407,0
1,"A",1.87594075499718,0.118903896525494,0
0,"A",0.41970817401989,0.586908489200753,0
1,"B",-0.357444659455842,2.03877008944329,1
0,"A",-1.61471468675152,-0.529278849383089,1
1,"A",1.77063341424043,1.04627035291756,1
1,"B",0.35428368914168,1.08004951689781,1
1,"B",-0.906606623212606,-0.0204394578818343,1
1,"A",1.04585045857642,0.949844531413238,1
0,"B",-1.17088862758904,0.998614698317165,0
0,"B",1.06583991025967,-0.49321061838979,0
1,"A",0.261238319062363,-0.497750790739056,1
1,"A",-0.273147847882048,-0.365495697989055,1
0,"A",0.184761702564097,-0.866605002763268,1
1,"A",2.71325968902708,-0.728653508815213,1
0,"A",0.837335538129066,-0.224799147928746,0
0,"A",-0.918663788840816,0.678692423794702,1
0,"A",1.20088346706708,-1.53425579854795,0
0,"A",-1.74724557416487,0.499410501346292,1
0,"A",1.17579637970721,-1.1066317707362,1
0,"A",1.65473638621649,-0.66025194694842,0
0,"A",-1.58361795112687,-1.45893288749688,0
0,"A",1.07284533549781,-2.0785048101606,1
0,"A",-0.348358409058837,0.0327122442029124,0
0,"B",-1.66546077297836,1.56912927411053,0
0,"A",0.749400028353048,-0.428860348620402,1
1,"B",-0.218955603644297,-1.26594567955037,0
0,"A",0.895056920077564,-2.64003576961961,0
1,"A",0.886160933735715,0.0550263631025872,1
1,"A",0.809198115022877,-0.309770423884805,0
0,"A",-0.872326431041176,-0.12829784072889,1
1,"A",0.19931350786242,-1.48108007644045,1
0,"A",-2.34503446242983,-1.0527677670225,1
0,"A",1.50012357583601,-1.36583949442787,0
0,"A",0.455261183903638,-1.13747545897566,0
0,"A",-0.555808944601566,-0.43127247881699,1
1,"A",-0.911020297795008,-0.698464780233654,1
1,"A",1.15998373200201,-1.52395536440525,0
1,"A",0.298791252313885,0.120437721286999,1
1,"A",0.340830880005985,-0.445855522116083,1
0,"A",0.79333548097183,-0.957895388407436,1
0,"A",1.36262452184508,-2.21770205053066,0
1,"A",1.1369959082253,-1.00775551655046,0
0,"A",-1.0140060561965,-0.314796022757928,0
1,"A",2.72065682844999,-1.05931416241479,1
1,"A",1.27377322500269,0.221433309694436,0
0,"A",-0.392462556491325,-0.443757189189237,0
0,"A",2.05704656537487,-0.624755493602448,0
0,"A",-1.32582633895452,-1.62396754371354,1
0,"A",-1.50856317016285,0.512172118843868,1
1,"A",0.77156899341565,1.99222601364086,0
0,"A",-0.330413780985624,-0.528707180483682,1
1,"A",1.05617569704252,-1.23428958574122,1
1,"A",0.847806454401083,-1.7735456954378,1
1,"A",1.04353715362843,0.44146839126268,1
1,"A",0.76260267152983,-1.14976208763529,1
0,"A",0.781879716604406,0.365199186907359,1
1,"A",0.0668670334693235,1.11362850451334,0
0,"B",-1.05124338196729,-0.342334970160058,1
0,"A",-0.282059671755553,1.24982254086567,0
0,"A",-0.463889257684006,-2.01751533085303,1
1,"A",1.12565643839971,0.00377873939197376,1
0,"A",-0.690498639785167,0.182920656134404,1
0,"A",-1.65288810776748,-1.3052857545553,1
0,"A",1.06617455738427,-0.493424614194966,0
0,"B",-1.81013101284701,1.17381190080219,1
0,"A",-1.25626103400827,0.326143590857575,0
1,"A",0.335886714956387,-0.275766468030406,0
1,"A",3.35407167673182,-0.462037165899462,1
0,"A",-1.85580057182467,-0.350503588759366,0
0,"A",-0.653461277614983,-1.32805885656853,1
1,"A",0.163616944780037,0.125781806536817,1
0,"A",-0.52491874321609,-1.12784256986386,0
0,"A",1.15989455145041,-0.951124061531325,0
1,"A",1.7506303618275,-0.847350913695438,0
1,"A",1.57886026308248,1.44285291238131,1
0,"A",0.743186805594785,-2.47933396291302,0
0,"A",0.51817206093659,-2.03266298449238,0
1,"A",-0.0147973693046549,0.514938260145685,0
1,"A",0.6432560465373,-0.632936122314949,1
1,"B",-0.560412449460638,-0.240533073297444,1
0,"A",0.104518102764761,1.18772800896027,0
0,"A",-0.531986509276089,0.479586617563401,1
1,"A",0.601568197472738,-1.08673742432657,0
1,"A",0.767374490857568,-2.38132935524358,0
1,"A",1.44727145322571,-0.706820502673706,0
0,"A",-1.26048603393312,-0.770661122198042,1
1,"A",-0.895757707573154,-0.0967173181767509,1
1,"A",1.76674948421339,0.309156013727317,1
1,"A",2.14641401773752,-2.50695466866448,1
1,"A",-0.999697479629361,1.46317820269825,0
0,"B",-1.0618956855193,0.12369901904208,1
0,"A",-0.403063095925985,0.185595923870598,1
1,"A",1.07099460246966,0.600881214995495,1
1,"B",-0.409873015131666,0.557087568823578,1
0,"B",0.770726259005601,-0.990459015178726,1
0,"A",-0.631202165285445,-0.544192022584207,1
0,"A",0.363030083389738,-1.43313993525819,0
1,"A",0.0719311239372731,-0.155693827500598,0
1,"A",1.00288520030467,-0.66186353780259,0
1,"A",-0.815673607872971,0.476745592808884,1
1,"A",-0.118055363745078,0.201695584234068,1
1,"A",0.872627665643824,0.273115837087471,0
1,"A",1.22809766796797,-2.32871275499649,0
0,"A",-0.377187557155243,-1.16494411247372,1
0,"A",1.04089113598597,-1.35750133376739,1
0,"A",-0.0579743104893228,-0.817326860549727,0
1,"B",-0.178706611727586,2.09162560744136,1
1,"A",2.68915585429452,-0.925597800925623,1
1,"A",-1.08019177192281,0.633856107983365,1
0,"A",-1.14395805243987,-0.211434324709372,1
0,"A",-1.33866873597633,-0.0203294643153661,1
0,"A",-0.141484822984973,-0.551181821592382,0
1,"A",1.17378320239648,-1.24909189345477,1
1,"B",1.67581393817358,1.10285511048247,1
0,"A",1.14178509266064,-2.15077379188733,1
1,"A",0.496303371268626,1.87096390452694,1
1,"A",-1.24388489220173,0.175936262926497,0
0,"A",0.373197170497746,-0.562147856809019,0
1,"A",0.743930682539255,0.110103177127852,0
0,"A",1.25061252669266,-0.0410860790794565,1
1,"A",1.50243045532434,-0.519358928342506,0
1,"A",-0.52586599467005,-1.35268743154211,1
1,"B",-0.282616718849683,1.95956259848004,1
0,"A",-1.56567561888735,2.02120302289325,0
0,"A",-0.595776297772392,-0.668550519357738,1
0,"A",0.263396127584602,0.2812344917765,0
1,"A",0.485584346590933,-0.578526435958562,1
1,"B",0.898696462977387,-0.489812257627298,1
0,"A",1.392279416502,0.199988955684633,1
0,"A",-2.25147077850842,-1.97865228283495,0
0,"A",-0.183253192371103,-0.952944019068221,0
1,"A",1.51081724545324,-0.202808187251099,0
1,"A",-0.606200648074509,1.61285995716589,1
1,"A",0.262437091439815,-0.974352169860853,1
1,"A",-1.32263434988394,0.960482415350809,0
1,"A",1.04223098802797,-0.775042981662067,1
1,"A",1.09734513375705,-2.40417107933188,1
1,"A",-0.615230275653581,-0.082559928234167,0
0,"A",0.689224332408388,-1.47687663108334,0
0,"A",0.651298903223581,0.823285968830903,0
1,"A",0.847237175355337,-0.11505837853444,0
0,"A",-0.566748368830003,-0.698190430559586,1
1,"A",0.441931331648326,-0.547904152441928,0
1,"A",1.33125225834087,-0.373749500800885,0
1,"A",-0.0604538311853625,-0.358278296631842,0
0,"A",-0.832879828430117,-1.62118166753168,1
0,"A",0.307727922792256,-0.438874248437686,1
0,"A",-0.55893836068982,-0.485037315122612,1
0,"A",0.365033883899845,-2.20790928321014,0
0,"A",-1.89703441923373,-0.128201978292773,1
1,"A",1.89523765664224,-0.418098083033351,1
0,"A",-2.06861489584546,0.622644018568033,0
1,"A",1.21663985185601,-0.193308306185973,0
0,"B",-1.82081335489243,-0.668678716840464,1
0,"A",0.115929843687735,-0.11851441483162,1
0,"A",0.345040980373052,-1.24419822741903,0
0,"A",-1.37416010003648,-1.0122857499594,0
1,"A",1.22548146971795,-0.29838645570894,0
0,"B",-1.39380044461727,-1.47460268457159,1
0,"A",0.00184448553246708,-2.11908871673606,1
1,"B",-0.027743214309094,0.847053474255032,0
1,"A",1.02238168045402,0.708637523518746,0
1,"B",-0.795189901203673,0.53554355988737,1
0,"A",-0.135521417251792,-0.19006866062592,1
1,"A",0.911262889839746,0.762672051113174,0
1,"A",-0.38839730017262,0.435593498909139,0
1,"A",0.203013944159617,0.547904187828639,1
0,"A",0.403646786704376,-1.72017077663221,0
1,"A",1.28107515544064,-0.205335754763564,1
1,"A",1.15852839096795,-0.812827228542437,0
1,"B",-1.60921354242628,-1.06388568444754,1
0,"A",0.38289674396038,0.198540384776024,1
1,"A",2.19767143454698,-0.103842786620207,1
1,"A",1.22654670215296,-2.30576323113857,0
1,"A",-0.217961277539104,-0.220283661369631,1
1,"A",1.88061958403023,-0.112039055190075,1
0,"B",-1.77201327058126,0.713708909257047,0
1,"A",1.36545569283898,-1.65752451234285,1
0,"A",0.0943807420774452,-0.633645826869171,0
0,"A",1.04467842214682,-0.992941167881482,1
1,"A",-1.24065932866862,1.43209151384987,0
1,"A",0.55268280723323,1.3112041152344,1
1,"A",0.412559273875404,-2.1742853897779,1
0,"A",-0.67812077775202,-0.12277057629989,1
1,"A",0.458972424310787,0.225405238072786,1
0,"A",-0.3593445173075,-0.993424253952405,0
0,"A",-0.436439056020696,-1.0233997512222,0
1,"A",0.598088399788293,-0.284753341559828,1
1,"A",0.915631714097054,-0.982308448166932,1
0,"A",2.05342605247776,0.0892536745884552,1
1,"A",-0.161203339235555,2.04788010107678,1
0,"A",-1.2772045326526,-1.73613460583217,1
1,"A",0.246951419656984,-0.719316194252884,1
0,"A",-0.108345525363586,-1.55115360058027,0
0,"B",-1.67764781468625,-1.28477729534222,0
1,"A",0.182231242147028,-1.4367398316657,0
1,"A",-1.05545414996004,-0.944825821760683,0
1,"A",-0.678773419452193,0.684869341607497,1
1,"A",1.01795089048239,0.798178120393872,1
0,"A",-0.744835394128053,-0.344820907166714,1
0,"A",0.28853766918564,-0.590097336860352,1
0,"A",0.0385638759758753,0.3907350652751,1
0,"A",0.497793128216327,-2.49835239105667,1
1,"A",-0.347542549895223,-1.93374398118455,0
1,"A",1.19790652211404,0.200174269511093,0
0,"A",-1.2141014830631,1.31236579694878,1
1,"A",0.479292208482815,0.601038818586065,1
0,"A",-0.659935209541479,-0.586531400359379,0
1,"A",-0.276162909140645,0.0724063213049373,0
1,"A",0.404679970047805,0.550616244827688,1
0,"A",-0.845836228581342,-0.345640077169701,0
1,"A",-0.585310432718727,-0.749292751227174,0
0,"A",-1.22649784661485,1.7803186563445,0
0,"A",-0.269369479344206,-0.542287665309639,0
0,"A",-0.050554352531084,-2.61342378483021,1
0,"A",0.14920740348209,-0.401258637973889,0
0,"A",-0.955422405966132,-1.10273889823323,0
0,"A",-1.51758465495858,-0.0115408202638047,1
0,"A",0.306539275810557,0.678459815934389,1
1,"A",-0.565385602917465,-0.229603526412648,1
0,"A",0.301452143201504,-1.77455858748522,1
0,"A",0.131512703305107,-0.307188966805725,0
0,"A",0.34289805022671,-1.6809673937335,0
0,"A",-0.0270238303111016,-2.01229783737656,1
1,"A",-0.109256741486801,-1.87016944230506,1
1,"A",0.380886369113033,-0.81089200865992,0
1,"B",-0.42002152706101,1.76004940041447,0
1,"A",0.816645566526911,-0.0632232638424984,1
0,"A",0.897002598957131,-0.195698793852982,1
0,"A",-0.294994244504565,-1.05102433171317,0
0,"B",-1.19459740480167,-0.766896854759265,1
0,"A",-0.29428390088051,0.0361439163240718,1
1,"A",-1.20836092658609,-0.921827901770502,0
1,"A",0.514233095360107,-0.560735688215826,1
1,"A",-1.17712348039518,-1.59240266131036,1
0,"A",-1.38875135432777,-0.933515063231438,1
1,"A",1.31913879836089,-0.257929794991639,1
0,"A",0.752229927814997,-0.270734914195177,0
0,"A",-1.69771965018621,0.0637224043349952,1
0,"A",-0.460369466441528,-1.00169337882808,1
1,"A",1.63722560457413,-0.385659652205634,1
0,"A",-0.235520184849229,1.50722205028728,1
1,"A",0.184600771875399,-0.137914713696344,1
1,"B",0.304775850626127,0.347198863003263,0
0,"A",1.24172296470491,1.00741891804408,1
1,"A",2.60303274891883,-1.35070099004592,1
0,"A",-0.0255684307773542,-1.18288780554444,1
0,"A",-0.172078490331362,-1.22704764596331,0
0,"A",0.35258542488709,0.186917373067946,0
1,"A",1.15447780741896,1.05698334766357,0
1,"A",0.798459312266701,-1.90436405732699,1
0,"A",-1.48792603199811,-1.99327568216975,0
1,"A",-1.18172137965375,0.560803427036043,0
1,"A",0.698787054022046,-0.794580283321614,1
0,"B",1.02434571917399,-1.13019483061884,0
1,"A",-0.4631642902161,-1.40337970435671,1
1,"A",1.62034769974826,0.0366131097164641,0
0,"A",-0.721199088039897,-1.70254867394428,1
1,"A",0.522593565875641,0.482444698413099,1
0,"A",2.36458650920344,-1.238660971435,1
0,"A",0.944233717139815,0.31476761428411,0
1,"A",2.32724586061805,0.768925319597562,0
0,"A",-0.832778538689955,-2.65025680907524,0
0,"A",-0.484838840574178,-0.819442619638541,1
0,"A",0.379066046716392,-1.83092611273546,0
1,"A",1.99744529022211,-1.00936092102387,0
0,"B",-1.42269052441531,1.00336152554665,1
0,"A",0.780970557494703,0.108983553476369,1
1,"A",1.32503465018934,-1.02189835310408,1
0,"A",-1.27634562311911,-0.262799191808912,0
0,"A",1.03510241158681,-0.311628507613772,0
0,"A",0.440912628851818,0.309776936457808,0
1,"A",0.745290141810572,-0.610760744093137,0
0,"A",0.42241194697064,-1.46128084945033,0
1,"A",0.687807315683621,0.916833289147234,0
0,"A",-0.159051655038643,-2.05118182753757,0
1,"B",0.8462544338844,0.0918888727170016,0
1,"A",-0.537943730022371,-0.835281713453621,1
0,"B",-1.07771728957852,-0.167357342731727,1
1,"A",-0.2721593041435,0.4953967957866,1
1,"A",1.65650905856913,-0.314289316800365,0
0,"A",0.0912622426307423,0.416993624088067,0
0,"A",1.25001383503163,-0.373613880312425,0
0,"A",-0.141622875281949,0.388557620169013,0
1,"A",0.264708008646184,-0.992691101928988,0
0,"A",0.0422211172504138,0.588405881990217,1
1,"A",0.160211663269314,0.867713753854546,0
1,"B",-0.394011388242218,-0.662377289692432,1
1,"A",0.20747965992579,1.07502581062923,1
1,"B",-1.09728924451894,0.858852392282323,1
1,"A",-0.558290351984951,-2.56306094408542,0
0,"A",-1.76875985726902,-0.370205369318072,0
0,"A",-0.86318143947075,0.134883912622094,0
1,"A",0.335494144393705,-0.00851039330216152,1
0,"A",1.17627444756706,-0.856711367885883,0
1,"A",0.369568856749342,1.54096869852125,1
1,"B",0.144459409320716,0.861031621500723,1
0,"A",2.0267138610853,-0.867199269185047,0
1,"A",1.78621954453014,-2.08072801078707,1
1,"A",0.692398702418388,-0.583391295129207,1
0,"A",1.17204876585458,-0.671759941517986,0
1,"A",0.411407693599204,0.332288250793632,1
0,"A",-1.04612402188624,-1.56188754990081,1
0,"A",0.418987590516341,-1.1673369130397,0
1,"A",2.56045025028328,1.49362244904967,0
0,"A",1.43087148701722,-2.15314323394938,0
0,"A",0.352784054110678,-0.131376372189445,0
1,"B",-1.25647204092466,0.519062383150802,0
1,"A",1.59997332979097,0.0592135116082642,1
1,"A",-0.0218465879435588,0.931708958357087,1
1,"A",0.70267098376312,-1.09582571515962,1
0,"A",-0.022670751048194,-0.243452296867328,0
1,"A",0.464249846016288,-0.50224523325937,1
1,"A",0.44575357384235,-0.818725434320302,0
0,"A",-0.468306612929058,-0.596313002450691,1
1,"A",-0.40173630395851,0.637079559517553,1
0,"A",1.76519589215808,0.21273219585557,1
1,"A",1.4097133304752,-3.1714473114863,1
0,"A",-0.161658716850712,-0.794734632271146,1
0,"A",0.662277546644651,-1.78530670649697,1
1,"A",0.794234752108863,-0.710710033950756,1
0,"B",-0.642044640373393,-0.163439227908726,0
0,"A",0.285473442356111,0.535069805955488,1
1,"A",-1.44989013522103,0.586460920663896,1
1,"A",0.959749685918412,-0.819924904130576,1
1,"A",-0.316623473219201,-1.39179591524153,0
1,"A",-1.36163856963472,1.29435444271646,1
1,"A",0.0777724683356832,0.291655945051829,1
0,"A",1.19344202307874,-0.52019367659572,0
1,"A",2.00710375329869,-1.51482419473005,1
1,"A",0.525067252003574,-1.04528922539563,1
0,"A",-0.155999561360246,-1.92633486321962,0
1,"A",0.368088023328384,1.03140869685687,0
1,"A",-0.240650685130851,0.748303440569685,1
0,"A",-1.22124759903751,0.832217003914386,1
0,"A",-0.555991036375358,0.110542178265334,0
1,"A",0.711127869249299,-0.621300462105942,1
1,"A",-0.0517862923775536,-0.0240149766651632,0
0,"B",-1.82357252024429,0.22991545452968,0
1,"A",0.355644598921832,-0.730882611066838,0
0,"B",-1.51661776189449,-0.369271264031995,0
0,"A",-1.51334902769153,1.02684434124405,0
0,"A",-0.909267583596317,1.24683279726282,0
1,"A",1.67857616324234,0.166635750401295,0
0,"A",-0.494619583009825,0.190635079811295,0
0,"A",-0.112032557646699,-0.566542089080481,1
1,"A",0.256921249842678,1.85008882394062,1
0,"A",1.02860403277062,-0.565785232234379,0
1,"A",-0.413378647898153,-0.826352510858452,0
1,"A",0.227101355869566,-0.111151826176049,0
0,"A",0.529689582124602,-3.03649877271158,1
0,"A",-0.0751482180446354,0.925844101301499,0
0,"A",-0.456086561074831,-0.980396911776326,1
0,"A",0.299352444545139,-1.24582954059368,1
0,"A",0.597475666948225,-0.146460624391797,0
1,"A",2.23581893199606,0.142862811178591,1
0,"A",-2.56931303185372,-0.661850417051187,1
1,"A",0.696696595562747,-1.11287854714869,0
1,"A",1.81562564667723,0.157960353738535,1
0,"A",-1.64505016106566,-1.76872393199908,1
0,"A",0.493015733423016,0.727421286647479,0
0,"A",-1.01739155038361,0.730875156142924,0
0,"A",-0.331604700096735,0.122949031409697,0
1,"A",0.0550491929370376,1.34656369161801,0
1,"A",0.77835450578785,-1.92955382280854,0
0,"A",0.112147216041698,-1.57887154338353,1
0,"A",1.30782568809349,-0.511983333186561,0
0,"A",-0.519627337088806,-0.241461923313572,1
0,"A",0.467691321525541,-1.6752947996472,0
1,"A",-0.0215725503385666,0.547789148503631,0
1,"A",-0.67376437818397,-1.28327678018533,1
1,"A",1.13340849697078,-0.7240045175055,0
0,"A",-0.378119245154605,-0.523488294769705,1
1,"A",1.30424491667256,2.40998781166918,1
0,"A",0.548702770812391,0.105234852266787,0
1,"A",-0.328504073630917,-0.701572715522502,1
0,"A",-1.03481257332467,0.929919541579087,0
0,"A",-0.177147974507489,0.495075768202433,0
0,"A",-1.55639516764475,0.0599930175220277,1
0,"A",-1.67364868696736,-1.7494550078489,1
0,"A",0.801726812323793,-2.0720405355353,0
1,"A",0.695094206442248,-0.469957566758556,0
1,"A",-0.29425159683873,-0.686282763608019,0
1,"B",-0.492759899210271,1.0398634717187,1
0,"B",1.12522215405921,-0.780887428927812,1
0,"A",1.17869765373033,-1.16206320740877,1
1,"A",-0.879419227843855,-0.965602304753705,1
0,"A",-1.97809296442353,-1.32499744574014,0
0,"A",0.716857471929072,-0.791560477957257,0
0,"A",-0.272626210938504,0.0444642886422205,1
1,"B",-0.438566618344048,-0.406929837460603,0
1,"A",1.28036257922463,-0.775380555034818,1
0,"A",0.984917797451661,-0.934140383424908,1
1,"A",0.619261905800733,-1.55564309331372,1
1,"A",0.565552627420615,0.414188400497234,0
0,"A",-0.746683683057953,-0.747781472689134,1
1,"A",0.984592055846262,-0.0713925716796716,1
0,"A",0.505656128889651,-0.036160450140321,1
0,"A",-1.05589631447382,-1.39760271069754,0
0,"A",-0.984087432626962,1.19234624075594,0
0,"A",-0.859976076005311,0.802480090684644,0
1,"A",0.647457626057689,0.92116247371354,1
0,"A",-0.421253927275551,-0.545867102932507,1
1,"A",0.0287780029041063,-0.568139582720183,1
1,"A",0.815627190697799,0.411054322834252,1
0,"A",1.8823440570016,-0.904069729745599,1
0,"A",-0.714736555390031,-1.0557802788893,0
1,"A",-0.0678720998940575,0.414674084523621,0
0,"A",-0.301089582365395,-0.302748166834536,0
0,"A",-1.09958684783697,-0.164455560068433,0
1,"A",0.0890395660985335,-1.85361922156112,1
0,"A",-0.351625863114285,-2.63789642589118,1
1,"A",-0.4198155541323,-0.576463692837369,1
0,"A",0.828093185998888,-1.54908524788493,0
1,"A",1.03892946633463,0.762539720180023,1
1,"A",0.876876151726304,-0.171932651988238,1
0,"B",0.217187886885137,-0.390224672429026,0
1,"A",0.932416498081728,-0.320416881980459,0
0,"A",0.536594431318923,-0.76380294928379,1
0,"A",-0.464879602169639,-0.522413016751335,1
0,"A",1.28209685474474,-2.85356141436909,1
1,"A",2.30046304662971,-0.614075592060611,0
0,"A",1.38401969120695,-0.457054872424891,0
1,"A",1.71002577129263,-0.673403140018753,0
1,"A",-0.109102783849275,-0.755576043785561,0
0,"A",-1.30980854785959,-2.28052795002711,0
1,"A",0.467161057947324,-0.45332565341487,0
0,"A",-0.382716932614608,-1.82814657170182,1
0,"A",1.01360026501519,0.0954182847220871,0
0,"A",0.800409548320342,-1.06185070156981,1
1,"A",-1.99587228194827,-1.71799959317871,0
1,"A",-0.131618348130009,-0.138958036061007,1
1,"A",-0.0744088885803644,-0.711505268164266,0
1,"A",0.3067451867604,-1.05596519894712,0
0,"A",-0.818879011576339,-1.72475459889098,0
0,"A",-2.09948340573053,-1.54931919852467,1
1,"A",0.877246871318257,-0.292009480668124,1
1,"A",0.0276460393373294,1.01422456040093,1
0,"A",0.308826432411192,-0.454842458918036,1
0,"A",0.465432026486296,-0.450313915822352,0
1,"A",0.225051103628396,2.04260040934183,1
1,"A",0.429240638080685,0.58610460570595,1
0,"A",-0.271574075681441,-1.17770889049317,1
1,"A",1.12172826292417,-1.51127846202189,0
1,"A",-0.608991498877568,0.384467723655459,1
0,"A",0.387209795743517,-0.503207124614022,1
0,"A",0.0255426367242871,-1.40906711544657,1
0,"A",0.494592492436738,0.507404853788746,1
1,"A",0.366166249154725,-0.367885341268611,1
0,"B",-2.1429491393502,0.97262337485545,0
0,"A",-1.70982494019909,-0.216926973126808,0
0,"B",-2.35346901805223,-0.44548003750249,0
0,"B",-0.445517868549694,-1.04081411716503,0
1,"A",-0.258321366576949,0.0369762364209689,0
0,"A",-0.930239173069911,-0.645172479195562,1
0,"A",-0.619042533570451,-0.758137825885156,0
0,"A",1.24872672151305,-1.94282784963387,1
1,"B",0.117077747671382,-0.0473824871748177,1
0,"A",0.937048045123386,-1.58487753273292,1
0,"B",-1.59260202722437,0.257125606271273,1
0,"A",-1.03889792743818,-0.0322141096300375,1
0,"A",-1.2531731555721,1.04315146757635,1
0,"B",-0.769742585748486,-1.13533630820167,0
0,"A",0.063051730068932,-0.964372399423899,0
1,"A",1.67649210118298,0.851052061552057,0
0,"A",-0.644019622349504,-1.48872157364397,0
1,"A",1.19043721974253,0.710258977851152,1
0,"A",0.728509743944629,-1.65486986362335,0
0,"A",-0.164967402557814,-0.325968269643568,0
1,"A",-0.0117192342831486,-1.03046909863396,1
1,"A",0.382493762023874,1.65895348520521,0
1,"A",0.565131257294745,0.224536263780357,1
0,"A",-1.33695521649331,-1.22989749731416,1
1,"B",1.45445161207698,-1.37600378403671,1
0,"A",0.33572896258831,-1.36840393988107,1
1,"B",-0.32618659719859,0.655374751552011,1
0,"B",-0.630931886101864,-0.696526359311597,0
1,"A",-0.219800276346769,-0.0516635857499076,0
0,"A",0.270219254490952,-1.73713611125178,1
1,"A",-0.164115345285293,0.318716698282762,1
0,"A",-1.41159960533774,-0.154909475866123,1
0,"A",-0.260826309239103,0.206569515423009,0
0,"A",-1.42448273337093,-1.45778539662889,1
1,"A",-1.21649276539697,1.73227496352745,0
1,"A",-0.445963965998675,0.683929663150512,1
1,"A",-0.327258628878698,-1.42395830942481,0
1,"A",1.69015134348351,-0.203201260849798,1
1,"A",-0.00123365794697378,-1.21081878419787,1
1,"A",0.948841554290054,0.111763748408466,1
0,"A",-1.74423552868884,-0.697313423683679,0
1,"A",-0.541927858243057,-2.4330596071281,1
1,"A",1.997676128009,-0.41273067128716,0
1,"A",-0.963355604442282,-1.72322899088681,0
1,"A",0.971963368974368,-1.00520639213483,0
1,"B",-1.58602492454978,2.16052419935348,0
0,"A",-0.223171338715305,-1.1026660489146,1
0,"A",1.45425215470081,-1.76966393749158,0
1,"A",-0.523694354546756,-0.0680308993337324,0
0,"A",-1.00004356153809,-0.592411035261403,0
0,"A",1.30834959962326,-0.952111815639824,0
1,"A",1.42427484268895,-1.29370941659399,0
0,"A",-1.13960733058472,-1.61408653750821,0
1,"A",-1.2618428544232,0.00926434027720174,1
0,"B",-1.03701884084022,1.56962453419048,0
1,"A",1.81103440855242,1.2155610959733,0
0,"B",1.55181379410455,0.308219722123051,1
1,"A",-0.0489848031210043,-0.855367947439659,0
1,"A",-0.3326557667034,-0.788696458527486,1
0,"A",-0.56633549362185,-0.628170843395556,0
1,"A",0.250798015946159,-0.552344007320537,1
1,"A",1.19155740513216,-1.32739775350803,0
1,"A",0.26824310360825,-0.542142648863215,0
1,"A",2.34981097996155,-0.916958633277386,1
0,"A",-1.97526398353622,-0.0493080600446804,1
1,"A",0.627970054993684,-1.17535863231981,1
1,"A",1.43538034435628,0.259375040641354,0
0,"A",-1.90633153197464,-0.486310396092748,1
1,"A",0.0139373398303199,-0.758000128995848,1
1,"A",-0.106735284927045,-0.616303979121434,1
1,"A",1.54962771435301,0.728096721251118,1
1,"A",0.0552822222404366,0.152029908067921,1
0,"A",0.641982357873247,-0.143415166438117,0
0,"A",-1.68468637788102,-1.33072182900766,0
0,"A",-0.19467133833604,-1.96520682469053,0
1,"A",0.652323327725599,-0.665216330616226,1
1,"A",0.701426102308293,-0.509170734830318,1
0,"B",0.118764913931441,1.54056583697329,0
1,"A",-0.17131131530612,0.0198927242143091,1
0,"A",0.773770294148664,-1.87728959919976,1
1,"A",-0.142565638474017,0.816632436930816,0
0,"A",1.23794290798879,-1.17573461723454,1
1,"A",0.182470837548125,-0.408904569205544,0
1,"A",1.74108574274974,-0.817388008886048,0
0,"A",-0.0193548644404701,-1.16112236105989,1
0,"A",0.272017756051949,-0.612653322702844,1
1,"A",0.187698851159973,0.251028540658921,1
0,"A",1.13218817906878,-1.74820239890007,0
0,"A",1.69932517075723,-1.87363223501438,1
0,"A",-0.295559369322138,-1.72776317831674,1
0,"A",-0.667263324947748,0.65755278179337,0
1,"B",-0.0655162937699981,0.731560090253413,0
1,"A",2.39267369074311,-0.87270048359794,1
1,"A",1.20172666898266,0.549204308589576,1
1,"A",-1.42264916268859,-0.572350937253327,0
0,"A",0.0861124157612804,-1.11019968063783,0
1,"A",1.59124925958381,-1.42553919457827,1
0,"A",0.418026610254923,1.0975182427429,0
1,"A",1.89040475894565,0.998229226228119,1
1,"A",0.0125960977471884,-0.136241271797381,1
1,"A",0.0529883476643266,1.05872151972649,0
1,"A",-0.116594389590407,0.236283176300242,1
1,"A",-0.706748748367539,-1.39400696166876,1
0,"A",0.00929345206575627,-1.22946740509011,0
0,"A",-0.325761374723316,-0.205578362521124,1
1,"A",1.4466801858201,-0.999583072942368,1
0,"A",0.151985631721443,1.37716174378645,0
1,"A",-0.412279714813119,-1.67110769338676,1
1,"A",0.227784429594264,-0.522541389428247,1
1,"A",-0.530253569485793,1.58551972078292,0
1,"A",1.81428404455647,-0.49652552967958,1
1,"B",-0.641432179043777,2.44583078050424,0
0,"A",-1.10821452720401,1.59124792604451,0
1,"A",-0.117747717742074,-0.224355452142784,1
1,"A",1.40466526958452,0.870761389234798,1
0,"A",-0.194048920127685,-0.892126377820471,1
1,"A",0.214425089583502,-0.534127617956878,1
0,"B",-0.0570127345876121,-1.05734424265752,0
1,"A",-0.281154299503317,-0.789461929674173,1
0,"A",1.53854198080996,-1.02981416255873,1
0,"A",-0.0772302312748769,-0.0988337630030178,1
0,"A",1.06232706370472,-0.823228392456152,0
1,"A",0.707332887950026,0.665199678830023,1
1,"A",0.777722815493084,-0.72868863763909,1
0,"A",0.676126557802721,-1.43700089413019,0
0,"A",1.4401843124242,-1.00391433788439,1
1,"A",0.13001567230338,-0.265068385341415,0
0,"A",-0.431742427908703,-1.39909256869977,0
0,"A",0.0561376803462278,0.262487488305594,1
0,"A",-0.202586773545929,-1.59058327917533,1
1,"A",-0.140443207479584,-0.672482925417048,0
0,"A",0.859098535128014,-0.0852074058053791,1
0,"B",-0.893667392821228,0.966581197518602,0
1,"A",0.270332229197362,-0.923743898038591,1
0,"A",-0.490891660026695,-1.82625803514531,1
1,"B",0.147336246853676,-0.431806487620168,1
0,"A",1.15018211651428,-1.35052509870393,0
0,"A",-0.29106086553099,0.928357160041608,1
0,"A",-0.0221178345030003,-0.121452754441909,1
0,"A",-0.929268997897198,-1.49765777259323,1
1,"A",1.09039448514321,1.40544867300365,1
1,"A",0.560701473487632,-1.16552906144828,0
1,"A",0.426164586174167,0.326550469905052,1
0,"A",-1.19476808628534,-1.52480716111216,1
1,"A",-0.574944972596668,-0.0494203011934858,1
1,"A",2.1697424675948,-0.275722472058324,1
1,"A",0.179349630435207,-0.557363449121976,1
1,"A",-0.0513647377598518,1.3917444093639,1
1,"A",0.669764499359044,1.30940283279843,0
0,"A",-1.63996589592619,-0.704325108799359,1
1,"A",0.568929135656425,0.902562622322234,1
0,"A",-0.918029258698968,-0.219157857115029,0
0,"A",-0.339763607778732,-1.25746679864518,0
0,"A",-2.46908891252918,-2.10526505221341,1
0,"A",1.17892234446096,-0.742654479851616,0
1,"A",-0.220454622880583,1.43982103858149,1
1,"A",0.0625727348798217,-0.590486169200547,1
1,"A",-1.6983443369196,1.22032832204847,0
1,"A",1.89645936708482,0.134827237208187,0
1,"B",-1.45269186879751,1.16059333840786,0
1,"B",0.413954321427804,-0.0629384600031879,0
0,"A",-0.206680266958038,-1.86324465479458,1
1,"A",0.437750263507992,0.945838097697428,1
1,"A",-0.0966454932639222,-1.73369912517162,0
1,"A",0.523659866689757,-0.224773691141593,1
0,"A",0.508821673926827,-1.28455441821038,0
1,"A",2.75577362762578,-0.283565207107951,0
1,"A",1.03877966983029,0.367643737801512,0
1,"A",1.38394573700241,1.02704540483899,0
0,"A",-1.01625325296201,-0.751253972102448,0
0,"A",0.443573994572021,-1.54708462004014,1
0,"A",-0.297709073197813,-1.23378215001013,0
0,"A",0.678226371054539,-1.7096225116148,0
1,"A",0.0322059188711475,-0.917390119365863,0
0,"B",-0.971349068745872,-0.180745349253287,0
0,"A",2.01052847543086,-1.07129859837628,1
1,"A",1.13238464513924,-0.509668618279898,1
1,"A",0.314638443336907,-0.904389917320852,0
1,"B",-1.62793169782195,1.61243445814916,0
1,"A",0.309413803068616,0.0608545914081415,1
0,"A",-0.603090329600568,0.266538122755248,1
1,"A",1.03000782656574,0.775206625879323,0
1,"A",-0.305080995636044,-0.202529203178133,0
1,"B",-0.333632913806629,0.669218226314085,0
0,"A",-0.00140544424696248,-0.0155819296493132,0
1,"B",0.966864972264389,2.23436863128224,0
1,"A",-0.536371297214312,0.301514643019671,0
1,"A",0.906482613870099,0.837007762924807,1
1,"A",1.18899141115977,-0.533788569404419,1
1,"A",0.89199189815644,1.93480971905097,1
0,"A",1.27435426368286,-0.0216399853705929,1
0,"A",1.26160466943555,-2.33812988666999,0
1,"A",-0.00720598175776943,-1.87275222269652,0
1,"A",-0.21995679995602,-0.573593475155485,1
1,"A",1.2520648267096,0.497741878334881,0
0,"A",-0.407132347924357,-1.54552945469904,1
0,"A",-1.38732655663311,0.0626768649807228,1
0,"A",-1.14449623181862,0.204610675931753,0
0,"A",1.5147326742369,-0.518456192300662,0
0,"A",0.278222991721968,2.46514255029541,1
1,"B",-0.352460612050796,1.11691446074253,1
0,"A",-0.599523226324961,-2.23141118652649,1
1,"A",0.660117833083819,0.454021407555327,0
0,"A",-0.98316146747946,0.468317784843515,0
1,"A",0.0154967708329432,0.63601464428249,0
0,"A",0.976594287265726,-1.15802170573721,0
1,"B",0.394009137835165,1.89290853054208,0
0,"A",0.681186244645981,0.992584059708136,1
0,"A",-0.43093948964694,-0.888586506034895,0
0,"A",-0.573779365470401,-2.14546096472297,0
0,"A",1.47748490339545,-1.79610322382179,0
1,"A",0.0225674316545925,0.713069384121686,0
0,"A",-0.643524603921124,-0.977694249950195,0
0,"A",1.94384957121759,-0.182764789480662,0
1,"A",0.535345277374486,-0.27422702671635,1
1,"A",1.9893112288274,2.87491487201635,1
1,"A",-0.361380492906454,-0.235192929404852,0
1,"A",0.234134816251864,0.374840239931759,0
1,"A",0.910076634421706,-2.95446676421401,0
1,"A",-0.253193039202191,-0.490964456626092,0
1,"A",1.2466778359488,-0.703293210327408,0
1,"A",1.608246561482,-0.501251218262963,1
0,"A",1.16742453719807,-0.689726875557619,1
0,"B",-0.564858925389965,-1.37012566648086,0
1,"A",0.200361889779115,-1.10931748250186,0
1,"B",0.152087290120714,-1.16522998691805,1
1,"A",2.55214818888859,-0.277088597243176,1
0,"A",0.562625491815619,-1.25917664091065,0
0,"A",-0.601947250774074,-1.16767119384766,1
0,"B",-0.462567755632963,0.605358102982871,1
0,"A",0.474629019654401,0.31676282898942,0
0,"A",1.1184105057083,-0.79368136208159,0
0,"A",-0.957215401078114,-0.366198538398818,1
1,"A",-0.244299791005296,0.687948900999432,1
0,"A",-0.513890819505857,-0.436077707838974,1
1,"A",0.17500352535499,0.849670769494303,0
0,"A",0.731360418221012,-1.16623053478839,0
0,"A",-0.686552978696946,-0.581215063575988,0
0,"A",0.239198877480374,0.0842779046424772,0
1,"A",0.304746446966892,-0.739528645149429,1
1,"A",0.323231856300427,1.64973612796714,1
0,"A",0.697670060947299,-0.624235244325679,0
0,"A",0.915296153940552,0.608129353546009,0
1,"A",0.744431171801872,0.185910653889205,1
0,"A",-1.87379748128256,-0.0807857985360604,1
1,"A",-0.568409315823919,1.6969669189664,1
0,"A",0.925216619061895,0.50063976990136,0
0,"A",-0.203002850084765,-2.12874894242331,1
0,"A",1.86002714786646,-0.557210020354149,0
1,"A",1.11914225655417,-0.707099364288925,1
0,"A",-0.215768607221515,-2.98079843687326,0
0,"A",-0.796449180300624,-0.338565446817468,0
1,"A",1.18036124644174,-0.0345474659052077,0
1,"A",0.589990437356763,1.12525594247498,0
0,"A",0.646653520516813,0.384477063843369,0
0,"A",0.843332360130804,-1.40232475102217,1
1,"A",2.00589873620826,-0.554995994793046,1
1,"A",-1.3063772863304,1.76031164500303,1
0,"A",0.0317232589122023,-0.296950613857566,0
1,"A",0.803080381352316,0.886451565369099,1
1,"A",-0.0305137015123255,-1.29731652052808,0
0,"A",0.420338920530522,-0.548254659326941,1
0,"A",0.878206766303887,-0.34541035116457,0
1,"A",0.461688360632967,-0.426804776748251,1
0,"A",-1.4868914887384,-1.9934597630833,1
0,"A",-0.46481129731509,-0.0979275489781455,0
1,"B",-1.55507554380248,0.413967017503195,0
1,"A",-0.0675563306823991,-2.27385612913886,0
0,"A",0.751408697469567,-1.52752693883805,0
1,"A",1.89876654746476,-0.75284099036586,1
0,"A",1.27401179449586,-1.43565359087731,1
1,"A",1.1767953724438,-0.613686147401088,0
0,"A",1.1754738324232,-0.474945228983209,1
0,"A",-0.740917164995617,0.305908061481142,1
1,"A",0.860724392102232,-0.138950764991331,1
0,"A",0.899060164974075,-1.38711660554356,1
0,"A",-0.319104317881848,-1.51516115361561,1
1,"A",-1.05939521577459,0.361793568775223,1
1,"B",-0.218790101765996,-0.0488917307229362,1
1,"A",0.574262550017415,-0.704635056234848,1
0,"A",0.0226819508791951,-0.990730060619324,0
0,"A",-1.46816310646346,-2.02266805003465,1
0,"A",1.20988675114481,-0.909606428138375,1
0,"B",-1.58556112103544,2.42197716268613,0
1,"A",1.77054054357794,2.89452417127791,0
1,"A",1.69324359477245,-0.450944505933765,0
1,"A",2.7219602296321,-1.68197552694849,1
0,"B",-1.98372661579482,-0.457558778351094,0
1,"A",0.981856668455676,-1.02882729652253,1
1,"A",1.69165009185499,-0.217093877681773,0
0,"B",-0.238860269132862,1.25156511719073,0
1,"A",-0.900095185005558,0.672028154996897,1
1,"A",1.16319570351608,-0.0410773330904281,1
1,"A",1.39958871143174,0.00642167506147334,0
1,"A",0.778182886625343,-1.01653508331971,1
0,"A",1.14405306251279,0.532401006309105,1
0,"A",0.435016757402506,-1.37120460566737,1
0,"A",-0.487830460585454,0.26837991086053,1
0,"A",-0.00574286193825052,-1.04109797408916,0
1,"A",0.147780202929785,-0.460368959512532,1
1,"A",1.80031594108463,-0.811301364279367,0
0,"A",-1.71190181278185,-0.259397007454172,0
0,"A",0.892060438680816,-1.1234714985058,1
1,"A",1.74396341530295,0.424643790255819,1
0,"A",0.17879203770271,-1.38238188697436,1
1,"A",-0.409849378067473,0.406911051112355,1
0,"A",-1.53008930182346,-0.70286343224335,1
0,"B",-0.818167852727301,-1.25710040842672,0
1,"A",-0.679158081287782,-0.922448614863684,0
1,"B",-0.527617082477185,1.17576776454758,0
1,"A",1.13895302990049,-0.813762288415299,0
1,"A",0.203829235148236,0.251457200664114,1
0,"A",-0.312246194335408,-1.673640038623,1
0,"A",1.11281303061899,0.474582736749339,0
0,"A",0.210404414859735,0.195126888335618,1
0,"A",-0.108390654666907,-2.61112627371446,1
1,"A",0.0374295397929926,0.407186430109949,0
0,"B",-0.6368024461085,-0.228004165531799,0
1,"A",0.437810106724504,0.513526177847296,1
1,"A",3.06286454038968,-0.393881954774345,1
1,"A",0.0756507712044089,0.516778466083189,0
0,"A",0.452696696857435,-1.41096358473884,1
1,"A",1.52647417968058,0.284796475977191,0
1,"A",-0.100224876505546,-2.55454567135373,0
1,"A",-0.450955006227601,0.0883220433604301,1
0,"A",0.343669930134891,0.654381711257392,0
0,"A",1.39306807359124,0.248277053242537,0
1,"B",0.67376196690016,-0.137973065950032,0
1,"A",1.21095766917047,0.244754718879201,1
1,"A",1.91186075616912,0.726447664825339,0
1,"A",1.32792658685472,0.167069819202331,1
1,"A",-0.571509108533095,1.99570558112247,1
1,"A",0.813443859447486,-1.29332520797566,1
0,"A",-2.16003448250826,-1.11622501058046,0
1,"A",-0.189716810768453,0.416407386777084,1
1,"A",0.476630766498658,-0.742929733263672,0
1,"A",-0.811921071373548,0.61342284446895,1
0,"A",-0.343664388783974,-0.0523972475991727,0
0,"B",-2.7229277869101,-1.48354781763921,1
1,"A",-0.485608246123281,-0.0339480385674409,0
1,"A",1.38377608944988,0.522990597536084,0
1,"A",2.09350544796482,-0.684152912461899,0
1,"A",-0.458145524814782,0.798260427724344,1
0,"B",-0.390202828407529,0.406311387372599,0
0,"A",1.31404622141884,2.18582338268404,0
0,"A",-1.85943389666311,-0.691694509038488,1
1,"A",0.772945665871832,0.273822249236256,1
1,"A",-1.76021863092911,1.29660301429001,0
0,"A",1.52047535441695,0.0703321960134278,1
1,"A",0.960427586637965,-0.93224799088993,1
0,"B",0.25496626847993,-1.84442033215509,0
0,"A",0.784442722165073,-0.389567155984796,1
1,"A",-1.20859268038486,-0.36291914094071,1
1,"A",-0.129557600578396,-0.255689925367562,0
0,"A",-2.71489180374528,-1.54851400298057,1
0,"A",0.533594911545547,-0.970758237600249,0
1,"A",-0.0746457322923105,0.584201930990852,0
0,"A",1.75935224907398,-1.54514670322147,0
1,"A",-0.0945017172633155,1.07332121193355,0
1,"A",-1.7969987613573,1.97337124652279,1
0,"A",0.540539976959394,-0.689969731666308,1
0,"A",-0.375073582448979,-0.538768422799504,1
1,"A",0.23308598342133,-0.80873409953367,0
0,"A",-0.338982567742927,-1.80398327982601,0
0,"A",1.88230506285279,-0.635555107559031,0
0,"A",-1.06261636505623,-2.28985266627652,0
0,"A",-2.10664618292546,1.61404380469327,1
1,"A",0.334155479220854,0.0279909017023448,0
0,"A",0.209888394190541,-1.54314318784123,1
1,"A",0.68734736681025,-0.126273357111042,1
0,"A",0.137907458882527,-0.462595008049478,1
0,"A",-0.386300417991945,-1.35014773434204,0
1,"B",-1.43691525201755,0.382862112250271,1
1,"B",0.586128841330745,-1.38525258355955,0
1,"A",-0.212567479406615,-0.100545743036002,1
0,"A",-0.0779636775926719,0.205497116405842,1
1,"A",-0.688465068876653,-1.8366534556015,1
0,"A",0.785599720988767,0.454969342944873,0
1,"A",2.89591408259212,-1.13067797544879,1
1,"A",-0.350825083709583,-0.127273737234927,1
0,"A",-0.0651360639876465,-1.31747378310823,0
0,"A",-0.628294177963339,-2.45627690822752,1
0,"A",-0.561391720128924,-0.277801804573889,0
0,"A",-2.05897891300247,-0.510560598179876,0
0,"A",0.0847879961006608,0.200048484841117,0
1,"A",0.82078834664661,1.45424285745115,0
1,"A",1.84739308104545,0.7192227548066,0
0,"A",-0.393720787471688,1.26881861198787,1
0,"A",-0.344978078021312,0.740084546132978,0
1,"A",0.244501214611778,0.95178758058669,0
1,"A",1.02129260076488,2.29596902058845,1
1,"A",0.187810108508555,-0.363721068378635,1
1,"A",1.09225375446982,0.70148374668074,1
1,"A",1.25675744967786,-0.30952903643815,0
1,"A",-0.0972647293169249,0.152794141650545,1
1,"A",0.604108405308528,-0.0961225346992525,0
1,"A",1.27671558203422,1.13690287512387,0
1,"B",0.382576413961011,0.0795531589448231,1
0,"A",0.803739075380612,-0.408717364926865,1
0,"A",0.47682103472663,-2.27460436371734,0
0,"A",-1.07391774598769,-0.578929863582061,0
1,"B",-0.894486437648828,0.274968840931449,0
0,"A",-0.456428066443607,-2.56021572008651,1
0,"A",-1.0148411766582,-1.16030401316145,0
0,"A",-0.531610018329911,-0.875059590890073,0
1,"A",2.25173227361866,-0.744843312247944,0
0,"A",-0.648572099959414,-0.688515702942018,0
0,"A",-0.885624970894691,0.675759668210054,1
0,"A",-0.910920692168734,-0.558915380773569,0
1,"A",-0.0942749683261782,1.12661847016695,1
0,"A",-3.11735035237554,0.198520889382182,0
1,"A",0.523975310679387,0.215251840981993,1
0,"A",-1.61764632881461,-0.225853292937825,1
0,"A",1.77702985384571,-2.03676444480895,1
0,"A",0.757143032643558,0.0918528353543573,1
0,"A",0.477926268804377,0.989301811815534,0
0,"A",0.992347941204083,-1.25342964032631,0
1,"A",0.774283640305453,0.27431445971314,1
0,"A",-0.800474164060396,-0.912439320251986,0
0,"A",-0.0952277894677572,1.06069750869145,1
0,"A",0.0137188462399381,-1.5325535104227,1
1,"A",0.399158782437645,0.756633898368749,1
1,"A",-0.0659951048988634,-1.64475796497984,1
0,"B",-0.639802293120257,0.608978242636187,1
0,"A",1.17477197358315,-0.360758995972423,1
0,"A",-0.547167254710383,-0.150554026987646,1
1,"A",0.416094885695967,0.967836712852458,1
1,"A",0.384621445638718,-1.59497974742995,1
1,"B",-0.29974062437676,3.20837865985427,1
1,"A",-0.189122804656812,0.826837442292803,1
0,"A",-2.18983607617945,-1.02433535388703,0
0,"A",0.157928218293187,0.937683621097509,1
1,"B",-1.07829674319544,1.42035608321224,0
1,"A",0.238078012929564,-1.64158100779422,1
0,"B",-1.99185960498914,1.17335179063402,1
0,"A",1.12741053836233,-0.227993135644384,0
0,"A",0.470216044882632,-2.40608819530127,0
1,"A",0.682367886366959,-0.737555621562276,1
0,"A",-1.05473391985121,0.308284408988003,0
0,"A",2.41409870046753,-0.897837228177863,0
1,"A",-0.105432822228009,0.279474784143234,0
0,"A",1.68026089169474,-1.85653231231016,1
0,"B",-1.698434011227,-1.06274262031508,0
1,"A",1.01972178844814,-1.19448894484726,1
0,"A",0.490526639485272,0.581687787616736,1
1,"A",0.13286041549723,-1.82640272441607,0
0,"B",-2.4012783085527,-0.943756076525661,1
0,"B",1.11505144455907,-0.82369028383318,0
0,"A",-0.08358177549534,-0.927245999301929,1
0,"A",1.59762277955954,-1.45274311826548,1
0,"A",-0.45190355071893,0.3369482476443,0
1,"A",0.588291971850417,-0.911042581632638,1
0,"A",0.710085709278601,-0.413704260630393,0
1,"A",-0.0215320902354524,0.954190242112479,0
1,"A",0.203300366836221,1.50348395604779,0
1,"A",-0.10951309719458,0.312826994270045,0
1,"B",0.233380796814695,0.302640380107629,1
1,"A",-0.390246529526176,1.31867471348819,1
1,"A",-0.100043321099954,-0.372118699153606,0
0,"A",0.765814112700354,-0.591729198404721,1
1,"A",0.853096229945917,1.34084957973903,1
0,"A",0.331986147230745,-1.78247914625029,0
0,"A",-0.547950648816806,-0.567460435232426,1
1,"A",-0.03381941764474,-0.0415668507025859,1
1,"A",1.10053202415182,-1.1316591984931,1
0,"A",3.24280377520995,-0.863854343688183,0
1,"A",0.772278290023155,2.01853312080933,1
1,"A",0.256470897799272,-0.0429639514067406,1
1,"A",-0.26223559375478,-0.299247776719763,0
1,"A",1.72552692277086,-0.467036395791738,1
0,"A",0.799395643627441,-0.106257028519339,1
0,"A",-0.724056887129568,-1.32270387868193,1
0,"A",0.529689066478089,-0.87048796395002,1
1,"A",-0.391938643292565,0.730037854362613,1
1,"A",-0.276047456284299,1.98453469694919,0
1,"A",1.39267714295409,-0.305149698999169,1
0,"A",0.34819207438439,-0.968949526823696,1
0,"A",1.01000124443283,0.604419055450507,1
1,"A",-0.0408247471438609,-0.390440475023237,1
1,"A",0.301806303141728,-0.229403827182357,1
1,"A",0.787188633351934,-0.845987532238735,0
0,"A",-0.0413165280477419,0.265054495687642,1
1,"A",0.6308080031089,0.272247488538898,0
1,"A",-0.79380635342745,-0.266424398882512,1
1,"A",0.277990439272004,1.1241920135842,0
1,"A",0.723516354499674,0.893256522219438,1
0,"A",0.982113794135098,-0.713226718445615,0
0,"A",-1.42177784480172,-1.03431489039717,1
1,"A",-0.436206104559346,1.49796700967671,1
0,"A",-2.06797912051756,0.844735493680453,1
0,"A",0.842834903262129,-0.836877777886094,1
0,"B",-1.09263273453229,-0.980900354369944,0
0,"A",0.51163881547294,0.820864588331772,1
0,"A",0.0780456914184165,-0.0889911746400656,1
0,"A",-0.867223003148659,0.0980640533876647,0
0,"B",-1.09004290966385,0.566132467871244,0
0,"A",-1.22417409727407,0.173223875490431,1
0,"A",-0.316765245966002,-0.692193373625691,1
1,"A",0.382172277130342,-1.01270278456072,1
0,"A",0.882684040015051,-1.99676036803578,0
1,"A",-0.435613608694661,0.42474290441785,0
0,"A",-1.9703648736123,-0.623957682362897,1
1,"A",2.8124083411753,-1.03961285568396,0
1,"A",0.737443297273009,0.365950311387081,1
1,"A",1.09740869446126,-0.735079155954183,1
0,"A",-0.9734401338148,-0.0651364765041846,1
0,"A",-1.14537467494274,0.553643276722585,1
0,"A",-0.309814135674103,0.158062626884634,0
0,"A",-0.337470050160807,-1.70579770088038,1
1,"A",0.878244042897551,-0.248001661832728,1
1,"A",1.98975923218611,0.186243309660717,1
0,"B",0.73337657252481,-0.179551012850742,0
1,"A",1.39931533920257,-2.65225204379697,0
0,"A",-0.338606922764646,-1.18011646954744,1
0,"A",-0.0818927181790107,0.4102573064995,0
0,"A",-0.235782677813964,-0.160700088924093,1
1,"A",-0.185308983092142,1.29482606057796,1
0,"A",1.28829616846616,0.219048830444239,1
1,"A",1.3980254503399,0.861276986607835,0
0,"A",-0.157622568206135,-1.10201926078145,1
1,"A",1.70324945430678,-0.422034197588434,0
1,"A",-0.310988127899964,0.895776990260326,0
0,"A",-1.0857533048708,-1.106141581164,0
1,"A",1.76647341437638,-0.84862727263455,1
0,"A",-0.390970699185428,-0.292253643727027,0
1,"A",1.12987514139733,-0.365772885484581,1
0,"A",1.22967080781442,-1.40994321418632,1
0,"A",-0.312191931443952,-1.15151141803177,1
1,"A",0.765015361683088,-0.141807975991098,1
0,"A",0.974087216078394,-1.22449224544246,1
1,"A",2.05635525143263,-0.623783611184896,1
0,"A",0.217860827649363,-3.0442253552145,0
0,"A",-0.884452985386615,-1.25932977945471,0
0,"A",0.854141397480395,-1.42000734529248,0
0,"A",0.287036819834507,-0.33409979785937,0
0,"A",-0.47761608726589,-1.71012949420834,1
1,"A",2.37638376317271,-0.726130361813609,1
0,"A",-0.860057651535348,-2.23512977131826,0
0,"A",-1.20063656119623,-1.60002672786718,0
1,"A",1.53361498746702,-0.375685566774234,1
1,"A",2.27526265749011,0.415332091993571,0
1,"B",0.0888700894621708,0.488697131510665,0
0,"A",-2.10647111386957,0.90109235315565,0
0,"A",-0.230230592427139,0.926745677769156,0
0,"A",-0.0795516056259178,0.750618291837603,1
1,"A",-0.348057509634816,0.225798035187319,0
1,"A",0.373147830469828,1.96718620829878,1
0,"A",-1.41158014370423,0.798071854183468,1
1,"A",1.59931729171083,-1.06151238939505,1
1,"A",1.85835601448747,-1.15436074603526,0
0,"A",0.767107915578988,0.215402049369633,0
0,"B",-0.686926645806501,-1.93319583783149,0
1,"A",1.88756665785032,1.17527832791492,1
0,"A",0.174791587615839,0.506175587434577,0
1,"B",0.103675659031591,1.75418554538321,0
0,"A",0.190969035974105,-2.07202053937916,0
0,"A",-1.45055378730125,-0.999750456933075,0
0,"A",-1.49202665026105,-1.72794207794031,1
1,"A",0.606090810577639,0.205028754750572,1
1,"A",0.182326168077418,-0.770393253728965,1
1,"A",0.0200346239712502,-1.05019123111051,0
1,"B",-1.25952078949346,0.861437419672362,0
1,"A",1.01631739583626,-0.573073539623988,0
1,"A",-0.646780673270292,-0.252640295039772,1
0,"A",0.924545957118176,-1.24734006148582,1
1,"A",0.0418043658465073,-0.0812781193012392,1
1,"A",0.392221308813542,-0.544245806363915,0
0,"A",-0.746065417082,-1.63489978999817,1
0,"A",-0.987731631689861,-0.552308560300112,0
0,"A",-0.647060439522335,-2.55195290918105,0
1,"A",-0.520581318630702,0.560335320608169,0
1,"A",0.791286938649361,0.0865515353910848,0
0,"A",-0.0146955829164769,-0.413305040773388,0
0,"A",-1.67664891925311,-0.420601345753438,0
0,"B",-1.0705025749031,0.805506614853953,0
0,"A",-2.88684084770589,-1.92879307440138,1
0,"A",-0.428166362637583,-0.0593053279951207,0
0,"B",-0.742916853535659,-0.96798884562467,0
0,"A",0.340674567649408,-1.39006328362107,1
0,"A",0.0666376892369882,-1.11507980323574,0
1,"A",1.02944226067741,-0.72288502204942,0
0,"A",0.0980218414525787,-0.312299716851568,0
0,"A",1.51204294265483,-0.222235767848736,0
1,"A",-0.050466785478976,-0.599346000092627,1
1,"A",0.93413308996545,1.77061374849049,1
1,"A",-0.551907684330104,-0.664421037242636,1
0,"B",0.392345943675162,0.433706719978845,1
1,"A",-0.95987367452926,0.791459422816524,1
0,"A",-0.562890826095734,-0.37492147993341,0
1,"A",1.35992509318226,-1.56466225739641,0
0,"B",-2.80821885039724,-0.61724508873456,0
1,"B",-0.0499446847214561,-1.07201816180847,0
1,"B",-1.27349294549837,1.12888526522905,0
0,"A",-0.88561919711285,0.986261826161554,0
1,"A",0.687109847344785,-2.40012226647848,1
1,"A",1.23488024405373,0.224178126731333,1
1,"A",0.716891147649398,1.83260778837565,1
1,"A",2.10109117501015,-0.532014728284404,0
0,"A",-0.029425241901902,-0.423492919028197,1
1,"A",2.6866904678607,-0.053824810656695,1
1,"A",0.408079982009194,0.278918871744212,0
1,"A",1.30774107743308,-1.98597515260427,0
0,"A",1.52759181864494,-0.286048155683378,0
0,"A",-0.933288627505877,0.326041334955185,0
0,"A",-0.0306643929394214,-0.59941859764012,1
0,"A",-0.695846577473337,-0.214790550139573,1
1,"A",-0.0830366127788362,-1.46689974524547,1
0,"A",0.121789210777297,0.0676696075422017,0
1,"A",1.35404101439015,-0.142628671490074,1
0,"A",-0.583055315368713,-0.224655615890263,0
1,"A",-0.512483009024586,-0.756251799343119,1
0,"A",-0.0793339080622746,-0.542729696202705,1
1,"A",-0.639332091739681,0.520673579348419,0
0,"A",-0.959608471364926,-0.257666138198894,1
0,"A",-0.467997062861993,-1.22646647901399,1
0,"A",0.239381962678187,-1.44063008235759,1
0,"A",2.44222673035374,-3.55056546447371,0
0,"A",-0.783583496640512,-2.30017364440418,1
1,"B",-0.772801683656427,1.02438490252889,0
0,"A",-0.929179847724046,-1.49226909702889,0
0,"A",-0.271189039052756,-2.45898629361003,0
1,"A",1.02057884950579,1.96555720747422,0
1,"A",0.713630171133523,-1.91659004066011,0
1,"A",0.855870408962805,2.23645609291318,1
0,"A",-0.42151815843577,0.0123833141186681,0
0,"B",-1.98851050022902,0.821250958019734,1
0,"A",1.20689217629763,-1.64203461691624,0
0,"A",-0.335455197750291,-0.704953156020206,0
0,"A",0.54587610399237,-1.3808505494582,0
0,"A",0.989481652216589,-1.68223568564313,1
0,"A",-1.1083387696656,-0.252157449398865,1
1,"A",0.774450760358486,0.178070696259973,1
1,"A",1.16520776455902,0.38720029376701,0
0,"A",0.143202538490355,-0.090066098305742,0
0,"A",1.08027165762512,-1.40796187640915,0
0,"A",-1.40888674825112,-0.25299704512791,1
1,"A",-0.560362043953216,0.0868549902588447,0
1,"A",0.259272116246908,0.242128645338312,1
0,"B",-1.00884733211568,-0.228386881014399,1
1,"A",1.50211322830876,-0.372268279584257,0
1,"A",2.35552673340714,-0.647937548794075,0
1,"A",0.531365505014995,-0.863058499572694,0
1,"A",-0.707110508844925,-0.67001217110555,1
0,"A",0.957114258496045,-0.352531706200958,1
1,"A",1.09829487001885,0.637972405003903,1
0,"A",1.35706442257166,-1.62574418517784,0
0,"A",-0.481869053229376,0.176350960492896,1
0,"A",-0.429467825580425,-1.02714910362479,0
0,"A",-0.841796699631689,0.543111212373283,0
1,"A",-0.903066612040685,1.24250332554337,1
0,"A",-1.48188643896019,-1.25865382737695,1
0,"A",0.227107396015154,0.0231953382994203,1
1,"A",0.495990988181266,-1.04702177766419,0
1,"A",-0.123442438486942,0.712926910081646,0
1,"A",0.391115608184453,0.659578024189033,1
0,"A",0.419589639623224,-1.39398889618092,0
1,"B",-0.966888200450949,0.155543269546245,0
1,"A",-0.841491861560024,-0.522955570267417,1
0,"A",-0.943853099509577,0.745290022689625,1
0,"A",0.133588932709077,-1.10089975610366,1
0,"A",1.13927236706967,-0.389339220355123,0
1,"B",-1.56950284743725,0.476931558457314,1
0,"A",0.440968906479044,-0.646085137967664,1
1,"A",-0.256246934144151,0.138709691267533,1
0,"A",0.374308981593916,-1.40556566541719,1
1,"A",0.873015785618222,0.65092559039303,0
1,"A",0.356841521477409,1.81716811489344,1
0,"A",-0.758899886637961,-0.413047893273921,0
1,"A",2.22908141981679,0.517026096496032,1
0,"A",-0.29258950513979,0.755259300308092,1
1,"A",-0.375992632190756,1.45902582252294,0
0,"A",0.866494230571111,0.429275780957292,1
1,"A",2.4341912166311,-2.88017957730191,1
1,"A",2.42912178705663,-0.455507107426737,1
0,"B",-0.0368081440088626,0.445266949488363,0
0,"A",-0.8039332669365,1.75849257340114,1
0,"A",-1.33681161367387,-2.31275856088427,1
1,"A",1.2471278992179,-0.385993728018956,1
0,"B",-0.219381139620902,-2.09092700411057,0
1,"A",-1.59748968806134,-0.319412030632586,1
1,"A",2.21926916525244,0.471830002171977,0
1,"A",0.0898997472649401,0.0539934384363323,1
0,"A",-0.546793147056086,-0.702878441346726,1
1,"B",-0.21202366734736,0.631192729703841,0
1,"A",0.695616530907313,-0.979282375080959,0
0,"A",1.06716611285899,0.411094703827833,1
1,"A",-0.04088081420051,-0.307241497949337,1
0,"A",0.896457628926002,-0.440222383343343,1
1,"A",0.174375435724391,-1.42646363638538,0
1,"A",-0.394965143291516,-0.632554037427409,1
0,"A",-0.409511332147022,-1.34980357233099,1
1,"A",0.298882260271747,-1.1194870037307,1
0,"A",0.945620771563835,-1.04287011455971,0
1,"A",1.19755146540637,-0.212301995595154,0
1,"A",1.10007783417651,0.412538455296535,1
0,"A",1.3854073996919,0.353549470109844,1
1,"A",1.65787310932634,-0.587066426504568,1
0,"A",-0.226417122868851,-1.01873503924029,0
1,"A",1.47703780977109,1.18780581910862,1
1,"A",0.692702485358236,0.594137336133247,1
1,"A",0.674686519200875,-2.35989839910658,0
0,"A",0.62008327936205,-2.17925561086835,1
1,"A",-0.416774409103136,-0.358167100642722,1
0,"A",0.537747235169776,-1.26069396969544,1
1,"A",0.670765436140722,-0.0693408582860198,0
1,"A",-0.810229720667614,0.541638527272507,1
0,"A",-0.384770024605327,-0.694310043150454,1
1,"A",1.60584632951268,-0.572838540388621,1
0,"A",-0.0368988374407315,-0.0792068929317257,1
1,"A",0.875952986784235,-0.247544638105432,1
1,"A",2.08785469959819,-0.942052658220078,1
0,"A",0.591063218316943,-0.243058968643204,0
1,"A",0.700174969020046,-0.358740689354826,1
1,"A",0.62517305040127,1.66303495480786,0
0,"B",-2.43759082733564,0.458474195762093,1
1,"A",-0.438254987447459,0.208737588113398,1
0,"A",-0.740253330066385,-0.595997601719977,0
1,"A",0.924197322343102,-0.879953046018511,1
0,"A",0.927032507441764,-0.906443289405971,0
1,"A",0.708539658659222,0.663150207795005,0
0,"A",0.550424633651066,1.06680333119941,0
1,"B",-1.54497203151872,0.647114360391779,1
1,"A",2.01638795696608,1.12796098529096,0
0,"A",-0.727450842785281,-0.256105553888615,1
0,"B",-0.344823502433836,-1.15202630745446,0
0,"A",-0.868168645855152,-1.61645009602055,1
1,"B",-1.2389787471114,1.07229815480882,0
1,"A",1.22222008745609,-0.757415950968253,0
0,"A",-0.0208946713142529,1.51802462344355,0
0,"B",-1.29264651984943,1.50235209467842,1
0,"A",0.304513259286968,-0.549157826325346,0
1,"A",2.10260068791071,-0.720874946428516,1
1,"A",-0.972768219549579,0.412666232285981,1
1,"A",2.00344867303683,0.395598472884536,0
1,"A",0.711770090511182,-1.91217751794624,0
1,"B",-0.417428400660875,0.235307750185566,0
1,"A",0.250547133324467,0.318387326068341,1
0,"A",2.13864810362141,0.615226510057077,1
1,"A",0.260008959344772,-0.441220072945328,0
1,"A",1.76843959205129,-1.2255939221984,0
0,"A",0.20802160866838,-0.985975589790454,1
1,"A",0.363725676353825,1.65476453579056,1
0,"A",0.498261924909618,-0.95179156611105,0
1,"A",-0.418563533135427,0.30561892231625,0
1,"A",0.263503992033892,-1.25910167878466,0
0,"A",-0.649554670907421,-1.90517659986359,1
0,"A",-0.0138903637064922,-1.25716467482834,0
1,"A",-0.676567600230814,0.360051988844726,1
0,"A",-0.669299842224402,-1.10720632426643,0
0,"A",-0.945262481201067,-0.682126023421097,1
1,"A",-0.347551513257982,0.819243944060273,1
1,"A",0.604108860495836,1.3363693019861,0
0,"A",0.715464589670426,0.552689839610788,1
1,"B",-0.0830558792892263,2.04165703623848,1
0,"A",-0.890329039609603,-0.675981127435036,0
0,"A",0.289566126214225,-1.0800361888495,0
0,"A",-0.320123551005575,-1.72127428810158,0
0,"A",-1.02049845838435,-1.13956195923529,1
0,"A",-0.578112934671438,1.28530280096725,0
0,"A",-0.767737524248602,-1.53715387445563,1
0,"A",-0.588271571936445,-1.57866451304576,0
0,"A",-0.135680568899872,-0.991433940865778,0
1,"A",-0.640627213644284,0.393493992580629,1
1,"B",1.37666948498292,0.9082107608081,0
1,"A",1.23148165537398,-1.4260994933178,1
0,"A",1.15598651699523,-1.2046243409599,1
1,"A",0.319976117856238,0.379781644008232,0
0,"A",-0.935781259224508,0.739272184912419,1
1,"A",1.79644307552146,-0.929963199763918,1
0,"B",-0.216476950427233,0.462738735145743,0
1,"A",-0.403701322543455,1.42024258796799,1
0,"A",-0.473317235916925,0.311058639239253,0
0,"A",0.0241238344222628,1.97775302053228,0
1,"A",1.15667939234749,-1.52695208799144,1
1,"A",0.988950112232631,-0.413124245193285,1
1,"A",2.36509771953456,-0.516062424430409,1
0,"A",0.589190202799735,-0.0420152633056585,0
1,"A",0.620350591204016,-0.995379987383146,0
0,"A",-1.32499173738812,-0.384532145257511,1
1,"A",1.11415640674913,1.57169315710152,1
0,"A",0.119621653888082,-1.56264715066202,1
1,"A",1.08588624561949,0.728980966561803,0
0,"A",0.974548641235309,-1.5615169568707,0
1,"A",1.01335305600561,-0.142905136386375,1
1,"A",-0.297503483438492,0.872614771257689,1
0,"A",1.06383243083009,-0.368267509273171,0
0,"A",-2.300862957601,0.637858634947215,1
1,"A",1.22834599711038,0.609870097535554,1
0,"A",1.34983208326874,-0.516284067881932,1
1,"B",-0.569389678638754,0.0262512697284655,1
1,"B",1.22541643780659,-0.383836788801231,0
0,"A",2.00333646703533,-2.44041123523626,0
0,"A",-0.432251275228787,-1.88276677181397,0
1,"A",0.595013117708767,0.878700517244971,0
1,"A",0.819509988486772,1.00296168481591,1
1,"A",-0.188981614194329,-1.91247236440129,1
1,"A",0.866858621575659,-0.635611217865335,0
1,"A",-0.592949213685996,-1.54683612296914,1
1,"A",1.23902255965136,-0.669483421310258,0
0,"A",-0.183509147888712,0.0387330120719478,0
0,"B",-0.588298376059538,0.0378839376781708,1
1,"B",-0.480592086382252,0.111955509101312,1
0,"B",-1.76896242699593,0.518218038839334,1
0,"A",-1.28984817287806,-1.29029017196222,1
0,"A",0.120583016246947,0.780994964378225,0
1,"A",1.14224559148897,-1.45465469345032,1
0,"A",0.722640111472934,-0.595250344232767,0
0,"B",-1.18371590201208,-0.869006393574792,0
0,"A",0.715223167717898,-2.00050011736237,0
1,"A",-0.452710749189644,0.329706782465235,1
0,"A",0.477369927767505,-0.261316887725173,0
1,"A",-0.524363035116666,1.2649360968793,0
1,"A",1.45716088795616,-0.914531812188279,1
1,"A",0.0235953588930704,0.935027478534386,0
0,"A",1.12321096663051,-0.780321378498549,1
0,"A",0.353872686386552,-1.31497480181124,0
1,"A",1.56875542766968,0.281227939248359,0
0,"A",0.534951714882282,-1.27907527234082,0
1,"B",-0.408488359580115,1.60583135375274,1
0,"A",-1.14390633484295,-1.37872777274947,0
1,"A",-0.0873741050211693,0.0452877235689463,1
0,"A",0.513475674967016,-1.55786482375789,0
1,"B",-0.431365179477511,0.968982980388235,0
0,"A",-0.205217099210686,-0.748771793962425,1
0,"A",1.86069371892745,-0.247729026407957,0
1,"A",-1.37133522419257,0.565298730336859,1
1,"B",-0.913225294171077,-0.680075848902338,0
0,"A",0.281778693624347,-0.774997023141384,0
1,"A",0.336777039300084,-1.70219451760063,1
0,"A",-1.35509723541673,-1.79840192327138,1
1,"B",-1.13012067571993,0.595881450219403,0
1,"A",1.08596370869837,-0.928848792704904,1
1,"A",1.39604665801628,-1.13154327416281,1
1,"A",0.246696009834865,-1.32382330807404,1
0,"B",-1.52520054331628,-1.42027843378543,1
0,"A",1.7228011978006,-2.02176190081481,0
0,"B",0.715529131007711,0.0557235671503708,1
1,"A",0.603887902128517,0.0253210298549603,1
0,"A",-1.51775262280752,-0.238038050149526,1
0,"A",1.0957487003031,-1.62670025412268,0
1,"A",-0.120691873538916,-0.543369196083978,1
1,"A",1.06681814142202,1.24420513091603,0
1,"A",0.669474720068486,1.48295288692908,0
1,"A",0.672206996929885,-0.605542740744546,1
1,"A",0.272677164398513,-0.397987399774816,0
1,"A",1.13035104878049,-0.392055164359994,0
0,"A",0.389270839234339,-1.42389407389424,0
0,"A",-1.82802767369336,-2.41175094482544,0
1,"A",0.975763825169825,-0.769046566370461,0
1,"A",0.855263336406924,-0.382110958880047,1
0,"A",0.878771124888335,-0.987120124133662,0
1,"A",2.75504366341946,-0.349855141563406,1
0,"A",0.277193837694898,0.72158306693426,0
1,"A",0.717489056444341,-0.122946594530076,0
1,"A",-0.0815740540296705,0.348924021223762,1
0,"A",0.596699766680206,-1.42385875315979,1
0,"A",0.307503619248202,-0.0324094449550532,1
1,"A",-0.233057135533792,-1.77060769346561,0
1,"B",-0.769658977930392,1.27797772235019,0
1,"A",1.20966928877628,-0.064940200674487,0
1,"B",-0.904190472919652,0.953496423927326,1
0,"A",-0.804563699725552,0.946449495618164,0
1,"A",-0.56142507102326,-0.674028806602869,1
1,"A",1.47934880881439,0.218494079424857,1
0,"A",1.07231462665401,0.116162399568042,1
0,"A",-0.638223517222517,0.964728260747688,0
1,"A",0.432368311885955,-0.708568241079862,0
1,"A",1.8802181184636,0.17952989685658,1
1,"A",1.55679036617821,-0.85399516290846,1
0,"A",0.652855586915516,-0.49913419551607,0
0,"A",-0.718081968099122,-0.132255257906365,0
1,"A",-0.746856757903492,-1.28302445782049,1
1,"A",1.28823937036347,-0.879899398778961,1
0,"A",0.383097592390628,-0.532605455633067,0
0,"A",-0.751473893702439,-1.07623846396854,1
1,"A",-0.476707068447135,0.160640578003464,0
0,"A",0.0362889661324711,-0.0990165019805619,1
0,"A",0.790507182895446,-1.37289540152024,0
1,"A",0.884330420393435,0.449145663316128,1
0,"A",0.62813316817514,-1.10410742562096,1
1,"A",1.2329599596743,0.139097629214416,1
0,"A",0.216957227766671,-1.71384592853446,1
1,"A",0.53103493386763,-1.10454205215798,0
0,"B",-1.4244959526096,-1.20764602302186,1
1,"A",-0.320036698351202,-1.00116800226625,0
1,"A",0.588031975680996,-1.38529275973901,1
1,"A",1.02518505489568,0.282644170756051,0
0,"A",-0.139144955603643,-2.83538893875216,0
0,"A",0.0974268253292273,-0.00456195726497888,1
0,"A",1.44851248374206,-1.27910615654242,1
0,"A",-2.15173413437461,1.57849461697419,1
1,"A",-0.408098299014166,-0.176280061066302,0
0,"A",1.21169680547794,-1.14172220559211,1
1,"B",0.371547755691079,2.01702418500123,1
1,"A",0.689970497544727,0.371363920227209,1
1,"A",0.0721992284821837,0.544065211542844,1
1,"A",1.19232967255045,-0.605327757423898,1
1,"A",-0.865470964034723,1.20204469476439,0
1,"A",-0.113992416192589,1.89762812944896,0
0,"A",0.691067065016577,-1.21672635992636,1
1,"A",-0.320731289013859,-0.126629916838458,1
1,"A",0.699081071774498,0.415778963725754,1
1,"A",0.866385717907465,0.462843078338545,0
0,"A",1.6697855057476,-0.84228125056187,1
1,"A",0.786748881143149,0.739546520131619,0
1,"B",-0.728953966209958,0.868305272240278,0
0,"A",0.24754737294495,-0.198815731615851,0
1,"A",0.492921397041921,-0.126550139143044,1
0,"A",0.131182179995877,1.14450100010091,1
0,"A",-0.798094936369778,-1.74512695600666,1
1,"A",1.617088453316,-1.20429941571723,0
0,"A",-0.383227736797681,-1.28349627020484,1
0,"A",-0.391828891169933,-0.759034781985916,0
0,"A",-0.0356512793743151,-0.760465990740214,1
0,"A",0.310648722929974,-0.993499646573194,1
0,"A",0.135836034833832,-1.15087103222277,1
0,"A",0.00621394715280937,-0.109261379787278,0
0,"A",1.45564968731686,-0.657561561407151,0
0,"A",-0.94989754282148,-0.127558143981879,0
0,"A",-1.63419504460626,0.147279186338333,0
0,"A",-1.7398974973671,-2.64902145323738,0
1,"A",1.05966715062462,-2.49792523861205,0
1,"A",-0.241658428967918,-0.961748564601846,1
0,"A",1.13107759565955,-1.54033378802109,1
0,"A",0.0606224249873754,-1.2735744763375,1
0,"A",1.60983886506482,0.0445757744803502,1
1,"A",0.138403633880107,-0.152487057878843,1
0,"A",-0.109046585960045,-1.47879166002715,1
1,"B",0.81767186321781,0.0800813204123999,0
1,"A",0.162374340471794,-0.622193037921798,1
0,"A",-1.51169347463268,-0.410695772493858,1
1,"A",-0.105041599127596,-0.272156570846957,1
1,"A",1.47182265035599,1.93906742143612,0
0,"A",-0.97410531991392,1.48035638740369,0
1,"A",0.772366334445926,-1.04243488066029,1
1,"A",0.459273347242371,0.224940300717567,0
0,"A",-0.217913850865594,-1.4710633715848,1
1,"A",1.13667019136266,0.898028638677245,1
0,"A",1.38929629004519,-0.940971002017246,0
0,"A",0.197255674905224,-0.916030346072471,0
1,"A",2.04619131379834,-0.0932967298264307,1
0,"A",0.346170738752257,0.245455284952576,1
0,"A",1.67764540888826,-2.61949487234757,0
1,"A",0.58547668373146,-0.531347958034284,1
1,"A",0.15920047346177,-0.39254127116034,1
0,"A",1.04629535908215,-2.61870422354895,0
1,"B",0.78859848476921,1.47226092852359,1
0,"A",0.51831567973922,-0.89940111040007,0
1,"A",0.997866228098441,0.222061477716822,0
0,"A",-0.0697739807520554,-0.131898516890842,1
1,"A",1.77366776001858,-2.43198619182491,1
0,"A",-1.72106414532981,-0.328521961822235,1
0,"A",-0.296410604134848,1.99340302850488,0
0,"A",-1.39502379334085,-0.414204678900745,1
1,"A",0.270945164380927,0.282836861728333,0
0,"A",-1.3252668807516,-0.657335681634464,0
0,"A",-0.0166016748120107,-0.862152047760873,0
0,"A",-0.389419901920556,0.277923175002359,1
1,"A",1.39823056714329,1.5775040940496,1
1,"A",-0.134051769213058,-0.321875565641829,1
0,"A",0.492136438570324,0.858295283157244,0
0,"A",1.18400223569102,-0.675939447522615,0
0,"A",0.659950871453259,-0.1542979292957,1
0,"A",-0.123468744462306,-3.03056378295879,1
0,"A",-0.059435410492545,-1.36896732386461,0
1,"A",-0.0334016131921036,-0.289259291027129,1
0,"A",0.294540183217472,-0.768021718383771,1
1,"A",0.586672592135106,0.71814526485327,1
0,"A",-0.0377398833054362,-0.455862538001375,0
1,"A",0.327158015936255,0.939868164110849,0
0,"A",0.872727940566395,-0.726890630286434,0
0,"A",-0.170876300079368,-1.22874179313765,1
1,"B",-0.955819787115997,-0.0426961115506534,1
0,"A",0.89318622381665,0.784088711162206,1
0,"A",0.314909770522675,-0.544980897929474,1
1,"B",-1.57348091603267,0.40582415881034,0
0,"A",-0.345835287654599,-0.0963469151218481,0
0,"A",0.0711685601969289,-0.0980285279846395,1
1,"A",0.127529304588208,-1.00341265892232,1
0,"A",0.042118366405656,-1.573760965132,0
1,"A",0.560192628484874,0.737059660295164,1
0,"A",-0.171928637997842,-1.3773652753899,0
1,"A",0.951476988726078,-0.722151642590852,1
1,"A",-0.813330394603914,0.858141855473629,1
1,"A",0.743502219633936,0.090384306060272,1
1,"A",1.89914737445072,0.0691005273497614,1
0,"B",-0.488702469324869,-0.641341787624454,0
1,"A",0.157632621150225,0.14415122530502,1
1,"B",-0.932564934422639,1.64938938850878,1
0,"A",0.873165818861688,-1.65091916161533,0
1,"A",0.486491303522496,-0.337196514159441,1
0,"A",0.42079861990174,-1.14269579871044,1
1,"A",0.493280447433664,-0.132557614236454,1
0,"A",-0.471774930897682,-0.134488688185977,1
1,"A",2.53726100352511,1.02597708479106,0
1,"B",0.990886185595928,0.169428948593056,1
1,"A",0.667014441470396,-0.343039117757772,1
0,"A",0.569631095211823,-1.24496368201533,0
0,"A",-1.51913748273309,-1.15989018165131,0
0,"A",-0.709792875826094,0.651312059536152,1
0,"A",-0.538015807782133,0.368985676914375,0
0,"A",2.0618283432523,0.24532299539402,0
1,"A",-1.18686231350917,-0.763789005035883,1
1,"B",-0.610167287395468,0.799288541063966,1
0,"A",-0.201265994744348,-0.617480017578629,0
1,"A",-0.99557950151701,-1.28325969207114,0
1,"A",0.992815200198425,-0.182746272620947,1
1,"A",1.14835135549309,0.871971017940255,1
0,"B",-1.97043922531224,-0.772410966033549,1
0,"A",1.8478585792941,-1.94333184964034,1
1,"A",0.703666287988142,-0.125566956318163,1
0,"A",1.15783663823295,-0.580292428945521,0
1,"A",2.31907203839079,2.4258492464563,1
0,"A",-0.541311762620895,0.526934837220133,1
1,"A",0.279668212066856,1.69792476000426,1
0,"A",-0.957993446223717,-0.636641273987721,0
0,"A",1.15337074118669,-0.113098431106288,0
1,"A",1.62140913987283,0.735874426353972,1
0,"A",-0.776569765675074,-0.568314951459337,1
0,"A",-1.2074585459144,-0.399265461810275,1
0,"A",-1.12984594530276,0.220024133198303,1
0,"A",1.29286097661172,-2.74499123632469,0
1,"A",0.977306252007669,1.08743612214175,1
1,"A",0.927083526707066,0.944726068703905,1
1,"A",0.57865234250755,-0.413239518705477,1
0,"A",-0.158919074376412,-0.25833381746797,0
1,"A",0.871270123039284,-2.3205884254527,1
0,"A",0.328582979178845,-2.07250280426064,1
0,"A",0.265491230151349,-0.773667045542238,0
1,"A",-1.44255214130692,-0.476495835934689,0
0,"A",-1.27168046400239,0.853806496185362,1
1,"A",1.16637742358732,-0.34914016309148,0
1,"B",-1.5690878033198,-0.14323549077522,1
1,"B",1.15117665905096,-0.411030753936338,0
1,"A",0.0484102225755997,0.751136751663786,1
1,"A",-0.650946636418277,0.73179003343898,1
1,"A",0.636513800555432,-0.161748081657201,0
1,"B",-0.960458693253183,0.614128516969834,0
1,"A",0.112219372587429,-2.46219964738453,1
0,"A",1.40287780081076,-0.997083836972215,0
1,"A",0.163015455772338,0.134938437632864,0
0,"A",-0.212219513737447,0.474983443034074,1
1,"A",0.525423670874343,0.916911783908257,1
1,"A",-0.372750014966878,-0.103913843632789,0
0,"A",0.106278375573645,0.945113791506718,1
0,"A",1.82474386659733,-0.456366971840971,0
0,"A",-0.301728214629065,0.376505458590607,0
0,"A",-0.472485208408376,-0.849607705547382,1
0,"B",-1.05528929175272,1.74131699514494,0
0,"A",0.331538807458086,-0.969535393949179,0
1,"A",1.45510279887556,-0.287094312074296,0
0,"B",-0.649508792090045,-0.125382417376641,1
0,"A",0.501158558557746,-1.13596563678972,0
1,"A",2.94484284279987,-0.307058282837014,1
0,"A",0.294656979847507,-0.880638582276385,0
1,"A",-0.298600703764254,0.0535708232597691,0
0,"B",-1.08624762518781,-0.675261298414788,0
1,"A",-0.0829199810038936,-0.96292690940158,1
0,"B",-0.599167921629312,-1.34420447973355,0
1,"A",0.2060300854744,-1.277787306746,1
1,"A",0.825425454839988,-0.724280708342329,0
0,"A",1.40798527752565,-0.0138405620052598,1
0,"A",-0.0138570439123067,0.42881472493167,0
0,"A",0.390011251083182,-1.42339837294694,0
1,"B",1.58223141280331,-0.304856040003455,0
1,"A",1.54063640430706,-1.23058989439415,0
1,"A",3.72275281796032,-0.447574809493244,0
0,"A",-0.418021166482661,-1.01362157976741,1
1,"B",-1.62352600507356,-0.479187345503039,0
1,"A",2.50460664454011,0.244184725185886,1
1,"A",0.118826467388905,-2.41408325334636,1
0,"A",0.788850833000162,1.28270991159068,0
0,"A",-0.442220688964215,-0.793362137985731,0
1,"A",-0.670370560249181,-0.381929861417788,1
0,"A",0.304209272600755,0.459557320495464,0
0,"A",-0.384235401562895,-1.40446316792744,0
0,"B",-1.51143683836524,-2.01114959023282,0
1,"A",1.02573685690911,0.292177493199083,0
0,"A",1.94169536311814,-2.30890810490293,0
1,"A",0.63912079624574,-0.464490017907744,1
0,"A",-0.95606616727042,0.809565466245787,1
1,"A",0.453828510155275,0.177789202025927,1
1,"A",-0.260123889010968,-2.67660160237258,0
0,"A",0.11761672648305,-0.772844034657954,0
1,"A",-2.31798990416589,0.0369741689401786,1
0,"A",-0.350596016163823,-1.06038768987651,0
0,"A",-1.44660231603849,-0.728017948219545,0
0,"A",0.110875206757336,-1.08793828392764,1
1,"A",0.386246883603609,0.964280130996562,1
1,"A",1.54567897635977,-0.170598650568264,1
1,"A",0.415785974996926,-0.00482871448827621,1
1,"A",0.446721923823708,0.711032744029246,0
0,"A",0.269294008008077,0.165850334683124,1
1,"A",1.30801079224019,-0.189245205572791,1
0,"A",0.911210592575331,-0.674354641947886,0
0,"A",-0.146898762266528,-0.958914376767488,0
1,"A",0.00557385188863563,-0.663576773483518,0
1,"A",-0.893274717137741,0.0357263328323743,1
0,"A",-3.03962828040736,-0.518558773578869,1
0,"A",-0.224912238857076,-0.273055385478464,0
1,"A",1.82511952215334,0.409536725855709,1
1,"B",0.407042030499434,-0.306781703109092,0
1,"A",0.318470163466957,0.926326439713207,1
0,"A",-0.0309722216788705,-1.56946192051809,0
1,"A",0.448619251691668,-0.347978293555112,0
0,"B",-0.454594022398292,0.191391188519794,0
1,"A",-1.12529865105836,-0.399652262888867,0
0,"B",0.712130572570733,0.0167705037167975,0
1,"A",-0.757834695736201,-0.420761053842235,1
0,"A",-1.9496446657139,-1.50581901021687,0
1,"A",-0.527960207594234,0.224123884981299,1
0,"A",1.12386320758502,-2.31761575475191,1
0,"A",2.09674238471583,-1.1140370119285,0
1,"B",-0.657789570440633,-1.79476191056433,1
1,"A",-0.858640221132721,2.1407148337875,0
0,"A",-0.43894192639691,1.86290838106414,1
0,"A",0.359830181496736,-1.204990102822,0
0,"A",-1.37443381245235,0.128770862692409,1
1,"A",0.00207428777720892,0.34502802277839,0
1,"A",-1.25857413338644,1.01042372798989,1
1,"B",-1.04502236433135,-0.644287583565511,1
0,"A",0.125588103743176,-1.4868772318185,1
0,"A",0.849579960579307,-1.79063896350154,1
0,"A",0.160803647726589,-1.93334101400326,1
0,"A",-1.06403137084825,0.327311083347987,1
0,"A",-1.10245684849961,-2.70706451196931,1
0,"A",0.585943030654558,-0.576274248879233,0
0,"B",-1.50307085299187,-0.60915484279899,0
0,"A",-0.596250358193734,0.60034259368576,1
0,"A",-0.40402988783312,-0.764991825798609,0
0,"A",0.0680571610707944,1.19711326303058,1
1,"A",0.179731081329158,-0.204245346960772,0
1,"A",0.687899053269371,-1.01458857833249,1
0,"A",-0.279942906421092,-0.671319604160884,1
0,"A",1.22271106001006,-2.40754457025237,0
0,"A",-1.37392546408665,-1.76752672080648,0
1,"A",1.87036738214141,-0.163495174429021,0
0,"A",0.420637397762568,-2.47253420702128,0
1,"A",0.381057557633313,0.463534116292717,1
0,"A",-0.129421391630656,-0.692234155095955,0
1,"A",0.586149539306478,1.77262961938299,1
0,"B",-0.719673653923553,0.757941560617401,0
0,"B",-0.520678199400389,-2.41670255309156,1
0,"A",-0.33842965239603,-0.090920904825037,0
1,"B",1.17466020405327,0.7870298518708,0
1,"A",-0.232949691517195,1.24415871521188,1
1,"A",0.37284123112429,0.498577345182805,1
0,"A",0.375353387900566,0.182187876786005,0
0,"A",-0.329964505456126,-1.3176139678599,0
1,"A",-0.0541855896741912,-1.52798368692732,1
0,"A",-1.01845945848191,-0.919224664772649,0
1,"A",-1.14777327686771,-1.36958388739945,0
0,"A",-0.8252822694826,0.457975464512154,1
0,"A",-1.02825696764249,-1.47885416995992,1
1,"A",-0.180486829507957,-0.853130394859676,0
1,"A",0.822506129878092,-0.204040471106609,1
1,"A",0.707731468681782,-0.845736066581409,0
0,"A",1.11618095388475,-0.0438124136468474,0
0,"A",-0.54835227028411,-1.75644507115672,0
0,"A",0.0422360626749038,-0.742201792123627,1
1,"A",0.581209237419079,0.322270737047947,0
1,"A",-1.12427821125925,-1.54167052368978,1
0,"B",-0.709662276820317,0.903813442021556,0
0,"B",1.11378670230726,-1.25897513851096,1
0,"A",-0.956721132376656,0.0353672911127382,0
0,"A",2.54917879228359,-1.12579752963929,1
0,"A",1.30429113523864,-1.32119189692724,1
0,"A",0.0422102933126581,-1.03516556406248,1
0,"A",-0.392674945298046,-1.45662459719619,0
1,"B",-1.12315637422182,0.148160630234873,0
1,"A",-0.251982805710471,0.241228729528923,1
1,"B",-1.86575679532191,-0.821092325496271,1
1,"A",-0.858033993013861,0.595855469743402,0
0,"A",-0.411767283728623,-1.41257074362025,0
1,"A",-0.647886569715267,-1.60549962147572,1
0,"A",0.703824179912591,-0.891809079527093,0
0,"A",0.303762691367524,-0.749860741813377,0
1,"A",1.95874560435889,0.119870412021651,0
0,"B",0.447982654575231,0.322579390823711,0
1,"A",0.0139369492435183,1.20062313557183,1
0,"A",1.18349306935304,-1.05822823626104,1
1,"A",0.137982374465019,2.21897461647527,1
1,"A",1.72678747806166,0.528079836564692,1
1,"A",1.2555042551125,0.269190374604606,0
1,"A",0.295853103206336,-1.17008278560911,1
1,"A",0.201257217807696,-0.0312090818278269,1
1,"A",-0.436593674361979,1.33490773708293,0
0,"A",0.314319964872605,-2.26472953677003,1
0,"A",-0.34561912579958,-1.58980524881735,0
0,"B",-0.738596805422497,2.02865088128659,1
1,"A",0.026149026476428,-1.52010753216733,1
1,"A",0.990598867691644,0.856363578144898,1
0,"A",-0.196475738807846,-0.741928939413626,0
1,"A",1.62708437537247,-0.317829390771422,1
1,"A",0.758059142353857,-0.193161887572817,1
1,"A",1.07970930210983,0.811251984442405,1
1,"A",1.76403124866738,-0.0520945276044517,0
1,"B",-0.150519816768391,-0.145886533397948,0
1,"A",0.612394519811907,0.654157090100917,0
1,"A",-0.232660796435808,-0.354558480362564,1
0,"A",1.15366684648539,0.551764141117595,0
0,"A",-0.809991163684608,-1.85319062803052,1
1,"A",-0.724445210102281,-0.42540558733798,1
0,"B",-2.23565262834645,-0.0776203804756063,0
1,"B",1.50152510877308,0.973982809984992,1
0,"A",-0.0397044276308144,-0.800097029498894,1
0,"A",0.82315335831323,-1.18168948868648,1
0,"A",1.41567681248907,-0.225459385767497,0
1,"A",-0.347985477215381,-0.932799204178617,1
1,"A",1.8044036835818,-0.147001440318072,1
0,"B",-0.735588911208378,0.50570589778924,0
1,"A",2.10226333781435,1.29191362758794,1
0,"A",-1.37455937585869,2.12957023586574,0
1,"A",1.77004611664384,0.40216028314017,1
1,"A",0.0329602641848972,-0.0625517504735899,0
1,"A",-0.0725804946865735,0.701219779198798,0
1,"A",2.06565456514192,-0.537498327169852,1
1,"A",2.0075590312948,0.348167649482372,0
1,"A",0.875289385200498,1.22484711227624,0
0,"A",-0.717751258232229,0.500692889872068,1
0,"A",-1.44919966480122,-0.201571525132778,0
0,"A",-1.18922990251037,-1.26832160943326,0
0,"A",-0.599672349666238,-0.239324473711743,0
1,"A",0.98515246922272,0.49901865068762,1
1,"A",0.90237227272176,1.67349457567726,1
0,"A",-0.828435399459271,-1.83860878483499,1
1,"A",-0.102902073651042,1.21924418455346,1
1,"A",0.771523002145697,-0.638283941218361,0
0,"A",-0.553491121200342,0.093645233385723,1
1,"A",0.969202393236268,-0.0234243015414726,0
1,"A",1.9886343394932,0.0199979324964358,0
0,"A",1.47034544455237,-2.29196815578458,1
1,"A",0.202478881519831,1.41897650366645,1
0,"A",-0.345453843841676,-1.05477040185097,0
1,"A",1.17527374663341,-0.244051150573899,0
1,"A",-0.0309860432371614,-0.812219346177017,1
0,"B",-1.69240114011344,0.0214138722896507,1
1,"A",1.49468102102144,1.39423102267542,1
1,"A",0.207872626780659,0.0836808505728704,1
1,"B",-0.467764972943536,0.95470236870552,1
0,"A",-0.558705061560367,-0.592974528772821,1
0,"A",1.09242503990489,0.262504223309794,1
1,"A",1.10545035500505,-0.670579437787208,0
1,"A",1.11402813646571,-0.887390165753716,0
0,"B",-0.654549372916534,0.654754188260344,0
1,"B",-0.863874026049392,-0.24366404418584,1
1,"A",0.625970099717013,-0.532925074145312,1
0,"B",0.40195808788681,-0.960594880741804,1
0,"B",-0.992063338365226,0.848432408033459,0
1,"A",-0.0494940613588476,-0.186276048198927,0
1,"A",0.931897353446083,0.44683641563019,0
1,"A",1.77796497830956,-0.707684847322973,1
1,"A",0.968862510455039,-0.0173229820126294,1
1,"A",1.35484531449777,-0.335630457244753,0
1,"A",2.45301686508744,-1.04315803200153,1
0,"A",-0.256430082765333,0.115019926977099,0
0,"A",-0.885234313329872,0.317046046166283,1
1,"A",-0.61461481627203,-0.149843857171386,1
1,"A",0.687578705475575,-1.09086995255057,1
1,"A",1.52521411568352,1.47935284978744,1
0,"A",-0.579050312512419,-1.19759075599596,1
1,"A",0.425649290704152,-0.392805114108118,1
0,"A",-0.864586605991983,-0.201709597404037,0
1,"A",0.409828793731968,0.480254885753771,1
1,"A",1.36134050892673,-1.48981353970204,1
0,"A",-0.698924558747728,-0.194008473320863,1
1,"A",1.24442214307825,-0.00490521054251686,1
1,"B",1.33694019969086,-0.0701779893699674,1
0,"A",-0.409876706113894,1.19360262961195,1
1,"B",-0.811532445828872,1.7383892261818,0
1,"A",2.51531875961846,-2.88173415190135,1
0,"A",-1.24094064597227,-1.43627885024639,0
0,"A",0.332602661165854,-1.95458409366161,1
0,"A",0.31580453817347,-0.679600096378193,1
1,"A",0.648000558648541,-0.630354210387262,1
0,"A",-0.807249057520129,-1.26134348662465,1
0,"A",-0.66223245749851,-0.836526745445269,0
0,"A",-0.0935500222272542,-3.63308743660268,1
1,"A",0.473811673995136,-1.33511269770945,1
0,"B",-0.576139839609836,1.43975552798296,1
0,"B",-2.47722508468652,0.0601205543232158,0
1,"A",0.0604077801375461,0.399162839804403,1
1,"A",-0.918205052018614,0.865289069407736,1
0,"B",0.173216662886327,2.5778252216346,0
1,"A",0.0807028457889374,-1.94123541121993,0
0,"A",-1.47574925661987,1.19160001046584,0
1,"A",-0.11412999553267,-0.524872473245226,1
0,"A",-0.0380673715494722,0.482072137882956,0
1,"A",1.01931828676948,-0.405795457125154,1
0,"A",-0.0794867368421298,0.14861732143394,1
0,"A",-1.59455651155402,0.522609861214553,1
0,"A",0.549533913741759,-1.23701642935257,0
0,"A",0.163308973260753,-2.48834873391332,1
1,"A",-1.03242422529132,1.68086125374258,0
1,"A",1.51336060581531,-1.3274694632124,1
1,"A",-0.0887674264868387,-0.258586166879939,1
1,"A",0.361748014510066,0.101040540258507,1
1,"A",0.489606107545703,-0.0901089436066979,1
0,"A",-1.60078030895311,-0.917873438088861,1
1,"A",1.57173889341739,-1.77285108104379,1
1,"B",-0.968368896854385,1.67486796275522,1
0,"A",0.721729919239861,-0.123528435688864,0
1,"A",0.560345131308466,0.181176382289455,1
0,"A",-0.648017800387979,-0.720931078756229,0
1,"A",1.52568685992639,1.17548015523399,0
0,"A",0.904132694158163,0.347115597611631,1
1,"A",0.473908013727093,-0.907989759470076,1
0,"A",-0.740597293409036,-2.10536508205427,1
1,"A",0.460445255386833,0.0945137624035923,0
1,"A",-1.10598773392009,-0.431979900771703,1
1,"A",0.827631059645473,1.21896824907864,1
1,"A",3.07523151360371,-1.3036363063348,1
0,"A",0.333616261522536,-0.289358879132694,1
0,"A",-0.723916270095439,-0.848032168433346,0
1,"A",1.18568445465554,-0.153721338455218,0
0,"A",0.802107234624051,-0.0335297031600568,0
0,"B",-1.53296930805335,-0.204730870199575,1
0,"A",0.431994670233726,-1.07196797133762,1
0,"A",0.176081765277006,-1.37602890626108,0
1,"A",1.3330307586059,0.647115222962989,0
0,"A",-0.521497323656504,-0.870234352622382,1
0,"A",-2.08992397700874,-1.02580758897127,1
0,"B",-0.774700019408663,0.744400461039789,1
1,"A",1.00257346269434,0.231295778642247,0
1,"A",-1.56594943815221,1.68270970492021,1
1,"A",0.850770749762078,-0.52239328696309,0
1,"A",2.05957501852106,0.308235968195905,0
1,"A",1.39327462154155,1.31958111403411,1
1,"A",-0.621622087684152,-0.0927349353573024,0
0,"A",0.906670460319938,-2.62201875578506,1
0,"A",1.20363291688993,0.52475544013325,1
1,"A",0.0167973808765288,-1.57529635502833,0
1,"A",-0.0161045662679795,0.192623057201649,0
0,"A",-0.173962996036531,-1.49579495657171,1
1,"A",0.779355461480766,0.179045421830989,1
1,"A",1.16458081971124,0.487724248696056,1
1,"A",-0.393818812634518,0.667806216163635,0
0,"A",1.21531058379459,-0.735089686220295,1
0,"A",-0.719662300484253,-0.994836869612466,1
1,"B",-0.235683626331738,-0.875811370759057,1
0,"A",0.894657821213428,-1.64072742941707,0
0,"A",-0.53699067649665,0.386742913587558,0
1,"A",0.822473343068275,-0.545843144549644,1
0,"A",0.741562431856897,0.0452704608514529,0
0,"A",-0.663043484201075,0.198037915319771,1
0,"A",-0.442058117023432,-1.69340141494739,0
1,"A",2.60622283062164,0.678032908048006,0
1,"A",1.4125551563685,1.73327729314447,1
0,"B",-1.18012670990095,-0.92131347132287,1
1,"A",0.188779388449627,1.2215869290046,1
0,"A",1.53872163699183,0.0769407158931679,0
0,"A",0.395124804892917,-0.910105240775904,0
0,"A",-1.25247333422641,-0.30569384789231,1
0,"A",1.32321378767362,-0.939580937929234,1
1,"A",0.633623456683511,0.20804132438115,1
0,"A",-0.188532949306029,-1.2662393654293,0
0,"A",-0.110170467971265,-0.00747158098105788,0
0,"B",-2.4529886477888,-0.0748301724098633,1
1,"A",0.665480799058166,0.0223586419341868,0
1,"A",1.19873417011246,1.21587681534914,1
0,"A",-0.125714719263186,-0.589675898979276,1
0,"A",0.007384291018175,-1.30359456181958,1
0,"A",-0.560393380808835,-0.643759076812992,1
0,"A",0.25538370698642,-0.405819559069805,0
0,"A",-1.17729271878169,0.668297708407838,1
1,"A",-1.01032290723886,-1.55068327303934,1
0,"A",0.910761917672834,-3.41875039985161,0
0,"A",1.04730958678936,-0.50900052864999,0
1,"B",-0.790459357806749,1.1111678233456,1
1,"A",-0.570727422834165,1.03269629412008,1
0,"A",-0.0977534211895801,0.372135104263985,0
0,"A",-0.873494724757857,-0.334953197039507,0
0,"A",0.412293312887107,0.368250734555532,1
0,"A",0.864547076854411,-1.2521079796629,0
1,"B",-0.768575496652682,0.498132891645049,0
1,"A",0.377052465594724,-0.0208691934296757,1
1,"A",0.763922640401,0.330172492245399,1
0,"A",0.028238672797147,-1.21474841558552,0
0,"A",-0.755429951638743,-1.36262989534455,0
0,"A",-0.192507408649215,0.827757295106548,0
1,"A",0.5803699628315,-0.0932984310798991,1
1,"A",1.08731359203371,-0.921836383370577,1
0,"A",0.239975729568681,-1.88592699415236,1
0,"A",0.38310161107692,-1.07198371139738,0
1,"A",-0.278987746012609,0.461593612702365,1
1,"A",-0.76534699025849,-1.4111073925866,0
1,"A",2.4240475220937,-2.55234720287318,0
1,"A",0.0946413088583113,-1.24534143934718,1
0,"A",0.0515146613238369,0.160017947390779,1
0,"A",-1.43931966490209,-1.3358805567005,1
0,"A",0.510880177346139,-0.466889441753147,0
0,"A",-0.113306681746946,0.308478560511486,1
1,"A",0.0869271525180442,0.045720704807089,1
0,"A",0.912219477346283,-1.06088136339965,1
1,"A",1.05721032831789,-0.426262564539521,1
0,"A",-1.13557402965333,-0.961631038021641,0
0,"A",0.100586820779704,-0.447684786247999,1
1,"A",-0.560643268519521,1.14634567034592,1
1,"A",-0.184737898504337,-1.06578957208077,1
0,"A",-2.45861714564091,-0.00481702292783148,1
0,"A",0.673721918245634,-0.216234477262748,1
1,"A",-0.567779878912033,-2.6660824992023,0
0,"A",0.411129266200441,-1.31806520060182,0
1,"A",0.956753826871332,-0.940076171362654,0
1,"A",0.215579633411112,-0.317388036019576,1
1,"A",1.00914296334243,-0.125390379184832,0
0,"A",-0.744415681987404,0.253383942995517,1
1,"A",-0.394942231463554,0.550106105292087,0
1,"A",-0.763136263016648,-1.26739026385197,1
1,"A",1.01483872098044,-0.366977148583248,1
0,"A",-1.11822066341506,-1.46717108051656,1
0,"A",-0.582401843786699,-0.884131659180116,1
1,"A",3.00730611876007,-1.50121026755627,0
1,"A",0.0370354362321247,0.659413797827079,1
0,"A",-0.287905554258615,-0.281952220845105,1
0,"A",0.287037503831898,-0.555599899010993,1
1,"A",1.17683719290684,-0.805795024731857,0
1,"A",1.8585439672124,0.778185911787323,1
0,"A",-1.60480219501533,-1.67357928165924,0
0,"A",-0.526881396405986,-1.37676804312334,0
1,"A",2.94025294189728,0.730753487913575,0
1,"A",1.46762310147255,0.386187111191711,1
0,"B",0.024767984406545,1.26769148494846,0
1,"A",-0.269307781586045,-0.210857645375447,1
1,"A",-0.0235211881414421,-1.17501200552495,1
0,"A",0.13539246860549,-1.26304757290804,0
1,"B",-1.75940828115609,1.03528287794991,1
1,"A",0.140376255411572,0.803790551903866,1
0,"A",0.111619747023572,0.75129067234387,0
0,"A",1.37717161484874,0.116997020201474,1
1,"A",1.86037203918798,-1.6003824347466,1
0,"A",1.13982667831618,-1.00172385315243,0
0,"A",0.0922972341927115,-0.189904581911416,0
1,"A",0.388939328448391,-0.077418412697814,1
0,"A",0.107790811252818,-0.722911057025466,0
0,"A",0.609923451076883,-0.418614171799998,0
1,"A",1.18783485363489,0.397183954915906,1
0,"A",-1.22010160276007,-0.718161212095665,1
0,"A",-0.839299538260273,-0.50288080270855,0
0,"A",1.51063882742343,-1.98881789656216,0
1,"A",-0.139853668270301,-2.05871455699948,0
0,"A",-0.496984468370377,-0.812801218975767,0
0,"A",0.0286547397918899,-1.10069917655273,1
0,"A",0.132394973121166,1.19043404548294,0
1,"B",-0.719641474088861,-0.499913302244222,1
1,"A",1.98348523995994,0.365892191031675,0
0,"A",-0.0365697982823152,0.187306171359965,0
0,"A",0.867143934383328,-1.50909176242088,1
0,"A",0.413437978825481,-3.17844045810723,1
0,"A",-0.72649732651072,-1.6166933264516,0
0,"A",0.124211810900643,-1.16603886856326,0
1,"A",0.176733348134683,0.0729188315445634,1
0,"A",1.50449993697752,-1.46358476963344,1
0,"A",0.230024553480046,0.598188336216258,1
0,"B",-1.25394024936005,-1.18372048926553,1
0,"B",-1.30744385119284,-1.15781203217665,1
1,"A",1.47793329420027,0.497368099925285,1
1,"A",1.5358008570962,-0.602063359262813,1
1,"A",2.98729837105935,-0.939440141690149,0
0,"A",-0.103194489283793,-2.77704333448224,0
1,"A",0.864280372064433,-3.78069322183316e-05,1
0,"A",-0.28640683177341,-3.18957065304233,1
1,"A",1.43068165563257,-1.8168989588322,0
1,"A",0.151960131427121,0.145531406171248,1
0,"A",0.687115950468453,-1.16353781181977,1
0,"A",0.474227439399304,-0.936469312210382,0
0,"A",-0.732175495317874,-0.431672166779498,0
0,"A",-0.835942927802138,-0.87845972914395,0
0,"A",1.52844129431403,-0.110247536403409,0
1,"A",-1.234212204068,0.332701190723205,1
1,"A",0.626811041962674,-1.45866741553342,1
0,"A",-0.790356505482634,-2.54905983239569,1
1,"A",-0.893064702966698,1.18882356231595,0
0,"B",0.0150136139563813,-0.97225260871316,1
1,"A",0.240737511808121,-1.95646062234759,1
0,"A",1.04074125474333,-0.606138266391504,0
0,"A",0.502585811975482,1.10371387733029,0
1,"A",0.466011853952617,-0.209855839094131,1
0,"A",1.37804547390608,-0.519321416405882,1
0,"B",0.167009357181606,-0.218183980125548,1
0,"A",0.524556915276706,-1.74275110193302,0
0,"A",0.352463028866524,-1.32910271908601,1
1,"A",0.842340267542539,-1.14163559257551,0
0,"B",1.57098593538764,-0.489894116378001,0
1,"A",-0.0719043950405838,1.62999845006677,1
0,"A",-0.772397887818479,-0.648997748129205,1
1,"B",0.15606099634762,-0.0835714123093673,0
1,"A",1.44231469094478,1.34388256805106,1
0,"A",0.798526421141066,-1.99827707133282,0
1,"A",0.721245556822997,0.759727257126741,1
1,"B",-0.420572142550015,0.711145619499888,1
1,"A",0.527122150615575,0.760243291355078,1
1,"B",-0.510333277719222,1.28401963935059,1
1,"A",2.45090198975759,0.575614640283041,1
1,"A",0.481083928276788,-0.369695780462229,1
1,"A",1.06954254548051,1.75132807638702,0
1,"B",-2.17976376505078,0.292418513207974,0
0,"A",1.35242004335997,-0.966230193852506,0
0,"A",0.482680860264986,0.974644833114388,1
0,"A",-0.596493821138063,0.170946336211545,1
0,"A",-0.174861476137181,-1.51712523575684,0
1,"A",-0.192417965873019,1.06349897835661,1
0,"A",-2.2916532081136,0.016921931094778,0
1,"A",0.60100341687538,-0.337103005293633,0
1,"A",2.63004900452763,-0.764679983222359,1
1,"A",0.288862870572527,-1.21369407207862,0
1,"A",1.28651932261688,0.0292938589550228,0
0,"A",-0.739909951382272,-0.299197258591546,0
1,"A",0.915242231697869,-1.00394331344091,1
0,"A",-0.520683681164642,-1.92572075396809,1
1,"A",-1.11370331379608,0.0415629924237316,1
0,"A",-1.20841172854255,0.342408369468696,0
1,"A",0.128622258060333,-0.238721669951549,0
0,"A",0.920456844005785,-0.720821252550191,1
1,"A",2.34849185671786,-0.792509091392628,1
1,"A",0.422541392821891,1.12328629794899,1
0,"A",-0.432447883320518,-1.41951823299677,1
0,"A",-0.666287979090978,-0.611526293707788,1
1,"A",0.256597506954771,0.166474642155909,1
1,"A",0.943970213321851,-0.311318588617327,1
1,"A",-0.388303617311722,1.01397381496934,1
1,"A",0.515765784111614,-0.448779888241497,1
1,"A",0.648367450634563,0.20630401760116,1
0,"A",0.287822446751659,0.380894186652266,0
1,"A",1.5332724851415,-0.637845124242918,0
1,"B",-0.0810866668221294,0.186798860938862,1
1,"A",-0.00385560064727558,0.819176394369398,1
0,"A",-0.507625307153728,-0.539489807909898,0
0,"A",-1.33231070066036,0.789837514892392,0
1,"B",0.520327092187506,-0.230418552735441,1
0,"A",0.963925050528257,-0.744253259696972,0
1,"A",0.753959364758082,-1.59516186302362,1
0,"A",-1.6212243273742,-0.282453432596249,0
1,"A",0.820541687239063,0.321669500814032,1
0,"A",1.51088229963337,0.275842278924778,0
0,"A",-0.769391409690868,1.27120504957069,1
1,"A",1.03786651160023,-0.526787664074505,1
0,"A",-0.0586371213236985,-0.47312570713404,1
1,"A",0.0565964386140065,-1.97412988283138,1
0,"A",-1.08696802072658,-1.72687297388424,1
1,"A",0.369920234740281,-0.349269414565508,0
0,"A",0.861825071624995,-1.40288013489111,1
1,"A",0.644117195769582,0.0227679528683086,1
0,"B",-1.63789437948492,0.939188594162763,0
0,"A",1.17282970384537,-0.288791343121376,1
0,"A",-0.692325690568079,-3.17248303158265,0
1,"A",0.841587962029798,-0.26376881451276,0
0,"A",0.50258186184286,0.00301995936917143,0
0,"A",0.274035228178045,-0.910629082969721,0
0,"A",1.37292704696129,0.0389536178017315,0
0,"A",0.79650731136439,-2.21795312044327,0
1,"A",0.426414391110126,-1.62620777981751,1
1,"A",-1.02105159627803,-1.18223426868057,1
1,"A",-0.2687137888405,0.791008451599989,0
0,"A",1.58109920722527,0.548158466701643,1
1,"A",0.447598474283528,-1.43046775562998,0
0,"A",-0.533572763017946,-0.296425852728685,1
0,"A",0.100828331180826,-0.496638885969791,0
0,"A",0.92829184898565,1.56907690351218,1
1,"B",-0.164713906875505,1.87819389230267,1
0,"A",1.05351605816273,0.20322258979249,0
1,"A",0.930907893048009,0.643101843491421,1
0,"A",-1.87359994213511,-1.51935153292197,1
0,"A",0.345741755144293,-2.00032353701582,1
0,"A",-0.652333074602256,-1.40991586276935,0
1,"A",2.078133924616,0.567048556682403,1
0,"A",-0.062949099559257,-1.41607431943567,1
1,"A",0.167902609087935,-0.0261422944051674,1
0,"A",0.676683668911573,-1.47280415500609,1
0,"A",-0.0907791230639164,1.31656609060062,0
1,"A",0.844099912026548,0.608107355546622,0
0,"A",-2.22124470353706,-0.875976882554874,0
0,"A",1.21854189286204,-2.31656056737545,0
1,"A",0.924808532838082,0.142111180897119,1
0,"A",0.250279178753233,0.215350051196212,1
0,"A",-0.348212656284197,-1.16817897586496,1
0,"A",1.11119213405138,-0.643522068551184,1
0,"A",0.799427670574067,1.44091331013382,1
1,"A",-0.0139150192740451,-0.411093641220759,1
1,"B",-0.595576393421747,-0.0252481249366734,1
0,"A",1.33272582350118,-2.591988899146,1
0,"A",-0.24173916828566,-1.7510480039333,1
0,"A",0.255239371942552,0.124866813718573,0
0,"A",1.65108281749703,-1.36510824658626,1
0,"A",1.60123836037106,-1.02232033060615,1
0,"A",0.233214186640173,-1.41116775983811,0
0,"A",1.40305169577758,-1.25456827411778,0
1,"A",1.5904513295587,-0.163125143843517,1
1,"A",-1.13728686486767,-1.08600944195553,0
1,"A",1.62378539039996,0.809929912515662,1
0,"A",0.553264334209167,-0.641634380663731,0
1,"A",0.436726280133875,-1.43929018017856,1
0,"A",0.607600667541175,-1.0700166803165,1
1,"A",0.709971616044379,0.283135414225372,1
1,"A",0.485549788650387,0.147050157214014,1
1,"A",-0.193184153268694,-0.400392776351785,0
1,"A",0.831717620131465,-1.35242156016384,0
1,"A",0.102627994340164,-0.0536012908796027,1
0,"A",0.154364644575214,-0.1049788843596,0
0,"A",-1.79348412779245,-0.720592657697038,1
0,"A",0.808692511550531,0.0388059688960184,1
1,"A",-0.177679639475954,-0.0324458907238369,1
1,"A",0.0982766396293578,0.642954593876721,1
0,"A",1.42322761234284,-0.860141929124701,0
0,"A",-0.550314056642587,-0.569716040291149,1
1,"A",1.44007380668395,1.18135629389739,0
1,"A",0.077711158598491,0.287293274422715,0
1,"A",0.719647164637361,-1.38146622093427,1
0,"A",-0.978997380444913,0.0115158987168082,0
0,"A",-1.05583302393063,-1.93618259175315,0
0,"A",-0.187903210759456,-1.37828276657047,0
0,"A",-1.42301759314789,0.0153343943203348,1
1,"A",1.60340263972759,0.248868510993001,1
0,"A",0.697406273815118,-0.326329444818751,0
0,"A",0.842650927317609,-2.172667838643,1
1,"A",-0.0187005569812304,-0.33816193842978,1
0,"A",0.855522483327857,-0.456986060467241,1
0,"A",-0.670064099409596,-0.802626270680766,1
1,"A",1.51487176012569,1.77732168810106,1
1,"A",2.42679801672729,0.22171340165743,1
0,"A",-0.173234553886333,-2.12722222911005,0
1,"A",2.40749266661369,-1.77626798993191,1
1,"A",2.64229642493879,0.172776210341012,1
1,"B",-0.901437181763493,0.681025111298691,0
1,"A",0.644038922035375,-2.15387672392593,1
1,"A",0.533024133864049,-0.786458568357276,0
1,"A",-0.689285059761689,-1.57464585222085,1
0,"A",-0.877004183682532,-1.20473385032166,0
1,"A",0.00060270152233477,-0.432156462729832,1
0,"A",-0.311967881451045,-0.293490211800504,1
0,"A",-1.500505654143,-0.325383108465728,0
0,"A",-1.56490072139002,-2.02380615469118,1
0,"A",-2.03587303792081,-1.11706035522422,1
0,"A",1.53337774442466,0.70824939360199,0
0,"A",-0.137424282566297,-2.45813937227019,0
1,"A",1.06501990126244,-0.0578969535875955,1
0,"A",0.936320801732666,-0.289773414023534,0
1,"A",1.56651904694724,-1.37581555149347,1
0,"A",-1.19623764586135,-1.08813110679086,1
1,"A",0.509070601606559,1.18760285781107,0
0,"A",-0.726950564061434,0.685397129527398,0
0,"A",-0.248732282377048,-0.358636614214843,0
0,"A",-1.45449232062623,-0.144037889171366,0
0,"A",0.197937350594498,0.270895742480203,0
0,"A",-0.585550043022795,1.26473705656743,0
0,"A",0.631555643119304,-0.348055448213557,0
0,"A",-1.34726385561714,-0.759031880320205,1
0,"A",-0.619899861314299,0.885594687451612,1
0,"A",-1.25728934013169,-0.82346262082203,1
1,"A",0.907932081864247,-0.998802398699581,1
1,"B",-0.703764326084007,-1.67704655979655,1
0,"A",0.152584520864269,-0.387585792832948,0
0,"A",-0.908925823302154,-1.23493139589778,1
1,"A",0.413496216611679,0.680797281456505,0
1,"A",-0.314239573896085,-1.29932882173029,1
0,"A",0.9113241101635,-3.03372644064422,0
0,"A",-0.932972260466367,-1.099366190441,0
1,"A",0.631577275280615,0.531737137044464,1
0,"A",1.51395409327404,-0.185351335241908,0
1,"A",0.083349965004064,0.43719960127558,0
0,"A",1.37847964576568,-0.953519900352818,0
0,"A",-0.0435587967831004,-1.02540112514745,0
0,"A",-0.111988098784862,-0.132379812637961,1
1,"A",1.18475162392229,-1.27598339445508,1
0,"A",0.19987083010589,-0.822520105490764,1
0,"B",-2.2212888384919,-0.848248335674888,0
0,"A",-0.110519095327899,-1.6995248512826,0
1,"A",0.943259747259957,-2.26034149304654,1
1,"A",1.69590446591099,-0.918512470960828,1
1,"A",1.23743429795125,-0.608310540797693,1
1,"A",0.622799757947821,0.21991645965652,1
0,"B",1.6766856653313,-0.801444828406998,1
0,"A",-0.306831914280866,0.492698068661418,1
1,"A",1.72846616190293,-1.3030356649588,1
0,"A",-0.152158118782485,-0.264425444943398,0
0,"A",0.0635372618610708,-1.7775536978635,1
0,"A",-2.50462079929257,0.200545657156933,1
1,"A",0.613408222993532,1.08243297747509,1
1,"A",0.439796547494595,-1.20031427090777,1
1,"A",0.0141068444406574,-1.62715568339193,1
0,"A",0.33687094674133,-2.18560778774316,0
0,"A",-1.08626226451965,0.525846932698383,0
0,"A",0.325568867472806,-1.23485253778474,1
1,"A",0.567169210943311,1.01796172268575,1
1,"A",0.931957743053416,0.205354025375891,1
1,"A",-0.288729377769606,-1.00824240602154,1
1,"A",0.183630980467169,1.11626695826278,1
0,"A",0.155625129626214,-0.562416713664,1
1,"A",2.62990791441849,0.630017785452373,0
1,"A",0.390106171018796,0.229449505231949,1
0,"A",-1.57993457294919,-1.37143951465888,0
1,"B",0.0121888979135631,1.01780753082155,1
1,"A",1.34493733164926,-0.870088917529351,1
0,"A",-0.324177583591011,-0.931474301047762,0
1,"A",2.50065403780917,-0.35217653255403,1
0,"A",-0.163731141015766,0.319918723548187,0
0,"A",0.296865404493552,-0.621716857171695,1
1,"A",-1.17247842922332,-0.273878107851278,1
1,"A",1.11743106157783,-0.450799480598997,1
1,"A",-0.807424740032386,0.546129976217789,0
1,"A",2.34840292281071,-1.88138733829038,0
1,"A",0.541691254968475,-0.165418223751717,0
0,"B",-2.48009289493044,-0.186159746915685,0
0,"A",0.228471001649844,-1.26986869299306,0
1,"A",2.08904894622993,-1.52955058860821,0
0,"A",0.685778690891035,-2.65312239039539,1
0,"A",0.44935896533876,-3.49360258203399,0
1,"A",0.520730568909317,2.14776481737678,1
0,"A",0.447411758516779,-1.42761330045091,0
1,"A",0.111380031817228,-1.19985205833923,0
1,"A",1.39648735728992,0.0812294558628414,1
0,"B",-1.3774670020178,-1.48845369994066,1
1,"A",0.266763557276909,0.73809154861866,1
0,"B",-0.770508150610261,-0.183432731465835,0
1,"A",1.08851052710024,-0.195976856144288,1
0,"A",0.658827979516507,0.143887175917199,1
1,"B",0.04962606595241,2.73571018008858,0
1,"A",-0.312587357228592,-0.420814638015133,1
1,"A",1.02687279738253,-1.30120172544781,1
1,"A",0.0868235507766334,-0.00166268438116918,0
0,"A",-0.0805357372342701,-0.617963035526853,0
0,"A",-0.934061511844905,0.0183215173831637,0
0,"A",0.00352802956069309,1.26399464606791,0
0,"B",-0.252083619312178,-1.78552153385785,1
1,"A",3.82073949234355,-0.508842897237623,1
1,"A",0.884227106924669,-2.45599638910118,1
1,"A",1.4825832349252,-0.947482174147259,0
1,"A",2.64905620825732,-1.44619234242541,1
0,"A",0.168508659411679,-2.3121923216648,1
0,"A",1.45856850314466,-1.28172247653539,0
1,"A",0.780928284883969,1.53392720796883,1
1,"A",0.877594972435733,0.496727321004479,0
0,"A",-1.66245014102708,-1.81356004270776,0
1,"A",1.79803065172151,-0.979242766211644,0
0,"A",-0.192354688462533,-0.496305453300191,0
0,"A",-0.193586059458761,-0.116558052176988,1
1,"A",0.895039320147165,-0.252332604531081,1
0,"A",-0.877843388135264,0.65125355214573,1
0,"A",-0.724432416543833,-0.805315443901497,1
0,"A",-1.69847780818619,-0.918004189008636,0
1,"A",0.810341513253473,-0.976779425785883,0
0,"A",0.436002218245515,-0.716470195112071,0
0,"A",-0.164378624228267,-0.89962503054654,0
0,"A",0.0121996481389717,-0.126746444672132,1
0,"A",-0.0866881790516829,-3.61646119175886,0
0,"A",0.00396170663664924,-1.26352436206843,0
1,"B",1.29593083340943,1.36432488615865,1
0,"A",0.066088532530842,0.426575018928679,0
0,"A",2.34379988418232,0.609326513183329,0
1,"A",1.47422515715089,-1.40864103308854,0
0,"A",-0.0768736306063099,-0.910129645478871,1
1,"A",-0.76020122108723,-0.109549523223587,1
0,"A",0.684096110420391,-0.183867157050328,1
1,"A",1.5414278370602,-2.19004917771928,1
0,"A",0.776116094435804,-1.19207366825112,1
1,"A",0.333614038824435,-1.43034734592268,0
0,"A",0.584880027323155,0.348927440030837,0
0,"B",-1.21823295142404,0.0346805089246636,0
1,"A",1.4034100860176,0.284979954600665,1
1,"A",-0.91882543382369,0.766269549039516,1
0,"A",-0.285625359848885,0.91274357507818,1
0,"A",-1.33959124657659,-0.106177077999513,1
1,"A",-0.353259879903798,-0.983751111821015,0
0,"A",0.656154286214735,0.92289407907156,1
0,"A",-0.2012174435389,0.534112021984392,1
0,"A",-0.670118274922527,-0.812553794633958,0
0,"A",1.04192710177253,-2.09847965912586,1
0,"A",-0.571038715794725,0.403140279887234,1
0,"A",0.500583758009748,-1.19405465091328,1
1,"A",0.59256829174139,-2.20025144286488,1
1,"A",0.537310792485963,0.973887856973689,0
1,"A",0.613317009433466,-0.640626711753544,1
1,"A",3.04727604414739,-0.17409748336628,1
1,"A",1.70463730285621,-0.145852520168897,0
1,"A",-0.191132496175832,0.636488681666132,0
0,"A",-0.0239652629620339,-0.935745307542042,0
0,"B",-1.49483912882034,-1.19196848661201,0
0,"A",1.35835814821616,-0.349353116497882,1
0,"A",-0.220642349054039,-0.603780452191808,0
1,"A",0.417598350240094,-1.16583468333233,1
0,"A",0.170950404847718,-0.0987864495070516,0
1,"A",0.517341143764517,-0.348218899136698,1
1,"A",-0.486859085762158,-0.683820924586219,1
1,"B",1.11018552283872,-0.425628805753525,0
1,"A",1.74027259148162,-0.308744288490371,0
1,"A",1.24138862180312,-0.0561502506407083,1
0,"A",-0.223632917832929,-0.106574996509735,1
1,"A",1.32843377386762,1.00294558346351,1
0,"B",0.287785297222824,0.389691974261509,1
0,"A",0.360586509018723,0.31911117333114,0
1,"A",0.891734900185509,-0.925933056622428,0
1,"A",0.67871748212379,0.649129165095766,0
1,"A",1.49317792796303,0.250253297315471,1
1,"A",-0.43854413925483,0.900407226325391,1
1,"A",1.0873528930598,-1.54647747105267,0
0,"B",0.679363019776321,-1.52147335749469,0
0,"A",0.24672039390378,-1.32850795400068,0
0,"A",-0.105974382359605,-0.0633998817565031,0
1,"A",0.225048075153594,-0.37204229277232,1
1,"A",0.211179353679879,0.944082327667083,0
1,"A",-0.484837821427165,-1.72859114510917,1
1,"A",1.09835510742613,1.31295178409006,1
1,"A",0.0794546104704738,0.405143497390494,0
0,"B",-1.56967866913285,-0.452605752835094,1
1,"A",0.404111993861826,0.919244025322848,1
1,"A",1.78343348382865,-0.0795187799934906,0
1,"A",-0.303488959801957,-1.25922529728788,0
1,"B",-1.38881254252749,1.95272724139349,1
0,"A",-0.420155742848978,-0.086436351023004,1
1,"A",0.334400452691801,1.50600191172623,1
0,"A",-0.929250496593614,0.555054545992692,1
0,"A",-0.0579996731524244,-0.659242370644942,1
0,"A",-0.781934685854959,-2.09365150562772,1
0,"A",0.369892600489156,0.479252223956313,1
1,"B",0.469312314150416,1.25242906551854,1
1,"A",-0.122046227048191,-0.851519003658438,0
0,"A",0.383992167206479,-1.62964586231323,1
0,"A",-0.511239615283886,1.64885763965129,1
1,"A",0.874148833085442,-0.24543697476225,0
1,"A",0.207913842672926,0.518528114006483,1
1,"A",0.0667448188235269,-1.0966807100861,0
0,"A",1.35180636515747,-1.08387425522156,0
0,"A",-0.60622153735022,-0.935573009484543,1
1,"A",-0.337412442565044,-0.632276810719976,0
0,"A",-0.266075960941201,-1.1529952026647,0
1,"A",0.279029877880445,-0.905117525204364,1
0,"A",-0.945454138942758,-0.341061717604922,0
1,"A",0.533693148992929,0.402859672309334,1
0,"B",0.172298142509488,-1.30322558448,0
0,"A",0.251757350312217,-0.759210247030916,1
1,"A",-0.975947380600371,-0.571757233890377,1
1,"A",2.07348860408876,0.954716880543114,1
0,"A",-0.34045122200045,-0.477669502471724,1
0,"A",-0.0480190400938247,-1.9735071241872,1
0,"A",0.403664850893948,0.376305198121853,0
1,"A",-0.483013932482161,0.667085802124183,1
0,"A",0.354031313721989,-1.19876344119152,0
0,"A",-0.0971057296962968,-0.989238549319844,1
1,"A",-0.206738514391072,0.541460321887473,1
1,"A",-0.0574078919809238,0.223411251858971,1
1,"A",1.13836010195292,-0.969116729971218,0
0,"B",0.0459512309317665,-0.423797974379659,1
1,"A",0.822103663789052,-0.593656883727846,1
1,"A",2.34995554972906,1.16814295628054,1
1,"B",-0.830567860235609,0.538704561294542,0
1,"A",1.40344149095812,0.931056561024195,0
1,"B",-0.624132623300104,0.964040743173823,1
1,"A",1.57264541661308,-0.902653621934152,0
0,"B",-1.58078093716017,1.31219398995722,0
1,"A",0.0151827470161902,1.08470771424846,1
0,"A",1.36722360132352,-1.0698087541768,1
1,"A",1.41107137152348,0.111485259382685,1
1,"A",1.03354263354061,-0.813089397809997,0
0,"A",-0.371144553061998,0.571087570641814,1
1,"A",2.69115696895342,0.599366029624714,1
0,"A",2.10060255410178,-2.00947479747239,1
1,"A",0.670542829193375,-0.182874054296058,1
1,"A",-0.164568544070319,-0.221243549838194,0
1,"A",-1.11681358453495,-1.94797590477433,0
0,"A",0.791275872866319,0.268277345146122,0
1,"A",-0.359654377569549,-0.83650011263287,0
0,"A",-0.0854836075778246,0.0566558489042215,1
0,"A",-1.11648169482484,-0.507449239487904,1
0,"B",0.510082899318908,0.226581554931193,0
1,"A",1.49649424961824,0.352764395389087,0
0,"A",-2.4772262545969,-0.312260032274388,0
0,"A",0.158937073186254,-0.896648539836515,0
0,"A",0.180875268259337,-0.875561693279434,0
1,"A",0.069169089695247,-1.25346325597117,0
1,"A",1.31446417268774,1.83609398611943,1
1,"A",0.554115253575995,1.42422951077225,1
1,"A",-0.331424496298566,-1.56071154378388,1
0,"A",0.702873358901441,-0.398277862624464,0
1,"A",0.903507307082656,-2.16544675298422,0
1,"B",-1.05824642033764,1.23920757095593,0
0,"A",-1.18803557254284,-0.564486111315976,0
0,"A",0.0383748181875075,-0.319108387384422,1
0,"A",0.459726425765578,-0.310905849121801,0
1,"A",0.728693818144196,0.819244818223499,1
1,"A",-0.125036041956318,-1.20396301242515,1
0,"A",-0.140056360547433,0.528662684098904,1
0,"A",0.158803752409307,-1.65826433336178,0
0,"A",0.666184074057674,0.886860689898649,1
1,"A",0.0803308061558362,1.49095738836233,1
1,"B",1.84901358860538,2.33831210354592,1
1,"A",-0.0924012151977351,0.0110922164043248,1
1,"A",1.31061426799533,0.238090448326399,1
0,"B",0.0929806681033405,0.100089809739311,1
1,"A",1.68687391888045,1.06825173821371,1
1,"A",0.882439490489239,0.689973806340989,1
1,"A",-0.159754633698615,0.759149391362152,0
0,"B",-1.30790176073868,-0.358082844537941,1
1,"A",1.2952966087397,2.17231128863108,1
0,"A",1.38324668410931,-0.750266264127727,1
0,"B",-1.64099614694303,1.17751692128188,0
1,"A",0.857300571233916,0.7627244159006,1
1,"A",0.0753374294953872,-0.860652586403515,1
0,"A",-0.3320630129827,-0.390922913776403,1
0,"A",1.242243405559,-1.59762320389345,1
0,"B",0.214092248823889,1.23676413338562,1
0,"A",0.479962545310674,-2.24831999621238,0
0,"A",-0.273820131975747,1.10710448220995,1
1,"B",0.13710868728688,-0.625865871797665,1
0,"A",0.173152296587093,-1.6539850823017,1
0,"A",-0.0300387493153383,-1.18386737247225,1
0,"A",-0.608493415157313,-2.14742648417345,1
0,"A",-1.00066682688792,-0.35366656697602,1
1,"A",2.26765520393408,1.20266069233584,0
0,"A",1.06478148056162,-0.247955531793529,1
0,"A",0.986620823688242,-1.80599023610243,0
1,"A",1.68142217951846,-0.480663147374323,0
1,"A",1.75673975604836,-0.589831351399914,0
1,"A",0.922207726663389,0.0146597402167415,1
0,"A",0.463545696206943,0.0659002298085545,1
0,"A",2.79586800585057,-0.920103397038958,0
1,"B",-1.47921900312871,0.5728546088928,0
1,"A",0.566312719188318,0.176023609695515,1
1,"A",1.21100684849816,-0.887656224527623,1
1,"B",-0.470734019364524,0.756883448861099,1
1,"A",1.18088432961344,-0.756702903373371,1
1,"A",-0.768032211567103,0.285259323833608,1
1,"A",1.35937601545841,0.172630087635029,1
1,"B",0.305236194396762,-0.0210083663529342,1
1,"A",2.4989738131224,-0.543147107886105,1
1,"A",2.24946080869798,0.0883675919372708,1
1,"A",-0.219280210964436,-1.41933771501716,0
0,"A",-0.789616010859965,-1.43065085775535,0
0,"A",-0.453047023054005,0.397385570346903,1
0,"A",0.911486938950476,-1.15733619531682,0
1,"B",-0.370698112676157,-2.37287584630998,0
1,"A",1.56867501522173,-0.585426043029273,1
0,"A",-0.727773319204413,-1.35551092364568,0
1,"A",0.893907868831007,-2.49279608390014,0
0,"A",0.016446741604559,0.0279423256711535,0
1,"A",1.17427370528379,-1.81199623881097,1
1,"A",-0.116330482111698,0.853965385337593,1
0,"B",-0.806854539075432,-1.81568365321899,0
1,"A",1.9377816799876,-0.245521412940905,1
1,"A",-0.00811071191584467,-1.89172541135026,1
0,"A",0.841190603135746,-1.17883549952533,1
1,"A",1.9648541448226,0.0739988722604066,0
1,"A",2.18534966937256,-1.33007087225279,1
0,"A",1.00174775502987,-1.12817404304624,0
1,"B",-0.54683840123942,-0.212182655052055,1
1,"A",1.20101846914454,-0.212669452574775,1
1,"A",1.00531162883036,-0.709892932237472,0
0,"B",-1.38258205255031,-0.675490541083933,1
1,"A",-0.0949175247371694,0.721040801244068,0
1,"A",1.54241497195246,-1.95840009796652,1
1,"A",-0.68633209311083,-1.9312529987881,1
1,"A",-0.882052780005963,0.238483969436517,1
0,"B",0.320243679485973,-0.573138884793614,0
1,"A",1.0809791111789,0.25458066281441,0
0,"A",-0.73400497298598,-0.311863128642926,1
1,"A",0.0172850891024971,-0.164702835701998,0
1,"B",0.0936780143513909,1.12828259437224,0
1,"A",-0.146512959121757,1.0648265483303,0
1,"A",-0.511667612302659,-0.393109931681425,1
1,"B",0.513610398789011,1.33627914961564,1
0,"A",-1.51037713325336,-0.890270641377068,0
1,"A",2.63987950774734,-0.455553775704025,1
0,"A",0.769859306943359,0.0839089181467492,0
1,"A",0.266627471129641,-0.677114551436197,1
0,"A",-0.796379925850119,0.469174590577543,0
1,"A",-0.626979173604316,0.359901466441971,0
0,"B",-1.59135749910552,0.404875572693902,1
1,"A",1.85469950571462,1.26174894765883,0
0,"A",0.974456301135493,-1.29953820767999,0
1,"A",-0.434927369919592,-0.453859811383154,1
1,"A",0.575593313133087,0.0321543062834034,1
1,"A",0.871041391771211,-0.227178659280693,0
1,"A",1.40647327168809,-0.235994914200954,0
1,"A",0.781620928820893,-1.12870345565595,1
0,"A",-1.16936862978741,-1.35878859840723,1
0,"A",0.781987424588999,-1.29804275743655,1
0,"A",-0.52236378961116,-0.143788754095597,0
1,"A",1.56511019766949,0.38632847204233,0
0,"A",0.00756044173074039,0.613101485214117,1
1,"A",-0.549391699068256,-0.685154662959915,0
1,"A",0.284756188713889,-1.04934508213012,0
1,"A",0.454610045601448,-1.42362566776579,1
0,"A",0.189511957351132,-0.707870759268602,0
1,"A",0.0848024376647198,-0.877105625326372,1
1,"A",1.07477041328205,0.434390285387985,1
0,"A",-0.278301435135662,-1.37619085297115,0
0,"A",-0.34372430198474,0.183291433649205,0
1,"A",-0.202755927839896,-0.207253127341959,0
1,"A",0.898155392205357,0.445502913802459,0
0,"A",1.20870396738553,-1.71142575217087,0
0,"A",-0.595193696407203,-1.50539895742789,1
1,"A",0.358018522508988,1.24562211218968,0
1,"A",0.0511677793047532,-0.802681595198468,1
0,"A",0.113658019008995,-2.12050826291271,0
0,"A",1.6979521608414,-0.679072017055608,0
0,"A",0.683668362341639,-2.67998875131821,1
0,"B",-0.655356740075602,1.64406541839951,0
0,"A",-1.6956188096958,0.238233060311518,1
0,"B",0.193398208101593,0.401596816650023,1
0,"A",-1.51053784605368,-0.998817656428278,1
0,"A",-1.43245898714904,0.273535270506921,0
1,"A",0.786699779083778,-1.21789200050316,0
0,"A",0.0419707442805176,0.567811047850879,1
1,"A",-0.65821595353223,-0.830665800879661,1
1,"A",1.17997620174945,-1.14912551139994,1
1,"A",2.34907729345509,0.815528867461463,0
0,"A",-0.838356739727686,-0.458379223119596,1
0,"A",0.353842074168735,0.0265705766206442,0
1,"A",1.29212996993984,1.24906791550655,0
1,"B",0.0740693815045842,-1.42116717360446,0
1,"A",2.31321286830416,-1.8099855741087,0
0,"B",1.62800856013292,0.747956415571646,1
1,"A",-0.0253618241539124,0.797486230157551,0
1,"A",0.780955405238819,-1.51159620590524,1
1,"A",-0.174503493829246,-0.163556796368717,1
1,"A",-0.766951595189336,0.793311116195201,1
0,"A",-0.858547761396748,-1.7692976083179,1
1,"B",1.08610914921765,0.469631093863492,0
0,"A",-0.390614357326357,-1.30972471243091,1
0,"B",-1.02106727929209,-0.0631697140665644,0
1,"A",1.97192594302539,1.19877620943331,1
0,"A",-0.192690366151497,-0.316283714890782,1
0,"A",-0.250781042490125,-1.79211282806638,1
1,"B",0.750354068561679,0.102390664890005,0
1,"A",0.597324344095456,0.293808988343002,0
0,"A",0.441071279174443,-0.173597732839799,1
1,"A",1.04020559867856,0.956043677754523,0
0,"A",-1.94287031490124,0.364801437406116,1
0,"A",1.35124856356917,-0.760538937934072,1
0,"A",-0.736468075485199,-0.57343255515234,0
1,"A",1.00660794001743,1.31109552958541,1
1,"A",2.19941700287944,0.412474315933051,1
0,"A",0.77100506143504,-0.340565571656718,1
0,"A",-0.488250451236842,-1.87249976810802,1
0,"A",-0.0146740643670482,-0.319586370778386,0
0,"A",-0.0175644720145474,0.104218817723566,0
1,"A",0.806545988154744,-1.31555592023417,1
0,"A",0.227964612431128,0.257183005130999,0
0,"A",0.0811411820818511,-2.14221558521706,1
0,"A",-0.577523304185825,-1.44453743530031,1
0,"A",-2.087138438219,-0.306559027655015,0
1,"A",-0.182295102949999,-0.888336093343121,1
1,"A",-0.20575829891322,1.0658248538642,1
0,"A",0.375211199612601,-1.13413901735739,1
1,"A",0.0289087916017766,-0.633229943589488,1
0,"A",-1.63809604667703,-2.26416529988441,1
1,"A",-0.307132044857085,0.466356016085696,1
0,"A",-0.655501846248838,-1.26994442836672,1
0,"A",-1.27286128883574,0.0312713179219731,0
0,"A",-0.37937432974915,1.07354703310258,0
0,"A",1.98190446510045,-1.76465027892196,1
0,"A",-0.298044443619807,-1.99460093535462,1
1,"A",-0.212059529481491,-0.0318755066177102,1
1,"A",0.0834919613522537,0.19311560132765,1
0,"A",-0.754168178448648,-1.73142307107044,1
0,"A",1.67125973102548,-1.29158489898472,0
0,"B",-0.112812257851175,1.44358884572844,0
0,"A",0.092585541700176,-0.896862129791896,0
0,"A",-0.475315521180616,0.950411928210397,0
0,"B",-0.331994810894121,-0.574943302519123,1
0,"A",0.602782249877048,-0.887684028968993,0
1,"A",-1.01934119565288,-0.0805787195112141,1
0,"A",-0.343530417198362,-0.995128500649156,1
0,"A",-0.13572104734379,-0.787412404450311,1
1,"A",0.550509109963149,-0.222304915183389,0
1,"A",-0.418880371659838,0.498315353909166,0
0,"A",0.743188756617258,0.320088683676755,1
0,"B",-1.40689971870828,0.429319880766614,0
1,"A",2.31830164253025,-0.0557743815373922,1
1,"B",-1.28707008021334,1.63362760912478,0
0,"A",-1.02790133024465,-0.994113533250181,0
0,"A",0.574460146979549,-2.28666984295577,1
1,"A",2.18620354989966,-1.14284818738988,0
1,"B",-0.518745251964445,0.335102422578912,0
1,"B",-1.39962918011665,2.57053569727162,0
1,"A",0.0204438455224225,-0.326927837461821,1
1,"A",1.79666093564446,-0.097303765965695,1
1,"A",1.02648387098258,-0.0181611094157238,1
0,"A",2.6159788145849,1.19137981029869,0
1,"A",-0.661480061971585,-0.843550950992686,1
0,"A",-1.29760340045867,-0.241419100903488,1
0,"A",-1.39926283802931,-0.00603439744756729,0
0,"A",1.32948512331235,1.07114327305712,1
1,"A",-0.835630208250284,1.23879170791125,0
0,"B",0.941595648127002,-0.283871059944282,0
0,"A",-0.518986807277349,-0.832235454676194,1
0,"A",1.23266696206671,-0.457569709061106,0
0,"A",0.688535999840373,-0.0728871761072254,1
1,"A",0.830321383282353,0.614674394548519,1
1,"A",1.22057692195933,0.575611167506439,0
0,"A",-1.09418551639904,-1.17443575359661,0
1,"A",-0.341781958029917,-2.36901191861258,1
1,"B",-0.5777960128609,1.6764229795416,0
1,"A",-0.396873445509947,-0.634260203142861,1
1,"A",-0.507691679160228,-0.296378583789112,1
0,"A",0.563822065599624,0.467834366320782,0
1,"A",1.63883382527216,-1.56172371012362,0
0,"A",-0.449502698639657,1.07776409315955,1
0,"A",1.5242021122221,0.164452212595146,0
0,"A",-0.197843249935951,-3.01531912309579,1
0,"A",-0.611259594741249,0.138954314787872,0
0,"A",0.00321397656057082,-1.27230084610207,1
1,"A",-0.993404865576785,0.656559009157394,1
1,"A",-0.702241466376632,-1.83714601690334,1
1,"A",1.05748267460747,-0.727362448733553,1
0,"A",-2.54252254479262,-1.3931643697995,0
0,"A",1.53144066465781,1.44767513369746,0
0,"A",-1.30507503594209,0.151885555418502,0
1,"B",1.07072987484697,-0.0810104610943219,1
1,"A",1.43955565492125,-4.19686745508265,1
1,"B",-0.116860707959758,-0.845301839669286,0
0,"A",-0.109350935503838,-0.736607011555817,1
0,"A",0.420815923768969,-1.31473354802293,1
1,"A",0.672947098883625,-0.00687816881842596,1
0,"A",-0.188326236534443,-0.781010458457529,1
1,"A",0.697218920973294,0.258841827612774,0
0,"A",-1.9432060059573,-0.550453729075786,0
0,"B",0.060169505936838,-0.719398809417864,1
1,"A",1.49559391067804,-0.762393584469229,0
0,"A",1.38219089763296,0.250534694637647,1
0,"A",0.349644478483602,-1.48880028241057,1
0,"A",-0.0497185100002254,-0.959510908655517,1
0,"A",-1.8210010085307,-1.19522587927011,0
1,"A",0.821557541604055,1.00520837203002,0
1,"A",0.69653676229578,-0.463169065178091,0
0,"A",-0.988569030247376,-1.0453356089219,1
1,"A",1.09283272661091,-0.894713149724368,1
1,"A",-0.125983888745661,0.308649428402233,1
0,"A",0.97048128643329,-0.0745180680051665,0
1,"A",-0.993215460643678,1.16463954558362,0
0,"A",-0.470618191476952,0.484046549014428,0
0,"A",-1.82965726586213,-0.857023589800715,1
0,"A",1.10887036874703,-1.69925365539322,1
0,"B",-0.370966175502134,-0.54270441432399,0
0,"A",-0.0765677193523084,-1.40131462526733,1
1,"B",1.00103736598124,2.17884399376358,0
0,"A",0.69025074734802,-1.29733895082003,0
1,"A",-1.05915844177549,0.442417667787756,1
1,"A",0.258185667680119,-0.952986399521304,1
1,"A",-0.341085954854072,-0.488107466348274,1
1,"A",1.27598407634664,-0.340666689541639,1
0,"A",0.578470132836691,-2.43753248075743,0
1,"A",1.08089487803724,-0.419475386554652,0
1,"A",1.28814924621785,2.82662965134608,0
0,"A",1.13712735213792,0.0146322485658393,1
1,"A",1.24579806180985,-0.501490450983127,1
0,"A",-0.365101195140987,-2.61241646223335,0
0,"A",0.311056252003041,-0.0749791181934187,0
0,"A",0.0554918684616304,-1.20410693349466,1
1,"A",1.10974893112481,0.136916813912531,1
1,"A",-0.259019909214029,-0.0426886269199515,1
1,"A",1.95847228897614,1.62229985004775,0
1,"A",-0.836491733577771,0.04702444501304,1
1,"A",1.87201109491888,-0.363471740821534,1
1,"A",-0.256205630511454,0.146950894892568,1
1,"A",-0.0358574100729685,-0.453728811635383,1
0,"B",-0.661623533148965,0.820608825761914,0
1,"A",1.40913587466562,-2.65507743794792,1
1,"A",0.528964522742481,0.129854357617135,1
0,"A",0.799012010229989,-0.694696414041746,1
0,"A",-0.0628180180120462,0.76597084161984,1
