"y","group","x1","x2","x3"
0,"B",-0.0973258918156086,-1.51971915920693,0
0,"B",-1.72376830216683,-0.389637942884122,0
0,"A",-1.1666896182885,-0.404563127248865,0
1,"A",-0.0333331326820669,-1.00086518329582,1
1,"A",0.318470163466957,0.926326439713207,1
0,"B",-2.17922862204384,0.545380485711509,1
1,"A",0.879517218352174,-0.345821712896652,1
0,"A",-0.00946273974875145,0.00488604903076373,0
0,"B",0.826123362298918,-0.19495394168078,1
1,"A",0.144483031574268,-0.317030518044881,1
0,"B",-1.42269052441531,1.00336152554665,1
1,"A",-0.869073139124073,0.55036791903592,0
0,"B",-0.337774382214901,0.81546254968903,0
0,"B",0.233530520293168,0.180143666444082,1
0,"A",-0.885252775957029,0.0587094808852978,1
1,"A",-0.486859085762158,-0.683820924586219,1
0,"B",0.265118490297403,-0.315838453901628,1
1,"A",1.23902255965136,-0.669483421310258,0
0,"B",-1.45668427324344,-0.281791884402049,1
0,"B",1.11378670230726,-1.25897513851096,1
0,"A",-3.03962828040736,-0.518558773578869,1
1,"B",0.642692797573569,0.704644037992602,0
1,"B",-0.366959924932747,-1.07300177922177,0
0,"B",-0.214406814078419,0.358712843804695,0
1,"A",0.963959838463466,-1.2727635497595,0
1,"A",0.259981078429828,-0.341279481616212,1
0,"A",1.63048749300348,-0.271514822650859,0
1,"B",-2.33892275352582,2.00013181364958,0
1,"B",-0.885634762932725,0.307345966293114,1
1,"A",0.102257594835467,1.13489837870164,0
1,"B",-0.823779948677308,1.68947380330575,1
0,"A",0.039968471300622,-0.265221908021398,1
1,"A",0.677889924972173,-0.632169120593848,1
1,"B",-0.210245446281771,-0.176137588824513,0
1,"A",1.11060927154558,0.195742923420036,1
0,"B",-1.78276654182413,0.742002407976965,0
0,"B",-1.25742232272482,0.503843793308238,1
1,"A",1.41349569666088,1.02958939377866,0
0,"B",-1.58751286893967,-0.0797583280459682,0
1,"B",-0.133609291785321,-1.01157313824363,0
0,"B",-0.93016763579276,-0.288991686510632,1
1,"A",0.019045282507896,0.554615380245689,0
1,"B",-0.545171301296813,0.579346662493289,0
0,"A",-1.18029984358994,-0.84061550688299,1
1,"B",0.942192025521704,1.02619177029922,0
0,"A",0.0280767191326315,-1.0755825786097,0
0,"A",-0.648572099959414,-0.688515702942018,0
0,"B",0.0774903708496761,1.40970669511694,0
0,"B",0.175426108662731,-1.6595090926101,1
0,"B",-1.44728902463351,-0.412526571832231,0
1,"A",-0.459854618697708,-1.75331886982883,0
1,"B",1.67581393817358,1.10285511048247,1
0,"A",-0.410461282044646,0.0998672571226437,0
0,"B",-0.939851008151552,0.650655203165064,0
0,"B",-1.65722912260286,-0.497653832106867,1
0,"B",-0.735588911208378,0.50570589778924,0
0,"B",-2.178708583976,-0.574615621742768,1
1,"A",1.05709700885141,0.911238746480647,1
1,"A",1.58559592979914,-0.363913750173045,0
1,"A",1.24317910196007,-0.172436416256138,1
0,"A",0.902571886056878,-0.226202506398978,0
0,"A",-0.561391720128924,-0.277801804573889,0
1,"B",0.796435514094612,-0.0652445143217542,1
1,"A",2.10397103722598,1.35379504139346,0
0,"B",-0.344298148019825,-0.453972420769419,1
0,"A",0.509618410076837,-0.0197187411918423,0
0,"A",-0.278243345686213,0.163114506024765,1
0,"A",-0.059435410492545,-1.36896732386461,0
1,"A",1.13035104878049,-0.392055164359994,0
0,"B",-1.02029854803553,-1.93386973201684,0
1,"B",-0.401308928738907,0.499432682386487,0
0,"A",-1.97729074599222,0.216651686390252,0
1,"A",1.11199904516137,-0.118889427686908,0
0,"B",-2.79661951154794,1.08334753924909,1
0,"A",-1.94287031490124,0.364801437406116,1
1,"B",-0.010756098855021,-0.210862078556734,1
0,"B",1.60221974887085,-0.327786702406581,0
0,"A",-1.91791040770231,-0.39127050193085,0
1,"B",-0.815732992441315,1.17197167621389,0
1,"B",-0.421240435697536,1.36269396490009,0
0,"A",-0.353057054196277,-0.911712210548035,1
1,"B",0.235797917791657,2.18633760452053,1
0,"B",-0.428949396938477,0.912681598093842,0
0,"B",-2.11413374648325,0.219093362341375,0
1,"A",0.793084795122374,-0.429547917138787,1
1,"B",-0.0804170440352077,0.257359610716675,1
0,"B",-2.66807007287926,1.04070620900321,0
0,"B",-0.652721782641699,0.783701497113967,0
1,"A",0.190245941029095,1.03975538638333,1
0,"A",0.113881748089142,-0.545257495534195,1
1,"B",0.787081345614358,-1.18268857973858,1
1,"B",-1.87164698731817,1.5707890965413,1
0,"A",-0.548750459884559,-0.0190635547477501,0
1,"A",2.8776951700319,0.514524924558273,0
1,"A",0.408079982009194,0.278918871744212,0
1,"B",-0.830567860235609,0.538704561294542,0
1,"B",0.662225841798655,0.553002670316826,0
0,"B",-1.35804529387217,1.2233123468676,0
1,"A",0.256597506954771,0.166474642155909,1
0,"B",-0.505147617495897,0.0873052341342202,0
1,"B",-0.269582663050762,-0.632311674636575,1
0,"B",-0.971349068745872,-0.180745349253287,0
1,"A",-1.17532133596534,0.056352486702068,0
1,"A",0.311193741952746,-0.0425931976544455,1
1,"A",1.1501152608942,0.204307017804044,1
0,"B",-0.811421749931963,-0.63314330874656,0
0,"B",-0.523114694557517,0.195967585851975,1
0,"A",-0.488870093247418,-1.57279490523675,1
0,"B",0.212039969500543,0.607788816318901,0
1,"A",1.97226892999399,-0.776807430949164,0
1,"B",0.00136359787408025,0.392409523570459,1
0,"A",0.841190603135746,-1.17883549952533,1
1,"B",-2.43877678064196,1.11120522803433,0
1,"A",0.704017828715273,1.29503316314515,1
1,"A",0.690016710145765,-0.995895100080761,1
1,"B",0.693793188531403,1.01888640835257,1
0,"A",0.3021065370152,-0.466571763246138,0
1,"A",2.37873634580824,-0.42839812581639,1
0,"B",-2.4303693482269,1.06287408747475,0
1,"B",-0.186080454868694,0.753528216153509,0
1,"B",-0.0273189614235492,-0.0424058540749129,0
1,"B",0.394652959665065,-0.215805525955726,0
1,"B",0.0228713072346725,0.385201522458625,0
0,"B",0.198811273552434,-0.284643408989042,0
1,"A",-0.242104572678752,-0.916169288571201,1
1,"B",0.383367567610821,0.485745631981324,1
0,"B",-1.5144746569976,1.21797243107816,0
0,"B",-1.81013101284701,1.17381190080219,1
1,"B",-1.3194220768511,2.25545547699236,1
1,"A",0.0185308246084606,0.647846462809737,1
0,"A",-0.170876300079368,-1.22874179313765,1
0,"B",-0.59824418991477,0.685860998047805,1
0,"A",0.62008327936205,-2.17925561086835,1
1,"A",0.0244462497225276,0.71173369835492,1
0,"A",0.477369927767505,-0.261316887725173,0
1,"B",0.010348721630221,1.15217657220048,1
0,"B",-1.22991499080669,-1.02703982260576,0
0,"B",-1.19434272517418,0.402244735198154,0
0,"A",0.115775610374441,-0.513175985685429,1
0,"B",-1.05717580547362,-0.065378400429829,1
1,"B",2.0327652523624,0.587552731499042,0
1,"A",-1.06266163662525,-0.325209935480477,1
1,"B",-0.111827951912432,-0.127707517792372,1
0,"B",-0.841145295876095,-1.08764358580476,1
1,"B",1.75720123581716,-0.328832986322464,1
1,"B",0.365241275368865,0.694255339531547,0
1,"A",-0.993215460643678,1.16463954558362,0
1,"B",0.730236875986361,-0.106963505301559,1
1,"A",0.194031193526244,0.94313988581532,0
0,"B",0.21127084756851,-0.81723195676462,1
0,"B",-2.57070280712624,-0.730241662676607,1
1,"B",0.0265975975924837,-1.00145080395555,1
0,"A",-1.59647799455313,-0.291438092421215,0
0,"A",0.816227488186858,0.449204312632196,1
0,"A",0.33805975127689,0.876027138021848,1
0,"A",-0.835942927802138,-0.87845972914395,0
1,"A",1.13794051001277,-0.543680044573652,1
0,"A",0.811155347250964,-0.257322791314352,0
1,"B",-0.59106018062046,0.223049427721959,0
1,"B",0.0335133194353485,-0.861806834075258,1
1,"B",-0.365543880469176,1.32843881964094,0
0,"A",-0.22663122489422,-2.97445793061489,1
0,"A",-0.569267117679275,-0.0706536328995781,0
0,"B",-0.08667747197623,1.46737623366044,0
1,"A",0.868198705423959,-1.36994377669743,1
0,"B",0.26126008033918,1.85066568506776,0
0,"A",-0.232123405913363,0.727883522914992,1
1,"A",1.4097133304752,-3.1714473114863,1
0,"B",-2.11551671663396,1.01958962511451,0
0,"A",-0.238110270873292,-2.61996048643653,0
1,"B",-0.276953707718626,0.712677420854573,0
0,"B",-1.0618956855193,0.12369901904208,1
0,"A",-0.502863774326674,-0.719575265103839,1
0,"A",-0.116680675272341,0.786904424065217,0
0,"B",-0.667760343121617,-0.484716044707472,0
0,"A",-0.609868869046285,-2.17863663512519,0
1,"A",-0.159754633698615,0.759149391362152,0
1,"B",-0.641483845274551,1.16497707093827,1
0,"B",-1.21750028924272,-2.19233071329487,1
1,"A",1.77063341424043,1.04627035291756,1
0,"B",-2.10063319201009,0.869048195549775,0
1,"B",-0.341784146554057,0.364513854039456,1
1,"A",0.592009782250378,1.64553076899938,1
1,"B",-0.418249798958721,-0.289706427354141,0
1,"A",2.48576924684046,0.859274306434498,1
0,"B",-2.55194637620714,0.134774596197799,1
1,"A",0.0322059188711475,-0.917390119365863,0
0,"B",-1.62074827733123,-0.425100885470414,1
1,"B",-0.381761115067123,1.72638072398192,0
0,"A",0.431149393869836,1.7904633610585,0
0,"B",-2.37601579997746,1.96086033884391,0
1,"A",-0.972768219549579,0.412666232285981,1
1,"A",0.793848431894341,-0.724488099689888,1
1,"A",-1.82965017141842,0.836485079201847,1
1,"A",-0.891280201928602,-0.0168711981329424,1
1,"B",-1.3466347362781,-0.637399779083038,1
0,"B",-1.96651852264196,0.612465792784947,1
1,"B",-0.974140085291584,1.94904804176785,1
0,"A",-0.536890101048417,-0.124159781601856,0
0,"A",1.716354154622,-0.478343692051923,0
0,"A",0.0652221848636312,0.419818356577972,0
1,"A",0.384995181210397,0.0979369189923277,1
1,"B",-0.611887556363736,0.333397002138426,0
1,"B",-0.922134285990803,1.60897215290284,1
0,"A",-0.212872806354594,-0.322115209597015,0
1,"A",0.37664685383945,1.46670744026915,1
1,"A",-0.955982531833594,0.197827876847639,1
1,"B",0.508115934526389,0.778158851184504,0
1,"B",0.529265081495574,0.303305436449471,1
1,"B",2.30900908257672,0.14322212580288,0
1,"A",1.97199958853229,0.328782160289974,1
1,"B",0.349280913771435,1.29084536801545,0
1,"B",-0.312795588334955,1.12883998469425,0
0,"B",-2.11260911896326,-0.405108062513099,1
1,"A",1.6888477691813,0.251658156961174,1
0,"A",-1.38952228941639,-1.36050470232224,0
0,"B",0.144381500916637,1.42383672671524,1
1,"B",-1.63775477830649,-0.68830828730766,0
0,"A",0.0665715159632665,0.893306125428464,1
0,"B",-2.31430519273833,-0.699637951948045,1
0,"B",0.186344257237573,-0.506116540755618,1
1,"A",1.10982561738557,0.969116236457561,1
1,"B",-1.20269196761807,1.63458861340037,1
1,"B",-2.42671866941968,-0.662726992748711,0
0,"A",0.41970817401989,0.586908489200753,0
0,"B",0.678284088946906,-0.981674671173198,0
1,"B",0.0449254180650154,0.758908583271771,1
0,"B",-0.915189467123698,-1.4354675667461,0
1,"B",0.0683505325991772,0.385265030241394,1
0,"A",0.482446958006191,0.812769118469029,0
1,"B",-1.80509025599649,1.08328213485014,1
0,"B",-1.36311662132533,-0.525017083096226,1
0,"A",0.606314651120811,-1.00258789549841,1
0,"A",-1.30940619622493,-0.992887201867081,0
0,"A",0.563822065599624,0.467834366320782,0
1,"A",-0.2687137888405,0.791008451599989,0
0,"B",1.09125688213182,1.67327576613608,0
0,"A",0.808692511550531,0.0388059688960184,1
1,"B",-2.35064829076038,0.788306015684543,1
0,"B",0.335355249676219,0.438748105874548,0
0,"B",-0.0680529501051589,0.15083322147621,0
0,"B",-1.28154220345046,0.0633748734816723,1
0,"A",-2.44405122616238,0.343934378156979,0
0,"A",0.722640111472934,-0.595250344232767,0
0,"A",-0.411957708084239,1.07547713112206,0
1,"A",1.97118971892545,0.063986503403449,1
1,"A",0.907932081864247,-0.998802398699581,1
0,"B",-1.2052981239872,0.290036844629485,0
1,"A",-1.00026157935336,-0.972184853163852,1
1,"B",-1.58078733213747,-1.09820497196771,0
1,"A",-0.715582275890672,1.89805306856991,1
1,"A",0.391115608184453,0.659578024189033,1
1,"A",1.30684322970683,-1.59748096698642,1
0,"B",-0.393071389867921,1.64774484201515,0
0,"B",0.145270106442877,-2.05205939726417,0
1,"A",1.57734668785369,1.42367834362349,0
0,"B",-0.642922683283672,-0.276528932387089,0
1,"B",0.134372413826771,-1.06990819707954,0
1,"B",-1.35433289733614,1.12049759189534,0
1,"B",0.632797997143299,1.32458805706263,0
0,"B",-0.101160230778543,-1.41462045743343,0
1,"B",-1.2292704114777,0.306583002150121,0
1,"A",1.02944226067741,-0.72288502204942,0
1,"B",-0.368910854195684,1.07641751242064,1
1,"A",0.0256612527147103,0.654903038882276,0
1,"B",-0.0936891746269607,0.544080162923903,0
1,"B",0.417285003003162,1.93454022797058,0
0,"B",-0.826355298451073,2.07541082899263,0
1,"A",0.775203508228772,-0.768800986511906,1
0,"B",-2.67466898397312,-0.203967726076601,1
0,"A",-0.924088156107238,-1.83686234611502,1
1,"B",0.882283116921566,-0.102463237901572,0
1,"B",1.750742730062,-0.963367121229553,1
0,"B",-2.60162699361289,-1.81967933226813,0
1,"B",-0.488090501250703,-0.0824901670510383,1
1,"A",0.0167973808765288,-1.57529635502833,0
0,"B",-1.31967661634461,-0.582777485770982,0
1,"B",-0.967127082585496,0.921677436652956,1
1,"A",1.26422396043081,-0.223384009894569,0
0,"A",-0.0421763811837244,-2.51373347721223,0
0,"B",-2.22176178548814,0.207322111711453,0
0,"B",-2.34125953838457,-0.11055667569471,1
0,"B",-1.16018318926488,0.126881217802276,0
1,"B",0.616299612211204,0.499058628779623,1
0,"A",1.88230506285279,-0.635555107559031,0
0,"A",0.563674604590624,0.555587765071425,0
0,"B",-2.6860204734857,-0.907626441895427,0
0,"A",0.585027247660541,-0.0936900235942819,0
0,"B",-0.890236822644499,-0.757318753123804,0
1,"A",2.35165710944149,0.871635807658998,1
0,"B",-1.44527781072714,-0.638628682231271,1
1,"A",1.47578164110711,0.627163711845215,1
1,"B",-0.0499446847214561,-1.07201816180847,0
0,"B",-1.05765078233267,1.26666612498061,1
1,"B",1.60635022371386,1.67476992005912,0
0,"A",0.0405824077376416,0.211449638728204,0
0,"B",-0.502470557784767,1.31243086723224,1
0,"A",0.0714317385492174,-1.29677892707782,1
0,"A",-0.890329039609603,-0.675981127435036,0
0,"A",0.323154391779857,-0.25272143579015,0
0,"B",1.11601068799133,0.647098233166419,0
1,"B",-0.998627458460385,0.0332950945769598,0
0,"B",0.613535062063251,-0.832083593229373,0
0,"A",0.765474241882185,-0.00182290657992568,0
1,"A",-0.999697479629361,1.46317820269825,0
1,"A",-0.140994331582728,-0.191742237694856,0
0,"B",-0.777205491863871,0.259052873133523,1
0,"A",-0.935479864047285,-0.811171570118965,0
0,"B",-1.07837844404523,-0.70622877618075,0
1,"A",2.65371390657075,0.0765210487447179,0
0,"B",-0.264211030718955,1.26253705151269,0
1,"A",0.103232826342325,-0.855837481100529,1
1,"B",-1.28707008021334,1.63362760912478,0
0,"A",-1.53008930182346,-0.70286343224335,1
0,"B",-1.59892177877132,-0.526545780872258,1
1,"B",0.80546133101282,0.741989085837193,0
0,"A",-0.789802473793807,0.154090189546905,0
0,"B",-0.291749094840981,0.255163172236777,0
1,"A",-0.329664391223186,-0.92748667385101,1
0,"A",1.21857878221989,-1.98941370357705,1
0,"A",1.44150027069221,-2.68785532950865,0
0,"B",-1.3398352204193,-2.63330666632766,1
1,"A",1.80184318011785,-0.0213736997360846,0
0,"A",1.94802762189998,-0.808626070812817,0
1,"A",1.37860313970698,-0.565096095028494,0
1,"A",0.708539658659222,0.663150207795005,0
0,"B",0.151650138072039,-0.589132593460051,0
0,"B",-1.65736670053629,0.721422344397383,1
1,"A",0.55095438111934,-0.750456412473954,1
0,"B",1.26690286971043,0.146884857806073,0
1,"A",-0.438446175491935,-1.2121771378382,1
0,"A",-0.624060638746912,-1.92823502127534,0
1,"A",0.471445169184994,-0.518836876889997,0
0,"B",-0.243451454203956,0.599224570496396,0
0,"A",0.626590730956645,-0.984398703633702,0
1,"A",1.78344025395933,-0.826833297641777,0
0,"A",0.000410163389036988,0.10044735178765,1
1,"B",-0.092108176454059,1.37753890244358,1
1,"B",-1.38658313192512,-0.389757832086084,1
0,"A",1.32321378767362,-0.939580937929234,1
1,"A",2.43313472171168,-0.857851801821401,1
1,"A",0.12776644859639,-1.6283239780306,1
1,"A",0.772388529979112,-1.53573518884105,1
0,"A",0.414097356135307,0.899501588674116,1
0,"A",0.513389383565698,0.890080853716661,1
0,"A",0.479218443802904,-0.657276021548815,1
1,"B",-0.786625917097482,0.505881176035234,1
1,"B",-0.625528237170502,1.31452729829681,0
1,"B",0.81767186321781,0.0800813204123999,0
0,"B",-0.346308588241755,0.337245542191546,1
0,"A",-0.263905034182425,-1.13969720506862,0
1,"A",0.963724510183011,-2.90084317072676,0
0,"A",-1.08482916027764,-1.67380924654034,1
1,"A",1.03906245973337,0.251501641324529,1
0,"A",-0.405244785129852,-0.816851492142408,1
1,"B",0.421215664518999,-0.916241149591938,0
1,"B",0.751405760880624,1.15417501498756,0
1,"A",0.864280372064433,-3.78069322183316e-05,1
0,"B",-1.44498667744162,-0.473709989243474,0
1,"A",0.213779885810098,-1.04427273736998,1
0,"B",-0.349483248255483,0.420799544942655,0
1,"B",-0.599595906815239,0.866502696816323,0
0,"B",-0.627540049088344,-1.70770543413481,0
1,"A",-0.0617873578816194,0.115030618871486,0
1,"B",-0.462795735732604,-0.55591543374002,1
0,"B",-2.07823944234765,0.97909541379969,0
1,"A",0.894267292508397,0.334514676898867,1
1,"B",-0.527275388287583,0.66487971535713,1
1,"A",1.83610296666251,1.01150338564526,0
1,"A",-1.60008217373978,0.54961440958841,0
0,"B",-0.967305665335662,0.0142815826257109,0
1,"A",-0.872160151302682,-0.590678769852249,1
1,"A",1.5494332724457,0.978888901758768,1
0,"B",-1.72736306896698,-0.685723993752023,1
0,"A",0.335482270141155,-1.7954149668743,1
1,"B",-0.538093551236471,-0.244858029832344,0
1,"A",1.07088171819017,-0.729307820810982,1
0,"A",0.424901007731297,-0.199055288314615,0
1,"A",-0.113992416192589,1.89762812944896,0
1,"B",0.846302977633623,1.76578900572176,0
1,"B",-0.0528243808041299,0.103012920583623,0
0,"A",-1.46816310646346,-2.02266805003465,1
0,"B",-1.67126039968856,0.681851433888635,0
0,"A",-0.898611384144188,-1.09286280157762,1
0,"B",0.582055311696227,1.68409668353628,1
0,"A",0.910761917672834,-3.41875039985161,0
0,"A",-0.1359070646802,-1.00803882779073,0
1,"A",0.0946413088583113,-1.24534143934718,1
1,"B",-0.582627075176218,1.30850571854375,0
0,"A",0.299352444545139,-1.24582954059368,1
1,"B",0.683539000319504,-1.87460938880766,0
0,"B",-0.677438644575179,-1.09344510214454,0
0,"B",0.243652999639188,-1.21942623605653,1
0,"A",-1.51775262280752,-0.238038050149526,1
1,"A",0.776621086096088,0.177139556744684,1
0,"B",-1.37652629784484,-0.763004749086309,0
0,"B",-0.224137746671345,1.50354298426011,0
0,"A",-0.580897908676127,-1.84965990237999,1
0,"A",0.45427188778657,-2.05582175968582,0
0,"A",-0.0170693704224631,0.421453006111837,1
0,"A",0.488183603020576,-1.84972393529389,1
1,"B",-0.420572142550015,0.711145619499888,1
1,"A",0.967738823677924,1.06621866976944,0
0,"B",-0.993553598268705,1.00009573339715,1
0,"A",0.83500982608284,-0.498098528369911,0
0,"B",-0.354585402313101,2.44392019373103,1
1,"A",0.982305621988602,-1.35417446819268,1
0,"A",0.111150146624907,-2.6146131800763,0
0,"A",0.0310031922454802,-1.34698914405813,1
1,"B",1.26661472934175,1.33958503683229,1
0,"A",-1.15671092981011,-0.991797714868586,0
0,"A",2.14801960262232,-1.36171329380578,0
0,"B",0.0705617364926749,1.41170708100216,0
0,"B",-0.100666016087336,0.159591427327209,0
0,"A",0.865296192219249,-0.94862847496476,1
0,"A",-0.401667182594093,-1.17247382081536,1
1,"A",0.657608974557036,0.87749603542239,1
0,"B",0.996793358797877,0.827254292120739,0
0,"B",-0.476848594080174,-0.980933523957021,1
1,"A",-0.982122401988751,0.0243091218829762,1
0,"B",0.660769522574388,-0.692350506274966,1
1,"A",-0.188941061461254,-0.533905148094086,1
0,"B",-1.00379956043055,-1.03803477194404,0
0,"A",0.51817206093659,-2.03266298449238,0
0,"A",-0.736468075485199,-0.57343255515234,0
1,"B",-1.12875475325974,0.479528851267896,0
1,"A",0.613317009433466,-0.640626711753544,1
1,"A",-0.826651038956939,2.20449157789369,1
0,"A",-0.99683509553169,-0.926974379424175,0
1,"A",0.815627190697799,0.411054322834252,1
1,"A",2.10226333781435,1.29191362758794,1
0,"B",-0.733398472595241,-0.481638520389047,1
1,"A",0.589369324418672,0.919849024821526,1
1,"B",0.174732843283473,0.830593143036804,0
0,"B",-1.23060802342496,0.517968437364567,0
0,"B",-1.31437478908626,-0.335120352304414,0
0,"B",-2.21837885574345,0.147771775026942,1
0,"A",0.0140412837548462,-0.827150204293079,1
1,"A",0.500521075833063,0.100810372176677,0
0,"A",0.062368481947077,0.0896396113424549,0
1,"B",0.270304312268701,0.00235990152978791,1
1,"A",0.707837382618564,0.326234887844258,1
1,"B",0.114125344843484,1.0701788292117,1
1,"A",-0.77682183418174,0.255268395393001,1
1,"A",0.0774821583495307,-0.218799883391983,0
0,"A",0.85148260373331,-0.463124186481607,1
0,"A",0.298749203776121,1.39209617569512,0
0,"B",-1.15771496175977,0.633679456563303,0
1,"B",-1.19029407232642,0.525350689943916,0
0,"B",-2.99987401562938,1.18334706132846,0
0,"A",0.271044921214816,-0.443718686901728,0
0,"B",-2.27706744089207,0.948187743382598,0
0,"A",-0.0630363231771785,-0.737910364985501,0
0,"B",-1.19773858683828,1.8615791638709,1
0,"A",0.644936858766361,-1.37193292273388,1
1,"B",0.201827487083748,-0.0308066715792748,0
0,"B",-1.9182772333631,-0.667115955413531,0
0,"A",-0.381255950377453,-0.498754529227062,0
0,"B",-2.00656643274408,0.968953532574594,1
1,"A",0.77703739348925,-0.808367472669569,1
0,"B",-1.87711259203524,0.632222900405247,0
0,"A",0.841097604289125,-0.0342933141649887,0
0,"B",-0.282172473352749,0.331411061585885,0
0,"B",-1.37764290556244,1.50290304105838,0
1,"A",1.38616069176848,0.369622673948733,1
1,"A",0.460679998277606,-1.83916729416387,1
0,"B",-1.52643123463195,1.41932944178185,0
1,"B",-0.68725415088153,0.0384342828898427,0
1,"B",-1.69295950884123,0.890189375819541,0
0,"A",-3.16654894905779,0.0768305588690775,0
1,"B",-0.510789175100348,1.18054449296355,1
0,"B",-0.908550377976064,0.429735985123343,0
0,"A",0.534876644871358,-1.46403624275128,0
0,"B",-0.198936345204356,-0.0887548153079551,0
0,"A",-0.206287762553523,0.956179401178007,1
0,"A",-0.262262099657,0.340096750766192,1
1,"A",0.365045738426934,-1.35615011662251,0
0,"B",-0.48039972282589,0.44790761249306,1
1,"A",-0.279776093074975,1.84518008153369,0
0,"B",-2.93330270028127,0.0982238041326151,0
0,"A",-0.990716035046925,-0.417233394936797,0
1,"A",-1.43734187611228,0.665725268976673,0
0,"B",-1.19918362748943,-0.65292897591009,0
0,"A",0.331986147230745,-1.78247914625029,0
1,"B",-0.275614063092168,0.0312902001791024,0
1,"B",0.710675386413266,-0.476129587340155,0
0,"B",-1.49242437957325,0.360136431441821,1
1,"A",-0.801313335574318,0.849771685925931,1
0,"B",-3.99075642177884,0.495554540579261,0
1,"B",-1.3013024636394,1.06284476688602,1
0,"B",-0.67768208359718,-0.270270970314877,0
0,"A",1.19752476583013,0.0244394413600396,0
1,"B",-0.308436847044885,0.768721192339606,1
0,"A",1.5408850967315,-0.200139197930472,1
0,"A",-0.278577166183212,-0.723720869294848,1
1,"A",0.824988552327411,-1.07773382051228,1
1,"B",0.190759720116519,-0.304148988577506,1
0,"A",-0.166662594562965,0.666385719309246,1
1,"B",-0.537897204524923,1.50894981357666,0
1,"A",1.1767953724438,-0.613686147401088,0
1,"B",0.820853474698125,2.78841452969062,1
0,"B",0.585966658191072,-0.330501101171051,0
1,"A",1.11690779184619,-1.00126654225072,1
1,"A",0.146918402384726,-0.215483359080551,1
0,"A",0.722711307366703,-1.92087896413455,0
0,"A",2.15300566728414,-1.79327045407425,1
0,"A",-1.19849204086434,-0.227481114423677,0
0,"A",0.992347941204083,-1.25342964032631,0
0,"B",-2.67564373930394,-0.594400959503222,0
0,"B",-1.74756335246396,-0.735564061552516,0
0,"A",-1.34393956769948,-1.51375545284756,1
0,"A",-0.978997380444913,0.0115158987168082,0
0,"A",-0.393720787471688,1.26881861198787,1
0,"A",0.796605865764981,0.835805126780455,0
0,"B",-0.877798313077965,0.260553261813968,1
1,"B",-0.278971896463853,0.939766579294417,1
1,"A",0.70732121925023,0.158774218553436,1
1,"B",-0.357192239359126,-0.0320874565900292,0
0,"A",0.985036874810583,-0.977149777035921,0
1,"B",0.729858874647884,0.596176903598127,1
0,"A",0.709857513141307,-1.88800249665165,1
1,"A",0.37284123112429,0.498577345182805,1
0,"B",0.236572164388689,0.667070806018707,0
1,"A",0.472212803261474,-1.601560789497,1
1,"B",-0.352211874962482,0.392499724689408,1
1,"B",-0.423659181791387,1.8524945384735,0
0,"B",-1.82357252024429,0.22991545452968,0
0,"A",-1.03873486480579,-0.777030285664075,0
0,"B",0.156900315225525,-1.00847157828338,0
1,"B",-0.492759899210271,1.0398634717187,1
1,"A",1.5979998346551,-1.48701592187026,1
1,"B",-0.265778109112801,1.91793730485553,0
0,"B",-0.452305921180453,0.193108593258497,0
1,"A",1.49862082942349,-0.476328155310612,0
1,"A",1.80545596930366,0.125253112197367,1
0,"A",-1.48188643896019,-1.25865382737695,1
1,"B",-0.852988840843998,0.112162249869632,0
0,"A",0.676683668911573,-1.47280415500609,1
1,"B",0.22887975518534,0.980785862773999,0
1,"A",-0.0418865209233349,-0.10876589077709,1
1,"A",-0.437881355119746,-0.652007921211968,1
0,"A",0.443573994572021,-1.54708462004014,1
0,"A",-0.040341150968708,-0.950243937534221,0
0,"A",-0.729448702651061,-4.42461313049306,1
0,"A",-0.943544420270954,0.487925415590968,1
1,"A",2.94484284279987,-0.307058282837014,1
0,"B",-0.181421303840199,0.460638069277403,0
1,"B",-1.21262654840986,-0.814354386955831,1
1,"A",-0.299428087430501,-0.680102851874865,1
1,"A",0.517116878023756,-0.435540052276666,1
0,"B",-0.821752963457393,0.657483168107633,1
0,"B",-1.34080158401094,1.08338835088381,1
0,"B",-0.00318897282351921,-1.22361037294372,1
1,"A",0.78508016106503,-1.23814690986327,1
1,"B",0.425015063437826,0.959876678120613,0
0,"A",-0.453861342162097,-0.445285009622508,1
0,"A",0.167394996509184,-1.88238300140022,0
0,"A",-0.222532675384358,-1.59450053201442,0
0,"B",-1.898107354585,-0.514386644156756,1
1,"A",0.603856181822195,-1.39966380972996,0
0,"B",-1.44743316938656,-0.808761470811117,1
1,"A",1.00288520030467,-0.66186353780259,0
0,"A",-0.659897538008023,-0.422067293932167,1
0,"A",0.220948791343207,-0.261505890219098,1
1,"A",-0.0793657008131808,0.977322822467774,0
0,"A",-0.339184335182923,1.25997500851811,0
1,"A",0.764973583746675,-1.69502942752573,1
0,"A",0.464865992679575,-0.523666444658419,1
1,"A",0.360369111084865,-0.155896941112612,1
0,"A",-0.391857781051422,-0.182679946324214,0
1,"B",-0.951432344624304,-0.590598665584328,0
1,"B",-0.322969738797092,-0.370965173882068,0
1,"A",0.927317418752655,1.91047404218463,1
0,"B",-1.07538081951036,0.300355948893351,0
1,"B",-0.674183651517777,-0.244705877565898,1
1,"A",0.130888386950156,-0.361002615435277,1
0,"A",-1.20139538885082,1.21898530102237,0
0,"B",-1.05307273976837,-1.36528612557169,1
0,"A",-0.188700238922984,0.415480356826876,0
0,"B",-0.0519886327796093,-1.08266723021082,0
1,"A",0.757105003850174,-1.23283247670225,1
0,"B",0.0252275808895144,-0.888872250039854,1
1,"B",-1.08478293896467,-0.0631576294942487,0
0,"A",-0.789616010859965,-1.43065085775535,0
1,"B",-0.559793590976471,1.47318524170544,1
0,"A",-0.86318143947075,0.134883912622094,0
1,"A",1.22222008745609,-0.757415950968253,0
1,"A",-0.394942231463554,0.550106105292087,0
1,"B",0.332839742877094,1.52462108670438,1
0,"A",-0.0140614140051639,-0.868543217175928,1
0,"B",0.0493597411613822,0.238805985543972,1
1,"A",0.687965183545614,2.46344100026838,1
1,"B",-1.84896799356628,0.607320445902919,1
0,"B",0.669915567194067,-2.37495574443325,0
1,"B",-1.66690413703997,-0.156909317634547,0
1,"A",1.79666093564446,-0.097303765965695,1
1,"B",-1.38841357995132,0.830161235486671,1
1,"B",-0.978155550523429,1.13474621828033,0
1,"A",1.57155676553862,0.767070959258873,0
0,"B",-0.666857770571254,0.559156750767509,0
0,"A",-1.22124759903751,0.832217003914386,1
0,"B",-2.47258001083956,-0.140527547413868,1
1,"B",1.62648566479804,-0.441457709936834,1
0,"B",-0.198657321259336,-0.124380157798516,0
1,"A",0.448619251691668,-0.347978293555112,0
1,"A",0.469770101423957,0.80812144292912,0
0,"B",-0.0801585750764234,0.670096876933144,0
1,"A",1.16423413636317,0.815522377804598,0
0,"B",-0.77030974569071,-0.14066009788947,1
1,"A",1.14911676763651,-0.991051311032086,0
1,"A",0.287050526981918,1.80114016988196,1
0,"A",0.212850845036699,-0.33818437318843,1
0,"A",-1.30156069774749,0.667815049243633,0
1,"A",0.976831166933466,-1.62652589677967,1
0,"A",-0.557330723360618,-0.11631713141607,1
1,"B",-1.30230166998331,-1.17155589576133,0
1,"A",0.0475873647994817,-0.0830242810988919,1
1,"B",-0.00695868284696527,-0.32272318214329,0
0,"B",0.947076211356645,-0.994995001647261,1
0,"A",0.0711685601969289,-0.0980285279846395,1
0,"B",-0.388554787949319,-0.42110950749927,0
1,"A",0.601594799171848,0.0733394989687051,1
0,"A",1.314351270302,-2.06382738791872,0
1,"B",0.761338427698084,-1.18575447780554,1
0,"B",-0.428047291783445,1.02638290520938,0
0,"B",-0.293480658701128,1.04796077354409,1
1,"B",-0.988977874120959,-2.00853152692282,0
1,"B",-0.819944292190838,0.386367536408618,1
0,"B",-0.639802293120257,0.608978242636187,1
0,"B",-0.877417141170108,1.30208004790178,1
1,"A",-0.929087058509786,-1.4448057067333,1
1,"B",0.863271981792799,1.67956602605038,1
1,"A",1.29339990847324,0.460662820569566,1
0,"A",-0.12678089976564,-1.38532889306365,1
0,"A",1.67125973102548,-1.29158489898472,0
0,"B",-0.793100430007971,-1.68030122065861,0
0,"A",0.0606224249873754,-1.2735744763375,1
1,"A",-0.976858504700316,0.824004034539698,0
1,"B",-1.28126138104602,0.704195934648533,1
0,"A",-0.124670066715562,-2.42556124618719,1
1,"B",-0.140239480364788,1.20891615742078,1
1,"B",-0.149236848524019,0.378684456276867,1
1,"B",0.845356322123251,-0.203192471049018,1
1,"A",-0.143722592630227,0.0489471749017819,0
0,"A",-0.141622875281949,0.388557620169013,0
0,"A",1.20742087616865,-1.2104947858069,0
0,"A",-0.0436407218636921,-0.765317826556169,0
0,"A",0.758027795356919,0.293292099491661,0
1,"B",0.667416951541683,1.95716599444901,1
1,"B",0.668547714299958,2.25682152339966,1
1,"A",2.42912178705663,-0.455507107426737,1
0,"B",-1.85955639954457,0.0847711416713011,1
1,"B",-0.933241194678714,1.15829030856013,1
1,"B",-2.68238133093592,3.01703712272149,1
0,"B",-1.61711046990616,0.787075482852396,0
0,"B",-2.23534991892953,0.179791788982868,1
0,"A",-0.022670751048194,-0.243452296867328,0
0,"A",0.594724439211047,0.59287091579045,0
0,"B",-0.172507046742681,1.11747586208828,1
0,"A",-1.01845945848191,-0.919224664772649,0
0,"B",-1.3131210086188,-0.476259270301553,0
1,"B",0.586128841330745,-1.38525258355955,0
1,"A",1.66097529342597,-0.605154767842407,1
0,"B",0.0363802523088985,0.939785582391301,0
0,"B",-1.27788748206334,0.0778618195020761,0
1,"B",0.933927055277408,0.0077033923629953,0
0,"A",0.456325759034106,0.460851554229089,1
1,"A",-0.418880371659838,0.498315353909166,0
0,"A",-1.37155597192031,-1.76008691503645,1
0,"A",-0.598179815911677,-1.63944730691774,1
1,"A",1.82380712716806,-0.0249865667246537,0
0,"A",-1.68511797039745,1.5117672516237,0
1,"B",1.19746420478607,0.143852368406904,1
1,"A",0.331555616812624,-0.728178543546437,0
0,"B",-0.327608773682207,0.691977721480937,0
0,"B",-0.393770320575736,-0.202537180709723,0
1,"B",0.805774241398557,0.269859594368975,1
0,"A",0.678315487789202,-0.633874412020737,0
0,"B",1.01067939521877,0.524776900745028,1
0,"B",-2.15506467709691,0.767730146942115,0
0,"B",-0.385817478143254,-0.982745742559802,0
1,"A",-0.0570531522119136,-0.499766055620531,1
1,"A",1.31913879836089,-0.257929794991639,1
0,"A",0.381364917440964,0.0482143096978817,1
0,"A",-1.11814701374984,0.0377462068220358,0
1,"B",1.25014644632692,1.50213641584579,1
1,"A",2.19767143454698,-0.103842786620207,1
1,"A",0.303211681338401,-0.779059861067992,0
0,"A",-0.332947186088808,-2.40037965431358,1
1,"B",0.382144241248297,0.483549406152295,0
1,"B",-0.0261163300031039,0.126489534045841,1
0,"B",-1.04890014457403,-1.17321587146567,1
1,"A",0.716891147649398,1.83260778837565,1
0,"A",0.398942367336281,0.353434507579284,0
1,"B",1.46144773402602,-1.07040350215884,0
1,"B",0.674923946587008,2.25100731006601,1
0,"A",-0.331881960492151,-1.88670919412099,0
0,"A",0.124211810900643,-1.16603886856326,0
1,"B",-0.0149363393515516,0.814161492505677,1
0,"B",-0.173646970286695,0.438395925816157,0
0,"B",-0.419496141564546,-1.591521057059,0
0,"A",-0.180680474330814,-1.39657571109336,0
1,"A",1.85367011776942,-1.73090564402556,1
0,"A",-0.579775294814793,0.780708232736477,0
1,"B",0.314995017417642,0.132110823962707,0
0,"B",-0.981527520300957,0.284121977469377,1
0,"A",1.45696697987294,-1.74913803909743,0
1,"B",-1.26399535044662,-1.30208970473987,1
0,"B",-1.37223267632794,0.835986191227494,0
1,"A",-0.796289148270789,2.06226551890927,1
1,"A",0.798705322796265,0.157042333142426,0
0,"A",1.82167698631946,0.305527460212108,0
0,"B",-0.798982795779123,-1.5930890465178,1
0,"A",-0.807176466777513,-1.70311782715793,1
0,"B",-1.92384732269276,-1.26289982685675,0
0,"A",1.25217808222803,-1.04083848761571,1
1,"B",-0.728965502851155,0.970264969611885,1
0,"A",0.201690883748131,-0.483509298825706,0
1,"B",-1.54494910562526,0.811612786375472,1
0,"B",0.497912539615018,0.0986534982553665,1
0,"A",0.353872686386552,-1.31497480181124,0
0,"B",-1.58066308201207,-0.994644490286963,1
1,"A",0.0204438455224225,-0.326927837461821,1
0,"A",0.911210592575331,-0.674354641947886,0
1,"B",-1.09047584919159,0.672672390191222,0
1,"A",-0.95987367452926,0.791459422816524,1
1,"A",2.45834703432267,-1.41633977559788,1
0,"A",-0.0415640023601232,0.974024522822248,0
1,"B",-0.445001589907057,0.774975143015742,1
0,"A",-0.954616689208183,0.935059119905957,1
0,"A",1.47362623290352,-1.37364772303463,1
1,"B",0.57495424839151,0.789877104713091,0
1,"A",1.24717018288521,1.20543879046771,1
0,"B",-0.537839489807113,-0.266384510511739,0
0,"A",-1.01631623894275,-1.64095074642439,0
1,"A",0.612841001835648,0.299782364272891,0
1,"B",0.443863437731887,0.803895923933199,1
0,"A",1.02860403277062,-0.565785232234379,0
1,"A",1.53361498746702,-0.375685566774234,1
0,"B",-1.95126157877791,0.0393241745063077,0
1,"A",0.279029877880445,-0.905117525204364,1
1,"A",-1.82855590506921,-0.475932324145041,1
1,"B",1.53116096371002,3.00232446017621,0
1,"B",-1.4392320694797,0.0159732093196975,1
0,"A",0.0974268253292273,-0.00456195726497888,1
1,"A",0.443968011361799,-0.0690245154131668,1
1,"A",0.700645812528856,-0.468572556110021,0
1,"A",0.698787054022046,-0.794580283321614,1
1,"A",0.927956489446551,-0.426715971411046,1
1,"B",-0.428546521295229,0.850842688705085,0
0,"A",0.440912628851818,0.309776936457808,0
0,"B",0.430570541581715,-0.699357680606992,0
0,"A",0.112485584688611,-0.83386492855873,1
1,"A",1.52568685992639,1.17548015523399,0
0,"A",0.829228280863773,-0.4688989757226,0
1,"B",-0.885389354294374,0.951898946044603,1
0,"A",-1.76875985726902,-0.370205369318072,0
1,"A",1.7097758110873,-1.74569130742711,1
0,"A",1.55470708599692,-1.19955150310691,1
1,"A",0.969377320162499,-0.48118165747976,1
1,"B",-2.05280975268213,-0.625229906632773,0
0,"A",-1.15005218495284,-1.46268563049591,0
1,"A",1.29468891592656,-0.0148017409037158,1
0,"B",0.0888900240257798,0.475323459224207,0
1,"A",1.14459400494118,-0.338216107076775,1
0,"B",0.15461167081858,0.662580428746694,0
0,"A",-0.795760394508066,-1.08368267594757,1
0,"B",-2.12462474438532,-1.21385057773485,0
1,"A",0.733025697506063,-0.115169577206964,0
0,"B",-0.259880332513575,-0.606958511693235,0
1,"B",-2.12915528248588,0.42142009380624,0
0,"B",-0.342741347833654,0.854984280918184,0
1,"A",0.0249457305691235,0.127364209943076,1
1,"A",0.00557385188863563,-0.663576773483518,0
0,"B",-0.643944644468588,1.62587667436012,0
0,"B",-0.148375946236755,1.15760636660351,0
0,"B",-1.39675571791185,0.445168487761582,1
1,"A",0.585978868948726,-0.484779153196553,0
0,"A",-0.591418435718697,-1.46584686757374,0
0,"A",-0.79876580346922,-0.979264075919681,1
0,"B",0.359200674658424,-2.65711169192245,0
0,"A",0.716857471929072,-0.791560477957257,0
0,"A",2.36458650920344,-1.238660971435,1
1,"A",-0.51413715016912,2.97374744059978,0
0,"B",-0.492120703396438,-1.49540702669822,1
0,"A",-0.264985701079292,0.315688427979545,0
1,"B",0.166222969839039,-0.215097211497474,0
0,"B",-0.872825505041835,-0.44357403815426,1
1,"B",0.260196848777005,1.20635927616065,0
1,"A",-0.671079717181392,2.45682060791783,1
1,"B",-0.895414466414752,-0.171984514977044,1
0,"B",-0.54736940147734,-0.336489282883038,1
1,"A",-0.545831854909081,-0.962713215804201,1
1,"A",0.255748061134478,-0.752339862813312,1
1,"A",0.435520663226541,1.49675205918746,0
1,"A",-0.640486152872231,-1.25384297934274,1
0,"A",-1.05589631447382,-1.39760271069754,0
0,"A",0.4066116441389,0.52830689229926,0
0,"A",-0.266148848981736,0.492286975518527,1
0,"B",-0.585669234389952,0.582489514043443,0
1,"B",-1.38194144801487,-0.343984177203832,0
1,"B",-1.02228866565393,0.0555220011505785,1
0,"A",-0.269369479344206,-0.542287665309639,0
1,"B",-0.289928767247711,0.248942939655521,0
1,"B",0.69655138106914,-0.243882782935932,0
0,"B",-0.973385821386338,1.23481279611711,1
1,"A",1.01090641741016,-1.52948647972231,0
0,"A",0.483263940742583,-0.00779214188208266,1
1,"A",-0.492976260302028,-1.48623222223953,1
1,"A",1.49152831568279,0.875668119524624,1
1,"A",1.49580282650672,-1.14420928039612,1
1,"A",1.89645936708482,0.134827237208187,0
0,"A",0.427176156110996,-1.0130603964738,1
0,"A",-0.0854836075778246,0.0566558489042215,1
0,"B",-0.893667392821228,0.966581197518602,0
0,"B",-2.09640167187241,1.2651203495328,0
1,"A",2.17314735938781,-1.49294800482839,0
0,"B",0.2231181889702,0.0245806118715192,0
1,"B",-0.33414693167524,0.864666578146307,1
0,"B",0.506944800998152,2.2970212258371,1
1,"B",1.16254554563409,0.17071074677921,0
1,"A",-1.46099045376945,-0.0154036254047905,0
0,"B",0.374983073687845,-1.69570153800899,0
0,"B",-0.999086141313635,-0.268770831064271,1
1,"A",1.24149668539569,0.346770856417654,1
1,"B",-0.828535405649286,0.624019999648942,1
1,"A",2.40699463495125,0.467951184400345,1
1,"A",1.26246181444389,-0.579217571181439,1
1,"A",2.77862447410382,2.13855778945823,0
1,"B",1.50816539983419,0.226773526358674,1
0,"B",-1.16033568430785,1.95469455256757,1
1,"A",0.203829235148236,0.251457200664114,1
1,"B",-0.810123233763869,-0.856308083569895,1
1,"B",2.38236743725828,1.02861955020587,1
1,"B",-1.19728150110227,-0.254036340219751,0
0,"A",-0.36256282943459,2.05386951409669,1
1,"B",-0.439055036495141,1.17111853691403,1
1,"B",-1.52306387611925,0.602050342535014,1
0,"B",-0.647614027124607,-0.905826435005576,1
1,"A",0.382917810598356,1.04122584592046,1
0,"B",0.0319441125130585,0.304566840486418,0
1,"B",0.00752075184748058,-0.585602300747339,1
0,"A",-0.42944260521707,0.221543699224534,1
0,"A",0.936471953327493,-0.171176658482528,0
1,"B",-1.00452470110036,1.69501251766584,0
1,"A",-0.43854413925483,0.900407226325391,1
0,"B",-0.679615202137005,-1.19655148138317,1
0,"B",-1.19459740480167,-0.766896854759265,1
0,"B",-0.246314338409509,0.321991024758,1
1,"A",0.498348349173761,0.0904213503821182,0
0,"B",-0.401750414224074,1.17743097127046,1
0,"A",0.2758988258761,0.253011425338384,1
0,"A",0.00873936787735791,-1.71755757778162,0
1,"A",1.12362421722438,0.898131177796335,0
0,"B",0.0726498787241251,-1.4087929743346,0
0,"A",-1.61592874362581,0.361646208600688,1
1,"B",-1.49910919930398,-2.63633149827493,1
0,"B",-0.665668210240403,-1.23065004109601,1
1,"A",0.396180901212402,-1.35699723074135,0
1,"B",0.0790922110247553,-0.337127045336239,0
1,"B",-0.718135590659575,3.30120459411215,0
0,"A",-0.00148312634918429,-0.29808162342047,1
0,"A",-0.558705061560367,-0.592974528772821,1
0,"B",-0.591723769232808,-0.571368089272654,0
1,"A",-0.865470964034723,1.20204469476439,0
1,"B",-0.563313128414293,1.91024192104442,0
0,"B",-0.822145760047607,1.30548803372236,1
0,"A",-0.311712344969956,0.116666983220032,0
1,"A",1.28036257922463,-0.775380555034818,1
1,"B",-0.389469793896863,1.38875028956195,1
0,"B",-0.908608708243974,-0.583012498923729,1
0,"A",-1.49042782325118,0.954545078213086,0
1,"B",0.868726546006107,0.118964177153068,1
1,"B",-0.703043080807841,-0.350181278596161,1
1,"A",2.36263050403741,-1.18727818001181,1
1,"A",1.56867501522173,-0.585426043029273,1
0,"B",0.162984797113843,0.896675794354477,1
1,"A",2.70127862433935,0.290106375060373,0
1,"B",-0.669066786435203,0.261564659210028,1
0,"B",-2.44368426066636,0.0520064472292044,0
1,"B",-0.423656977134509,-0.535577782830978,0
1,"A",1.85129657471702,-0.146553272371389,1
0,"A",0.433408664744032,-0.467849282112427,0
0,"B",-1.35602847507327,-0.93414957111313,1
0,"A",-1.17434365243349,0.0907325915771867,1
0,"A",-0.0327305968023762,-1.55210637175102,1
0,"A",0.22458988433551,-1.05458854371239,0
0,"B",-1.2772438137146,1.18592826681999,0
1,"B",-0.289747662858395,-0.398366037981029,1
1,"A",-0.251982805710471,0.241228729528923,1
0,"B",-0.152297906411143,-1.31381951981921,1
1,"B",0.100631927820105,1.93952356435318,0
0,"A",1.1958664028378,-1.78643893517554,1
1,"A",0.699081071774498,0.415778963725754,1
0,"A",0.721729919239861,-0.123528435688864,0
1,"B",1.43847047076963,1.26354640250527,0
0,"A",0.352570079053578,-1.35093395046303,1
0,"B",-0.383682728879381,-0.154632261124727,1
0,"B",-1.08069958378002,0.753561164490486,0
1,"B",-1.09728924451894,0.858852392282323,1
1,"B",0.85291212626629,0.441609800028875,1
1,"B",-0.620515737558787,1.91177482054247,1
0,"A",-1.27168046400239,0.853806496185362,1
0,"A",-1.9432060059573,-0.550453729075786,0
0,"A",0.520995392011721,-1.73093286739376,1
1,"B",1.13366719179669,0.465688847170616,1
0,"B",-1.30224983054497,-0.245062034808474,1
0,"B",0.960741880103956,-0.132416614070852,0
1,"B",-0.821928411699956,0.60681508480302,1
0,"B",-1.47021617356363,0.776227834315042,0
0,"B",-0.296067309662766,-0.227748928984965,1
1,"A",0.142992296309169,-1.76050409489395,1
0,"B",-0.473884794510544,-1.35261831983384,1
0,"B",1.18033948796089,0.384523716807854,1
0,"B",-0.16524696537951,1.08981271543966,1
0,"A",-0.596115331400528,1.00577110755933,0
1,"A",2.31830164253025,-0.0557743815373922,1
0,"B",1.02910316116263,-1.60894938345945,1
0,"B",-0.164552262959723,0.675957385397151,0
1,"B",-1.13348075360568,0.95945807097582,0
1,"A",0.135537575595919,0.375549347423977,1
1,"B",-1.45485231862306,0.515197305266012,0
0,"A",1.16475528085949,-2.391662006098,1
0,"A",-0.115763498916963,-0.860865296633726,1
1,"B",0.671730552001143,0.518027978180751,0
0,"A",0.637918787852817,-2.00235484788127,0
0,"B",-0.562655406480087,-2.01822276887002,1
0,"A",-0.945262481201067,-0.682126023421097,1
1,"B",0.418313773054436,0.439596484999899,1
1,"A",1.3475192860089,-0.374033228469777,1
0,"B",-1.1754503937055,1.6812135324576,0
0,"B",-1.2505550635648,-1.10796160291207,1
0,"A",-0.395766333933422,-0.444944705931263,0
1,"B",-1.18225800997746,0.453741175412609,0
1,"A",-1.49910764866633,2.09338521134336,1
0,"A",0.236527125061579,-0.786285506234047,0
1,"A",-0.0873741050211693,0.0452877235689463,1
1,"A",1.86037203918798,-1.6003824347466,1
1,"A",0.0133862994059616,-1.30362847500271,1
1,"A",1.22067301984341,0.910894856866476,0
1,"A",0.279582705684292,-1.41626867276338,1
0,"B",-0.719902891044813,0.134291386533383,0
1,"B",-1.40041008254638,0.254842731111341,0
0,"A",0.554383174186244,-0.342248051588014,1
1,"A",0.000719067114399619,1.41924580987745,1
0,"B",-1.0567682304557,-0.498527110684312,1
1,"B",0.265888371909343,1.07527765075594,1
1,"A",0.660117833083819,0.454021407555327,0
0,"A",-0.857239315300691,-0.0666007023755075,1
0,"A",0.38952431729101,-0.708689662054495,0
0,"B",0.701634776143745,0.832929543165267,1
0,"A",2.41409870046753,-0.897837228177863,0
0,"B",-1.51017185709806,-0.189420271747139,0
0,"A",0.209643999302645,0.867372541379378,0
0,"A",-0.572259514657998,-0.533086088852855,1
0,"A",-0.643524603921124,-0.977694249950195,0
1,"B",-0.159896233425538,0.152579659499611,1
1,"A",0.225048075153594,-0.37204229277232,1
0,"B",-2.62766344143882,-0.0448830493190899,0
0,"A",0.745614544825542,-1.98682110170268,1
0,"A",0.511444877067155,-0.136512738564174,1
1,"B",-1.46217187608745,1.10633126255867,0
0,"B",-0.229408717486938,-0.124593296989612,0
1,"B",-1.12356274114031,0.104558689489696,0
0,"A",-0.765580942141638,-2.61329103911552,1
1,"A",0.77922849202353,0.0218329086713118,1
0,"B",-1.54367188371348,0.890724130650943,0
1,"B",0.412124415779579,1.13278112658917,1
1,"A",-0.299205640671693,-1.45796686147454,1
1,"B",-0.295750770203335,1.97471206811683,0
0,"B",0.229073562372688,-0.245762206788018,1
0,"B",0.807254008767266,1.44889781573554,0
1,"A",1.08558620126826,-1.0257129524512,0
1,"A",-0.852132911282339,-0.827403493683799,1
0,"A",0.0611538208642855,1.17221044042383,1
0,"B",-0.550439724475369,-0.343385827807192,0
0,"A",-1.91967192067865,1.19975005332415,1
0,"B",-0.0464054584707208,-0.575289146375537,0
0,"A",0.776116094435804,-1.19207366825112,1
1,"B",0.247076417600956,0.0192346387618135,0
1,"B",1.35285286117531,0.393693453126571,1
1,"A",0.44575357384235,-0.818725434320302,0
0,"A",-1.49263714987994,-1.72417539975969,1
0,"A",-1.33959124657659,-0.106177077999513,1
1,"B",-0.984647851330257,0.569140236303502,0
0,"B",1.42166407805307,-2.5464718508488,0
0,"B",0.0123898100254654,0.371787025041967,0
1,"A",1.07788705950249,-0.556385964433896,1
1,"A",0.336636873252634,-0.213768659581354,1
0,"A",-1.23660010327788,-0.562332496954961,0
1,"B",-0.406444699588762,0.15692062633215,1
1,"B",-1.64270707112355,0.98796614119982,1
0,"A",-0.0527346858320382,-1.52074185137286,0
1,"A",0.919738702634912,0.332836555140277,0
0,"A",-0.179870205161521,-1.01593585524676,0
1,"A",0.361748014510066,0.101040540258507,1
0,"B",-0.73677063581341,1.40488329310148,1
0,"A",0.116290896873641,-1.51020699957439,0
0,"B",-0.780419878216516,-0.221279079059412,0
0,"B",-0.359120908513722,0.701474596036847,0
0,"B",-0.989986678557014,-1.08340558451886,1
0,"B",-1.10555160260779,-1.69728076673677,0
1,"A",0.685711515158804,0.25759767891091,0
0,"B",0.203507812289015,1.32824886417685,0
0,"A",1.79052984454083,0.0898666020735009,0
0,"A",-1.22417409727407,0.173223875490431,1
0,"A",0.0910936210171643,-0.916673513726622,0
1,"B",-0.120490970976715,1.0417240984475,0
1,"A",0.0374295397929926,0.407186430109949,0
1,"A",1.20172666898266,0.549204308589576,1
0,"A",-1.02941735431127,0.0870529863179991,0
0,"A",0.137427421687486,-1.8990505838742,0
0,"B",-0.025724563398281,1.85350974719488,0
0,"A",-0.603067663112173,2.24600116067182,0
1,"A",-0.717968543561858,-0.616792270996763,0
1,"B",0.0798749388655096,-0.0784608238871292,1
1,"B",-0.253278529395582,-0.234905071945046,1
1,"B",0.297184142897722,0.968214298352534,1
0,"B",-1.76222450931859,0.153929623504455,0
0,"A",1.25351924008642,-0.323650866757121,0
0,"A",0.350102254560652,-0.666041300375699,0
0,"A",0.414606954275327,0.115656806835234,1
0,"A",-0.334871047217488,-0.419270623578624,0
0,"A",-0.526980879275774,-0.135916283768774,0
1,"A",0.410997559208906,0.796410167729454,1
1,"A",0.13001567230338,-0.265068385341415,0
1,"B",-0.852330562745693,0.0810833020936876,0
1,"B",1.7690656719277,1.57263989990949,0
0,"A",0.377179809715233,-3.83867071465746,0
1,"B",2.30368567787011,1.65438316342742,0
1,"A",0.406750671644217,-0.725341809716598,1
0,"B",0.824499119934868,-0.0745038110493816,1
0,"B",-0.115096202021889,0.572807247651608,0
1,"B",-0.695876967326017,-0.225393307923007,1
1,"A",-0.772626700287468,-0.214553472662684,1
0,"A",0.492464807258873,0.498613195316257,1
1,"A",1.27355773468828,-1.36874079431537,0
0,"B",-1.30439993415588,2.08695403617876,0
0,"B",-1.24880046781321,-0.108973637466555,0
0,"B",-0.265070581221472,0.561676754878907,1
1,"B",0.222164185006554,0.0245305271425333,0
0,"B",-0.159555276842227,-1.74345917842071,0
1,"B",0.0724140178314097,-1.44829013113205,0
0,"B",-1.2650832160368,0.659221025411987,0
0,"A",-0.0458537985880006,2.158857976686,0
0,"A",-0.181716355002235,0.292697031799923,1
0,"A",0.158754125226966,-1.48724107449371,0
1,"B",1.01222865085168,1.09561981108929,1
1,"B",1.16684854957243,0.543898689763916,1
1,"A",0.27512017627239,2.24058567114911,0
1,"A",1.07651599853358,-1.16349751651727,1
0,"A",-0.579546590042285,-1.62719004618383,1
1,"A",2.03062148333539,0.665950209044319,1
1,"A",-0.324593760059418,-0.288841212823084,1
0,"B",-1.47978792804282,-0.187712558453783,0
1,"B",-0.723638979679902,0.101273633806956,1
1,"B",-0.694319624047566,0.510648746436821,1
0,"A",1.06168409791182,-1.53077464925669,1
0,"A",0.217348289248833,-0.639738773224703,1
1,"B",0.523039238350118,-0.104004137914598,0
0,"A",0.15725312001704,-1.69432881639792,0
0,"B",-0.832197966367359,-0.379098628545706,1
1,"A",-0.0397897279304806,-0.528194483881524,0
1,"B",-1.11178416194284,0.625617491172249,1
0,"A",-1.08626226451965,0.525846932698383,0
1,"A",0.696696595562747,-1.11287854714869,0
1,"A",0.904030938031155,-0.971895412661289,0
1,"A",-0.0271059224115452,1.04711841542126,1
0,"A",1.75935224907398,-1.54514670322147,0
1,"A",0.702058688437705,0.255274440160139,0
0,"B",-0.441608800196874,0.761477006248602,0
0,"B",-1.26625091947362,-0.156073522379203,0
0,"A",-0.487830460585454,0.26837991086053,1
0,"B",0.340010834206499,-0.796507419619062,0
1,"A",0.882438563254429,0.266006547947855,1
0,"B",0.143580992215796,-2.36055783024213,1
0,"B",-0.817533718118694,1.67815774547569,1
0,"B",0.781262725826014,-0.749355838084565,1
0,"A",0.395124804892917,-0.910105240775904,0
1,"A",-1.73468717976615,0.393841506820039,1
0,"B",0.368106107582148,1.8114824087856,1
0,"B",0.552281770275273,-0.179459595823164,0
1,"A",1.25675744967786,-0.30952903643815,0
0,"A",0.13539246860549,-1.26304757290804,0
0,"A",-0.266261742368437,-0.367051136044568,1
1,"B",-0.673372550189994,0.69876204681353,0
1,"A",1.98249611064281,0.131237084559513,0
0,"B",0.527396315419601,0.433481998129558,0
1,"A",1.47793329420027,0.497368099925285,1
1,"A",2.21394921067454,0.956350709824252,0
0,"B",-2.05019468336725,0.0675619959898714,0
0,"B",0.26443423477485,-0.949020916549093,0
1,"B",0.790214746368787,0.265927243994194,0
1,"B",1.14733547238994,-1.62478352715047,1
1,"B",-0.491850072443761,0.523235277709079,0
0,"A",-0.57421219237657,-0.285113680359902,1
1,"A",-0.00720598175776943,-1.87275222269652,0
0,"B",-0.89561120137473,-2.08280036488776,1
0,"A",-0.357964047187936,0.45707661006034,0
1,"B",1.44243787435356,-0.543598572823006,0
1,"B",1.31524940531754,-1.97982490542372,1
1,"A",-0.0408247471438609,-0.390440475023237,1
1,"A",0.855324132611076,0.54911524851158,1
1,"B",0.931307127609617,0.152323166010791,1
1,"B",-1.48874093682208,0.840256536213146,0
0,"A",-1.51037713325336,-0.890270641377068,0
0,"A",-0.989721997624941,-0.185976440364293,1
1,"A",-0.751748412782011,0.473851222675424,1
0,"B",-0.85030583976371,-0.776226417506439,1
0,"B",-0.384360321943606,1.29765137277484,1
1,"A",2.0563089075195,0.508682702870332,1
0,"A",-0.265016913641255,0.417464271201153,0
1,"A",-0.526949108911427,-2.28692234956882,1
1,"B",-0.209902073855086,0.647726019956211,0
0,"A",1.56588936485814,0.244055422851316,0
1,"A",2.16358569144968,1.10660733326099,0
1,"A",0.20747965992579,1.07502581062923,1
0,"A",0.275989245825379,-0.905678895769487,1
1,"A",-1.36766482358424,0.734524560444876,1
0,"A",0.376935776591916,-2.1935286385239,1
1,"B",-0.597988023326947,0.293827135217935,0
1,"A",0.167401626501513,0.235495086428836,1
1,"A",0.818040207298535,0.526747893359793,1
0,"B",0.178560758866567,-0.698261265112442,1
1,"A",0.342655659131958,-0.120559674022669,1
1,"B",-1.37198571936955,0.963887392911864,0
1,"A",0.314638443336907,-0.904389917320852,0
1,"A",0.670542829193375,-0.182874054296058,1
0,"A",-0.350596016163823,-1.06038768987651,0
1,"A",-0.819030843266314,-0.797582821623276,1
1,"A",-0.0445800751043614,-0.454126562470514,1
0,"A",0.0811411820818511,-2.14221558521706,1
1,"A",1.78021032902962,1.35078047455721,0
1,"A",0.62835333210924,0.511643618268167,1
0,"B",-1.13752654148555,-0.372988063320762,0
0,"B",-2.26255016800199,-0.916807774754843,0
0,"B",-0.510822549844208,-0.445058976785825,0
1,"A",0.211589547844203,0.456982307270263,0
0,"A",-1.0148411766582,-1.16030401316145,0
0,"B",-0.81422015549135,0.915668568912118,0
0,"A",-1.29326049442676,-0.221110710007626,1
1,"A",0.081215466583381,-1.11982400824648,0
0,"B",0.249019706197929,-0.535511062274581,0
1,"B",-0.250803590818145,0.53537876067061,0
0,"A",-0.8649841237791,-1.63198776114051,0
0,"B",-2.10630418336888,0.889226525928157,1
1,"B",-1.33502212673609,2.75103155000711,0
1,"B",0.651139802413274,0.787044993302626,1
0,"A",-0.378119245154605,-0.523488294769705,1
0,"B",-1.1539946162487,0.68610733802599,1
0,"A",-0.57654559380516,-0.587225452633629,0
0,"B",-0.598882756746858,-0.359225861088314,1
1,"B",0.16726350963282,1.57703466364812,1
1,"A",1.85876736662597,-0.512795601342381,0
1,"B",-0.125036254319344,-0.377051275471367,1
1,"A",1.1707713666696,0.113665439538864,1
1,"A",1.0390999678266,0.0464958358264754,1
0,"B",-0.551994528291514,-0.497957427768484,1
1,"A",0.695094206442248,-0.469957566758556,0
0,"B",-0.80039571114327,-1.52391114861893,0
0,"A",-1.22714157188446,-2.51593042257496,1
0,"A",1.79183785156689,-0.746910524694513,0
1,"B",0.0689380918813906,-0.473316983026143,1
1,"B",-0.301109738787532,0.454071456299652,0
0,"A",0.403664850893948,0.376305198121853,0
1,"B",0.481872258401394,-0.0643715707803038,0
1,"B",0.700245333921263,1.07359068243523,1
1,"A",0.536623591471806,-1.58403600607157,0
1,"A",2.38760352249651,0.378129666198984,1
1,"B",-0.603890901597044,1.22860369672513,1
1,"B",1.46745762724819,-0.622199202980498,0
1,"B",-2.26362442509542,-1.07118559063564,1
1,"A",0.589046110632524,-0.685190517069501,1
1,"B",0.356761962955921,-0.336854430956075,0
1,"B",-0.429988985984553,0.102827962755021,0
0,"A",-0.758203309292869,-0.217804911613039,1
1,"A",1.88835298992277,-0.817853507721016,1
1,"A",0.0909402030953656,-0.556673697683586,0
1,"A",0.961011275491491,0.819657680277893,1
0,"A",0.554430225008328,-1.25842839395405,0
1,"A",0.715348220008718,-1.39854401916359,1
0,"B",-1.75017534401255,0.109052387672962,1
1,"B",-0.18911814762516,0.493078806863006,1
0,"A",0.549840314315525,-0.838850914146085,1
1,"A",1.22040187406306,-0.874944999550964,0
1,"B",-0.162484539533538,0.438748853503646,0
1,"B",1.4040832580907,-0.0749589508956903,1
0,"B",-1.03701884084022,1.56962453419048,0
1,"A",-1.16194325383125,-0.816252601338648,0
1,"B",0.618001962969437,0.524508109977155,0
1,"A",0.595013117708767,0.878700517244971,0
0,"B",0.759590234454028,-0.424804007804909,1
0,"B",-0.397345260296246,-1.07505365775781,0
1,"A",-1.10594730065813,-0.107169374256643,1
0,"B",-0.355720001564898,2.55621086847655,0
1,"A",0.824356142079123,-0.907839629354303,1
0,"A",0.617616123496566,-1.09199095821151,1
1,"A",0.687578705475575,-1.09086995255057,1
1,"B",-0.452811430963371,-0.236461405579649,0
1,"A",0.775931894002373,-0.590387402109084,1
0,"B",-1.08624762518781,-0.675261298414788,0
1,"A",1.59750200567984,-0.808326792353561,1
1,"B",-2.75750751132213,0.480146529212755,0
1,"B",-0.152154266380172,0.387068946596597,1
1,"B",1.13953069891847,-0.738931916253365,0
1,"B",1.1872674003725,0.378227896445143,1
1,"A",-0.175121727644517,-0.625478789816764,1
1,"A",1.22230652333781,-1.35003170785479,0
1,"B",-0.504543382047323,0.211099506846102,0
1,"B",-2.27528267477935,0.981173505032946,0
0,"A",-0.481869053229376,0.176350960492896,1
1,"B",-0.304427288072779,-0.143553592754997,1
1,"B",-0.809831059053242,0.315935044095889,0
0,"B",0.0384610644573982,-0.269619787244861,1
1,"B",2.26025630305075,0.716483708577798,1
0,"A",-0.909441175827661,-1.38548463214382,1
1,"B",0.0954225862301988,1.84327842433384,1
1,"B",0.0134880273967174,-0.879197510345447,1
1,"B",-0.684400808561086,1.26700093872033,1
1,"B",0.464438325882474,1.25578093509107,1
0,"A",-1.87997345822579,-0.99648863227319,0
0,"A",0.263396127584602,0.2812344917765,0
1,"B",-0.64632945704559,-0.390714045917854,1
0,"B",0.047697830817967,0.534205500445596,0
1,"A",0.625037113629888,0.489099801553453,0
1,"A",1.39648735728992,0.0812294558628414,1
1,"B",-0.737903823377823,0.758030400851476,1
0,"B",2.39585928994829,-1.00971981890545,0
0,"B",-1.05372454221736,-0.334737839669132,0
1,"A",0.295839519086917,1.1781609043682,0
0,"A",0.467691321525541,-1.6752947996472,0
1,"B",2.60922368245357,0.930111877060529,0
1,"B",0.220581376688521,1.03274710231809,0
1,"A",-0.325015690758206,0.715709962025242,1
1,"A",-0.107495903388707,-1.16446912500688,1
1,"B",0.962120909397171,-0.204760965528713,0
1,"A",0.5803699628315,-0.0932984310798991,1
0,"A",-1.36978403461251,-0.594879508207148,0
1,"A",-0.131128604428746,1.25867488816561,0
1,"B",0.17244997273028,-0.845635095264885,1
1,"B",-0.301567572443415,-0.894122564580199,0
1,"B",0.949164516237811,-0.666697648323528,0
0,"B",-0.602563245384209,-0.854260962204151,1
0,"B",-0.478808948020716,-1.09146408362057,1
1,"B",-1.39062869754782,-0.0768900284804362,0
0,"B",-0.796003785440986,1.01291835620676,0
1,"A",0.231046685001234,0.0733364431986789,1
0,"B",-1.36196169806673,0.204536299635359,0
0,"B",-0.287981602827345,0.966570386179743,0
1,"A",-0.65361239160531,-0.566461846283367,0
1,"B",-0.0267601852509894,2.23154619405479,1
0,"B",-0.406195743320455,0.670946507830732,0
0,"B",-0.661414493137947,-0.118589347091359,1
1,"B",0.210373275359844,-0.90198372245556,1
1,"A",0.511748996404355,1.28920257196841,1
1,"A",2.02091826504318,-0.329027681212483,1
1,"B",-0.6637841689995,-0.893820528003485,0
1,"A",0.777722815493084,-0.72868863763909,1
0,"A",1.09425826148828,-0.862088757378212,0
0,"B",-0.750207312571961,0.612053202518633,1
1,"A",1.11606450248718,1.18812463001606,1
0,"A",-1.37822305814839,0.43701011837578,1
1,"B",0.196647535037633,1.35904755063968,0
1,"B",-0.418871595296454,0.387007368730397,0
1,"A",2.35796703926689,-0.0315506863840823,0
0,"A",2.13864810362141,0.615226510057077,1
0,"A",-1.69863167145021,0.610930500140559,1
1,"B",0.488585862937717,0.176888203788747,0
0,"A",0.180875268259337,-0.875561693279434,0
1,"B",0.356079382637856,-0.315549368181914,0
0,"B",-0.205420075466327,-0.265052803588526,0
0,"B",-0.596752014987662,-0.734946387198368,0
0,"B",-0.416034523868892,0.631919229635986,1
0,"A",0.0467838992064874,-0.915415791208336,1
0,"B",0.749839173757142,-0.111930081939949,0
0,"B",-1.30744385119284,-1.15781203217665,1
0,"B",-1.79023065969304,0.585019144209405,0
0,"A",-0.526274605232687,-0.839022904338015,1
1,"B",-1.93770607174676,-0.106671772587039,0
1,"B",-0.470251344791685,2.26362064524868,1
0,"B",-0.417376546612957,-0.742371980267054,0
0,"A",-1.01729382693617,1.30212753469034,0
0,"B",-1.00305669776296,-0.914567627054845,1
1,"B",0.207691167190994,0.0891231274949782,0
1,"A",0.383272453744274,-0.504681108660327,0
0,"B",-1.43798881556492,0.252959726417034,1
0,"A",-0.0907791230639164,1.31656609060062,0
1,"B",-0.537107331169724,0.783738277416404,1
0,"B",-1.78474065700832,0.0654178856911602,0
0,"B",-1.92789372619409,-1.24085071289706,0
1,"B",0.604415536076826,0.549656159591492,1
1,"B",-0.348796886393804,-0.70891921844238,0
1,"B",2.29457510946489,0.782067749185519,1
0,"B",-1.0178874321293,0.0949175837712457,0
1,"B",0.626801891671489,0.753635655519954,0
0,"A",0.920798505396554,-0.789270447200159,0
1,"A",0.110417759900894,-0.964477926153999,1
0,"B",-0.2980936554273,0.174908354680887,1
0,"A",0.768126416268726,-1.37982006662165,1
1,"B",-0.597900880081988,-1.79158466059959,1
1,"A",1.02444367402679,-0.807933854645295,0
0,"A",-0.274311400343291,-0.258216463237105,1
1,"B",-1.1256101743833,-0.0470115426217279,0
1,"A",-1.04051396504108,0.0800525635369441,0
1,"B",-0.579550891036552,0.649549080722818,1
0,"B",-1.49508153597126,1.60889556855814,1
0,"B",-1.41360563557727,-0.426484505019004,0
0,"A",1.20933070501569,0.705454646647604,0
0,"A",-0.0956047922284542,-0.814650209903989,0
1,"A",-0.0210726742601882,1.29327492223354,1
1,"A",-1.19196786265352,0.393057051776519,0
0,"A",0.117301307417871,-1.00123161010339,0
1,"A",-0.269254473476908,-0.196654152615112,1
0,"B",-1.73214840583902,1.29344042369526,0
1,"A",1.34799040446697,-1.28475058438491,1
1,"A",-0.560643268519521,1.14634567034592,1
0,"A",0.316668157692995,0.870297142514725,1
0,"B",-0.531893916546456,0.800957816949715,0
0,"B",1.15213819345289,-0.157565482801562,1
0,"A",0.21462916455313,-1.48429422073965,1
0,"B",-0.979537934839183,0.0839649678537731,1
1,"A",0.334155479220854,0.0279909017023448,0
0,"B",-0.313765062295852,-1.2434631851015,0
0,"B",-2.32825783447316,1.56300467479541,0
1,"A",-0.0595464849391196,-2.20411089351249,0
0,"B",-0.929724069442912,1.54750837666423,1
1,"B",-0.71311273067388,0.515376447932674,0
1,"B",-0.0897691272674115,1.03546230737758,0
1,"A",2.20905112232764,-0.112129685277867,0
0,"A",1.17348904320288,0.501817257037036,1
0,"B",-2.13001821032368,-0.527164629814922,1
1,"A",1.04353715362843,0.44146839126268,1
0,"B",-1.99680677733998,0.937796175968594,0
1,"A",0.817890438147388,0.23489595900499,0
0,"B",-1.42807083191293,-0.0100417539159525,0
1,"B",-1.48111979891891,0.364093173923344,1
0,"B",-2.22372079989187,-0.558585048832672,0
0,"B",-0.296573533359604,0.84641492026546,1
1,"B",0.159629017125351,0.416694253383416,1
1,"A",0.801964475542879,0.683361723763162,1
1,"A",1.33651036507783,1.11370856596493,1
1,"A",0.607773766167404,0.0090822037757336,0
0,"A",1.18988450616891,-1.11217406820911,1
1,"B",-0.619912668016953,1.48095281815717,1
0,"A",1.55229384177741,-2.48011754675435,1
0,"A",0.612488695597875,-0.957295371414876,1
1,"A",-0.899301422963072,0.26082681186215,1
1,"A",-0.375992632190756,1.45902582252294,0
1,"B",2.81041088612819,0.492879133289555,0
0,"B",-1.53902548786601,0.307697541817045,1
1,"B",0.811769819343417,-0.694169322024476,0
0,"A",0.164481923280207,-0.198267353857975,1
0,"B",-0.849364595442187,0.0324416171518407,1
1,"B",1.56278729962536,0.0578750023281844,1
0,"B",-0.605334460494173,-0.0361302898243544,0
0,"B",-2.19205074061423,0.279756085702947,1
0,"B",-1.71279281739187,-0.0645305216096133,1
1,"B",1.05212195493534,-1.11315672432137,1
0,"A",1.09248602683089,-1.50677320779667,0
1,"A",-0.388303617311722,1.01397381496934,1
1,"B",-1.15573791184521,0.4905178369773,1
1,"A",0.447538063404109,-1.37687124183714,1
0,"A",1.36722360132352,-1.0698087541768,1
0,"B",-1.84109578753283,-1.41162030848796,1
0,"B",-1.76896242699593,0.518218038839334,1
1,"A",-0.298320752272986,-0.203657889423322,0
1,"B",-1.25472990305747,0.433395562140857,1
1,"A",-0.353415861953977,0.366023943557315,0
0,"B",-1.17028111276972,1.04411033762952,0
1,"B",0.831502816945466,0.992261837128326,1
1,"A",2.1697424675948,-0.275722472058324,1
1,"B",0.626746597144465,-0.694605529909367,1
1,"A",-0.161899913203632,0.826132762239644,1
0,"A",0.241495893443908,0.468865326384783,1
1,"B",-0.821283996097218,-0.318606032117804,0
0,"A",1.33272582350118,-2.591988899146,1
1,"B",-0.287084788302692,0.94747296535567,1
0,"B",0.845285631252763,-0.900768752265801,0
1,"A",0.075361345769518,-0.60517257675913,1
0,"A",0.162148912989458,1.38602515022122,1
0,"A",-0.138350703208926,1.03749503644571,1
1,"B",-0.536081320420928,-0.714214826837433,1
1,"B",-0.262731234349025,-0.0709410018050219,0
0,"A",-1.57993457294919,-1.37143951465888,0
1,"A",-0.20632658342519,1.31592618215748,0
1,"B",1.79857625378481,0.0253683514777919,0
1,"B",1.72487819027107,0.500122555482815,1
0,"B",-0.497777182777288,-1.71528593954102,1
1,"A",0.117324814829656,-1.22175319996966,1
1,"A",0.382855837457713,-1.70665958894463,1
1,"B",-0.544223092775456,-0.586679676155169,1
0,"B",0.520069066942086,-0.404340147417889,0
0,"A",-1.21343651654474,0.626678772510252,0
1,"B",-0.169275630843633,-0.72501173632587,0
0,"B",-1.91098471317879,0.0940681302561149,1
0,"B",1.95702766037241,0.0559177041629099,1
0,"B",-2.27713695836278,1.07809543480202,0
0,"B",-0.664505888825394,0.456064957194924,1
1,"B",-0.485854766577252,0.747766436193891,0
0,"B",-0.666659150000908,-0.863729680782696,1
0,"B",-0.630778873502907,-0.605118435663564,1
0,"B",-2.39881012331828,0.621064591470141,0
0,"A",-0.0764882042062037,-0.894616201598713,0
1,"A",1.13895302990049,-0.813762288415299,0
0,"A",-0.223877669447506,-0.847930631244484,1
0,"B",-1.70617796889275,-0.787741196849969,0
0,"B",0.732922369396853,0.214467700754942,1
0,"A",-1.17729271878169,0.668297708407838,1
0,"A",-0.00442418529308347,-0.670932266534039,1
0,"B",-1.74803902953749,-1.35349311641732,0
0,"B",-1.47792152519282,-1.04306024605724,1
1,"A",0.363725676353825,1.65476453579056,1
0,"A",-1.83709018035235,-0.716573640594761,0
0,"B",-1.7003340362071,0.138656574906535,0
1,"A",1.07111971945476,-0.960457288691726,1
0,"B",-2.72109330463814,1.02451390542284,1
1,"B",-0.573201844419502,-0.0706675599450243,1
1,"B",0.197341520106586,1.82056783933058,0
1,"B",-0.608565826680876,-1.26360643252742,0
0,"B",-2.82662425678055,-0.65430773586059,1
1,"B",-1.90241621636307,-0.0336690044788081,0
0,"A",1.738942739825,-1.2396070044461,0
1,"B",0.496921381770258,-0.687404394062203,1
1,"A",1.05865004130651,0.132092232755119,0
1,"B",0.822749446547576,2.00992355069215,1
1,"A",-0.0167131315756159,0.310322842691007,1
1,"A",1.39236152189308,1.19283478417617,0
0,"B",-0.799815785034134,0.567352811692697,0
0,"A",-1.18061656590786,-0.331117210841791,1
1,"B",-0.0969433766113925,-0.153029201875375,0
0,"A",0.46695471706693,-0.54769787008442,0
0,"A",-0.892089115278329,-0.360348109019049,1
1,"A",-1.01934119565288,-0.0805787195112141,1
0,"B",-1.33046289626867,-0.0610272317984515,0
1,"A",1.65737586890914,0.380835771492644,1
1,"B",-0.719641474088861,-0.499913302244222,1
1,"B",0.435342966165846,-0.884200812913875,1
0,"B",0.161454573289752,-0.862229209368869,0
1,"A",0.21368767749953,-0.285200312450325,1
0,"A",0.70669951338462,-0.945402506684371,0
1,"B",1.10969168596766,0.231950875471617,1
1,"A",1.39267714295409,-0.305149698999169,1
1,"A",1.57780890018156,-2.27391949056298,0
1,"A",1.37878263689236,-0.474224326362665,1
1,"B",0.635907567529536,2.09416612893212,1
0,"B",-1.88526197310693,1.10288283776462,0
0,"B",-2.74560211886091,0.224494537925116,1
1,"B",1.25398664966826,0.767495901691831,0
0,"B",1.35389938768326,2.04031037124541,1
1,"A",1.10207953910365,-1.6264635111745,1
0,"B",0.277933685550725,0.73395962299558,1
0,"A",1.28829616846616,0.219048830444239,1
1,"A",-0.769446162901278,-0.122901908262825,1
1,"A",1.31596900940163,-0.645048201676189,0
1,"A",-0.0484441745380584,-1.01033701982732,0
0,"B",-1.0165223277717,0.905666327033597,0
0,"B",0.248301953798127,1.52998679886547,0
0,"B",-1.60320150940567,-0.377820592383776,1
1,"B",0.78000849339776,0.986523789934069,0
0,"B",-0.599755185412705,0.456720786258346,0
0,"B",-0.450692660284043,-1.17319146151632,1
0,"B",-0.524955764643648,-1.1928843039896,1
0,"B",-1.49444762774509,1.42080103508982,1
1,"A",1.58444408957411,-0.825649854165171,1
1,"B",-1.41486923908163,2.06404612605838,1
0,"B",-0.699977854523331,-0.0287799972245738,0
1,"B",0.603238210925755,-0.901424680625212,0
1,"B",0.536490944026496,0.600832866649547,1
0,"A",0.121789210777297,0.0676696075422017,0
1,"B",-0.721790183190108,-0.685955709388504,0
0,"A",-1.61126658965714,0.0531211500707419,0
0,"A",-0.409511332147022,-1.34980357233099,1
0,"B",-1.23657912048113,0.471621299815632,0
1,"B",1.19852509533616,1.67270576871629,1
1,"B",2.51655473671183,0.0290698043632469,0
0,"A",-0.541457027892514,-2.20637504881286,1
1,"A",0.250276651785433,-0.164500764832011,1
1,"B",0.803462573182025,1.61691443803312,0
0,"B",-1.74441591881695,1.17542607828421,1
0,"A",-0.880697612653443,-0.848204833190182,0
1,"B",-0.725286927471858,1.65976260117694,0
1,"B",-2.0121697968525,-0.659412262169224,1
1,"A",-0.396225164090813,0.882657194450824,0
1,"A",0.270015861965403,-2.53728088122117,1
0,"A",0.441734582031486,-0.611921821252564,1
1,"B",-0.0268237147535836,1.19779229001208,1
0,"A",-1.38207923774622,-0.488384910718966,1
0,"B",-0.832660596037121,-0.746901297578578,0
1,"B",-1.46851055764712,0.877148163106316,0
0,"A",-0.337542064308088,1.77419476126951,0
0,"B",-1.13349486839606,1.54357406566149,0
1,"A",0.565426048605041,-1.90624781892778,1
1,"B",0.0262935028425946,1.58127253641429,1
1,"A",0.352389280404248,-0.23006908416736,1
0,"A",1.46927929907108,-0.498540434072024,1
1,"B",0.754817615861663,1.51821653498218,1
0,"B",-0.856970972341839,0.530252570578362,1
0,"B",-1.41113398158781,2.53685679759883,1
1,"B",0.227685984606518,0.480104556994503,0
0,"B",-1.05284511692004,1.26969713921679,1
0,"B",-0.690360920967427,-0.518790759029783,0
0,"A",-0.338554253793329,0.253064627867919,0
0,"B",1.28114636315406,0.209125578808298,0
1,"A",0.822506129878092,-0.204040471106609,1
1,"A",2.17786001798717,1.11597195468143,0
0,"B",-1.1754277911216,-1.97180339113389,0
1,"B",0.752530642375787,0.371226689963423,0
1,"A",1.23743429795125,-0.608310540797693,1
0,"A",0.442786153661497,-0.925165603406175,0
1,"A",0.603887902128517,0.0253210298549603,1
0,"A",0.348881969601663,0.269019197951225,0
0,"A",0.518843406367023,-0.457763849280066,1
1,"A",1.51200848571089,-2.20139471380376,1
0,"A",-1.40788200729885,-0.564808095239663,0
1,"B",-2.28978108124775,0.828358613521728,1
1,"B",-0.340363928484757,-0.0458820402258372,0
1,"A",1.65787310932634,-0.587066426504568,1
1,"A",-0.402753491548487,1.25419009629664,1
1,"A",0.334400452691801,1.50600191172623,1
1,"A",0.697218920973294,0.258841827612774,0
0,"A",-1.1600671052682,0.705409106928946,1
0,"A",0.379134499911014,-1.15668553567611,0
1,"A",1.00013163679284,-2.14516200857775,0
0,"B",-1.45635316956608,1.40271025512005,0
1,"B",-0.868245342838423,0.773181955251489,0
1,"B",1.46780252758576,-0.205363803940782,1
1,"A",2.60303274891883,-1.35070099004592,1
0,"A",0.249860500230754,0.731933178736412,1
0,"B",-0.429129604242055,-1.14253621306463,1
0,"A",1.47759022739806,-2.34874401164375,0
0,"B",-0.948563865047586,-1.64734744433657,0
1,"B",2.3075215264524,-1.77006864549006,0
1,"A",-0.917440322620146,1.16518271292267,0
0,"B",-0.595151598168441,0.431968255764723,0
1,"A",0.170638068904334,-0.0459720255988127,0
0,"A",-0.384235401562895,-1.40446316792744,0
1,"B",0.37588862405176,1.55660006207138,0
1,"B",0.749711055263209,0.321763371638673,1
1,"A",1.42703149195821,-0.0577176721736169,1
0,"B",1.76581228204573,1.39018191854731,1
0,"B",-1.17076182100256,1.18108563138357,1
1,"B",0.687014166273602,0.803106719600154,0
0,"A",-0.0125005572722329,-0.515227497441921,0
0,"B",-1.2454402935543,-0.19575095464135,0
1,"B",-0.718067997811551,0.767688157266176,0
0,"A",0.448865650386196,0.596957249378948,1
0,"B",0.537732283152016,-0.952809628934817,0
1,"B",0.441145087400647,3.00202730370772,0
1,"B",-1.13639429833383,0.394552506938877,1
1,"A",1.58107697269948,-1.81076096924871,1
0,"A",1.3876871218572,-0.000813263375453899,1
0,"A",-0.29715948213863,-0.542073890027006,0
0,"A",1.31970191398061,0.0709250310056798,1
1,"B",-0.832085596116171,0.257837677887857,1
0,"A",1.08292385662768,-1.19545378718316,1
1,"B",-1.18930812189896,0.682374677600435,1
0,"B",-1.7894783146382,-0.781640008871405,0
0,"A",0.534132330656949,-0.530493498426314,0
1,"B",0.500370152020542,0.393563394011372,1
1,"A",-0.832344578549049,-0.199956944590587,0
0,"B",-1.17292814205071,-0.0756741310012994,1
0,"A",-0.659935209541479,-0.586531400359379,0
1,"B",-1.24579473617813,0.190240165295959,1
0,"B",-1.51149634941198,-0.628609496801636,0
1,"B",0.912236662808542,-0.545161870408771,1
1,"B",-0.32779374693772,0.386966464231977,1
0,"B",-0.986997067320379,1.28616629048118,0
0,"B",0.147683113504863,0.311050006981871,0
1,"B",0.956072740193863,0.295522765249069,1
0,"B",-1.1311173184433,0.769896598685771,0
1,"A",2.63004900452763,-0.764679983222359,1
1,"A",0.647623619745065,0.423646786998287,0
1,"A",-0.636445332976969,1.56055155042528,1
1,"B",0.278532548556695,2.23772042924908,1
0,"A",0.0125568890205872,0.496583176418351,0
0,"A",-1.11624226634977,-1.6572763258859,0
0,"A",0.582769658543214,-1.15682795860495,0
0,"B",0.825564710608887,-0.902991796635121,1
0,"B",-0.444309966250139,0.462176168928405,0
0,"B",-0.782296453904113,-1.34139374253314,0
0,"A",-0.100627334080559,0.184179772459072,0
1,"B",-1.44746850602617,-0.644615090200516,0
1,"A",-0.0541855896741912,-1.52798368692732,1
1,"A",0.546532410534703,0.604261582758195,1
0,"B",-0.219381139620902,-2.09092700411057,0
0,"B",-1.34502052124268,2.8496700521079,0
1,"A",0.00274730644709537,0.88159062603302,1
1,"B",2.21629038027983,-0.538042734833431,1
0,"A",-0.639296205189618,-0.742639290010995,0
1,"A",0.653307846436644,0.680024039533274,0
1,"B",0.880721877364345,-0.661306479946855,1
0,"A",-0.0981344216878484,-0.920477342383109,1
1,"B",-0.423575030135678,0.398948640895817,1
1,"B",-0.118184866015163,-0.456337251119096,1
0,"A",1.35242004335997,-0.966230193852506,0
0,"A",-0.850921103712051,-0.462249709418134,0
1,"A",1.06024248372612,-0.149964124812607,1
0,"B",-1.98969074567797,-1.86104400149038,1
1,"B",-0.711618169084429,0.349870161908896,0
0,"A",0.782284583236329,-2.85634894863034,1
1,"A",0.27380743119415,1.22355629644779,0
0,"B",-2.16062822437959,1.36201033121463,1
0,"B",1.1486456535366,-0.350295337506446,1
1,"B",-0.105455519823578,0.577773171472261,0
1,"B",0.384132649027219,0.47736760233736,1
1,"B",-0.662126490500032,1.27134845602675,1
1,"A",-0.132097152871029,0.804386481215836,1
0,"A",-0.204513168243671,2.38633193342375,0
0,"A",-0.864586605991983,-0.201709597404037,0
1,"A",0.0565489724933699,-1.60147298613304,1
1,"B",-0.921996743778034,0.298003972203562,1
1,"A",0.478074840940301,1.20869325599404,1
1,"B",-0.437229226066064,1.87893318660832,1
0,"A",0.607617086690391,-1.58566782294679,1
0,"A",0.199913294216047,-0.67602153748947,0
0,"A",-1.08696802072658,-1.72687297388424,1
0,"A",-0.603090329600568,0.266538122755248,1
0,"B",-0.690542136551686,-0.789227817092413,1
0,"B",-1.23481865744354,-0.782670354413888,1
1,"B",0.124992838616618,0.637812688257984,1
0,"B",-0.670556594017845,0.758650812372277,0
1,"B",-0.477348339199273,0.766031626815129,1
0,"B",1.13428883083569,-0.61254034751196,0
1,"A",1.46191089425522,-0.226679807494397,0
0,"A",1.20232302092607,-0.728615405895965,0
0,"A",0.242467978292284,-0.725027191928341,1
0,"B",0.194354931911762,0.363801911671756,1
1,"A",0.427405463845321,-0.397823063599397,1
1,"A",-0.00388901410706177,-2.89298739355228,0
1,"B",-0.697879179768277,0.497396209575835,0
1,"A",0.756716681257332,0.497032804119043,1
0,"A",-0.224755262524951,-1.14694758854265,1
1,"A",1.21663985185601,-0.193308306185973,0
1,"A",0.559073210184377,0.0625298776109201,0
0,"B",-0.801551609901415,-0.509088810281013,0
0,"A",-0.0651653363945545,-2.57127587112991,1
1,"B",-0.225014313078505,1.02723810995416,1
0,"A",0.294540183217472,-0.768021718383771,1
1,"A",2.89591408259212,-1.13067797544879,1
0,"B",-1.90285269264152,1.61485424740152,0
1,"A",0.951128660464693,-0.455292310261222,0
0,"B",-2.23037455774905,0.383814151088921,0
0,"A",1.24102764482126,-0.0958301931561025,1
0,"A",-1.13557402965333,-0.961631038021641,0
0,"B",-0.203050946281471,-0.610290005556338,0
1,"A",0.493015382614027,-0.389478324347095,1
1,"A",-1.71741868560065,-0.551242255903453,1
1,"B",-0.491758046933159,2.15554170228884,1
0,"A",1.06837116717098,-2.56902468407049,1
0,"B",-0.665513327450337,1.3293138198736,1
1,"A",1.44727145322571,-0.706820502673706,0
1,"B",-1.33332309849853,-0.597827962812147,1
1,"A",-0.0825925519183613,-0.702742378359536,1
0,"A",-1.02857487534722,-0.333313721663754,1
1,"A",0.34109593914625,0.681383631855737,1
0,"B",-0.30197350479599,-1.45697074994702,1
0,"A",-1.04044248511196,-0.417052866016892,1
0,"B",-1.29065603539792,-0.0123044448644572,1
1,"B",-0.57418189704883,0.938647178836688,0
1,"A",0.693758499659178,1.00070411379262,0
1,"B",-0.308223034428322,2.12930034687502,0
1,"B",0.967428860154266,-0.34324243951291,1
1,"B",0.23465818339656,0.916326040366555,1
0,"B",-0.910521729535672,-0.481134710213557,0
0,"B",-0.634472314206717,-1.0654411923441,0
0,"B",-2.79106522900677,-1.03357856577571,0
0,"A",1.5043496336196,-0.750195404553685,0
0,"B",-1.39812351214582,1.27848163982779,1
0,"B",-0.832208566735932,-0.445687541967385,0
1,"A",1.18166373403612,0.137350653903772,1
0,"B",-0.963395819023092,0.393257912523955,1
1,"B",0.0121888979135631,1.01780753082155,1
0,"B",-2.57459527721299,-0.3552772094121,1
1,"A",1.68142217951846,-0.480663147374323,0
1,"A",0.979164685933472,0.657052101101924,1
0,"A",-0.0138570439123067,0.42881472493167,0
0,"B",-2.23703363191223,0.485073721357426,0
0,"A",-1.04774578615382,-1.52219847377596,0
1,"B",-0.712039791605818,1.27594933260114,0
0,"B",-0.814379555970259,-0.114120118632325,1
1,"B",-0.170308314488566,-0.646960673236533,1
1,"B",-0.81593600983167,0.835872321706964,1
0,"A",0.346170738752257,0.245455284952576,1
1,"B",-0.894174894335927,-0.00356205231539633,0
0,"B",-1.7759199791805,-0.253094266485135,1
0,"A",0.0175159683542639,-3.61434410462925,0
1,"A",0.602850263675333,-0.118644084359787,0
1,"A",-0.300499260921352,-1.08422792831708,1
0,"A",-1.7155770486839,-1.71161540361887,1
0,"B",0.364945244867555,-1.51920874685696,0
1,"A",-0.29206033411299,-0.453618464776071,1
0,"B",-2.39715706397505,-2.4418328408718,1
1,"B",-0.15635164776906,-0.344503314710501,1
0,"A",0.802659030828172,-0.87926756496888,0
0,"B",-1.36086247267079,-1.35653490244145,0
0,"B",-0.795722269206994,-1.26792291836611,0
0,"B",-1.58727590417008,-0.223375389932307,0
0,"B",-1.33331261765109,0.043881182283716,1
1,"B",-0.208738814378957,0.390823429093244,0
1,"A",-0.776681136570096,-0.57862207059607,1
1,"B",-0.868715328762061,1.11381409728356,0
0,"B",-1.77201327058126,0.713708909257047,0
0,"B",-1.01725526117252,0.141098688964711,0
1,"B",0.553693695116527,0.313904957096531,1
1,"B",-0.161070761491558,1.18205930857786,1
1,"A",-0.760897673423978,0.361863138781921,0
0,"B",-2.81757714822567,0.89326881107227,0
0,"B",-0.431610895324346,-0.500061107916394,1
1,"B",-0.395944911143125,-1.26316028673195,1
0,"A",-0.200998082328155,-1.64378074704461,1
1,"B",0.394369461617561,0.380191958252547,0
0,"B",-3.00261515598291,0.310237724009628,0
1,"B",-0.291325722034321,2.14596935420882,0
1,"A",1.22378989057146,1.25847672279864,1
1,"A",1.80785978576882,-0.0580758978038519,0
1,"B",-0.804953571376433,-1.10920680194304,1
0,"A",-1.04394339393692,0.0342139086703743,0
1,"B",0.782112597752285,1.51375688186932,0
1,"A",0.336991678754958,-0.219901434663654,0
1,"A",0.601148920080099,0.489661132180145,1
1,"A",-0.0706756165644562,-0.326491400843715,1
1,"B",-0.469753613992363,0.324963626711356,0
1,"B",0.802504299025643,1.34782986353201,1
0,"A",0.10025312051391,-0.481829241280457,0
1,"A",1.23624166666073,-0.264328676380044,1
0,"A",-0.0618478268448488,0.218707788833364,1
1,"B",-0.462962426594252,2.01029045217044,0
1,"A",0.9730979478136,-1.62439656636169,0
0,"A",1.54260926368016,-2.13583762178977,1
1,"B",1.73840203071494,0.428637212258576,0
1,"B",1.85845769951968,0.22199156626213,1
1,"B",-0.24321414912752,0.582955469537888,0
0,"B",-1.48771632307438,0.44616062214466,0
1,"A",2.83451884934038,-1.28725443211252,1
1,"B",0.328443311856296,-0.0558011698598891,0
0,"B",-0.667496556618419,-2.01060481756223,0
0,"B",-3.04538237143757,0.376866791020987,0
1,"B",-1.0012457278781,0.892308175728608,1
0,"A",-1.02156927231793,-0.27090411335605,1
0,"A",-0.0504255969756423,0.830945201478686,0
0,"B",-1.49030820650244,2.29969882225571,0
1,"A",-0.23604121390877,-0.134612673327123,1
0,"B",-0.183795326431432,0.171335346090048,0
0,"A",-1.1788308695715,0.453436509165371,0
1,"B",-0.827291508096507,-1.01847892246673,0
1,"B",-1.33180941680437,0.618050527149548,0
0,"A",-0.162302457208776,-0.937215855900381,1
1,"B",0.787232142979065,0.32992082313704,0
0,"B",0.024767984406545,1.26769148494846,0
0,"A",1.34983208326874,-0.516284067881932,1
0,"B",-0.402785831421613,-0.6193420402337,1
1,"B",-0.0696501113382084,-0.906439471446659,0
0,"B",-1.86373447824058,-1.11665963853882,1
1,"A",0.529464151543789,0.620700467870905,1
0,"B",-1.0373750082091,-0.523363677070973,1
0,"B",1.5645277481056,-0.086832035635879,1
1,"B",2.17523532988764,0.976288308777705,1
0,"B",-1.17120861626837,0.0370194338741408,1
1,"A",0.183630980467169,1.11626695826278,1
0,"A",-1.50566327391913,-1.47212273853005,0
0,"B",-2.17628795328911,-0.17466635013459,0
1,"A",-0.125036041956318,-1.20396301242515,1
0,"A",0.240242810412586,-0.550184595890852,0
1,"B",0.49130462657231,0.123111082561059,1
1,"A",1.82511952215334,0.409536725855709,1
0,"B",-0.65066734462283,-0.0975627658572372,1
0,"B",-0.139536996760056,-0.942063255102871,0
1,"B",-0.517782976827964,1.272691753438,1
1,"B",0.367006004718775,0.675484892008782,1
0,"A",0.309665595552648,0.339459948320333,1
0,"A",-0.329964505456126,-1.3176139678599,0
0,"A",-1.7475973865586,-0.901174713870508,0
0,"A",-1.49428761096474,0.358446048237786,1
1,"B",-1.32861959761251,-0.41215526699081,1
1,"B",0.122252189307887,0.388875992044601,1
1,"A",-0.142565638474017,0.816632436930816,0
0,"A",0.530700555214157,-0.387835991217264,0
1,"B",-0.33200356395912,0.349273748051384,1
0,"A",-1.45550500637202,-0.243691089256427,0
0,"B",-0.728332743230932,-2.41613910042218,0
0,"B",0.734035846145584,0.17191769980723,1
1,"B",-0.836385865958385,0.0971369230678327,1
0,"A",-0.370613356072491,-0.0751770701205346,0
1,"B",-0.109887232276966,2.58458506889417,1
0,"A",-0.960325383159191,-1.56469798437806,1
1,"B",-0.285786237220557,0.992813982341681,0
0,"A",0.016446741604559,0.0279423256711535,0
1,"A",0.175149985825924,-0.413786542920431,1
1,"A",-0.29425159683873,-0.686282763608019,0
1,"B",-1.05434352027404,0.763192398048356,0
1,"B",0.499090438809323,0.339022641263887,0
0,"A",-0.0230760102348837,-0.0366385988644576,1
0,"A",0.957280887350618,-1.35065349158259,0
0,"B",-0.503667670964847,1.08588436079989,0
0,"A",-0.139368221698604,-0.909281006981633,0
1,"A",0.623467393248482,0.00663957346188004,1
1,"B",0.74800702356988,-0.247901716259658,0
0,"B",-0.448973503807547,-0.859106228646949,0
0,"B",-2.36768550220709,-1.4869570712365,0
1,"A",-0.514330489838487,1.42539057737994,1
1,"A",-0.492954848050605,-1.31918558396591,0
0,"A",-0.788937401295724,-0.340199902412089,1
0,"B",-0.0542464977904589,-0.607843916748757,0
0,"B",-1.70375181133293,0.205026649953733,0
0,"B",-1.37773431270179,0.13615169326362,0
1,"A",-0.00491793825427533,0.870635533961311,1
0,"A",-0.585360353755081,-0.642155455245105,1
0,"A",1.53144066465781,1.44767513369746,0
0,"B",-1.59983256949967,-1.13974054073069,1
1,"A",-0.328504073630917,-0.701572715522502,1
1,"B",-1.01230209298929,0.168611027794472,0
0,"B",-0.463525340463515,0.528580937228865,1
1,"B",-0.479780847511219,0.270801782559614,0
0,"A",0.0634052712390045,0.111935030849824,0
1,"A",0.947809291266267,-1.63589397032067,0
0,"B",-1.4853154573904,2.19073850632246,0
0,"A",-1.57013901568329,-0.0336008517224055,0
0,"B",-0.818167852727301,-1.25710040842672,0
0,"A",0.306539275810557,0.678459815934389,1
0,"B",0.110582852343334,0.892063752538124,0
1,"B",0.658491103190144,0.278179849411212,0
0,"B",0.635958357174939,-0.131165156050807,0
1,"B",1.07072987484697,-0.0810104610943219,1
1,"A",0.312237566829748,-0.278404322247461,0
1,"B",2.05079507582121,1.06155748243526,1
0,"B",0.452252917431597,-1.13845725401502,0
0,"B",0.786502951970276,-1.79074523484351,1
0,"B",-0.908033075702965,0.732244475629151,0
0,"B",-0.833008076701576,0.557033755119308,1
1,"B",-0.824906603678058,0.707512181505634,0
1,"A",1.08083175204806,0.9060679541704,1
1,"B",0.0054300548753754,0.748228652576163,0
0,"A",-1.11094520857601,0.99878868197351,0
1,"A",1.28651932261688,0.0292938589550228,0
0,"A",-1.0205609774675,-0.744406613274784,0
1,"B",-1.6357755409652,0.892847279058665,1
0,"A",-0.425362355965101,0.337881689094281,0
1,"A",0.38435110876973,-0.800091059336211,0
1,"A",1.11393409345361,0.502385060714986,0
1,"B",-2.12646243578837,0.645091106575682,1
0,"B",-0.704972713201668,-0.261161366262532,0
1,"B",1.75389244359711,-0.988668014111745,1
0,"A",0.98617508939601,1.2861912803304,1
0,"B",-0.421820736067088,-0.0176660189741946,0
1,"A",2.49077356336921,-0.872055370879492,1
0,"B",-0.330515626513482,-0.587745125719536,1
1,"B",0.828576441242255,-0.0478801811940148,1
0,"A",-0.550314056642587,-0.569716040291149,1
1,"A",0.979686156600105,-1.7326362653496,0
1,"B",-0.945272129983827,0.975946386398943,0
1,"A",0.782345483045578,-0.770191084281437,0
1,"A",-0.171331588913,-1.07537103314583,1
1,"B",1.73467845983793,0.790692069733031,1
1,"A",-0.204987522858164,-0.643829053974481,1
0,"A",-0.669967625645571,0.00833028811527831,1
0,"A",0.59101013300479,-0.438497139351347,0
1,"A",0.980025032489956,0.234474178919803,0
0,"A",1.06383243083009,-0.368267509273171,0
0,"B",0.785559537640446,-0.723863727948354,0
1,"A",1.19155740513216,-1.32739775350803,0
0,"B",-0.419494873862587,-0.677933691568033,1
1,"B",-0.532462113561891,0.223180562987572,1
1,"B",-0.22966017572098,0.155162843930742,1
0,"A",-0.487810025626318,-1.01462010585261,1
0,"B",-0.419379358316016,-0.151268752204984,1
1,"A",1.00624641396051,-0.780587167567303,1
0,"B",-1.26921439270733,-0.0752785015751116,0
0,"B",-0.62921485398379,0.0670037816409324,1
0,"B",-1.01511037791567,0.538291855163429,0
0,"A",-0.704090584191559,-0.412145884566139,1
0,"A",-1.01739155038361,0.730875156142924,0
0,"A",-0.771133035515155,0.441131004383707,0
1,"A",0.831202586307243,-0.803254940236711,1
1,"A",2.81670649478791,-1.24494339585535,1
0,"A",-1.51169347463268,-0.410695772493858,1
1,"A",-0.438466952090009,-0.035879659393718,1
0,"B",0.796457642581293,-0.396562239200808,0
0,"B",-1.75000628339946,-0.281180223436996,0
1,"B",0.946986043492207,1.11687137888309,0
0,"A",0.818209554901436,-1.73891422569757,0
0,"A",0.451472752920661,0.584213653532972,1
0,"B",1.05435695363395,0.931696259555862,0
0,"A",-0.619478701526176,0.887771068932991,1
0,"A",0.0431470823379668,0.707995690353009,1
0,"A",0.167594675298743,-0.362349198824261,1
0,"A",0.459726425765578,-0.310905849121801,0
1,"A",0.157632621150225,0.14415122530502,1
0,"B",-1.12114205444311,0.259069951041108,1
0,"A",1.69106430870624,-1.84919231170706,0
1,"B",-0.988568150033747,1.18176893956822,1
0,"A",-2.60673102393173,-1.24254298723672,0
0,"B",-2.24907632300784,-0.107024857536222,1
0,"A",0.0556401430142315,0.0812679799027913,1
0,"A",-0.081702637881963,-0.896268879607416,1
0,"A",-0.0852604459506425,-0.293248616462915,1
0,"B",-1.36207355076532,0.188374726134531,0
1,"B",-0.702778715306786,0.9037682947638,0
1,"A",3.03001319550319,0.523470089928626,1
0,"B",-1.35778521923244,-0.776579824193016,1
0,"B",-0.0637098212283155,0.330206157296573,0
0,"B",-0.785402889347564,0.0592724339217343,0
1,"A",-0.343322542644395,-1.11548526643687,1
0,"A",0.111424664403115,-0.542813829931566,1
0,"A",-1.73452669229512,0.220231099734637,1
1,"A",1.23434823124899,0.410656699200095,0
1,"B",0.150113187672129,1.94070928440588,0
0,"B",-1.40433722611589,-0.277240325737648,0
1,"A",-0.391938643292565,0.730037854362613,1
0,"A",-0.497510206728733,-0.12982330668815,1
0,"A",0.213982454284432,-1.06755354868266,1
1,"B",0.897322368918275,0.0438745140326002,1
1,"A",0.736952578754837,0.541492816303298,1
0,"A",-0.439709917047966,-0.693636421152417,1
1,"A",1.43996196943706,-2.05463396084013,1
0,"A",0.241772989764228,-2.204005179208,0
1,"B",0.426408517201547,-0.172369324075523,1
0,"A",0.128084566406022,-1.37517850507303,1
0,"B",-0.687574633108713,0.246714434812211,1
1,"A",0.163776700287706,-1.15316575685657,0
0,"A",0.883913350387606,-0.395873064461406,0
1,"B",0.0766589810843664,-0.289153274494051,1
0,"B",-2.09317385172132,0.0971371395884185,0
0,"A",-0.481476609062424,0.843502559895661,0
1,"B",-0.882961751956247,1.25778723595129,1
0,"A",-2.2916532081136,0.016921931094778,0
1,"A",-0.60956680298048,0.342885193536847,1
1,"B",0.194359294790502,2.24388070643719,1
1,"A",2.18099987620259,-0.639156503221226,0
0,"B",0.178149646979012,-1.00034666668352,1
1,"B",0.647863865646171,0.205141091138999,1
0,"A",0.124268337333715,0.643519949167404,1
1,"A",0.444715300997224,0.292006968643106,1
0,"B",-1.99383749535915,-1.09211995236717,0
0,"B",-0.922605962285139,1.85546060162088,1
1,"A",0.666232986415729,2.00335799198988,1
1,"A",0.891000289606341,0.739197562001434,0
1,"A",0.549584471669541,0.224597726301049,1
1,"B",-0.417428400660875,0.235307750185566,0
1,"A",2.63987950774734,-0.455553775704025,1
0,"A",1.47034544455237,-2.29196815578458,1
1,"B",0.921992986182133,-0.449553620587619,0
0,"B",-1.9096385638646,-0.0690247290219863,0
0,"A",-0.29106086553099,0.928357160041608,1
1,"B",-0.247413755194533,0.556474484890419,0
1,"A",0.3067451867604,-1.05596519894712,0
1,"A",0.473462606053204,-1.09304605831074,1
1,"A",0.244601265276424,-0.991545899057238,0
1,"B",-0.783403532826348,0.871359373906404,1
0,"B",0.790941148272978,-0.195488627600826,0
0,"B",-0.476399573220597,1.61681229696842,0
0,"B",-0.143833104297291,0.857204193406405,1
1,"B",0.0190429429097518,0.00414194450115019,1
1,"A",0.143958099099704,0.725546219998768,1
1,"A",1.40517938488388,0.178241890760559,1
1,"A",-0.607188724641507,-1.5207994384282,0
1,"A",1.21853817195918,-1.12671270139914,0
0,"B",-0.112812257851175,1.44358884572844,0
1,"A",0.955233716666613,-1.28718858532247,0
0,"A",1.94041865617189,-0.140050650492459,0
1,"A",1.1757906764995,-1.49204998228884,0
0,"B",-1.82722404981479,0.0339402816662022,0
0,"B",-1.93167644059823,1.87806841504734,0
1,"B",0.539262440692543,2.3000379916686,0
1,"B",0.418951705163553,0.364732114764254,0
0,"A",-0.366104806692586,-1.59329494259378,0
1,"A",0.429243620143529,0.528251000620761,1
1,"A",1.88061958403023,-0.112039055190075,1
0,"A",-0.584750756383106,-0.442169623794791,0
0,"B",0.153653191439048,-0.463837595300785,1
0,"B",1.07981150296061,0.180093208376699,1
0,"B",-0.346122530844235,0.0408904183076266,0
0,"B",-0.943382441264671,-0.340279827773667,0
1,"B",1.25985133534463,-0.476065747953585,1
1,"A",-0.0311419868985011,-1.04184911845371,0
0,"A",0.06351391056164,-0.698763175194705,0
0,"A",-1.47774697809543,-2.00839036534174,1
1,"A",1.31446417268774,1.83609398611943,1
0,"B",0.100301750793265,-0.282102101377577,0
1,"A",-0.46689910440865,-0.247871156262575,1
0,"A",-0.81833549485337,-2.40875016866221,1
0,"A",0.774974351469978,-1.24126703157224,0
0,"B",-1.64878642360616,1.5530178038888,0
1,"B",0.271542316363759,-0.55886587272388,0
1,"A",0.142257970413144,1.40885757737498,1
0,"A",-0.0373216597054098,-0.0264390194911828,0
1,"B",1.32151294738344,-0.745850650732007,1
1,"A",0.841195397428535,0.732398721109064,0
1,"B",-2.05486461784544,0.931139193435853,0
0,"B",-2.99837208866358,-0.330544306783067,0
1,"A",1.49110853561936,-1.37458995476747,0
0,"B",-0.426668561804969,0.860019591116405,0
1,"A",0.533700394680429,0.232767411010901,0
1,"B",1.56423687648015,2.3367951585616,1
1,"A",0.119589573190136,-1.08978658183994,0
0,"A",2.32058832193332,-1.00242687627801,0
0,"A",0.0503145904963055,-0.673816139717842,0
1,"A",1.49468102102144,1.39423102267542,1
1,"A",-0.763136263016648,-1.26739026385197,1
0,"B",-1.50104937890408,1.34551814001332,1
0,"A",0.0666376892369882,-1.11507980323574,0
1,"A",1.52740298411675,0.305278733229208,0
0,"B",-0.390202828407529,0.406311387372599,0
1,"A",0.65499743906873,0.273870679304545,1
0,"A",0.0806061143242436,-2.27670923820748,1
1,"A",0.712769570591302,-0.830040508904312,0
0,"B",-1.61224914930342,-0.598178536977612,1
1,"B",-0.914619630091404,3.34216665075414,1
0,"A",-0.984396595581154,-2.96934098936507,0
0,"A",1.05127042125209,-0.0359983182909452,0
0,"B",-2.39470833579904,0.183264333544874,1
1,"B",-0.470734019364524,0.756883448861099,1
1,"B",0.639962681998608,2.81726226262444,1
0,"B",-3.27440248216964,0.0382919219048665,0
0,"B",0.334226127466751,0.0103826952360681,1
1,"A",-0.794674954155854,0.782248353180739,1
0,"A",-0.417525123185223,-2.19866860913257,1
1,"A",0.564971092214143,0.370168427468365,1
1,"B",-0.473595399417118,-2.07963857830612,0
0,"B",0.188312113744456,1.37657013874575,0
1,"A",1.54241497195246,-1.95840009796652,1
1,"A",0.421112215670327,1.24957243537989,1
1,"B",-1.99642724920142,-0.173939341000558,0
0,"A",-0.164378624228267,-0.89962503054654,0
1,"A",1.47020214545852,0.948262457779263,0
1,"B",-0.154358881812333,2.08206286433424,0
0,"A",-0.603268689941064,-0.0272453428770317,0
1,"A",-1.09466313568472,-0.269071212927311,1
0,"A",0.14920740348209,-0.401258637973889,0
1,"B",0.821367666272671,1.16291566716495,1
0,"A",0.107898630651733,0.496878670978931,0
1,"B",1.96975604326206,0.456030548912083,0
1,"A",1.25554186692833,-0.0504889449704634,1
1,"A",1.01631739583626,-0.573073539623988,0
0,"B",-0.47836272748034,0.687082439834634,0
1,"B",-0.803815950864899,-0.133514777819055,0
1,"B",-2.11012110609387,0.379152409585498,1
0,"A",1.20088346706708,-1.53425579854795,0
0,"A",-0.215768607221515,-2.98079843687326,0
1,"A",1.0398711873256,-1.75497284791172,1
1,"B",-0.656978091970405,-0.0378476243869949,1
1,"A",0.629292364934741,-1.1957442690991,1
1,"A",0.00248510759347004,1.89768600101543,1
0,"B",-1.07325941671457,-0.0595338647197672,1
0,"B",-0.156833807401847,0.583555608070415,1
0,"A",-1.09747749513847,-0.626953313555595,1
1,"B",-0.521402142799978,1.26589791186593,1
0,"A",-1.69604584914451,-0.290645979910334,0
0,"B",-0.50070746186432,0.406418195839604,1
1,"A",0.437571172847256,0.0125963901535137,0
1,"B",-0.955522665366921,0.852640528030311,1
1,"B",-0.36037918644312,1.05927721710371,1
1,"A",1.06954254548051,1.75132807638702,0
1,"A",0.563783822124226,0.266980833821567,1
1,"B",1.06811499115296,-0.975583626862442,0
1,"A",-0.678773419452193,0.684869341607497,1
0,"B",-1.50874346340166,0.0513470811744236,0
1,"A",0.230313653566475,0.607158409556726,1
0,"B",-0.0179915348547211,-1.9348143944675,0
0,"A",1.06972223800401,-0.867619086447925,1
0,"B",-1.81850519472886,1.14735896529548,0
0,"B",-0.77522511164757,-1.68705755844991,0
1,"A",-0.224585869755337,0.427089370266624,0
1,"A",0.939734894771807,0.371092604406337,0
0,"A",1.04217346412179,-1.65278038953699,1
0,"B",-0.917386047909967,1.46399935537694,1
1,"B",-0.131448982226792,-1.16012386291025,1
0,"A",-1.53486435793454,-0.212012508353683,1
1,"A",0.458972424310787,0.225405238072786,1
1,"B",-0.990096164680506,-0.0390191235297346,0
1,"B",1.6366194559651,0.024698560640692,0
0,"A",0.0990253211462498,0.40938113041455,1
1,"A",0.83143802967892,0.417067453890823,1
0,"A",-0.328414153885878,-0.314069492088547,0
1,"A",0.504700351453512,1.29656064070796,1
1,"B",1.02871330164417,2.45369245304869,0
0,"A",0.028238672797147,-1.21474841558552,0
0,"A",-0.852426432509446,0.149772322334971,1
0,"B",-1.5599560945376,1.4752770869805,1
1,"A",1.95624999684051,0.409852095412024,1
0,"B",-1.65759984504188,0.873432061693605,0
1,"A",-1.25817381405431,-0.321182589452575,1
1,"A",0.0101350107570497,-1.12205355161881,1
1,"B",1.58973131450735,2.73123337533523,1
1,"A",0.0848024376647198,-0.877105625326372,1
1,"B",-0.634076133947154,2.32100667452992,0
0,"B",-0.441207245856162,1.46283213174145,0
1,"A",0.256266240999072,-1.34866073959961,1
0,"A",-1.03889792743818,-0.0322141096300375,1
0,"A",-0.316844853526577,0.351054344803456,0
1,"B",1.25444369825603,-0.0860901099965303,1
0,"A",-1.63419504460626,0.147279186338333,0
0,"B",-0.614426203053601,0.335329152982622,1
0,"A",0.484357583890239,-1.29385333076597,1
0,"B",-0.651840235828945,0.347282472633406,0
0,"B",0.0440140752260672,-0.256374950910026,0
1,"B",1.01278216541209,-0.150163128331616,0
1,"A",0.961657030669298,0.199960398575357,1
1,"B",-0.610873900576085,0.516111832799351,0
1,"B",-0.0165458755571932,0.083872849740575,1
0,"A",-0.21053468885766,-0.022434745719876,0
0,"A",-1.36659873591255,-0.60693154146081,1
1,"A",2.38081263762178,0.761198301665624,1
0,"B",-0.389073981400437,2.15605860395197,1
0,"B",-0.774700019408663,0.744400461039789,1
1,"A",2.38361557858484,-0.843962006734735,1
1,"A",1.45716088795616,-0.914531812188279,1
0,"A",-0.727272037050581,-0.0137708620270628,0
1,"A",-0.207883057501352,0.72286585994622,0
0,"B",0.119364593374957,1.71232470296457,0
0,"A",0.613786238855382,0.972935872713661,0
1,"A",1.77663834203759,-0.38044193934245,0
0,"B",-0.295140875828995,-0.0907851395059819,0
1,"A",1.50869991400892,-1.59134754255863,1
1,"A",1.22519641928947,1.39580853240815,1
0,"B",-1.23755249144465,1.34869891857579,1
1,"B",-0.531522578845708,-0.141427608289942,1
1,"B",0.403953789458853,0.757238942073917,0
0,"B",-1.13993129070693,1.05154717611656,1
1,"A",0.0804388506449278,0.989634182235631,0
1,"A",-0.331533712875053,-0.534519177513036,1
1,"B",-1.84910406458876,1.07377766260429,0
0,"B",-1.40289267287886,-0.926269211369721,1
1,"A",-1.1039827705142,0.535404050319848,0
1,"B",0.943681294287643,1.34974944958461,1
1,"B",0.188544227309107,-0.625938762872289,1
0,"B",-0.666844620428753,1.32209304917966,0
1,"B",-0.601249810845977,2.01459709498438,1
0,"A",0.514968161562814,-0.344947681398451,1
0,"A",0.521974855730032,-2.22825843095082,0
1,"A",1.39327462154155,1.31958111403411,1
1,"A",1.31633932193904,1.61019877226102,1
0,"A",-1.15804730447091,-0.535604387478613,0
0,"A",-0.348358409058837,0.0327122442029124,0
0,"B",-1.64751165447261,0.34107400437508,0
0,"B",-1.57260714511248,-0.360486830949186,1
1,"B",-0.366360819697945,0.164417105429366,1
1,"B",0.975870703308025,1.02996397729516,0
0,"B",-2.19202773024874,-0.654195497036925,1
0,"A",-0.254154162828018,-2.72140697633156,0
1,"A",1.72552692277086,-0.467036395791738,1
0,"A",0.51455284594309,-0.502634327667094,0
0,"A",1.35895178601075,-1.19997222858807,0
0,"A",1.72210984683512,-1.81498581037455,1
1,"B",-0.616790082417125,0.524194487932958,0
0,"B",-0.189480590463432,1.00318039217612,0
1,"B",-0.946833110688967,0.746437033232056,0
1,"A",0.669764499359044,1.30940283279843,0
0,"A",-1.14395805243987,-0.211434324709372,1
0,"B",-0.0217193362667946,0.0412666976059028,0
1,"A",0.586336225027728,0.395339537698959,0
0,"B",-0.117463075432473,0.334936812242543,0
0,"B",-1.38126748969387,-0.61089887310654,0
1,"A",1.69818755242471,-0.985901223609998,1
1,"B",0.496980654985925,3.61437469657367,1
0,"A",1.42140909743365,-0.0517556604044674,0
0,"B",-1.81509756998427,0.774921147433453,0
0,"A",0.895214933863169,-1.09965908009931,1
0,"A",0.790507182895446,-1.37289540152024,0
1,"A",-0.939394636279568,-0.879150739523451,1
1,"A",0.708553156716329,-1.28952479430676,0
1,"B",0.568343368833303,2.07728795309491,0
0,"B",-0.432806368348473,-1.18077598694616,0
0,"A",-0.527249351364377,-1.71889538757846,1
1,"B",-0.0400611153351206,0.445972758079371,1
1,"B",-0.860360708738868,0.931188331748756,0
0,"B",0.365790993178579,0.220671298864149,1
0,"B",0.266272211129755,-0.790900007186034,1
1,"A",-1.20087628194873,-0.256255049507265,1
0,"B",-0.438852160679776,-0.214535756467881,0
0,"A",-0.0508638496640542,2.31554010513492,0
0,"B",-2.33913597273248,-0.169100676830083,1
1,"B",0.0908075056462527,0.0752633899642236,1
1,"A",0.636513800555432,-0.161748081657201,0
0,"A",0.903811491674829,-0.635921788985032,0
0,"A",-0.0745844981090051,-0.716396606169331,0
0,"A",0.745492754613886,-1.17301622765,0
0,"B",-1.53674158458322,-0.148788667580045,1
1,"A",0.804690232250048,0.215013357216686,1
1,"B",0.367324023100736,0.264501026263968,0
0,"B",-1.95178297277194,0.750684238664944,0
1,"A",-0.921738255687931,-2.09087536490486,1
0,"B",-0.203298558146143,-0.64551441195746,1
0,"A",0.450076944628235,-1.57304216619789,0
0,"B",-0.762785945061083,-1.59093175637931,0
1,"B",0.881509814684708,0.820088680300818,1
0,"A",0.849511384129348,0.535511859036925,0
0,"B",-0.888020062553044,0.693811215804765,0
0,"A",0.266540981099477,-1.14249173475818,0
1,"B",-1.82391445671571,-0.312768144668263,0
0,"B",-0.535084577848892,-0.306654807516512,0
1,"B",0.543698198366306,1.1694089044642,1
1,"A",1.68407141442857,1.08071481812442,0
0,"A",-0.265827000436075,-1.10624498588154,0
1,"B",0.343768981162942,-0.366073248694266,1
1,"A",0.772366334445926,-1.04243488066029,1
0,"B",-0.887317872707153,-0.817677855674759,0
0,"B",-0.190433623186181,-0.404462391829249,1
1,"B",0.359846214238795,1.59469587074004,1
1,"A",0.698471117007483,0.508952191083697,1
1,"B",0.68930631850405,-0.0688769076197219,1
0,"A",1.30961967572331,0.383204436334166,1
1,"B",-0.428205250653287,-0.293545026254536,0
0,"A",0.984917797451661,-0.934140383424908,1
1,"A",-0.651904327216318,0.128164446770304,1
0,"B",-0.854865175834621,0.956727895306824,0
0,"A",-0.316765245966002,-0.692193373625691,1
0,"B",-1.59474500982112,-0.522462932593151,0
1,"A",-1.04175966560051,-1.365415165534,1
0,"B",0.287341309725159,-1.59638852478751,0
0,"A",0.386352375339099,-0.170015255986811,1
1,"A",-0.665873633993001,-0.238756874898768,0
0,"A",-0.75803821782433,-0.209809095516608,1
0,"A",-0.76894364810493,-0.447388440321787,0
0,"B",-1.27372417487622,-0.283939288749077,0
1,"B",0.403778961989128,1.11647691446703,0
1,"B",-0.105867800161198,-0.683757486981413,0
0,"B",0.676166526629628,-0.277375714190748,0
0,"A",0.51163881547294,0.820864588331772,1
0,"B",-0.669399219142881,-0.570026466396339,1
0,"B",-1.8763956748947,1.58380339807347,1
0,"A",-0.457734514892211,-0.371413525793171,0
1,"A",1.14459769033514,0.250573512672966,1
0,"B",-0.224305384044617,1.11476449246369,0
1,"A",-0.483511455857894,-0.770511678760819,0
1,"B",0.378344203180001,-0.343677087461418,0
0,"A",-1.23992973885614,-0.847372806698693,1
0,"B",-0.589850267706818,0.181969779525659,0
0,"A",-0.192507408649215,0.827757295106548,0
0,"B",-0.343382016520161,-0.133019459683887,1
0,"B",-1.51143683836524,-2.01114959023282,0
1,"B",-0.115989680744321,-0.823353445021352,1
0,"B",-0.707476339291468,1.39592562556133,0
0,"B",0.432260544304766,-1.25242038469064,0
0,"A",0.801726812323793,-2.0720405355353,0
1,"A",0.91417798841323,-0.602963330343101,0
0,"B",0.335289266970004,0.92982826529677,0
1,"B",-0.624132623300104,0.964040743173823,1
0,"A",0.00321397656057082,-1.27230084610207,1
1,"A",1.07815520445237,0.653336157826565,0
1,"B",0.520209295963447,-0.0941975415271369,0
0,"B",0.472968041367808,0.721700140657522,0
0,"B",-0.651052062759454,-0.873383303021364,0
0,"A",0.031331462423286,0.07587786092927,1
1,"A",-0.689285059761689,-1.57464585222085,1
1,"A",1.72099065358657,-0.490457661247679,0
1,"B",-0.11054993696659,1.44160565279934,1
1,"B",-0.807858500398102,0.556878708332022,0
1,"A",-0.296358429254768,-0.706325025506629,0
0,"A",0.157928218293187,0.937683621097509,1
0,"A",-0.161658716850712,-0.794734632271146,1
0,"B",-0.0288369820596834,-0.803304019499481,1
0,"A",-0.244262996465576,0.501304080745062,1
1,"A",0.684123915264355,-0.219383602079278,1
0,"A",-0.798086237386247,-3.05750798566684,1
0,"B",-0.627262407666556,-0.372831148721558,0
1,"A",0.560701473487632,-1.16552906144828,0
1,"A",0.0310616981935111,-2.17715883756593,0
1,"B",0.0377745023530834,-1.48947655282671,1
0,"A",1.65431456567529,-0.816934266026411,1
1,"B",-1.36660322211105,-0.368039775964056,1
1,"A",0.353422509741092,0.88845551886708,1
0,"A",-0.145873063799491,1.42663925295234,1
1,"B",0.121501703374336,-0.0898423056039419,0
1,"A",1.90622447222716,-2.18101293523354,1
1,"A",0.0329602641848972,-0.0625517504735899,0
0,"B",-0.459094535300122,-0.587440002834348,1
1,"B",0.202069047566133,1.76321335769618,0
0,"B",0.0411898360176561,-0.541179036619387,1
1,"A",-0.286046540885749,0.198872307339868,0
1,"B",-0.970523603137143,-0.396040640433645,1
0,"B",-1.16697553708287,1.10756485391531,1
0,"A",0.696213618876096,-0.564450750195148,0
1,"A",0.844099912026548,0.608107355546622,0
1,"B",-1.60921354242628,-1.06388568444754,1
1,"B",-0.741650708901122,1.59853917524494,1
0,"A",-0.68914498273974,0.255356124838103,0
0,"B",-0.832488949662942,-0.752657738690354,0
1,"A",-0.628775119167286,-0.915110210943589,0
1,"A",-0.105041599127596,-0.272156570846957,1
0,"A",1.38929629004519,-0.940971002017246,0
1,"A",-0.622478095018404,1.09914357445617,0
1,"A",1.22375777655669,-0.524570851872649,1
1,"B",-1.61769356723271,0.232046526427814,0
0,"A",1.44586840471598,-1.21358252805714,0
1,"B",-0.904550705824051,-0.648578429152338,0
1,"A",1.8088562094013,1.64673818934645,1
1,"A",-1.63199113523345,-1.1683074251149,1
1,"A",0.560345131308466,0.181176382289455,1
0,"B",-1.30970250932439,-0.78339101588577,0
1,"B",-0.408488359580115,1.60583135375274,1
0,"A",-0.347699735618131,-2.83925266325807,1
0,"A",-0.25509190792364,-0.824095887634364,0
0,"A",0.333616261522536,-0.289358879132694,1
1,"A",2.09589862100101,1.34041875873202,0
1,"B",-0.0655162937699981,0.731560090253413,0
0,"A",-0.132327914334315,-0.865734546923103,0
0,"B",-0.508466175834203,-0.779017611149198,0
0,"B",-0.607040534092132,-0.592105243367636,1
0,"B",-0.772631133350973,0.0913802439748608,1
1,"B",-2.31216288966537,-1.03328205398452,1
0,"B",-0.737198571410551,0.415321365253216,0
1,"B",-2.89874739865626,0.336490837668153,1
0,"B",-1.07055000792641,-0.218394539693013,1
1,"B",-1.02466952808439,0.363160936802481,0
1,"A",1.18901217232181,1.40110937224407,0
0,"B",-3.0071059991211,-0.652213146969286,0
1,"A",-0.499630350242212,-0.590660478823251,0
0,"A",1.66180381201269,-0.552260104004149,0
0,"B",-1.5180043654633,-0.604604172928754,1
0,"B",-0.190327487343252,-0.420900129258381,1
0,"B",-0.457816078822536,-1.58597860457654,0
0,"A",-0.143898919798934,-1.5943975736596,0
1,"A",2.20948266007553,-0.167004881503124,0
1,"A",0.361114592934488,0.840725237722268,0
1,"A",-1.85074764865069,-1.01964801213086,1
1,"B",-0.452767758380665,-0.194912030938314,1
1,"B",-0.027743214309094,0.847053474255032,0
1,"A",2.13200951028765,1.52909256775692,1
1,"B",1.02949471515397,-0.192326591975914,1
1,"B",-0.948439729592401,0.766097353667451,1
0,"A",-1.11822066341506,-1.46717108051656,1
0,"A",-0.723916270095439,-0.848032168433346,0
1,"A",0.507153158553838,-1.56259138735788,0
1,"B",3.30851898639671,-0.218486723016798,0
0,"B",-2.35419941258561,-0.712989228221374,1
0,"B",-0.865273046537028,0.305700138201562,1
1,"B",-0.378277840282183,0.49466660047533,0
1,"B",0.938341162263131,1.11472728223048,0
1,"A",0.437912041912042,0.326019560187373,0
0,"A",-0.509133876785365,-0.519237721828009,1
0,"B",-1.78756610416947,0.34187252853599,1
1,"A",0.409476233125034,0.0910383912773557,1
1,"A",0.948841554290054,0.111763748408466,1
1,"A",-0.813330394603914,0.858141855473629,1
1,"B",0.241657410622292,0.63341367070505,0
0,"A",0.357293001195754,-2.13187501832976,1
1,"B",-1.91632684713154,0.308972749528014,0
1,"B",-0.264006684174852,-0.650393838275487,1
0,"B",-1.28849690997647,0.985191764633615,1
1,"A",1.95491811271742,-0.9625306983055,1
0,"A",-0.929250496593614,0.555054545992692,1
1,"B",0.347257554076636,0.222336964544083,1
0,"B",-1.82851762288124,-0.297543632400894,1
0,"A",-2.30281261899889,-0.0785267948848893,1
1,"A",0.3335014959544,0.344631146060459,0
1,"B",-0.0217753105701804,0.766118185899361,1
0,"B",-0.215018230219073,-1.97831510347369,0
1,"A",1.86148435463045,0.0174421137498695,1
1,"B",0.792051065706393,0.202933650310915,1
1,"B",-0.97695269125693,-0.649870582979481,1
1,"A",-0.260010727524784,-0.517096280287618,1
1,"B",0.672917904796758,0.297252595717148,0
1,"B",0.519817749319104,0.589304291856193,0
0,"B",-0.83737832271427,0.258676646405375,0
0,"A",-0.851343525677743,-0.162326342791704,1
0,"A",0.867662706913715,-1.15242379397299,1
0,"A",2.6159788145849,1.19137981029869,0
0,"A",-0.446225080418577,0.749582015173064,0
1,"A",0.388378700892625,-0.276640890843292,1
1,"B",-1.28400345078208,0.364997734264975,1
0,"B",-2.06784535971093,-0.390615871597647,0
0,"B",0.375631013719943,0.327709235274829,0
0,"B",-1.62282017486877,-1.7643924231588,0
1,"B",0.41278869665872,-0.230763437475793,1
1,"B",-0.290220126131972,2.40340435770538,0
1,"B",-0.745958107972336,-0.500161059649969,0
1,"A",0.190807133771238,-1.19526259952624,1
0,"A",-0.942731070787092,0.322056512597308,1
1,"A",-0.330499182652791,-1.03142619160694,0
1,"A",1.40690196478607,0.960434427040726,0
0,"A",0.423962669410071,-0.905010253808922,1
1,"A",2.01957918899289,-0.798081308866013,0
1,"A",0.302542183808212,-0.777446735524794,1
1,"B",-0.478360426353981,1.00818358052733,1
0,"A",1.18243869621339,-0.659575292830992,1
1,"A",1.76403124866738,-0.0520945276044517,0
1,"A",-0.303488959801957,-1.25922529728788,0
1,"A",-0.541452399684014,-0.567363759017201,0
1,"B",-0.724292387863175,-0.165228672629031,0
0,"A",0.957817714113999,-1.56521083999577,0
0,"A",-0.560393380808835,-0.643759076812992,1
1,"B",0.541196951099329,0.786998787905152,0
0,"B",0.654293696389272,0.0226399061448138,0
1,"B",-1.09094935454378,0.531810736739276,0
1,"A",-0.882052780005963,0.238483969436517,1
1,"B",-0.358803477777661,-0.0812916394670633,1
0,"B",-1.4136070471085,0.438930096608939,0
0,"B",-0.13877303307267,-0.88386609405612,1
0,"A",-0.463889257684006,-2.01751533085303,1
0,"A",0.336493670604098,-0.882135699702846,0
0,"A",-0.497433500480419,-1.08698423158813,0
1,"B",-0.151435127965638,-0.814413493843684,1
1,"B",1.44849216832609,0.754385067503538,0
0,"B",-0.710182286145477,-1.57027700535408,0
1,"B",0.410581783290745,0.563261775982943,0
0,"B",-0.854742132989742,-0.510687096762781,1
0,"A",0.574460146979549,-2.28666984295577,1
1,"A",-0.900095185005558,0.672028154996897,1
1,"A",0.0154967708329432,0.63601464428249,0
1,"A",0.83463788800095,-0.940764547157993,0
1,"A",0.000906285635513426,-0.394834862573034,1
0,"B",-0.471708577898594,-0.597941586095412,1
0,"B",-0.743857516041872,-0.298390423466136,1
0,"A",-0.303637002592526,-0.950225229600777,1
1,"A",-0.687253901909368,2.58694517472414,1
1,"A",1.07062785163412,-0.673837281701278,0
1,"A",0.601635186742839,-2.04494810565153,0
0,"A",1.57236060817754,-1.71830620309915,0
1,"B",-1.4804609471831,-0.563783958849151,0
0,"A",-1.59795052627436,-1.33870821337023,0
1,"B",-1.88583686321673,-1.6329882147199,0
0,"B",1.04915043440062,-1.11043378796607,0
1,"B",-0.606510784467493,2.74236451712925,1
0,"A",-0.55263801367014,-1.2676936135286,1
0,"B",0.17519546267636,0.948435840368786,0
1,"B",-2.00184663221597,0.542609524528901,0
1,"A",1.18515225051059,0.105629156919538,1
0,"A",-0.146898762266528,-0.958914376767488,0
0,"A",-1.06069193441132,0.824423208955232,0
0,"B",-0.655666954658491,-1.01284094618595,0
0,"A",-0.206850448955825,-0.113027311144992,1
0,"B",0.698997665980327,0.452898176718471,1
1,"A",0.968907221983609,-0.223089407331546,1
1,"A",-0.669513489266828,-1.04945491672329,1
0,"A",-0.852952505298609,-0.125443073911952,0
1,"B",-1.37868818030349,0.939279335609913,0
0,"B",-0.851348311875802,-1.57280657629584,1
1,"B",-0.0899180525943111,0.856931256713353,1
1,"A",1.2555042551125,0.269190374604606,0
0,"A",-0.877004183682532,-1.20473385032166,0
0,"A",-1.07211266461369,-0.847843858524328,0
1,"A",0.632626499025146,-0.0168978380339377,0
1,"A",-0.334348265457261,0.177800020277413,1
0,"A",0.80835949045952,1.74639628755201,0
0,"B",-0.37201605814334,-0.940647540029211,0
0,"A",-1.41221430469136,-0.787143601106117,1
0,"B",-1.53298816217324,-1.38598356266308,0
1,"A",-1.67440323409264,-0.408743908926901,0
0,"A",-0.720083173441125,0.0444479313759835,0
0,"B",-2.08916111641135,-0.145643990296883,1
1,"A",0.503355947873537,-2.59132513148442,0
0,"A",0.728509743944629,-1.65486986362335,0
0,"A",-0.235520184849229,1.50722205028728,1
1,"B",-0.127530263506323,1.24091393484889,1
1,"B",-2.07814343253008,0.210679454778154,1
0,"A",-0.717383257145012,0.154126521127246,0
1,"A",0.424764482233427,-0.379716179959833,1
0,"A",0.351362372868559,-1.64845108121212,1
1,"A",2.52469938532782,1.50159335828767,0
1,"A",1.13386236814329,-0.141776031466965,0
0,"B",0.480416057982458,-0.608248292965005,0
1,"B",-0.283404058047742,0.65629411360094,1
0,"B",-0.617576277630889,-0.828729216239282,0
0,"B",-0.592000635250604,-0.644408865390541,0
1,"B",0.0649654359236157,-0.131627183785688,1
0,"A",0.890809728654683,-2.25937210840346,1
1,"B",-0.511124031195999,0.468818789940728,1
0,"A",-0.525695362686591,-1.12561848223459,0
1,"B",-1.46211900519957,2.67706494512348,0
1,"A",2.39328422218746,0.25594720496154,1
0,"A",1.45314654660935,-0.320814779986835,0
1,"B",-0.703764326084007,-1.67704655979655,1
1,"B",-0.864293867642161,1.2850656662865,0
0,"B",-1.94830262770568,2.18587153887167,0
0,"A",-0.924139823100705,-1.2830452307877,0
1,"B",-0.249586861624601,0.258800420137876,1
0,"A",0.172688736167732,1.21752256837219,1
0,"A",1.26157368279558,-0.730686039964181,1
1,"A",0.752199167660107,-0.466022457461125,1
0,"A",1.17755093500436,-0.41777518410041,1
1,"B",-1.08615716217281,2.39943640473283,1
1,"A",-0.688465068876653,-1.8366534556015,1
1,"B",0.0705895294496854,-0.122709756458159,0
1,"A",-0.0726330455383912,-1.12001488880033,0
0,"B",-0.922631793146401,0.0658303509227129,0
1,"B",-0.161595326715421,2.78858390430406,0
0,"A",0.112147216041698,-1.57887154338353,1
1,"A",-0.388184007290082,0.640386742240238,1
1,"A",1.62140913987283,0.735874426353972,1
1,"A",-0.316765079172065,0.384344845961401,0
1,"B",-0.398495258508157,-2.11815651744777,1
0,"A",-0.781044163726802,0.610332194923597,0
1,"A",0.68392592922007,0.389951682348491,0
1,"B",0.00566639182444728,1.88467263725411,0
0,"A",2.28634335329965,-0.703261013379746,0
0,"A",-0.919419759211586,-1.01198429076342,1
0,"B",-2.21809987281804,-2.33726754342134,0
0,"B",-1.30934536053372,0.904876984668333,1
1,"B",1.59669369399823,1.52185876369673,0
0,"A",1.11311461714339,-0.430653081840325,1
0,"B",-0.00112781451512944,-0.419577167104244,1
1,"A",0.832562997720042,-2.3900371085829,1
1,"A",0.578699025863563,-0.507850277067585,0
1,"A",1.48698522839129,2.24112036262052,0
0,"A",-1.87977150306101,-0.965495156042577,1
1,"B",1.10329110037746,-1.20009849772092,0
0,"A",-0.19541262247626,0.749139411148368,0
1,"B",2.38410582008837,0.941015727438329,1
1,"A",0.882128388629848,-1.23903009088233,0
1,"A",0.296115409144252,3.13230111946588,1
0,"B",-2.61866536356594,1.23106653254645,0
1,"A",1.40475083121019,-0.187475353259817,1
1,"B",-0.979477085967384,-1.18610926793081,0
0,"A",-0.097769469753604,-0.719734438573903,0
0,"B",-0.734299782145223,0.00226193940619918,1
0,"B",-1.38966253255941,0.881784270853911,1
1,"B",-0.639974426248201,1.29083732956916,1
0,"B",-0.922724992400819,0.987134563644126,1
1,"B",0.623929325289994,-1.16798979807042,1
1,"B",0.77906315329092,-1.02528753067962,1
1,"A",0.35416337999181,-1.33315374321428,1
0,"B",-0.647725734092096,0.823202951809777,0
0,"A",0.0670533892288955,-0.706130333836834,1
0,"A",0.490526639485272,0.581687787616736,1
0,"B",-1.23922177610948,-0.127791115609993,0
1,"A",-0.558327304715083,0.532611409638709,0
1,"B",0.317601272788769,1.61075809522104,0
1,"A",0.448762226442689,-0.625045465782647,1
1,"B",0.0993981930870341,0.91862601557952,1
0,"A",-0.897958671963328,-0.839383718197785,1
0,"B",-0.541080798043411,-1.00963733592703,0
1,"B",0.964570172636926,0.960403509426531,1
1,"A",1.25116896469122,-0.267041148314715,0
0,"B",-1.37752778175006,0.360109261904077,1
1,"A",0.127649682584012,-0.0308110850769934,0
0,"A",-1.00792255177602,1.13355017148977,0
1,"B",-0.0347021983651724,1.70100621041959,1
1,"B",1.66566400629121,1.19438126569878,0
0,"A",-0.721696352605907,-1.02126313344169,1
0,"B",-0.171251134032586,-0.357021780030251,0
0,"A",-0.596250358193734,0.60034259368576,1
1,"A",1.45510279887556,-0.287094312074296,0
0,"B",-0.997736062503698,-1.91975084658274,0
0,"B",0.0104267098851804,0.768367939685739,0
1,"A",1.89914737445072,0.0691005273497614,1
0,"B",-0.845411254118846,2.22511240297674,0
1,"A",1.42686898444602,-0.167499017428896,0
1,"B",-1.47826623237044,0.241747665490369,1
1,"A",-0.615507665101299,-1.43416090620334,0
1,"B",-1.10104650410396,-0.0505385740452211,0
1,"B",-2.07596306212077,1.67696406955238,1
0,"B",-1.23485447070564,-0.418586201294354,1
1,"B",-0.249413700550816,-0.566603034221043,1
1,"B",-1.69650457049656,0.0874521913529493,1
0,"B",0.416468196902936,-1.81025880752599,0
1,"A",0.624275852829898,-2.42825476232634,1
0,"B",-0.732837601194523,0.202255868488392,1
1,"B",0.341685370742774,1.04185292258275,1
0,"A",0.430587415542825,-1.76745399677929,1
1,"B",-0.229597433259202,1.24743558528824,0
1,"B",0.0191357375836138,2.12256836364586,0
1,"A",0.0141068444406574,-1.62715568339193,1
0,"B",-1.35329806316238,0.592729312962747,0
1,"B",0.572445291231892,0.00021595288113832,0
0,"A",-0.237593988846618,-1.77490048274563,0
0,"A",0.219842029406107,-0.293842823040512,1
0,"B",-1.76635076326249,0.144640255850372,0
0,"B",-1.47114050238129,-0.83011332489962,1
1,"B",0.394722754872648,1.55426104012365,1
1,"B",-0.385177360796229,2.30059354066282,0
1,"A",0.74276686403817,0.868854336659597,1
0,"B",-0.993626604162802,-0.560422584528779,1
1,"A",1.34493733164926,-0.870088917529351,1
1,"B",0.233380796814695,0.302640380107629,1
0,"A",0.97019062694538,1.41214113433102,0
0,"B",-0.649700239097023,-0.626440314009261,0
0,"B",0.469832945969961,-0.288623685463345,0
0,"A",-0.667270049250756,-0.267789478124556,1
0,"A",0.359830181496736,-1.204990102822,0
1,"B",0.0433578487283298,0.258060750628767,0
1,"B",0.388504871239716,0.853257004474304,0
1,"B",1.57301521772695,-2.16300967525219,0
0,"A",-0.0804059063224866,0.155899208778776,0
1,"A",1.8585439672124,0.778185911787323,1
1,"A",0.237822381195638,-1.65265627742853,1
0,"B",0.318033266486773,-0.621061013082994,1
0,"B",-0.525980309624077,-1.22317318759031,1
1,"B",-0.442033969019938,0.462945463080052,0
0,"B",-2.38940671474892,0.142073824405177,0
1,"A",0.271064253030195,-1.01902225892469,1
1,"B",-0.875661602584534,-1.085239254416,0
1,"B",-2.45300004317879,1.75490696463209,1
0,"B",-1.93943321957919,-0.426563277995759,0
1,"A",-0.441944875247353,-1.74724824847475,0
0,"B",-0.612077925755001,0.11615653469474,0
0,"A",0.431994670233726,-1.07196797133762,1
0,"B",-1.19957358117115,-1.03309087432259,0
0,"B",-1.76972558897817,-0.0716893332185307,0
1,"B",-0.33185278598745,1.73513365755804,0
1,"A",0.313731671399557,0.239533172311996,1
1,"B",0.152052705753207,0.986302793720427,0
1,"B",-1.48374172266606,1.24211215413846,0
1,"A",1.19980135144954,-0.780906921804265,0
1,"B",-1.78040407061826,0.421102669917957,1
1,"B",-0.573720145684068,-0.331436085002212,0
1,"A",0.606511403049342,-0.313500557538541,1
0,"B",-1.74920827617768,0.214549525473008,1
1,"A",-0.121974402338204,-1.98458138281875,1
0,"A",1.60729318188868,-1.69173934067093,1
1,"A",-1.5428250452623,0.099340177540783,0
1,"B",0.0989553768160537,-1.03295478325136,1
1,"A",2.68915585429452,-0.925597800925623,1
1,"A",1.50243045532434,-0.519358928342506,0
1,"B",-0.178141555145345,-0.106711882676461,0
1,"B",0.156319376518699,-0.167049039473896,0
1,"B",-0.60797354143968,1.23609683375808,0
1,"B",-0.191131347193116,0.385007185150293,1
1,"B",0.812742264445526,1.28570211776317,1
1,"B",-1.14101927772839,-0.963412883933431,1
0,"B",0.515563190247512,-0.883799977710729,0
0,"A",-0.684713340181313,-2.46148963998811,0
1,"A",-1.2166864634227,0.521310296456721,0
1,"A",-0.716500741452106,-0.06389299924738,0
0,"A",0.622706055639338,0.52349243262952,1
0,"B",0.538151375816611,-0.248326905922758,1
1,"A",0.396990070290631,0.226919304200598,0
1,"A",-0.119430831954294,-0.529929218262209,1
1,"B",-0.638486002265096,-0.407180711687448,0
1,"B",-0.5519414020021,1.00171333996016,1
1,"B",-1.00513966105269,-0.273210796012471,1
0,"A",-0.594910216123928,0.606592581055727,1
0,"B",-2.69101589775024,1.00070905131692,0
0,"A",0.266170631566861,-0.18155889219955,1
1,"A",0.400265424290088,0.0282433563743065,1
1,"B",0.732798228318263,-1.2014844278322,1
1,"A",2.46379554462162,1.82390624281338,0
1,"A",0.720895750186316,-0.740667207277525,1
1,"B",-0.673474486911108,0.304143000976254,0
1,"B",-1.09249546397104,-1.52058534050448,1
0,"B",-1.52449788512188,0.0482527792776611,1
1,"B",-1.41983181578909,1.30208323703337,1
1,"B",-0.211052463272842,-0.801181262428872,0
0,"B",-1.45095058979447,-0.488452348262446,0
1,"A",0.895039320147165,-0.252332604531081,1
0,"A",-1.46981589985125,-0.215801480421891,0
1,"B",0.796097992074445,0.716213825372608,1
0,"A",-0.412500888458797,-2.54010454946776,0
1,"A",1.11743106157783,-0.450799480598997,1
0,"A",-0.582401843786699,-0.884131659180116,1
0,"A",-1.76377604852765,0.687709208711625,0
1,"B",1.6163459769385,0.664739652297709,0
0,"B",-1.1215731087075,-0.901353373603461,1
0,"B",-0.801851858761771,-0.211013033353569,1
1,"A",0.300027010341858,0.128953323794069,1
0,"A",-0.34045122200045,-0.477669502471724,1
1,"B",-1.2389787471114,1.07229815480882,0
1,"A",0.344616398013664,-0.304611493553689,1
1,"B",0.13710868728688,-0.625865871797665,1
0,"B",-2.60718761691771,0.90179447861296,1
1,"A",0.535720971687502,-0.515868079186564,0
0,"A",0.625468040383501,-0.690945625755913,0
0,"B",-2.9086043422144,0.817548045370414,0
1,"A",-0.231134715637658,-0.273306506571076,0
1,"B",-0.871634861952102,-0.242528977483834,1
1,"A",1.76674948421339,0.309156013727317,1
1,"B",-0.818461599388675,-0.00622526086225575,1
1,"A",1.7568816808242,-0.290674143102099,0
0,"B",-1.99265858901288,-0.23707274055775,1
0,"B",-0.0239390344905647,0.305249972437427,0
1,"A",1.5414278370602,-2.19004917771928,1
1,"A",1.32225135543951,0.0510319777774687,1
0,"A",-0.460060733551872,-0.636168572713593,0
0,"A",0.211637873753752,0.706049963376382,1
0,"B",-1.86319395779776,-2.19141909422771,1
0,"B",-0.342665582482211,0.697901273943019,1
1,"A",0.735358331209121,0.174805694747204,1
0,"A",-0.133964845129548,-1.48182124198619,0
0,"B",-0.548737978534898,-0.0162306269860508,0
0,"A",-0.11205287260726,0.628148043907785,1
0,"A",-0.252343589388554,-1.22059905309661,1
0,"A",-0.519627337088806,-0.241461923313572,1
1,"B",-1.22645782853492,1.19229083804677,0
0,"B",-0.0321791383835442,1.42062194437143,0
1,"A",0.574405269298847,-1.22990586851851,1
1,"A",0.926152084721263,-1.36925410087843,0
1,"A",-0.551907684330104,-0.664421037242636,1
1,"A",-0.568853060333853,0.854473804702839,0
0,"B",-2.00804277227827,-0.947090623482211,0
0,"A",0.175560668327194,0.578955635134456,0
1,"A",-0.332374925749381,-0.188331162675686,0
1,"A",0.168169448507612,-0.602338324367428,1
1,"B",-0.557625919651958,1.44365635617215,1
1,"B",0.862564869625097,1.4897381201756,1
1,"A",0.791569394826959,-0.48344266554852,0
0,"A",-0.467537027243611,0.921373962696068,1
0,"B",-0.807274501811589,0.648350077537876,0
0,"B",-0.627581052021418,-0.52615613784485,1
0,"B",-3.15192768952581,-0.470269799026548,0
0,"A",0.176081765277006,-1.37602890626108,0
0,"A",-0.638237848022809,-2.24112640809202,0
0,"B",0.754859760512445,-0.389268665669138,0
1,"B",0.198239656192169,0.667819821096032,0
0,"B",-1.23620823529615,0.0439100852009774,0
1,"B",-0.344999154648817,0.648539713582623,0
0,"B",-2.01241421666515,0.581537370431928,1
0,"A",1.21433113612596,-1.31230600779618,1
0,"A",0.508821673926827,-1.28455441821038,0
1,"B",0.0136473575855859,0.0862733560765862,0
0,"B",-0.703462563277792,-0.701563328663856,1
0,"A",-1.10180787921185,-0.392603082030302,1
1,"A",1.52849956602205,0.169808943597319,1
1,"A",1.42530530868894,-0.574794107790468,1
0,"A",-0.907800233739532,-0.507438872842453,1
0,"A",1.42966151084577,-1.19697403366828,1
0,"A",-0.219596868321473,-2.01290702071748,1
0,"B",-0.041528918179828,0.0213020903682433,0
0,"A",-1.33695521649331,-1.22989749731416,1
0,"A",1.49048396156263,-2.14162370748157,1
0,"A",0.470216044882632,-2.40608819530127,0
1,"B",0.292216475173491,0.214275972668064,0
1,"B",0.621901071230601,-0.794776586562401,1
0,"A",-1.93140034544877,0.442702094495047,1
0,"A",0.377166286226219,-0.745026203802691,0
1,"B",-1.48097871051396,-0.298912687837338,0
1,"A",1.01082817042198,1.03179769670063,1
1,"B",-0.25681574860626,2.97830847995413,1
1,"B",0.557197658942959,1.7787935053222,0
0,"B",-2.47285450194458,-1.54066845556551,1
1,"A",1.80337127423898,-2.60987795282641,0
0,"B",0.679333472978165,-0.430675263393259,1
0,"A",-0.12543120189214,-0.402712522421778,1
0,"A",1.01689586897147,-2.50603156194053,1
1,"A",-0.654117493189726,-0.474641736001755,1
0,"A",0.0246970009020242,-2.72753263844574,1
1,"A",1.05285764462776,-0.366017456335376,1
0,"B",0.0221638736064228,0.490603374688674,1
0,"A",0.158803752409307,-1.65826433336178,0
1,"A",1.57512536739386,-0.790296105887773,0
0,"A",-0.029425241901902,-0.423492919028197,1
0,"B",-0.210272608631352,-1.12231691052273,0
0,"A",1.80330731404182,-0.616839890175967,1
1,"A",0.610123403179155,0.607292582149365,0
0,"A",0.182425302030265,-0.944594172844941,1
1,"A",-0.189716810768453,0.416407386777084,1
1,"B",-0.0650537530220739,1.83890372532195,1
0,"A",1.72411944220748,-0.292664090964259,1
1,"A",2.32143218291388,-1.68852051906931,1
1,"A",0.0239417663671164,-1.48652762417432,1
1,"A",-0.482438299379348,-0.183519223521638,1
0,"A",0.464064138292366,0.0240909861232559,1
1,"A",0.89199189815644,1.93480971905097,1
1,"B",0.331532048841127,-0.354803190532602,0
1,"A",-0.862929664061828,2.33030508455427,0
1,"B",0.334736903888472,-0.680881436232404,1
1,"A",1.23230080935045,0.282013766098023,1
1,"A",0.781524275393404,-1.05543690623648,1
0,"A",0.713753088687547,-1.80285779967439,1
0,"B",-1.33422028559544,-0.361784168827637,1
1,"B",0.444120801865137,-0.179878447373054,1
0,"A",2.13086526375465,0.896627854513676,1
1,"A",1.07663399206703,0.784697756154892,1
0,"B",-1.92472593717735,-0.108372882946309,0
0,"A",0.052647367626073,-1.14843668115535,1
0,"A",0.684052101308136,-3.83365932626041,1
1,"A",0.40003957641532,-0.687510182053967,1
1,"B",-1.37181713736764,-0.0498814591433043,0
0,"B",-0.547866954620666,-0.0768072500915327,1
1,"A",2.75246463917151,0.29347466957888,1
0,"A",1.18289728924275,-0.750762164618272,0
1,"B",-0.0690526570975015,1.22450250773828,1
1,"A",0.763922640401,0.330172492245399,1
1,"A",0.26824310360825,-0.542142648863215,0
0,"A",-1.63255837601265,0.758469709795493,1
1,"B",-1.57340282195692,2.27862938950698,1
1,"B",-0.643604756455932,1.17871365785015,0
1,"A",1.69617484835096,1.05852978474973,1
1,"A",1.98491410799391,0.910939340956072,0
1,"A",1.93229927987572,-1.46909869410265,0
1,"B",0.521482185045852,-1.38652380005999,1
0,"B",-2.48015150531559,0.0656648461674914,1
0,"B",-0.0369644535195438,-0.380338551892204,0
0,"A",0.332802794811589,-0.734361491454789,1
1,"B",0.945288851551648,-0.582443222814704,0
1,"B",0.139020922906694,0.780995832064094,0
1,"A",-1.09655468176216,-1.23036556919869,0
0,"B",0.440555862166977,-1.13876115928161,0
0,"A",0.0684111638634685,-1.61831215759554,0
0,"A",1.53830771963645,0.721531662780934,0
0,"B",-2.58954767634445,0.293416293485961,1
1,"A",-0.486883649710226,0.544096432987953,1
1,"B",-1.26703177159096,0.918529777766031,0
0,"A",-0.612499776294785,0.394649708335416,0
1,"A",0.441022698958336,-2.89767724165088,1
0,"A",-0.200015007609169,0.141050620039335,1
1,"A",0.906687615758824,0.309036183482477,1
0,"B",0.477743917602156,0.983605853585998,0
1,"B",0.00776361255498459,0.566118783992861,1
1,"B",0.098097491798834,1.00560170855535,0
0,"B",-0.524109408649106,-0.0183859803670179,0
0,"B",-2.07240537932808,1.12791375528896,0
0,"B",-1.49682172365897,0.0156049494034829,1
1,"A",1.56875542766968,0.281227939248359,0
0,"A",-1.50856317016285,0.512172118843868,1
1,"B",-1.07741459556005,0.283250839376996,1
0,"B",-1.57302931861287,0.72470191814455,1
1,"A",2.24342611221358,-0.208382699121296,0
1,"A",0.318713877399012,2.06691376272102,1
1,"A",1.2846435796276,0.775234500333797,0
0,"A",-0.302795935013136,-1.4687975986268,1
0,"A",1.17869765373033,-1.16206320740877,1
0,"B",-1.7945010493692,-0.404360149944197,0
0,"A",1.15176655807145,-2.6150851861608,0
0,"B",-1.51406057280679,-0.8327475115013,0
0,"A",1.06478148056162,-0.247955531793529,1
0,"B",-2.23565262834645,-0.0776203804756063,0
0,"B",0.31114694591302,-1.50300534269581,0
1,"A",1.06681814142202,1.24420513091603,0
1,"A",-0.518839751106343,-0.477793979106479,1
0,"A",1.14781054938416,-0.652946902440066,1
1,"B",-0.709267540313028,-0.32793900400064,1
1,"B",0.720395718232681,1.20117170949437,1
0,"A",0.141897506237633,-1.07762638192795,0
0,"B",-1.2044066445626,0.722055694058299,1
0,"A",0.441071279174443,-0.173597732839799,1
0,"B",-2.39214164169058,0.410429613017787,1
0,"A",-0.279940029785516,-1.48506645765136,0
0,"A",-0.877618906174766,-1.43451917262181,1
1,"A",-0.244299791005296,0.687948900999432,1
1,"A",-1.13728686486767,-1.08600944195553,0
0,"A",1.27079893617322,-1.06785963019374,1
1,"B",-0.715563171391456,1.77906624294144,0
0,"A",-0.647060439522335,-2.55195290918105,0
1,"B",2.11534187373625,-1.01772634561243,1
1,"B",-1.31737291171637,0.191490597498902,0
0,"B",-0.868891073570288,0.0585322971108504,0
0,"A",-0.215372530451235,-1.74198304062211,1
0,"A",-0.64406665357295,-1.83781653884239,1
1,"B",0.887258628830432,-0.743073341184359,1
0,"A",-1.14410952924461,-0.0220044069917962,0
0,"A",1.01785181467326,-1.57237524571682,0
0,"B",-1.53805834705875,-0.421476857368194,0
1,"B",-1.26080043373332,1.52940159836398,0
1,"B",0.753672063460885,1.14741424810559,0
0,"B",-0.4696456213412,2.05601490637669,1
1,"A",1.33580652138634,-0.340884824388053,1
0,"B",0.253345885238952,0.667254932796969,0
1,"B",0.142677550995457,-0.201584833265269,0
0,"A",-0.186757801042412,-1.34139991426485,0
0,"B",0.961982928097867,0.956098462005068,0
1,"A",2.09566936672969,0.30799747228789,1
0,"B",-1.06986820417035,0.705074581724195,1
1,"A",1.59124925958381,-1.42553919457827,1
0,"A",0.706769999516346,-1.04849820277122,0
1,"B",-0.27997834574354,-0.0477855880034405,1
0,"B",-2.57573915679623,0.629342097745589,0
1,"B",0.494308713474326,0.18679969524379,1
1,"B",-1.73293669733588,1.17372970856364,1
1,"A",-0.500663240275134,0.267421203889016,1
1,"B",-2.68773858825977,-1.32043674112554,1
0,"B",0.00607429136576276,-0.203747096990897,0
0,"B",0.156857441855929,0.896395402689964,1
0,"B",-0.859092290183378,-0.17398081211233,0
0,"B",-0.38976358964904,0.287815342624364,1
0,"A",-0.00311146719869876,-1.9612874388044,0
0,"B",-0.972475635517077,-1.45471266037701,0
0,"A",-1.71851186247838,-1.18442320478823,1
0,"B",-0.338005824362754,1.46987199563141,1
0,"B",-0.995859507399048,-0.948512527081909,1
0,"A",0.272649503535526,1.17348233958544,0
1,"A",0.672206996929885,-0.605542740744546,1
1,"B",-1.23585531413548,1.3707234722483,0
0,"A",-0.935786855103268,-0.243603473012478,1
1,"B",0.143506407375912,-0.972630423504032,0
1,"B",-0.542247029984881,1.16876067668613,1
1,"A",0.845486876876176,-0.467774103585804,0
1,"A",0.855263336406924,-0.382110958880047,1
1,"B",0.663309431364631,-0.137212109307113,1
1,"A",-1.20859268038486,-0.36291914094071,1
1,"A",1.20966928877628,-0.064940200674487,0
0,"A",-0.436439056020696,-1.0233997512222,0
0,"B",-1.61437858955645,-0.859127334324762,0
1,"A",-0.213370279645565,1.42175500519911,1
0,"A",0.971568661778221,-1.09859803834197,0
0,"A",0.8622399947288,-0.253817174388792,1
1,"A",1.41450815782142,0.197751300653065,1
0,"A",0.331269232743555,0.968619643468128,1
1,"B",-1.48593969769237,-0.130444002539881,0
1,"A",1.54517163045785,-1.35774254898045,1
0,"B",-2.16556666179715,-0.177985771266742,0
0,"A",2.61840624634228,0.0981453175551207,1
1,"A",1.67298191112299,-1.53378710760406,1
0,"A",-1.46854202108387,-0.364342562948269,1
0,"B",0.359335906346301,0.769180465911114,0
0,"B",-0.23825563866215,0.799936039939941,1
0,"B",-0.297809355077074,-0.344046968229049,1
1,"A",-1.57759918161885,-0.591403122395861,1
0,"A",-0.446438727905926,-0.375874496599993,1
0,"A",0.262074485138452,0.0816090394149213,0
0,"B",0.392345943675162,0.433706719978845,1
1,"A",-0.319777943197888,-0.155283609398265,0
1,"A",-0.104330702842787,-1.20830314390536,1
1,"A",0.422007529746959,2.14509400355862,0
1,"A",1.06637460031543,-2.29925021747533,0
0,"A",0.972621456598923,-0.70976440712249,1
1,"B",0.200046736010287,-0.0525094214234554,0
1,"B",-2.17811864322487,0.216409604870725,0
1,"B",-0.508196520509582,1.47898495020729,1
1,"A",2.93280994874824,-1.10074353279393,1
1,"A",0.680136192032865,1.01139280821984,0
0,"A",-1.74724557416487,0.499410501346292,1
1,"A",-0.807527953126941,0.177878903779059,0
1,"B",-0.42506147669123,0.495783777037031,0
1,"A",0.41183827494394,0.0958758182601151,0
0,"A",-0.754166564337338,-1.21850392707237,0
0,"B",-0.910338936492204,0.0781335677112748,0
0,"A",-0.1283173141213,0.191309516927012,0
1,"B",-0.298105399561122,-0.442012049893633,1
0,"B",-2.65024968112197,0.117605093324087,1
1,"B",0.281160193418663,1.66913099314132,0
1,"A",0.315728464778,-1.06200617084555,0
0,"B",-1.3729729143242,0.821372387578794,0
0,"A",1.50449993697752,-1.46358476963344,1
1,"B",0.848790876822158,-0.65760437520087,0
1,"B",-1.68877024107312,1.5638948236753,0
1,"B",0.657313077405552,0.00136878695133888,1
0,"B",-1.30863218244677,-1.07318406687027,1
0,"A",-0.420430645365975,-1.44446445300309,0
1,"A",2.71325968902708,-0.728653508815213,1
1,"B",-0.020647524046465,0.656755266331921,1
0,"A",-0.528041869904619,0.08688104763099,0
1,"B",0.381082732845151,-0.52255609268556,0
0,"B",-1.65358594777736,2.22870696909388,0
1,"B",2.61748487192439,1.19832750892249,0
1,"B",-0.154610456646975,0.265369015288135,0
1,"B",-1.06976647330684,-0.0211074753941302,1
1,"B",-1.64300658248855,2.20077541881255,1
0,"A",0.168834699408238,-2.18798891346841,0
1,"A",0.912635504945458,-0.361808512819305,1
0,"A",0.565307905608659,-0.219271535289429,1
0,"B",-1.38760275065198,-2.25715931134226,1
0,"B",-1.41521460286465,0.301458577764077,0
1,"A",0.466011853952617,-0.209855839094131,1
1,"A",0.956753826871332,-0.940076171362654,0
0,"A",0.391014608792976,-2.81141080651922,1
1,"A",1.49794694016175,-0.130130227748959,1
0,"A",-0.282059671755553,1.24982254086567,0
0,"A",0.769859306943359,0.0839089181467492,0
0,"B",-0.948195160934312,0.354433954390526,1
1,"B",-0.073614840229334,-0.208340780585737,1
0,"A",0.0583619487004126,-0.633232979456126,0
1,"B",-1.79691269589455,-0.394413545033418,1
0,"A",-0.365101195140987,-2.61241646223335,0
1,"A",1.52368522559336,1.07147064194309,1
0,"B",-1.38539045849874,-0.0741771569546972,0
0,"A",1.66523403544592,-1.07324241179374,1
1,"A",-1.42052704846377,-1.91938110960398,0
1,"A",2.17815989801044,-2.2347660897573,0
1,"A",-0.0583751255770368,-0.627178507756497,1
1,"A",1.30083191044591,-1.68467481938568,1
0,"A",-2.33547557895578,-0.366178454443759,1
0,"B",-0.875819168550995,1.4666392773095,1
1,"A",1.21226234400988,-0.856160271671794,0
1,"A",1.2856788958197,-1.26249130459842,1
1,"A",1.8905344013078,-1.92570514653937,0
0,"B",-2.9574292066325,1.33689692169192,1
1,"A",-0.677173408434853,0.338168548094206,0
1,"A",0.657761772789542,-0.797623356569874,1
1,"A",0.0552822222404366,0.152029908067921,1
1,"B",-0.000803746683327555,-0.263636766784338,1
0,"B",-1.11534826851531,0.0665592003907511,0
0,"A",1.20870396738553,-1.71142575217087,0
1,"B",1.33613145874663,0.387322611773785,0
0,"A",0.0218025859704213,-0.0695024263388346,1
0,"B",-0.166006613797417,0.337475463670237,0
1,"A",1.84899167063967,-0.698348178099197,1
0,"A",0.263868390684012,-0.837482219856771,0
0,"B",-2.08957194059376,0.407884041426814,1
1,"B",0.801574751680725,0.447885815892013,1
0,"A",-0.518986807277349,-0.832235454676194,1
0,"B",0.830510214347352,-1.11951954509505,0
0,"B",-1.48557177625158,0.855755192629462,0
1,"B",-0.301719440691078,0.781713634086491,1
1,"B",-1.33508129609407,1.04885593868515,0
0,"A",1.98793559147762,0.487578191046525,0
0,"A",2.34379988418232,0.609326513183329,0
1,"B",0.935116222515815,0.358258482912974,1
1,"B",0.686326461576998,0.289070252497886,0
1,"A",1.11924757375508,0.156247337015985,1
1,"B",-0.951935928803642,0.723487563702978,0
0,"A",-1.47373919428819,-2.77378791966923,1
1,"A",-1.42597123966559,-0.519148259200999,0
1,"B",0.620719677016839,-0.6194143215742,0
0,"A",-0.643140789196504,1.51822459673806,0
0,"A",0.384979843494166,-2.58911058805402,1
1,"B",0.264588253834639,0.197730137946231,1
0,"A",0.474227439399304,-0.936469312210382,0
1,"B",-2.09034198141675,0.561026824410972,0
1,"A",0.140376255411572,0.803790551903866,1
0,"A",-0.140999757449661,-0.250009348649909,0
1,"A",0.289887884631395,-0.65239644394295,1
1,"B",-0.420065991276296,0.291642008254012,1
0,"B",-1.17241059470089,-0.549099821026548,0
1,"B",0.287815227746442,0.196774348489188,0
1,"A",0.280498552909462,0.171605113365411,1
1,"B",2.25885988242734,0.424752604572867,0
0,"B",-1.09447162616003,0.0359517934658914,1
0,"A",1.32423068375665,-1.22034366676653,1
1,"A",0.116429462065922,1.03309540844002,1
1,"A",0.318893519225705,-1.79293483606586,0
0,"B",-1.01442829186498,0.633183977078892,0
0,"B",0.372195345243582,-0.557784371137506,1
1,"A",0.0850516245192638,-0.86686009310079,1
1,"B",1.97168648996486,1.33394734768229,1
0,"A",0.54587610399237,-1.3808505494582,0
1,"B",0.515032655314164,-0.344195666013598,1
1,"B",0.875459729383103,-0.834191563831102,1
1,"A",0.0490065751470555,-0.265950253733163,0
0,"B",0.381804424413145,0.409410991214728,0
0,"B",-1.61708489195311,-0.213920866005933,0
0,"B",0.930185597311125,-0.269168397624979,0
0,"B",-0.351561134219675,0.607146594582204,0
1,"A",1.74609550002893,-0.0418749562597052,1
1,"A",-0.386528355599712,0.451528409251398,1
1,"A",-0.0253618241539124,0.797486230157551,0
1,"A",-0.339295119127915,-0.84163857147454,1
1,"B",-0.0337699884875323,0.0669154787884273,1
0,"A",-0.394486113297859,1.20280943717136,0
1,"A",0.450428947065444,1.62325673924948,1
1,"A",1.39608450736229,1.11682549754806,1
0,"B",-1.93721578577053,-0.0879306534836001,1
0,"B",-0.990775802237453,0.0130811944756994,0
1,"A",-0.244265270792453,-0.0131952636787508,0
0,"A",0.457933023604403,-1.00581156981162,1
0,"B",-1.82812175124774,1.41845800789178,0
1,"B",-0.946210373693533,-1.94723002523635,0
0,"A",-0.870930874550867,-1.01353748587637,1
0,"A",-1.66456689133343,-2.57422918589729,1
0,"A",0.420951669269847,-0.646362689786328,0
1,"A",0.579074483119673,0.493640073573134,0
1,"A",1.24579806180985,-0.501490450983127,1
0,"B",-1.08874154811577,0.366271617906568,1
0,"A",1.29097511969598,-1.66137409659831,1
0,"B",0.73685739405999,-0.0757370730417093,0
0,"B",0.169307727711179,0.519921335597036,0
0,"B",0.808095510187685,-0.387462662630875,0
0,"B",-2.43355877619154,-0.165872143237384,0
1,"B",-0.633748370557753,2.33713273388546,1
1,"B",0.15855419280297,-0.608270338778166,1
0,"A",-0.511239615283886,1.64885763965129,1
1,"B",-1.54368190559449,-0.232750541410545,1
1,"B",-1.18532220196632,-0.00582958125063432,0
1,"A",-0.925214756368628,1.21745659573658,0
0,"A",2.59454754000961,-1.47470003323157,1
1,"A",1.35373086648041,-1.20649471657196,1
0,"B",-0.367422548594719,-0.13725002358268,1
1,"B",0.260534551889236,2.19523645262202,0
1,"B",-4.175893098035,-0.766210995288765,0
0,"A",1.11119213405138,-0.643522068551184,1
1,"B",1.46307597803265,0.501813685022094,0
1,"A",-0.413378647898153,-0.826352510858452,0
0,"A",-0.781209663616607,-1.05534149866946,0
1,"A",0.589990437356763,1.12525594247498,0
0,"B",-2.09469345914864,-0.876219523665144,0
0,"A",0.782173339441113,-0.273987720088503,1
1,"B",0.45968169630934,0.133940943907232,1
0,"A",0.119906089852815,-1.33936682418408,1
0,"A",-1.05901499775632,-2.14320139141835,0
1,"B",0.347076061953217,0.627759712604553,1
1,"A",1.02660495984576,-2.65922959049824,0
0,"A",-0.328189434871643,0.0630893425018919,0
0,"B",1.04562278278035,-1.44363204350433,0
0,"A",-0.105107290504259,-0.315148882062812,0
1,"B",0.173403580448086,0.178429401219555,0
1,"B",-0.632209411084128,-1.93078351698586,1
0,"B",-2.02256747717692,0.584201314501657,0
1,"A",2.18589283578162,-1.9293795856956,1
0,"A",0.023757379125456,-0.94176679975782,0
1,"A",-0.177169190606756,-1.98056673576887,0
0,"A",-0.863302814895834,0.390466711379951,1
1,"B",0.00328814617863371,0.734955292482618,1
1,"B",-0.310524488889429,0.287738834388241,0
1,"B",-0.0720194961692521,2.38039784900254,0
0,"B",-0.342635642700325,-0.613895149749504,0
0,"B",0.506891785123279,0.182421542958659,0
1,"A",0.577792571629292,-0.409676239353237,0
1,"A",0.717913255612618,-0.923547395193807,0
0,"A",0.250279178753233,0.215350051196212,1
0,"B",-0.571083842229434,1.34530489092532,0
0,"B",-2.2763243922023,-0.211717590527445,1
0,"B",-1.18955094525014,-0.950261088064699,1
0,"A",1.0099936896376,-0.0275976587520679,1
1,"A",1.01357273196146,-1.21743934003231,1
0,"B",-0.806786200602131,0.868225414988379,1
0,"B",-1.4140869138886,-0.424940580112365,0
0,"A",-0.548298442164312,-1.00510976102221,1
1,"B",0.68482436226026,-1.97955649114064,0
0,"A",0.452639413705043,-0.350896196759163,1
1,"A",0.44501740387574,0.398782122839603,0
1,"B",0.750354068561679,0.102390664890005,0
1,"A",0.294173390977017,-0.34270061968654,0
1,"A",1.69402113090867,-1.64578531617454,1
1,"A",-0.385384925365746,-0.0913798243440327,1
0,"B",-1.67558052881346,-0.0431283824608324,1
1,"B",-1.39715937827511,0.140159931251718,1
0,"A",-0.708844867018138,-1.82967808400278,1
1,"B",1.93536590307742,0.441312760118484,0
1,"A",1.75465711859757,0.070552691195407,1
0,"B",0.361834902451488,0.780636399210366,1
1,"B",-0.729294909425488,0.44267647022232,0
1,"B",-1.29321880621839,-1.32512081503689,0
0,"B",-1.45322041550157,0.741580148174673,1
0,"B",-2.87312790619587,-0.742495048194,1
1,"B",-1.1769248574264,-1.11981827660991,0
0,"B",-1.56142805001609,-1.42810326118794,0
0,"B",-0.337268113216477,0.0799090958795804,0
0,"A",-0.678828676425365,0.11832889586403,1
0,"B",-1.02194272576994,-0.776129643153234,1
0,"B",-0.142298686186115,-0.881279030152228,0
1,"B",-1.87016389582431,-0.842040516613925,0
0,"A",0.872727940566395,-0.726890630286434,0
1,"B",0.728005068832877,0.196539938617821,0
0,"B",0.243484268692824,-0.578999791040777,1
1,"B",-0.355054074484848,0.330495766702648,1
0,"A",1.07636516151339,0.724346340654362,0
1,"A",2.42736493053354,-1.62795450449829,1
0,"B",-0.0773859336320848,0.0285205769665063,1
1,"A",-0.4631642902161,-1.40337970435671,1
0,"A",-1.60400407530971,0.10394140457476,1
1,"B",-0.1696133033697,-0.21625804272136,0
1,"B",-0.45380412346612,0.334007322618715,1
1,"B",-1.06827827095079,2.1134462438968,1
0,"A",-0.670064099409596,-0.802626270680766,1
1,"B",-0.877419844552731,0.231643038331671,0
1,"A",-0.484837821427165,-1.72859114510917,1
0,"A",-0.0309532361425461,-0.899551974427218,1
1,"A",1.41346452238619,-1.73591723531042,1
1,"B",2.27125364817805,0.0163111823591216,1
1,"B",0.591030017438121,-0.104590639323051,0
0,"B",-2.20019034046851,0.642547833946247,0
0,"A",0.00651632085836884,-1.89603583352758,1
1,"A",-0.632592411591341,-1.14742649309761,1
1,"A",1.05876981581988,2.00871039771245,1
0,"A",0.202690605021572,0.729319203639107,1
1,"A",0.527771752644585,0.618897333458187,1
1,"B",-1.78630220991948,0.816517520221394,0
0,"B",-0.955763371266567,-0.664217842449481,0
0,"A",1.40074988742592,-0.620217695718693,0
0,"A",1.65473638621649,-0.66025194694842,0
0,"A",-1.22010160276007,-0.718161212095665,1
0,"B",0.72417166849907,-1.19492699280314,0
1,"B",-1.62793169782195,1.61243445814916,0
1,"A",1.59306565037034,-0.885944189613928,0
1,"B",-1.38324295048212,0.812169331511352,1
1,"A",0.468212261870909,-0.983209093860993,1
1,"A",0.687388337740339,-0.589896199583116,1
0,"B",-1.48736564543471,1.31705577362795,0
1,"B",-0.0212496142946331,0.439435833488289,0
1,"A",1.51340787272481,0.989727132038674,1
1,"A",1.95874560435889,0.119870412021651,0
1,"B",-1.03491844313873,0.0345890060365013,1
0,"A",0.69622490072439,-2.77196885118773,0
0,"A",1.45790791776028,-1.38121728983994,1
1,"A",1.8388998978281,-0.289631771243967,1
0,"A",0.501712805631511,-1.24233001511137,1
0,"B",-0.669592717771105,-0.905022693482774,1
1,"A",1.65650905856913,-0.314289316800365,0
1,"B",1.95255854234218,-1.35744135786147,0
1,"A",1.79644307552146,-0.929963199763918,1
0,"A",0.0558153373254608,-0.174614894788626,1
1,"B",0.590706892257416,0.943993371485799,1
1,"A",1.18641815674773,2.0355751596804,0
1,"A",2.53167292283467,-1.08001320789838,1
0,"B",-1.31213925193582,0.889547967416191,0
0,"A",-2.10647111386957,0.90109235315565,0
1,"B",-0.885073745964523,-0.180327004997253,0
0,"B",0.737073359512155,-0.608560672581679,0
0,"B",-2.39437000725708,0.16033894106575,0
1,"A",-0.141326674953517,-0.71408353915897,0
0,"B",-0.618772278081922,1.85492542174426,0
1,"B",-0.346298567514745,-0.22185839502511,0
1,"B",-0.815133906379007,-0.612119421516145,0
1,"B",-0.224237649341203,1.06119151056073,0
1,"A",-0.307803536792712,0.886285781509737,0
0,"A",0.131182179995877,1.14450100010091,1
0,"A",-0.609527717636838,-0.586303818596292,1
0,"B",-0.101833718306653,0.643035880573447,0
1,"B",-1.07716033241834,0.424931925449975,1
0,"B",-0.948503648270302,0.270092600888697,0
0,"A",0.158937073186254,-0.896648539836515,0
0,"B",-1.57173992763519,0.492390248630628,0
0,"A",0.321924825311763,-0.119632513037563,0
0,"B",-0.992063338365226,0.848432408033459,0
0,"A",-1.87359994213511,-1.51935153292197,1
0,"A",-1.13237286561901,-1.28160538145885,0
0,"B",0.690335333213367,-0.965208857501593,0
1,"A",-0.333769936701838,0.130530946865482,0
1,"A",0.683595647718772,1.35517372801592,0
0,"A",0.481020115583214,-0.331351153594416,1
1,"A",0.406614348229312,-1.83644303617058,1
0,"A",-0.962083718708952,0.287973190749668,0
0,"A",-1.74724949253434,-0.344131301121165,1
0,"B",0.178814568319805,-0.407543617505146,1
1,"B",0.081264960231314,-1.4853639076364,0
1,"A",0.323231856300427,1.64973612796714,1
0,"A",1.0049196669638,0.0476705285293218,1
0,"A",-0.76489336534054,-0.733286843043764,0
1,"B",0.016297032729328,0.195524676891131,0
1,"A",1.55664450837075,-0.857835684702119,0
1,"B",-0.452538307307274,1.28944769379872,0
0,"A",-0.115936702045485,-0.418292799034845,1
0,"B",-3.28835310363785,0.788221412064281,0
0,"A",0.0674600195032117,0.856055907053615,1
0,"A",0.837335538129066,-0.224799147928746,0
0,"B",-1.74732784988415,0.649978423960991,0
1,"B",-0.617539271004167,0.483293536492899,0
1,"B",-0.0655354680282686,-0.349927840772726,1
1,"B",-1.9056267317275,0.962265944302973,0
0,"A",0.13415039337714,-0.852762906525872,0
0,"B",-0.134847894274405,-0.179365603930981,0
0,"B",-0.750132019534135,-1.1222638983436,1
1,"A",1.43801363386046,-0.0311143420253849,1
1,"B",0.454367297755897,0.681616576567251,0
0,"B",-1.71639594681874,-1.33761381326206,1
1,"B",0.279250616501459,0.0797286330573865,1
1,"B",-0.615204709731122,0.297374398787994,1
1,"A",2.28704025650414,-0.979808973133845,1
0,"A",-1.17119701676518,0.936925072978805,0
0,"B",-1.92327409634006,-1.05487703942501,1
1,"A",0.129054343336604,-0.903092658702836,0
0,"B",-2.53911416010285,0.128270126608242,1
0,"A",0.475385636216169,1.255622340547,0
1,"B",0.429794516769014,1.46123080723906,1
1,"B",0.747930045582102,1.46111952481663,0
1,"B",-2.64034105000543,-0.305301853364398,1
1,"A",1.94465112396718,-0.660850817302336,1
0,"A",0.179722141945948,-0.63828204871299,1
0,"A",0.705243336316713,-2.66585900502455,1
0,"A",0.964582795991323,-0.362402746027739,0
0,"A",-0.163731141015766,0.319918723548187,0
1,"B",0.360808686866264,0.682022163171203,0
1,"B",0.440295389717112,-0.771333613032209,0
0,"A",1.94555216781741,-1.78333633891967,0
0,"B",-0.259241798746609,1.51111860566856,0
1,"B",-1.63048648109318,0.0596925988539773,0
0,"B",-1.18801027478862,0.697235089994728,1
0,"B",-0.410592701601148,-0.234466304807485,0
0,"A",-0.488514151004896,-0.647592734344128,1
1,"B",0.143708619106491,0.0849908069343454,1
1,"A",-0.836491733577771,0.04702444501304,1
1,"B",0.688746063585977,0.430437842837359,1
0,"A",0.184386178773404,0.410015497518142,0
1,"B",-0.225752809793312,-0.628061199050936,1
1,"B",-0.455830323423827,0.368171285821105,0
0,"B",-1.46816473316529,-1.29429347386952,1
0,"A",-1.56019529525199,0.32188505916212,1
1,"A",1.09473032916199,-0.959048404383139,0
1,"B",0.154016064021373,-0.399173758948191,0
1,"B",1.00714300707626,0.117449784616574,1
1,"B",0.0240112994124246,1.88996912537346,0
0,"A",1.50975063251926,-0.274347832394066,0
0,"A",-0.0601761099225466,-0.0183791366446389,0
0,"B",-0.141074650295317,-0.649816548626569,0
1,"B",-0.94992895615636,0.181883736175695,1
1,"B",0.656381513029283,-0.0177272713269991,1
1,"A",0.189816737437936,0.851116000620248,1
0,"A",0.375211199612601,-1.13413901735739,1
0,"B",-0.760482469846433,-0.87364246719179,0
1,"A",0.748520529987514,2.55607697476541,1
1,"B",-1.60187560134604,0.891674591562669,1
1,"B",0.0708129286677035,1.60899031113656,1
1,"A",0.141931752856845,0.322058010314876,1
0,"B",-0.810206612163988,-0.582332188023823,0
1,"B",-1.68552854282606,-2.17762344995163,0
0,"B",-1.12214935765571,-0.237411265089688,0
1,"A",0.0791701700405853,1.89276444342913,0
1,"A",0.23710162595093,1.76336364645984,1
0,"B",0.722349830309586,0.207909955576464,0
0,"B",-1.29167566061704,-0.818221772521265,1
0,"B",0.38699228470986,-0.153353987078928,1
0,"A",-0.670118274922527,-0.812553794633958,0
1,"B",-1.69374055300658,-0.880998481420001,1
0,"A",-0.541311762620895,0.526934837220133,1
1,"A",-0.561086725257909,-0.168373479872841,0
1,"B",1.47990529471865,1.79666620614793,0
1,"B",-0.262419075655404,-1.31230403003698,1
1,"A",2.00587726958413,-0.29647327207786,0
1,"B",1.87143929653575,0.724147518237056,0
0,"B",0.426914082947088,-0.242182674402992,1
0,"B",-0.306852412917907,0.0810406949577875,0
0,"A",0.101806694740068,-1.78381738856865,0
1,"A",1.26982403210692,0.152809060187428,1
1,"A",0.841587962029798,-0.26376881451276,0
0,"B",-0.70233756571054,0.869415500157762,1
0,"A",0.598019447233564,-0.221564687878057,1
1,"A",1.54904110345021,-0.160018723516307,0
1,"B",0.480902474967626,-1.85883210303726,1
1,"A",-0.49187677982798,0.077790956049903,1
0,"A",0.65148371324083,-2.20472633977507,1
0,"B",-1.36586303676228,-1.15181135986877,1
0,"A",-0.0632182594420594,-1.66912844369426,1
0,"A",0.416186944137524,-0.144814158268069,0
0,"A",0.389806630955277,-1.05096734763506,1
0,"A",0.0706927808248554,0.0371249499499332,0
0,"B",-0.120812576893563,0.632274229249252,1
0,"B",-1.92420850123485,-0.202653776082668,1
0,"A",0.372615420537593,-2.34327224529491,0
1,"B",-0.462644357170864,-1.56173654191016,0
1,"B",-0.151785848849734,1.695659634276,0
0,"A",-1.70982494019909,-0.216926973126808,0
0,"B",0.732774952942657,-0.229909944916565,1
0,"A",-0.550428028605861,-2.19463642574172,1
0,"B",0.269770576996191,0.189068784671105,0
0,"B",0.703082015809308,-0.155294957754697,0
0,"B",0.213720151323452,0.752539650211871,0
1,"B",-0.757843697117903,1.37598927032795,1
0,"B",-1.91383377819366,-0.300330528741956,0
1,"A",0.874087495038155,0.369694313478771,1
0,"A",0.216957227766671,-1.71384592853446,1
0,"B",-1.34310826887783,0.653520800285948,1
1,"A",0.548398383158288,0.767223636797717,0
0,"A",0.512785544152102,-0.449673174423877,1
0,"A",1.72638827069801,-1.73625496555156,1
0,"B",-1.90364787450166,-1.31959709270035,0
1,"A",0.0688739693863878,1.27099171164114,0
1,"B",0.569227605291854,0.259865323931493,1
1,"B",0.255721568057665,0.617506907815393,1
0,"A",-0.776569765675074,-0.568314951459337,1
1,"B",0.00286857260560858,-0.196370584517546,1
0,"B",-1.44597457747056,0.855704462997521,1
0,"B",-1.3571176369675,1.48077264793577,1
1,"A",1.14248745683699,-1.39110534351265,0
1,"B",-0.394011388242218,-0.662377289692432,1
1,"A",0.46049242840344,-1.18167434682187,0
0,"B",1.89282914489979,-0.462692496169101,0
0,"A",0.814718832349981,0.0754585552157628,1
1,"A",1.11679367243152,-1.36575218997367,1
0,"B",-1.54026033330788,0.700298107855636,1
0,"B",-0.394545286713965,-0.277929300567992,1
1,"A",1.27754105273227,-2.01929585360792,0
0,"B",0.0245407798377865,-1.59924518884939,0
1,"A",1.47422515715089,-1.40864103308854,0
0,"B",0.976820165776209,0.622793309752585,0
1,"A",0.993301299197578,-0.0943472599242482,0
1,"A",1.17180329852683,1.13684607112857,0
0,"B",-0.601763687696338,1.20435345646504,0
1,"A",1.47251887760215,-1.28678835469234,1
0,"B",0.566345897740187,-0.77412619114981,1
1,"B",0.413723354926905,-0.338383700885045,0
1,"B",-0.363616011175107,0.289858180242647,0
0,"B",-0.566782277331224,-0.687672877594254,1
0,"A",-0.291489621321662,-0.214148445006309,0
0,"B",-1.67051799620199,-0.0230733646474998,0
0,"A",-0.554876508738396,-0.875606470049498,0
0,"B",-1.5838795007482,0.44474487502532,0
0,"B",-0.82082582440403,-0.145096307953724,0
1,"B",-0.0713256332044236,2.05741730525228,0
1,"B",-0.656025528554096,1.4617338036114,1
1,"B",-0.172972790191142,0.20503296533539,0
1,"A",0.803234522316234,0.622754252078369,0
1,"A",0.252128543068563,-0.842410213315967,1
1,"A",-0.0604538311853625,-0.358278296631842,0
1,"B",-1.21820318533517,1.9032608765228,0
0,"B",-0.772921135270029,0.793781484267207,0
0,"A",-2.56931303185372,-0.661850417051187,1
1,"A",0.187496036626085,0.695526630051638,0
0,"A",-0.205714983989002,1.29464424668951,0
0,"B",-1.2229832459957,-1.05466536342341,0
1,"A",0.360569589954922,-0.850145924999627,1
0,"A",-2.4772262545969,-0.312260032274388,0
0,"B",-1.66511251805677,-0.0985290307997967,1
0,"A",-0.281625799151644,-0.244041533917432,0
0,"A",0.140732905223741,0.841899120134646,0
0,"B",0.0334399246823724,0.249487305485149,0
0,"B",0.0700772351352408,-0.53754710539397,0
0,"A",0.00309880271574769,-1.01241746043611,0
1,"A",0.40199883477867,0.110778484629982,0
1,"A",0.584623713310136,-0.00171996336762087,0
1,"A",0.274938163593085,0.698270001570566,1
1,"A",-0.79380635342745,-0.266424398882512,1
1,"A",-0.212059529481491,-0.0318755066177102,1
0,"B",-1.35170952964482,0.922158913877659,1
0,"B",-1.60102955840994,0.562378336293751,0
0,"A",1.36262452184508,-2.21770205053066,0
0,"A",0.325108250580079,1.12341658614258,0
1,"A",1.05903336406705,-2.00504190947268,0
0,"B",-2.01465925320626,0.863031110005803,1
0,"A",0.767107915578988,0.215402049369633,0
1,"A",0.176479672114902,-0.274563967753338,1
1,"A",1.32143483522215,0.29271262692894,0
0,"A",0.0864107499364186,-1.17076401758229,1
0,"B",-2.40719803506857,1.3928480344184,0
1,"B",-0.76406624409933,0.207114090312506,0
0,"A",-0.781934685854959,-2.09365150562772,1
1,"B",0.0666516685860752,-0.347436445665484,0
1,"A",0.175243038215333,-0.598496574809428,1
0,"B",-1.61365871499015,1.28683176855814,0
0,"B",-1.30492335355373,-0.105025081447367,1
0,"B",0.609123637065391,-0.506638385290602,1
1,"A",1.41107137152348,0.111485259382685,1
1,"B",1.10591013830684,-1.55076725471611,1
1,"A",0.356087966231075,-0.482161507577761,1
0,"B",-2.06417532325877,-0.306833514962043,0
0,"B",-1.64093202690725,-0.0951581362749064,1
0,"A",-0.548621434066296,1.35163282757508,0
1,"B",0.0621488875712422,-1.03868427863167,0
1,"B",0.0936780143513909,1.12828259437224,0
0,"B",-0.513920644941594,-0.995697458926441,1
0,"A",0.873165818861688,-1.65091916161533,0
0,"A",0.493015733423016,0.727421286647479,0
1,"A",2.75275868637933,-0.857307939002524,1
1,"A",-0.353259879903798,-0.983751111821015,0
1,"B",-0.153000871123474,0.38731261328056,1
1,"B",0.844307262583783,0.257803804452203,1
0,"A",-0.419333988297307,-2.12585032108162,1
0,"B",-2.01279182348728,-0.88760370138665,1
0,"B",-0.430208165634248,-1.97646386660266,0
0,"B",-1.35176009057757,-0.422126670948422,1
0,"B",0.0504548862116727,-0.0837842991646925,0
1,"A",-0.530253569485793,1.58551972078292,0
0,"A",0.199532899211628,-0.0460663034570643,1
0,"A",-0.287929180692462,1.2066696148041,0
0,"A",-0.0917493408030675,-1.4707867041812,0
1,"A",-0.738594453415714,1.3378345642675,1
1,"A",1.18899141115977,-0.533788569404419,1
1,"A",0.964273301631623,0.64283849790923,1
0,"B",-1.14787235459355,0.202392105426274,0
1,"B",0.00375697130291852,1.10455958007037,1
1,"B",-0.0286053706008791,0.167757151404046,1
0,"A",0.584880027323155,0.348927440030837,0
0,"A",-0.0993579806055765,-1.13564842861259,1
1,"A",-0.04405434213662,0.151158713454551,1
0,"A",-0.0875471751600306,0.393657694644075,1
1,"B",0.418777571818947,0.937813617651066,0
1,"B",0.978905900329532,-0.140247667495909,1
1,"B",-1.94620107133281,2.62293725633435,1
0,"B",-1.11255603732299,1.02307004904222,1
0,"A",-2.47066553079957,-2.67291144995571,0
1,"A",-0.355018304252476,-0.142019029668411,1
1,"B",0.212491083626925,1.0583323477705,1
0,"B",-0.227672778943966,-1.12735388987303,0
0,"B",0.520744302828366,0.0174164305614889,1
1,"A",0.0307022999535782,-1.06060479291599,0
0,"A",-1.43096019898505,-0.120118321381093,0
0,"A",0.1923790770675,0.0579693210984112,1
1,"A",0.358886851165209,1.22596179687058,0
1,"B",-0.182689251190816,0.224540939356758,0
0,"A",1.45870646258978,-1.52174287811452,0
1,"B",1.83489426634834,2.98986268957722,0
0,"B",0.254914286974338,0.452898059230006,0
0,"B",-2.271628867119,-1.19187169367114,0
0,"B",-0.437133387468669,-0.494518693202281,0
1,"A",-0.202755927839896,-0.207253127341959,0
0,"A",-0.540713249930401,0.516425393237379,1
1,"B",-0.54134654089355,-0.541003238989156,0
1,"A",0.404111993861826,0.919244025322848,1
1,"B",0.191819039652487,-0.301802236015473,0
1,"A",-0.0900049132859029,-0.279773772498654,1
0,"A",0.151565891471736,-1.52719200589033,1
1,"B",0.355199045480083,-1.62733208610933,0
0,"A",0.974456301135493,-1.29953820767999,0
1,"A",-0.265503373438906,-0.90740961295349,0
0,"B",-0.637641612871726,-0.907257633582652,0
1,"B",0.774906524965029,-1.29760904994988,0
0,"B",-0.373939502020036,-0.760859411537407,1
0,"A",1.00906275986488,-0.230648091732143,1
1,"A",1.07365463925528,-0.142799003068776,0
1,"B",1.28327456665335,0.413531889023181,0
1,"A",2.56228072865784,-0.135635228924186,1
1,"A",0.772945665871832,0.273822249236256,1
0,"B",-0.855749413843856,0.232701170651207,1
0,"A",0.0179964662265745,-2.17431719806814,0
1,"A",1.20252904366389,-0.0469013205680055,1
1,"B",-0.323276476922174,-0.24130420807766,0
0,"B",1.0444467306205,0.270916732690136,0
0,"B",-1.88043813371066,0.972161645675834,0
1,"B",-0.258054134406285,-0.330463242243367,1
1,"B",1.0691801989724,0.630264653028322,0
1,"A",-0.00791663683774707,-0.394022387182037,1
0,"B",-1.53976924089779,-0.392583060362475,1
0,"A",0.686014412887268,-1.85492423752691,0
0,"B",-0.121887918580351,1.18142515069256,1
0,"A",0.180351358121616,-0.262111686636037,1
0,"B",-0.765167418943277,-0.641171179281657,0
1,"A",1.72269562452481,-1.49096238196118,1
0,"B",1.3144588085691,2.20921931779516,0
1,"B",-0.119558640425374,1.32104211769107,1
0,"B",0.281687522904543,-1.15469385638454,0
0,"A",0.830150198565528,-0.571035109415567,0
1,"B",-1.31071873953736,0.193140778637859,0
1,"B",-0.72360993846061,1.16280854616948,1
0,"A",-0.311972888072912,-1.07240650253598,1
0,"B",-1.20543886970588,-0.488878774979288,0
1,"A",0.588031975680996,-1.38529275973901,1
1,"A",0.588490126410198,-0.120723147373458,0
0,"B",-0.482209264215495,1.86881038807067,0
0,"A",1.00172844563766,-2.06027071153896,1
1,"A",1.46887724222099,0.771318928427505,0
0,"A",-2.07226066334546,-1.30722735374325,0
0,"A",0.712976454449627,-1.94024558050144,1
1,"A",1.50972187567582,0.358678419636997,0
1,"A",-0.367919246992679,0.395646272320051,0
0,"B",-1.19677451429023,-1.08794410778544,1
0,"A",-0.194048920127685,-0.892126377820471,1
1,"A",2.62165517521467,-0.295829746279872,0
1,"B",-0.235683626331738,-0.875811370759057,1
1,"B",-1.85168353310585,-0.625748280648258,0
1,"A",1.19222417752574,-2.30296353639299,1
0,"B",-1.2238131314859,-0.760960531606841,1
1,"B",-0.59885224404933,1.00863547014846,1
0,"A",-0.157622568206135,-1.10201926078145,1
1,"B",2.03455715361632,-0.997155169619228,1
0,"A",1.38324668410931,-0.750266264127727,1
1,"A",0.292575608499387,2.18330783155488,1
0,"B",0.659211420330392,-0.161397407229265,1
1,"B",-0.838902640266223,1.26953606956834,1
1,"B",-0.298397160026163,0.246400066081712,1
0,"B",-0.579571899800967,-0.778808010285167,1
0,"A",-0.746065417082,-1.63489978999817,1
0,"A",-1.73542312859109,-1.53419541777802,1
1,"B",0.792012935501344,0.756347590625791,1
1,"A",1.07234638695205,1.99545323598301,0
1,"B",-0.874321453201705,-1.08699666332983,1
1,"B",-0.223296815251402,0.708130313471388,1
0,"B",0.773914160763918,0.227849779547872,0
0,"A",-2.05275105089615,0.291418247018311,1
0,"A",-0.468421110564771,0.315647766300057,1
1,"B",0.817547537045145,-0.1008956103491,0
0,"A",-0.0435986710989813,0.973245254942963,0
0,"B",-0.3621624965262,1.41256026174682,0
0,"B",1.56498794870655,-0.626890617696712,1
1,"A",-1.28847646659463,-0.896321497804127,1
0,"B",-0.532585319985853,-1.07815566972664,1
1,"A",-0.39945803314147,-1.04058290264467,1
0,"A",1.82474386659733,-0.456366971840971,0
1,"A",1.45226284192014,0.344051135162552,1
0,"A",0.469511985182667,-1.25310707519401,0
1,"B",0.376314011108104,0.762679827247872,1
1,"A",1.052405249479,0.873182824002694,1
1,"B",0.691724303769261,1.44687723762912,1
0,"B",-0.169031077693498,-0.278688509814411,0
0,"B",-0.769812305265625,-0.619143795363683,1
0,"B",-1.91567765031087,0.192399610524449,0
0,"A",1.13985528127972,-0.615268029750046,1
1,"A",1.46910420555828,-1.42563250072734,0
0,"B",0.294963071540854,-0.774892291853335,0
0,"A",0.479962545310674,-2.24831999621238,0
0,"A",-2.71208499958611,0.446772656914409,0
1,"A",-0.81109316082529,2.15361589998092,0
0,"B",-1.00845863313569,0.0800305148115666,1
1,"A",2.21440401913243,-0.929159958648239,0
1,"A",0.274589861070289,-0.309529779264921,1
0,"A",1.98993635057749,-1.19977424044261,1
1,"B",-0.128932607983585,1.01048311470341,0
1,"A",0.689108204811548,-0.334139111062881,1
1,"B",-0.250797820169644,1.04704799861616,0
1,"B",-0.434909897134199,0.53293271269946,0
0,"B",-1.51772309912328,-0.205041085319609,1
0,"B",-2.02002113133476,0.582327300655846,0
1,"A",1.02849913178487,-0.470058106362417,1
1,"A",0.926980221925115,0.732031700896486,0
1,"A",0.720420214281433,0.525442832812764,1
1,"B",-0.125685210801042,0.558258215106965,0
0,"A",2.18867552509448,-1.23147071261438,0
1,"B",0.71065198451169,1.36273035236733,0
0,"B",-0.350184031882583,0.187859814237059,1
0,"B",-1.09982549956625,-0.29404631891342,1
1,"B",0.772696381733604,-0.305715094875049,1
0,"A",0.184761702564097,-0.866605002763268,1
0,"B",-0.568661625365755,-0.00418264188073489,0
1,"A",1.24442214307825,-0.00490521054251686,1
0,"B",-1.04172562622222,0.358269227480757,0
0,"A",1.69472399258719,-0.162543551423356,0
1,"B",-0.751295578680678,-0.53451903052641,0
1,"B",-0.465267480450471,0.825852685481703,1
0,"A",-0.544625102927204,-2.13810702636057,0
0,"B",-1.13298930342232,-1.37817979590618,0
0,"B",-0.732285666110785,0.56789765369114,0
1,"B",-0.0640062864767749,0.273065164675181,0
0,"B",-1.10363783813946,0.538308100962907,0
1,"B",-0.216056138487376,-1.00556271852151,1
1,"A",1.7190947206322,-0.755811464906397,0
1,"B",-0.233235277719154,0.425706331259974,1
0,"B",-1.822660421727,-0.152075829659604,0
1,"B",-0.286536957372732,1.33563202720221,1
1,"A",0.853396074041668,1.15067324114284,1
0,"B",-0.0672771586850563,0.723860661391409,0
0,"B",-2.1296096786496,0.60862517781164,1
1,"B",1.91434325801913,0.309773750093957,1
0,"B",-0.378698324322252,0.761131121664854,0
0,"A",-0.804875507045564,-1.36047835217075,0
0,"B",-0.98682989714635,-0.699267796014138,0
1,"B",-0.610643303191117,1.55170094416416,1
1,"A",0.867189667567,0.225021994990246,1
0,"A",-1.33544453362144,-0.069920854464472,1
1,"A",-0.305080995636044,-0.202529203178133,0
1,"A",1.02648387098258,-0.0181611094157238,1
1,"B",0.813852816542574,1.66361784059173,1
0,"A",2.13972866509652,-1.267542839131,1
0,"A",-1.11080156825095,-1.40543360613159,0
1,"A",0.854383844245837,0.977396646721257,0
1,"B",-0.935452223339759,-0.772222108471736,1
1,"B",-0.0181396625602218,0.154047616447221,1
1,"B",-0.0802265284896043,0.269066155046015,0
1,"A",0.176161863714321,-0.813228149322915,0
1,"A",1.4150360875568,1.04984831474962,1
0,"B",-1.42377348770692,0.606351113970552,0
0,"B",-1.7207575757247,-1.38242309567509,0
1,"B",1.13276787391337,2.40922988386701,1
1,"B",-0.0136633068802136,0.288654538611076,1
0,"B",-1.17032744029792,-0.308588355269214,0
1,"A",2.078133924616,0.567048556682403,1
0,"A",0.846337447263451,-1.66264370866103,0
1,"A",0.198728888653176,1.49271010637631,1
1,"B",-0.44727023627503,0.845882820939039,1
0,"B",-1.41471952073574,0.888300592409591,1
1,"A",1.2949655442778,-2.43989738616875,0
1,"A",0.32011784741171,-0.259874894633894,1
0,"A",-0.582027368279844,-0.97912294748959,0
1,"A",0.625870786902004,-0.758932783539297,0
0,"B",-1.13524651539161,-0.266552641918946,0
0,"B",-1.60023012135371,-0.0461244269770207,0
0,"B",-1.46017346706621,-0.543348418735853,1
1,"A",0.682367886366959,-0.737555621562276,1
1,"B",0.799395020859045,0.622357551223057,0
0,"A",0.741562431856897,0.0452704608514529,0
1,"A",-0.177679639475954,-0.0324458907238369,1
0,"A",1.29955313645064,0.491135931143213,1
0,"A",0.361585939329327,-0.183271328372148,0
1,"B",-0.653474113438845,0.988617787590437,1
1,"A",2.15615698602587,-0.17602328037649,1
0,"B",-2.47004803929794,0.480463526783617,0
0,"B",-0.989778226437836,-0.360661119660377,0
1,"A",-0.403701322543455,1.42024258796799,1
1,"A",1.62378539039996,0.809929912515662,1
0,"A",-0.799513665578306,-0.617004984647314,0
1,"A",-0.314177327162042,-0.298090932381115,1
0,"B",-0.568922586079142,-0.0297231859670921,0
1,"A",1.28968652806201,1.29621163933307,0
1,"B",-1.34578645836765,0.455166970892463,0
1,"B",0.994129257617888,-0.144072394750533,1
0,"B",0.588279207190638,0.66132926093016,0
1,"B",0.23394897266444,-1.89431776441589,1
1,"A",-0.397690279147888,1.09786724569636,0
0,"B",0.129811583211521,0.752232240749727,0
0,"B",-2.05388177540619,2.00696318113683,0
0,"A",-1.08626361613351,-1.01850750746624,1
1,"A",1.00618898786695,-0.713944711975505,0
0,"A",0.431724776678876,0.0285506591787408,1
0,"B",0.422170550813543,0.234551951356962,0
0,"A",1.61130191951988,1.26301924308608,1
0,"A",1.45856850314466,-1.28172247653539,0
0,"A",0.0181247167675903,-0.165831806234633,1
1,"B",-0.327760742424589,0.539470527361372,0
1,"A",-0.455110482432602,-0.920906976104508,0
0,"B",-1.02681398569538,-0.681277562003722,1
0,"A",-1.61953063880729,-1.31132896039478,1
0,"A",-0.813855569798255,-1.06474574515602,1
1,"B",-0.781273079008706,1.68317130078169,0
1,"A",2.55214818888859,-0.277088597243176,1
0,"B",-1.01349643255856,2.67180564054788,0
1,"B",-0.400189934764461,2.0251326722775,1
1,"B",-0.131685881226322,2.89185090835021,1
1,"A",-0.41317254698158,-0.577474528168917,0
1,"B",-0.893143176850083,-0.215880445826058,1
0,"B",-2.32232879468621,-0.546277873236505,1
1,"A",0.670568794655742,-0.20590047318924,1
0,"A",0.220006406941418,-0.394796965049136,1
1,"A",-0.375522309104335,0.857254462270134,0
0,"B",-0.60282309504868,-0.846768896460348,0
1,"B",0.341470760977487,1.76018395758572,0
0,"A",-0.893044282100669,-1.73677769934976,1
1,"A",2.04785754382485,0.468641866818545,1
0,"A",-1.14866137190297,-0.66184833509406,1
1,"A",-1.1326640991401,-0.0660577421790807,1
0,"A",0.498261924909618,-0.95179156611105,0
1,"B",-1.41831518390362,0.0343851655779816,0
0,"A",0.0474575626479326,-1.79234584944461,0
1,"B",-0.0513935564454227,1.81278128514198,0
0,"B",-0.574481218354108,-0.889566607972054,1
0,"B",-0.982278556341209,1.21477387010949,1
1,"B",-0.253628297635885,0.929911034940676,0
0,"A",0.00777055740063487,-0.38177271360787,1
0,"B",-1.40381146481079,-0.211382051153797,1
1,"B",0.988063132394699,1.32123271601781,0
1,"A",0.0214389206565532,-1.11383920645322,1
0,"A",0.674646005986052,-0.291411911027851,1
1,"B",1.76390138324917,-1.3351164878093,1
1,"B",-0.548581118893427,1.3458028222607,1
0,"B",-1.23826101245174,-1.36941871692916,1
1,"B",0.918559929717421,0.152018904498668,1
1,"B",-2.26316534620465,1.70472874376586,0
1,"A",-0.450345951101119,-0.873980445002353,1
0,"A",-0.0385877244871864,-1.77257042262956,0
1,"A",1.89876654746476,-0.75284099036586,1
1,"A",-0.517647121406592,2.38410076646626,1
1,"A",-0.215847462880357,-0.0227413485167758,1
1,"A",0.679995212395304,0.816988494930192,1
1,"A",1.29816174904006,0.686718480942804,1
0,"B",-2.51916517971579,-0.619878433171917,0
1,"B",-0.13437084024476,1.92139076744119,0
0,"A",0.570784967161317,-0.512240450371765,0
0,"A",-0.612424152742908,-1.03194861933101,0
1,"B",0.509263084342122,0.461128476855938,1
1,"B",0.824098461749293,-2.44563486170524,1
0,"A",-0.631202165285445,-0.544192022584207,1
0,"B",-0.983535152701177,0.769583524383469,0
0,"A",0.338757374578641,-0.889005461343429,0
0,"B",-0.946687031725345,2.06458886099014,1
1,"B",0.529810762934763,0.129286339731963,0
0,"B",-3.04815907600647,-0.726964279602473,0
0,"B",-2.13496235115247,0.371441044635922,1
0,"B",-1.15367425310245,-0.956829751226463,0
0,"A",-1.77454192742786,1.31917324598819,1
0,"B",-1.5087570233164,-0.271459156870286,0
0,"B",-0.756134519899352,-0.626170666284436,1
0,"A",-0.157491291717292,-1.3038666264061,0
0,"B",-0.387949935671124,0.824518576103479,0
1,"A",2.90177584629664,0.381137864625371,1
0,"A",0.88845579309214,0.331608889835778,1
1,"A",0.514233095360107,-0.560735688215826,1
1,"A",1.72846616190293,-1.3030356649588,1
0,"A",-1.5918179927088,-3.49604728894549,0
1,"B",-0.648812920651055,0.640900898857424,0
1,"B",0.666599288305995,-0.300740121513807,0
1,"A",1.65204626163103,0.0201123180335709,1
1,"A",0.447934452480445,-1.23642550367075,0
1,"A",0.664310053400159,0.596084130729744,1
0,"A",-0.0608915210461339,-2.15809068835021,1
0,"B",-1.77769181790048,0.932758989312948,0
1,"B",-0.485186711268471,0.600537677092051,1
1,"B",-0.357444659455842,2.03877008944329,1
0,"A",-1.0771106925977,0.844115541247013,0
0,"A",-0.294732607422414,1.36756703465333,0
0,"A",-0.815115764404231,-0.250705474588509,0
1,"B",-0.653828109617739,0.949709898692853,0
0,"A",0.652848289136408,0.957762863076378,1
1,"B",0.854798054297704,-0.93173815217658,1
1,"B",1.23301108795737,0.613222379198822,1
1,"A",1.51336060581531,-1.3274694632124,1
0,"A",-0.272626210938504,0.0444642886422205,1
0,"A",-0.763746610773487,-0.31046714973037,0
1,"B",-1.39962918011665,2.57053569727162,0
1,"A",1.32990090230289,-1.50279859404162,0
0,"B",-0.385892983984419,1.33026440189073,0
1,"B",-0.455569448097585,-0.693802781595382,0
0,"A",1.43173135813906,-0.912086600856411,1
0,"B",-1.38682567983517,0.262195617978238,1
0,"A",-0.163755632359351,-0.283394492967037,0
1,"A",1.21955526555667,0.316285585337706,0
1,"A",0.399158782437645,0.756633898368749,1
0,"B",-0.892601742368546,-0.527351586246797,0
0,"A",0.450208329445488,-0.468622469192457,1
0,"B",-0.438630477856831,-0.0503095783711741,1
1,"B",-0.0453232458936514,-0.113031024388881,0
1,"A",0.746627078434695,-0.564474196301311,0
1,"A",2.72065682844999,-1.05931416241479,1
0,"A",-0.335670020664393,0.801588556168666,0
1,"B",-0.932525106704442,1.27461127014804,0
1,"A",1.97765034591618,-0.677168569628296,0
1,"A",0.916523147626885,-0.330958873392275,0
0,"B",-1.20193336136326,-0.909122585001211,0
1,"B",-0.14402453755935,1.07191680333487,0
0,"A",0.394131853653668,-2.07701041566038,1
1,"B",-0.232373473018747,2.84117154883239,1
0,"B",0.973510302039622,-1.24654026811187,1
1,"A",0.905741003731749,-1.6574217155028,0
0,"B",-0.921361930171614,-1.18553651852042,0
0,"A",0.844193473582137,-0.706922952012635,0
1,"A",0.868717485346298,-1.19870688259521,0
1,"A",1.55603719917453,-0.786579068715253,0
0,"A",0.41764830797112,-2.19678775813432,1
1,"A",0.675753959111752,1.15259091448681,0
0,"B",0.118764913931441,1.54056583697329,0
1,"A",1.59931729171083,-1.06151238939505,1
0,"B",-0.317322285285245,0.0738888805217545,1
0,"A",0.219487463020776,0.65508128640588,1
0,"A",0.439227867957269,-0.630349562312718,1
0,"B",-1.63359535341506,0.419317062278122,0
0,"A",0.702873358901441,-0.398277862624464,0
1,"B",0.819178434758615,0.805464141795175,0
0,"A",-0.625578417861301,-0.733428219746328,0
1,"A",1.13369821461525,0.843660658169692,1
1,"A",-0.373575675590199,-0.357969530544119,1
0,"B",-3.3172149122792,-0.0922822851643017,0
1,"B",-0.304129328264854,1.4863784896864,1
1,"B",-0.00451046782490777,0.259098199915584,0
0,"A",0.00347697834382565,-0.224895643021749,0
0,"B",-0.248407858458908,-0.592390632993056,0
0,"B",-1.4336000722674,-0.466835434924065,1
0,"A",-0.861541110472104,-0.451110222954789,0
0,"A",-1.90633153197464,-0.486310396092748,1
0,"A",0.547028204487578,-0.0102557450226455,0
0,"A",0.348565558449489,-2.49725471825545,1
0,"B",0.135237940480042,-0.559944114625888,0
0,"B",1.27711590518882,0.232644714327223,0
1,"B",-0.639009510618271,2.36892372555203,1
0,"A",-0.821058149880743,-0.618623264704495,0
1,"B",1.26544700864311,0.586086730115979,0
0,"A",-2.54512232324504,0.100975017353562,1
1,"B",-1.25952078949346,0.861437419672362,0
0,"A",-0.296074549439644,-1.77437038948118,1
1,"B",-0.882049538393613,0.0958774835151172,0
0,"A",0.859098535128014,-0.0852074058053791,1
1,"B",-1.78810197188824,0.945426381290439,0
0,"A",-0.732175495317874,-0.431672166779498,0
1,"B",0.671123344409274,1.79193664130453,0
0,"A",0.715385175667019,-0.0105866438023418,0
1,"A",-0.229494850949368,-0.875019375147118,1
1,"B",0.259123957300413,2.23289436896852,1
1,"A",1.31389128115533,-0.57092350896563,1
1,"B",-0.767090791817739,0.890195589638164,1
1,"A",0.967489011613714,-1.34487232319279,1
1,"A",-1.32472759929995,-1.38680518296921,1
0,"A",2.64450965915119,-0.40602478884963,0
0,"B",-0.213718470828562,-0.186044896862891,1
1,"B",-0.890539741600635,-0.518365657690815,1
0,"A",-0.110500839739567,-0.103021982289047,1
0,"A",0.307727922792256,-0.438874248437686,1
0,"A",-1.73002616065727,-1.13528555302283,1
0,"B",-0.87320082425117,-0.159974765198875,0
1,"B",0.220698308274722,0.466991488947526,1
0,"B",-1.72856748704776,0.619909782140072,0
1,"A",0.659062635718016,0.709781736336561,1
1,"A",2.02514563647067,-0.982053980041818,1
0,"B",-0.452624834684546,-1.39578723945768,0
0,"A",-1.21493226044631,-0.492188261034133,0
0,"B",-0.939564194740083,0.042943298131178,1
0,"B",1.51960894467967,-0.904953798331858,0
1,"A",1.48793304467637,0.400683557845149,1
1,"B",0.450686698040674,-0.534929706249077,1
0,"B",1.3996392718816,0.218877250865518,0
1,"A",0.98515246922272,0.49901865068762,1
1,"B",1.30586166932273,-1.07728152232386,1
1,"A",-0.281071766814218,-1.31246608565478,1
0,"B",-0.379314600460415,-0.535114640480564,1
0,"A",-0.976465433847609,1.26286969573557,0
0,"A",0.389270839234339,-1.42389407389424,0
0,"B",-0.494794626252136,0.478029811017165,0
0,"A",0.452257543147322,-1.31341118030994,0
1,"B",1.32310118351992,0.123135255546254,1
0,"B",-0.565478311711741,0.126507218094381,0
0,"B",-2.48072063839395,0.112509809520125,1
0,"A",-1.25626103400827,0.326143590857575,0
1,"A",0.893621649123852,0.787354562879944,0
0,"B",-1.54344054935834,0.211100700886953,0
0,"B",0.309290076407602,-0.332362023919128,1
0,"B",-1.07857645996696,-0.849795876848823,1
1,"A",0.360314410857421,-0.459905775040225,0
1,"A",2.39791909466458,-0.890835177026612,1
0,"B",-1.94334355542543,-0.684441574645817,0
1,"B",0.0557228332643489,-0.608566448668409,1
1,"A",-1.45613598796886,0.0156652582184362,0
0,"A",-0.188532949306029,-1.2662393654293,0
0,"B",0.214502855450626,1.02970899225258,0
1,"B",-0.570736770661036,1.92331034302697,0
0,"A",-0.245041702379334,-0.599038330030299,0
0,"A",0.0554619826013865,-0.684302689927599,1
1,"B",0.741843418984333,-0.479489848515236,1
0,"B",-0.80684442130887,-0.840461806425944,0
0,"B",-1.28073630087155,-0.389368122731558,1
0,"B",-3.16547537458669,-0.284044428858559,0
0,"A",1.37715077216708,-1.08975393195811,1
0,"A",-0.186738308435024,-1.55699840669489,0
0,"A",0.683047601598395,-0.755704354167845,1
0,"A",-0.3935129273056,1.01467304928116,0
0,"B",0.871483864177546,-1.14970890562057,1
1,"B",-0.357370566017638,0.311371091479208,1
1,"A",0.0152468474013978,0.791485786551281,0
0,"B",0.469975409677723,-1.5569211311265,1
0,"B",0.205080395888975,-0.388087267265638,1
1,"B",0.0565448477524151,-0.248035115965506,1
0,"B",0.466871348352731,-1.09780409366968,0
0,"B",-0.750958980559524,-0.968561504026243,0
1,"A",1.21193445457323,0.149725053723605,0
1,"A",0.827631059645473,1.21896824907864,1
0,"B",-0.606603045940241,1.13574228997961,0
1,"B",0.219683259691107,-1.2343943071648,0
0,"A",-0.533741204175465,-3.32622705625942,0
1,"A",0.69232859378237,0.741899702597816,1
0,"B",-1.43896604825901,-1.57436966333072,0
1,"B",1.03318899022323,0.409588433129187,0
1,"A",-0.423738297736265,-0.126652594987954,1
1,"A",1.28107515544064,-0.205335754763564,1
1,"A",-0.647886569715267,-1.60549962147572,1
0,"B",-0.823544646470884,-1.32774494452764,1
1,"A",-0.957335128309307,-1.18079533459238,1
0,"A",0.28853766918564,-0.590097336860352,1
1,"A",2.56353596413247,-1.37173649026455,0
0,"A",0.356915316887232,1.34600225350135,1
1,"B",0.0677197762481848,-0.334891133771424,0
0,"B",-2.19194746287279,-0.151997120666664,0
1,"A",0.872627665643824,0.273115837087471,0
0,"A",-0.112463133220847,-2.06021041216195,1
1,"A",0.391710727542249,1.74080551955417,1
1,"B",-1.14309051279288,0.610792682435679,0
0,"B",-0.326175194158262,0.852779605912791,0
0,"B",0.580628583031655,-0.240525919604597,1
1,"A",-0.296033368705488,-2.23794223596835,0
0,"B",1.51350261133539,-0.833340837031237,0
1,"B",1.34395871993785,-0.464708632032062,1
1,"A",-0.233057135533792,-1.77060769346561,0
1,"A",1.5459503387077,-1.01990147131158,1
1,"A",1.06859536604299,0.481014851129787,1
1,"A",0.29307845778068,-1.06145963276795,1
0,"B",-2.84504528840251,0.508730246782458,1
1,"A",0.854436346498021,-1.36031278263407,1
0,"A",-0.490902242596857,-2.27871729054919,0
0,"B",-1.65177070745651,0.308836152940216,1
1,"B",-1.1902291760983,0.883857010674006,1
1,"A",1.3352697410622,-0.256034304665454,1
1,"B",0.498399329270201,0.210356658635183,0
0,"B",-0.039367906959832,0.959342832082975,0
1,"A",1.61147043829666,-1.14865461098548,0
0,"A",-1.56068053748055,-0.89580296619062,0
0,"A",-1.90789091577253,1.20019257147624,1
1,"A",1.78621954453014,-2.08072801078707,1
1,"A",-0.181948702284635,-0.764429703047196,0
0,"B",-0.861908875291077,-0.715291276626645,1
1,"B",-0.386754210135667,1.37595241995799,1
0,"B",-1.14039436426852,0.535673230908594,0
0,"A",-0.891168628168124,0.493053587913677,1
1,"A",0.421613779500291,-1.76563277374393,1
0,"A",-0.0971057296962968,-0.989238549319844,1
0,"B",0.267012742691098,-0.00719827736854209,0
0,"B",-0.193592458220235,-0.389300375822516,1
1,"A",-0.984518420155049,2.0124929766408,1
0,"A",-1.0946843556038,-1.34162309979606,0
1,"B",0.358498211714533,0.980825830214269,0
0,"B",-2.03793933902734,-0.454274467962025,0
1,"B",-1.64822108232089,1.65835675743595,0
1,"B",0.0875577457184773,0.81140035867756,1
0,"B",-1.25450026058114,1.03432726275315,0
0,"B",-0.0738463044772401,-0.240928129643014,0
0,"A",0.631555643119304,-0.348055448213557,0
0,"B",-0.600905845775235,-0.0347457663551783,1
0,"B",-1.44626756072189,-0.0120271129209994,0
0,"B",-1.65576991311011,0.146848232019623,1
0,"B",-3.32204260070102,-0.966178980456432,0
1,"B",0.699123272740822,0.288819500886866,0
1,"A",0.834946971139636,0.147772456008028,1
0,"A",-0.128928299450108,-1.87328267112606,0
0,"B",0.214092248823889,1.23676413338562,1
1,"A",0.929376963966774,-0.739085053200965,1
0,"A",-0.596493821138063,0.170946336211545,1
1,"B",1.14380849567203,-0.39129839003372,1
1,"B",0.527583856090785,2.04456566750689,1
0,"A",1.07800649446724,-0.818985962208577,0
1,"A",-0.340724305192979,-1.14877428365214,1
1,"A",0.451603242208514,-0.848187648443933,1
0,"A",2.09674238471583,-1.1140370119285,0
0,"B",-0.894414532654024,1.72704060884741,1
0,"A",-0.848127204576936,-1.71882894128769,0
0,"B",0.309343568339688,-2.84096915213628,1
0,"A",0.092585541700176,-0.896862129791896,0
0,"B",0.213688549337834,1.08739784929751,0
1,"B",-1.01452248993986,-1.67841730198428,0
0,"A",1.84755718484306,-2.35530860354657,1
1,"A",-1.27050412640995,-0.823484021633115,1
1,"B",1.6745956414609,0.857350550499757,1
0,"A",-0.077640433071749,0.107403826011856,0
0,"B",0.44079362817731,-0.196766430217619,1
1,"A",-0.614528999537661,-1.26699469803553,1
1,"B",-0.955819787115997,-0.0426961115506534,1
1,"A",0.758059142353857,-0.193161887572817,1
1,"B",0.448851866137405,-0.197193157974182,0
1,"A",-0.657720918423437,-0.614099795278144,0
0,"B",-2.16994531039762,-0.593183610565647,0
0,"B",-0.416194473757362,-0.274938488471221,1
1,"A",-0.641329041792347,-0.44640399854537,1
1,"B",-1.531305001181,0.555980816159562,1
0,"B",-0.105856354038492,0.575566796495336,0
1,"B",-2.03321457584784,-1.01173656308359,1
1,"A",0.909722692685057,-2.07721267231682,1
1,"A",-1.11776782630063,-0.587583034878038,1
0,"B",-1.4405037707299,-1.84585274951389,0
1,"A",1.82444176491496,-0.248518422883797,1
0,"B",-0.484600007778132,1.54572943427227,0
0,"A",0.902567042582718,-1.43515515506955,1
0,"B",1.75818251504734,0.394426969050254,0
0,"A",0.113540557084911,0.440346494692274,1
0,"B",-0.800463077308019,-2.41742292281481,0
0,"B",1.2321486311399,-0.568735583872564,0
0,"B",-2.38279096783175,0.173888500523108,1
1,"B",0.187302528436276,0.671229820326609,0
0,"A",-0.494619583009825,0.190635079811295,0
1,"B",-1.34757405763551,0.0832920222494556,1
0,"A",0.0211293152476026,2.04944463620329,0
1,"B",-1.26387544326011,1.68589660423401,1
1,"B",-0.968255029343685,1.05367272387101,0
1,"B",-0.0760941653550192,-0.867682256695471,0
0,"A",-1.09392282829293,-0.918424566374126,0
1,"A",1.35150269459235,-1.37962603679523,1
0,"B",-0.85808504814853,1.69417278318749,0
0,"A",1.51415307483961,-1.18326192395453,1
0,"B",-0.464761544110875,0.806914872688957,0
0,"B",-1.25519121877178,-0.669921880920236,0
0,"A",-0.754898260714226,-1.40117355273726,1
0,"A",-0.885624970894691,0.675759668210054,1
1,"B",-1.78359160583163,-0.0120649414048557,1
1,"B",-1.10933918261833,2.62316033874664,1
1,"B",0.875027274911411,-0.494877258028953,1
0,"A",0.917891424639159,-1.40917637171686,1
1,"B",-0.394463443379952,-1.01233624885664,0
1,"A",1.95847228897614,1.62229985004775,0
1,"A",0.394542131315295,-1.94896736318146,1
0,"B",-0.548362692641073,-0.551602874125654,1
1,"B",-1.08365911983972,-0.706464005335588,0
1,"B",0.790218581853686,-1.15174538921766,0
1,"B",-0.154090896392304,1.21085896086249,1
0,"B",0.044178636316649,0.496720918341052,0
0,"A",0.702967268372041,-1.19750186382079,0
1,"B",0.180766647026444,-1.89141162339005,1
1,"A",0.0706698347059095,0.133209236768193,1
1,"B",-0.872070770272665,0.529374794755235,0
1,"A",2.3067835117405,-1.34136873961885,0
1,"A",-0.915864185795343,1.61512911596898,1
0,"B",-0.536294960856839,1.82232887706003,0
0,"A",-0.386424203593756,0.363895462097156,1
0,"B",0.019020716104476,0.642062514570326,0
1,"A",0.707332887950026,0.665199678830023,1
0,"A",0.0544876922074083,0.0599060280755639,0
1,"B",-0.080592792193812,1.28523459450135,1
0,"B",1.35903343249035,-1.37821027252295,0
1,"B",0.0981977651697779,1.54566342535106,1
1,"B",-0.0317231058001431,-1.9439648278607,1
0,"B",-0.968166473507469,-1.42436951198713,0
0,"B",-1.77509855302311,0.942687466681937,1
0,"B",1.21551131833021,0.379544227130478,0
0,"B",-1.08288630687557,-1.63570195097332,1
0,"A",1.16243131253877,0.461640635258095,1
0,"A",0.781987424588999,-1.29804275743655,1
0,"A",-1.10777816584958,-1.43975854048746,1
1,"A",0.843675006712352,0.93326251156672,1
0,"B",0.148382439657606,-1.04690730406752,0
0,"B",-1.38374041063565,-1.90272337087151,0
0,"B",-0.646244676307432,-1.17203268199383,0
1,"B",-0.275991204092187,0.603299068830046,1
1,"A",0.0668670334693235,1.11362850451334,0
0,"A",-0.509194814369426,-1.69377007650774,0
0,"B",0.193796669565356,-0.46986144475526,0
0,"A",0.34289805022671,-1.6809673937335,0
1,"A",1.14503854265003,0.597274455814922,0
1,"B",-0.301432830169779,0.4018856438625,0
0,"B",-0.305602909302903,-0.188223876373351,1
1,"A",2.03511233239334,-0.232469534683805,0
0,"B",0.0700570470917325,0.972768431331812,1
1,"B",0.929890859468473,0.453703253786755,0
1,"A",0.847806454401083,-1.7735456954378,1
0,"A",-1.01954353452221,-0.44080989681387,1
1,"A",0.693042142777372,0.1193685292381,1
1,"A",-0.269307781586045,-0.210857645375447,1
1,"A",-0.523694354546756,-0.0680308993337324,0
1,"B",-0.963500650242285,1.34139656030342,1
1,"A",2.29058371891982,-1.32451846761505,0
0,"B",-0.0701150038829415,-0.00922954651632513,1
1,"B",0.929400890068927,1.27455315693832,0
0,"A",0.376246117487234,-1.00366847764095,0
1,"A",0.91198256202841,-0.752116123858063,0
0,"B",-0.54051511068484,-0.339906853313384,0
0,"A",-0.997733223711673,-1.16648599981209,0
1,"A",2.79656096764824,0.779229480683904,1
1,"A",-0.247489956142931,1.70551607127398,0
0,"A",0.0300265422149897,-0.683020437174659,0
1,"B",1.24824035030235,0.603478544178848,0
0,"A",-1.26048603393312,-0.770661122198042,1
1,"B",0.929226744292754,0.316955677018727,1
1,"B",-0.674125759870881,-0.3796951746611,1
0,"B",-0.231194325970112,0.0858168520186169,1
0,"A",-0.42398063903248,-0.578108516705339,1
1,"B",-1.04205177530492,0.940128157937319,1
0,"A",-2.67859070428653,-0.536304599896065,1
1,"A",1.20723397977461,0.460744185116629,0
0,"A",0.60636979765628,-1.46197831942875,0
1,"B",-0.415050559349104,0.581226252340224,0
0,"B",-1.1125335086233,-0.545109558411745,0
1,"A",0.664543057362206,0.194927739094668,1
0,"A",0.241470482697345,-1.67771056201446,1
0,"B",0.363731166670025,-1.11715356017809,0
0,"B",-2.06964747023144,1.72046615972393,1
1,"B",-0.0594647853902406,-1.00549445728516,0
0,"B",-1.14554338526599,0.444146154952539,1
1,"B",-0.706505008706274,0.420186382806968,0
1,"B",0.431478793142376,0.0960084681934916,0
1,"B",-0.340704271309153,-0.0836376682333015,1
0,"B",0.363479740001502,-2.8053222311484,0
0,"B",-0.67292354997396,-0.608168591603883,0
1,"A",0.515808650249181,-1.01533673775289,0
0,"A",0.547428037184742,-2.77212365644131,1
0,"A",-1.22160497606379,0.0144914753926517,0
1,"B",-0.16506120631392,1.37179417334173,1
1,"B",-1.88064455915397,-0.00481215270481769,0
1,"B",-0.89860547816679,0.736929535067917,1
0,"A",0.656281095366794,-0.725174623397364,0
0,"B",0.217187886885137,-0.390224672429026,0
0,"B",-0.38675176976171,-0.095044567529002,1
0,"B",-1.03439832491565,0.683114243194811,1
1,"B",0.67448084474872,-0.0293462725689635,0
0,"B",-1.56851712640299,0.660247950120969,0
0,"B",-0.0419967436357239,0.296199904992829,1
1,"A",0.856875335407585,-1.8664661449762,1
0,"A",0.987395140457382,-2.10074570849758,1
1,"B",0.28847687005311,1.19753803354848,0
0,"A",0.133588932709077,-1.10089975610366,1
1,"B",1.19805993329549,-0.460317194309546,1
0,"A",-0.18329813469965,-0.317447545196628,0
1,"A",1.35188204125762,-1.59217966500001,1
1,"A",-0.747677317201996,-0.524539318567307,1
0,"A",-0.920908475165218,-0.450038044187305,1
0,"B",-1.07805999601942,-0.80154393343523,0
0,"A",0.710085709278601,-0.413704260630393,0
0,"A",0.240614878279884,-1.91332324560474,1
0,"B",-0.245255311173504,0.163934122483837,0
1,"A",0.912602600495687,-0.00708751653497708,0
0,"A",1.17969101061487,-0.14283107870674,0
0,"A",-0.42151815843577,0.0123833141186681,0
1,"A",0.475049632942783,-0.426577240179631,0
1,"A",0.461344893007991,0.145796956492026,0
0,"B",-0.268925393584176,0.581459899682639,1
0,"A",-0.865557708333381,0.803354668215275,1
0,"A",1.11919938355923,-1.28130742003174,0
0,"A",0.641982357873247,-0.143415166438117,0
0,"A",-0.608493415157313,-2.14742648417345,1
1,"A",-1.48444019583276,0.150481215668928,1
0,"A",-0.93946863993047,-0.412653293006504,0
0,"A",1.05446967221235,-1.58746899485345,0
0,"B",-0.582055859870455,0.411805990964891,1
1,"A",-0.341085954854072,-0.488107466348274,1
1,"A",-1.6088733146182,1.40835805809419,1
0,"A",-2.54252254479262,-1.3931643697995,0
1,"B",0.244427044962926,1.18272671734021,0
1,"A",0.161458806486988,0.618062829418881,0
1,"A",0.582049466401846,-0.744572033376466,1
0,"B",-2.30907009526679,-0.541897072929708,0
0,"B",-1.84180101400196,-0.641931305089362,0
0,"A",-0.610585265633396,0.115812198612919,0
0,"A",0.977506251190769,-0.75538606427267,1
1,"A",0.0786190958115777,-0.93132926975856,1
0,"B",-1.53840740863931,-0.479669924036929,1
0,"B",-0.79218115240259,-0.439722502273273,0
1,"B",0.876937138285289,-1.64907912283379,1
0,"A",0.558302167226973,0.497008199150268,1
0,"A",1.81528328152278,-1.11572478043038,0
1,"A",-0.288682039650296,-0.459657086189841,0
0,"B",-1.81667953218799,-1.56874374941031,1
1,"A",-1.63981934716602,-1.43716286905307,1
1,"A",1.22834599711038,0.609870097535554,1
0,"B",-0.344894530942803,-0.220582881980421,0
1,"B",0.786304562985401,-0.90209947183471,0
0,"B",-0.682725702104188,-0.81843710264084,0
0,"B",-1.84395082412895,-0.0949063100380804,1
0,"A",-0.656552985941248,0.139948230732251,0
1,"B",-0.617815776832203,1.31286639992228,0
1,"B",0.853697318232972,0.484589068479563,0
1,"A",-0.0541605464615927,0.219743211983136,1
1,"A",0.344651554063437,0.582535299599771,1
0,"B",-1.56010125215736,-0.596810679151537,1
0,"B",-0.798472356625115,-1.51957609601402,0
1,"B",0.962534992707264,-0.304480548316977,1
1,"A",-1.16378349305155,1.69509299618353,0
0,"B",-1.01545332671681,0.12188126804374,0
0,"A",0.0364432269404533,-2.42453426719219,0
0,"B",-2.28222684767091,-1.07434847268111,1
0,"A",-0.499034110701605,0.0637789784142085,1
0,"B",-0.343313641039595,-0.779615286144448,0
1,"A",-1.42056723562995,0.74010198051848,1
0,"B",-0.605247876380625,-0.407327988286321,0
0,"B",-1.66912441620605,-0.204960168044833,1
1,"B",0.395898474396564,0.986753150014386,1
0,"A",-0.862758325740495,-0.887763472665031,0
0,"A",-0.721199088039897,-1.70254867394428,1
1,"A",-0.276162909140645,0.0724063213049373,0
0,"B",-1.52582243744431,0.624911003240463,0
0,"A",-0.860724981990711,0.866117735251026,1
0,"A",-0.275641838343145,-3.67141210016645,1
1,"A",0.474214206370191,0.112025248639473,1
1,"B",0.999634016596776,0.439014844936678,1
1,"B",-0.952511502188443,0.217897916418001,0
1,"A",1.3657778079776,0.734155508161625,1
0,"A",0.284651118922235,-2.25280004101278,1
1,"B",-0.980582376035474,0.167636315418304,1
0,"B",-0.481737422099519,-1.02060134347243,1
0,"B",0.219995595527712,0.0895128682674436,1
0,"A",-0.623116152923191,-0.720250208544774,1
1,"A",1.17326428318983,0.439765148570254,1
1,"B",-0.882792602975279,0.645963735089901,1
0,"B",-0.708384112077211,0.629836401014209,1
1,"B",0.0437320630883345,0.386518603590747,0
0,"B",-1.72889524164876,0.718361259485065,0
1,"B",-0.900762263568367,1.34573799444983,1
0,"B",-3.08720284133172,1.03799876352549,1
1,"B",1.66816616779652,0.454669547263398,0
1,"A",0.945119847858177,0.416704494436583,1
1,"B",-0.0744809788220311,0.484261405996325,0
1,"B",0.589252725384609,1.25464409679048,1
0,"B",-0.866583130463184,-1.29170981774091,1
0,"A",0.695726925142912,-1.59199472760248,0
0,"B",-0.894089333592509,-0.830580002561979,1
1,"B",0.433609455179322,2.54739735462629,1
0,"B",-1.94051890140652,0.935406253875121,0
1,"B",-0.22047769875496,-0.355180381689001,1
0,"A",1.56180774009444,-1.33733792359483,0
0,"B",-1.04297413884245,-0.76831886440482,1
1,"B",-0.084703553158109,0.329200146221435,1
0,"B",-0.581896179405454,-0.994396621724594,1
1,"B",-0.877021575450986,0.182208531140759,1
0,"A",-0.182292949946059,-1.5375227043654,0
0,"B",-0.514285557881832,-0.967827916387693,1
1,"B",-2.32600303143252,0.35675509248705,1
0,"B",-1.61523226303225,-0.298307287641371,0
1,"A",0.426493019180743,0.335472824389305,1
0,"A",0.0315619241177725,0.0182218045445734,1
1,"B",0.495651272752554,0.0238752217514607,1
0,"B",0.0213697431662581,0.662433529946631,1
0,"A",-0.998196222825356,-1.16050952667258,1
1,"B",1.00835888611422,0.205466131080431,1
0,"B",-0.570878634631796,-2.01501195289062,0
0,"A",-0.0980773231099333,1.58886222946095,1
0,"B",0.961073247318773,0.456682087173338,0
1,"B",-0.268700509150818,-0.251367443880857,1
0,"A",-0.328938473704007,0.685281059010431,0
1,"B",0.986637928192871,0.727264717818332,0
1,"B",-0.493771082027616,2.3684369565771,1
0,"B",-0.826464825265876,0.184817236086566,0
0,"A",0.342771391030625,-1.40591795547228,0
0,"B",-1.67258748488641,-0.0701587594647731,0
0,"A",0.665579807174348,0.390576153195526,0
0,"B",-0.237649724561373,0.165084436933329,0
0,"B",0.653474010483702,-0.306025921247363,1
0,"B",-1.07254673519362,-0.310843232956919,0
1,"A",1.28001534160247,-0.755469921738679,1
0,"A",0.605958968514964,-2.75811004493454,1
0,"A",-0.746860427961884,-0.35569842680014,0
1,"B",0.384712421491923,0.954946640470248,0
1,"A",0.76293020957529,-0.255561091077479,1
0,"A",-0.891926994007518,-1.06617718181678,1
1,"B",0.0434408286988248,2.1600343045946,0
0,"B",0.816822537948369,0.726270412033961,0
0,"A",-1.62304129150941,-1.54064960343721,0
0,"A",-0.935781259224508,0.739272184912419,1
1,"B",-0.316750068896872,2.19671001261295,0
1,"A",1.02573685690911,0.292177493199083,0
1,"A",0.0212472629838873,-0.416095861493937,1
0,"B",-0.26566752377662,0.378319383785832,0
0,"B",1.84589878096737,-1.19965073499528,1
0,"B",1.16730651330942,1.1821994736707,0
0,"B",-0.564907512346225,0.737384273480933,0
1,"A",1.18475162392229,-1.27598339445508,1
1,"A",-0.149590293557773,0.457338113287525,0
0,"A",-0.612206558427359,-1.37191732528826,1
0,"A",0.276034154106842,-0.66760761287267,1
1,"B",-0.551227947452737,0.704904183773892,0
1,"A",-0.699751443694869,0.83835766999435,0
0,"A",1.54858828737469,-1.54412109174306,1
0,"A",1.25360412451129,-3.41987634353925,1
1,"A",0.414214952987309,-0.631166927853364,0
1,"A",0.137982374465019,2.21897461647527,1
1,"A",0.192630499182188,-0.890966374273,0
1,"B",0.357145911002863,0.559082576106105,0
0,"A",0.634400382552412,-0.792343917796736,0
0,"A",-0.396692402603855,0.65575033868191,1
1,"B",0.657681978071971,-0.86683215886486,1
1,"A",0.407508712770851,-1.69042387756925,0
1,"A",-0.879419227843855,-0.965602304753705,1
1,"A",1.47363090966267,-1.90891952801894,1
1,"B",0.0903544475799117,2.19909926152481,0
0,"A",1.75681909280693,-1.64316024660943,1
0,"A",1.17892234446096,-0.742654479851616,0
1,"A",-0.565385602917465,-0.229603526412648,1
0,"A",0.585592789835603,-2.26001203798129,1
1,"B",-0.797711426514322,0.672465572445463,1
0,"A",-1.37443381245235,0.128770862692409,1
1,"A",-0.181576270485628,0.347631858952226,1
0,"A",-0.396703707873833,-2.32250585613774,0
0,"A",-0.921088183798304,0.308807740293529,0
0,"A",2.10064579192704,0.0479446847450716,1
1,"B",-1.31731098827213,1.3038629406947,0
0,"A",-0.196644931912981,1.3744404209431,1
0,"B",-0.947185780285693,0.231644863528752,0
0,"B",-0.544817788809927,-0.681817516249872,1
1,"A",0.627970054993684,-1.17535863231981,1
0,"B",-1.64086672900606,0.788986287954092,1
1,"A",0.605165975822941,-0.937304641558846,0
0,"A",0.610755378856263,-0.485324549746315,1
1,"B",0.301767673047315,0.203013470931727,0
0,"A",0.529863258295084,-1.88301484320166,1
1,"A",0.970010865270461,0.956315506952253,0
0,"B",-0.669437594308143,1.76980018189647,0
0,"B",-1.50961968096699,1.14018996710361,1
0,"B",-1.81377611396905,-0.136167049515675,0
0,"A",1.21078594932259,-0.912075841445585,1
0,"B",-0.618259190841686,-0.207838619731493,0
0,"B",-1.22059881526941,0.476531067366537,0
1,"A",0.830321383282353,0.614674394548519,1
1,"A",-0.445963965998675,0.683929663150512,1
0,"A",0.817703236543481,-0.540609602279815,0
1,"A",0.641642357161873,-0.34931150289531,0
1,"A",1.22548146971795,-0.29838645570894,0
0,"A",-0.403447602455065,-0.346542853075434,0
0,"A",-1.34633687994281,0.729689997546186,0
0,"A",0.53516573563618,0.260409611208374,0
0,"B",-0.567924338337319,-1.99528989520753,1
1,"B",-0.858698319599175,0.414970491871404,1
1,"B",-0.0490836710408357,1.10922209637502,0
1,"B",-0.983810874562484,0.828274650557749,1
1,"B",-0.325100892290982,0.561765657579516,0
0,"A",0.139948517942737,-0.406626025871159,0
1,"A",-0.646780673270292,-0.252640295039772,1
1,"B",-2.16189242620304,0.307008447646757,0
1,"B",-1.45269186879751,1.16059333840786,0
0,"B",0.0609793500548741,1.52343436825673,0
1,"A",0.906482613870099,0.837007762924807,1
0,"A",0.0847468128088421,-0.743629108460182,0
0,"B",-0.212629517273644,0.427956084899579,0
1,"B",0.379723877506204,-0.124703802983678,0
1,"A",0.825065443252647,-0.134349807653117,1
1,"B",-1.06885255652427,-0.142426067667338,1
1,"B",0.378883560923013,-0.0272567114524604,1
0,"B",-1.64099614694303,1.17751692128188,0
1,"A",0.274481965023662,-0.119624422979342,1
0,"A",-0.0831211072017062,-1.61648602004219,0
0,"A",1.53598179134528,-3.66913628639908,0
0,"A",0.351366315828781,-2.38355527615709,0
1,"B",-0.0157011916560028,0.907059539781929,1
0,"B",0.175054476244078,1.42028190604716,0
1,"B",-0.00240535414783555,-0.224866655915091,0
0,"A",-0.0651360639876465,-1.31747378310823,0
0,"B",-1.610617104161,-0.376738325740251,0
1,"A",0.311879455628898,-0.013050166551262,0
1,"B",0.783036808468687,2.70705774385042,0
0,"A",0.635984142591119,-0.135067453290779,1
1,"B",-0.0589581457360507,-0.877841800947779,1
1,"A",0.478735451055407,-0.2512421583412,0
0,"B",-2.97202273940589,1.39404184882835,0
1,"B",-0.28133045691336,-0.328932549904249,0
1,"B",0.00894167739529805,2.14327609703783,0
1,"A",0.969202393236268,-0.0234243015414726,0
1,"B",-1.612892692102,0.782844529492887,0
1,"A",-0.26357344158043,-0.28331825569557,1
1,"A",-0.00574345744671723,-1.71857053898275,1
1,"A",0.76260267152983,-1.14976208763529,1
1,"A",0.158643303321735,-2.39258664394107,0
1,"A",-0.70337588747445,0.433432731658295,0
0,"B",0.154167941756067,-1.7456730193856,0
1,"B",-0.714977947379379,0.125730001382509,1
0,"A",0.309614247757724,-0.73802460068479,1
0,"A",0.623394001269082,-0.0683338545016248,0
1,"B",1.39289913155054,0.860837790947117,0
1,"B",1.54782309217878,-1.21345372935986,0
1,"B",0.149360044843474,0.125740210958087,0
1,"A",0.577507840266788,0.511779369473097,1
0,"A",-1.30507503594209,0.151885555418502,0
1,"B",0.701525501217893,1.54573113830511,1
0,"B",-1.6469420203203,-0.0348676938735546,1
0,"B",0.833879558671212,-0.666455939813816,1
1,"A",1.12725871607459,0.360309714370832,1
0,"A",-0.703429524399372,-2.55255529973144,1
0,"A",-0.955422405966132,-1.10273889823323,0
0,"A",-0.470968778652334,-2.08628860642854,0
0,"B",-0.0805192342442819,-0.0164893918062671,0
0,"A",-0.195000350784842,-1.16695055630393,1
1,"B",-1.29233993177494,0.450146005640143,1
0,"B",-0.837785434862532,0.127151344601888,0
1,"B",0.0750323879390987,1.3395053323912,1
0,"B",0.137377128079455,-0.266481956654082,0
0,"A",0.122549574236163,-1.78348127208579,0
0,"B",-1.87085313368741,-1.26950900295732,0
0,"B",-1.66709147955459,1.21122116673055,0
0,"B",-1.89599917108202,0.585589284542861,0
1,"A",3.12478918102842,0.814714817263404,0
0,"B",-0.0196023708639744,0.257120166367748,1
1,"A",1.40427046170506,1.82581319653033,0
1,"A",1.3228769526107,0.259732982581074,1
1,"B",-0.945575907002925,-1.1486364615997,1
0,"B",0.25496626847993,-1.84442033215509,0
0,"B",0.46715568079914,-1.60853684677579,1
1,"A",-0.0494940613588476,-0.186276048198927,0
1,"B",-1.45739878858461,3.58340254940809,1
0,"B",-0.243687193466687,-2.07063982770291,0
0,"A",0.152584520864269,-0.387585792832948,0
0,"B",-0.108313186733619,-0.395029009420391,1
1,"B",-0.393345903060626,-0.275915194881002,1
1,"B",3.08525555202387,0.158954845375094,0
0,"B",0.0419470050534371,-0.822573699557727,1
1,"B",0.191764637926065,0.225650514825641,0
1,"A",1.60584632951268,-0.572838540388621,1
1,"A",0.848294263929781,-1.26358534354151,1
0,"B",0.316500638963632,-0.271748469948249,0
1,"B",-0.547889423093281,-1.02022095844561,1
1,"A",0.182231242147028,-1.4367398316657,0
0,"B",-0.194383541874088,-0.915791687017794,0
0,"B",-1.13374209550134,0.158547073335581,0
1,"A",-1.94824618529572,-1.39714432429423,1
1,"B",0.688825534610469,0.0220838946824427,0
1,"B",0.275092118639719,0.488874956407931,0
0,"B",-0.137180445986587,-1.05201672322233,0
0,"B",-0.535509888580929,0.413923655406433,0
1,"A",-0.286190094632749,0.353027390267897,1
0,"A",0.887913776399994,-1.72304870619521,1
0,"A",0.297377561189476,0.822754291371692,0
0,"A",0.335950664309547,-1.69265084681023,1
1,"A",1.85469950571462,1.26174894765883,0
0,"A",-0.176142344465401,-1.63143472006446,0
1,"B",0.551379963346901,0.153053954182733,0
0,"B",-0.755824687258846,-0.816740839131952,0
0,"B",-0.0858965291533842,0.422899287973488,0
0,"B",-2.18419962329868,1.94543028809183,1
0,"B",-0.95246455773249,1.79172905062202,0
1,"A",1.6210467648655,-0.719786639839218,1
1,"A",-0.364470523451072,0.617809495846271,1
0,"B",-0.404134636450311,1.21081262164538,0
1,"A",0.181208325259157,-0.477139477092808,0
0,"A",1.57344501296344,-1.455162929023,1
1,"B",1.76374518121253,-1.28806728023112,0
1,"B",-0.265135423719306,0.811540496403498,1
1,"A",0.407443859638526,-1.25873443679281,1
1,"A",0.425649290704152,-0.392805114108118,1
1,"A",-0.144788270240274,-0.309214246223779,1
1,"A",0.591320302199035,-1.24772627175476,0
0,"B",-1.13464115085122,-0.781908115862791,0
0,"B",-0.726020095483777,-1.42203600191454,0
1,"A",-1.38189875020904,1.52789197109593,1
0,"B",-0.788203835472613,0.20614110513978,1
0,"B",-1.68966903210732,0.070596395233874,1
0,"A",1.3895506106113,-0.603654253729762,0
0,"B",-2.05999981959434,0.530216358945005,0
0,"A",0.304371520866251,-0.536839277881394,1
0,"A",-0.868711717488382,-1.0133855652882,1
0,"A",0.00690181982154514,-0.879723598230314,1
1,"A",-1.1056920234552,-0.349656161232877,0
1,"B",-0.865018228293887,1.5405652655444,0
0,"B",-1.30830914194278,-0.405902088217815,0
1,"A",1.86797137869928,-0.99408722709901,1
1,"A",0.369553047504175,1.1499765918674,0
0,"A",0.733738070778194,-0.57377452591605,0
1,"B",-0.189426190664759,0.772250028267863,1
1,"B",-0.817752464805855,0.338638391837342,0
1,"A",0.0777724683356832,0.291655945051829,1
0,"B",0.177390875788307,-1.03967014616654,1
1,"B",0.224464961224982,1.22240233448699,0
1,"A",0.701556049362333,-0.0556671302454475,0
1,"A",0.240737511808121,-1.95646062234759,1
1,"A",1.98088790918533,0.526968763842888,1
1,"B",-0.957880688707626,3.14602261446829,0
0,"B",-0.187715018241327,0.0104647102403908,0
0,"A",-0.712516314665331,-1.32781185641324,1
1,"B",0.706405976825137,0.645700567766913,0
0,"B",-1.45458306402665,-0.524970737875461,1
1,"B",0.112048079953089,0.638674811172322,1
1,"A",0.61088886488415,0.00781657262856661,0
0,"A",-0.595776297772392,-0.668550519357738,1
1,"A",0.520730568909317,2.14776481737678,1
1,"B",0.744322601834642,1.05004780373801,0
0,"B",0.287785297222824,0.389691974261509,1
1,"B",0.597749534728256,1.30024871909451,0
1,"A",1.53309675854828,-0.210767049981269,0
0,"B",-1.08243247258697,1.14642808505029,1
1,"B",0.208402899036391,0.0449525362924782,1
1,"A",0.891734900185509,-0.925933056622428,0
0,"A",-0.381180921658335,-0.796604691861619,0
0,"A",-0.399293088410837,-0.396740704716709,0
1,"A",1.45197600831038,0.682293955667559,1
1,"B",1.14627842919559,-0.676963733356572,0
0,"B",0.200123253188011,-0.0715583201427513,0
0,"A",0.119226128715449,-1.97627382119534,0
0,"A",-1.32942034003115,-0.969761746198821,0
1,"B",0.131747021479584,1.50899857923849,0
0,"A",-0.168979296170556,-0.0933624704010903,1
0,"B",-0.480059175882729,-0.754755421490491,1
1,"B",0.658128906633632,-0.494677400229768,1
0,"B",-1.53914974877739,0.842313862222967,1
0,"B",-0.824938710578726,0.220988481986329,0
0,"B",-1.37085633813275,0.0914249217711734,0
0,"A",-0.00815892607937546,-1.25284984420757,1
0,"B",-0.267502218095137,1.11314455340185,0
1,"A",-0.452710749189644,0.329706782465235,1
0,"B",-0.359093067616437,0.759441686025764,1
1,"A",1.51283959807551,-0.73701166628735,1
1,"A",-0.11412999553267,-0.524872473245226,1
0,"B",-1.24544929742931,0.358788512768339,0
0,"B",0.977439310314546,0.559840571157753,0
0,"B",-0.471615738299755,-0.438545001737088,1
1,"A",0.18243854341129,-1.98147966311893,1
0,"A",0.990691917683078,-0.206532667770627,0
0,"B",-0.777161594318001,0.298352870839689,1
1,"B",-0.0376359001797444,-0.917765215014144,1
1,"A",2.90732173526284,-1.0429794411531,1
0,"B",-1.71401791237884,-1.00821776866969,0
1,"A",-0.476449965944118,-0.788120120916951,1
0,"A",-0.258216508166113,-0.520945351405032,1
0,"A",-0.975084510236962,-0.390831355720161,1
1,"A",0.699649170405941,-0.390711942726548,0
1,"A",1.99605793005312,-0.699735399334266,0
0,"B",-0.67872105516653,0.862298828278155,0
1,"B",-0.383470036559036,1.26302174158725,0
0,"B",-0.608598277456037,-1.1895721120992,1
0,"B",-0.838127469710597,1.03050978713941,1
1,"B",-2.1273694771341,0.29149581540245,0
1,"A",0.860724392102232,-0.138950764991331,1
0,"A",1.37762714036205,-1.15128130694943,1
1,"A",1.81951491177809,0.5407013245579,0
1,"B",-0.238096989371545,-0.576671447758103,0
0,"B",-1.49483912882034,-1.19196848661201,0
1,"B",1.20285712362394,2.44710333004349,0
1,"A",0.0511677793047532,-0.802681595198468,1
0,"A",-0.678784028933049,-0.428061434786238,1
0,"B",-0.640532304977314,-0.0737466445150339,1
0,"B",-0.707924207599012,-0.595737764185139,0
1,"B",0.219764425185164,1.32220006458841,1
0,"B",-1.34525974037934,1.81542117647946,0
0,"B",-0.711384332945208,-0.841490401963837,0
1,"B",-0.10484868502456,0.928033685861908,0
1,"B",-1.8229886115726,-0.0767048535510486,1
0,"A",-0.93911393204176,-0.152999935298755,1
0,"A",1.20523469443635,0.950107701672741,1
0,"B",-1.49266199963326,1.25304003503051,0
1,"A",1.76230360466141,-0.0510800881951636,0
0,"A",-0.264315866516674,-1.94409490801108,0
1,"B",-0.20408155340399,-0.756793949866399,1
0,"B",-1.0160309515109,-0.19484309766322,1
0,"A",-1.09591912100573,-2.55935798522672,1
1,"A",1.02518505489568,0.282644170756051,0
0,"B",-1.23044145741801,-0.536183738083131,1
1,"B",1.45445161207698,-1.37600378403671,1
1,"A",0.796660155843155,1.4673112931837,1
0,"A",0.260401487370274,0.127652096797395,1
0,"B",-0.101286692182725,0.288943857853025,0
1,"A",0.254710991760196,-0.531005145880928,1
0,"A",-0.390312518250277,-0.846786974511079,0
0,"B",-1.90080547410855,-0.121602315122486,1
0,"B",-0.00183020749067225,0.00699320153171629,0
1,"B",-1.92555723328734,0.853373521267064,0
1,"A",0.592100248625766,-1.32005299308432,1
0,"A",-0.507625307153728,-0.539489807909898,0
0,"A",-0.155269140214881,-0.570720987959277,1
1,"A",-0.256205630511454,0.146950894892568,1
1,"A",2.47616577239874,-0.498390942727938,0
0,"B",-1.13182717762648,0.0584664286666356,1
0,"A",0.007384291018175,-1.30359456181958,1
1,"B",-1.14953817565548,-0.61569498388736,0
1,"A",0.547471473034518,-0.745792320268832,1
1,"A",0.372713876084886,-0.585371073911177,0
0,"B",-0.026056138485403,-0.65261801165972,0
0,"B",1.52513254784823,-1.00809961369146,1
0,"B",-0.563898985293406,-0.825847479341383,1
1,"A",0.145318668778772,0.588505936168298,1
0,"A",-0.158919074376412,-0.25833381746797,0
0,"B",-1.036854960947,-0.674887113419008,0
0,"B",-1.09513767366338,-0.0921976167001746,0
1,"A",0.43768072560446,0.359511548935584,0
0,"A",0.393036123501384,-0.2132969829166,0
0,"B",-1.43759029590199,0.722178141447592,0
1,"A",0.16994996164822,-0.145260952711598,1
0,"A",-0.999388410327164,-1.0576820797074,1
1,"A",1.23040780001783,1.3295089105786,0
1,"A",0.701426102308293,-0.509170734830318,1
0,"A",-0.43894192639691,1.86290838106414,1
1,"B",-0.432711934090137,0.549748314517377,1
0,"A",1.29124633631892,-0.384630725866093,0
0,"B",-2.35346901805223,-0.44548003750249,0
0,"B",0.35914901139676,0.165492209843325,1
0,"A",-0.56937829367061,-0.5243318717149,1
1,"A",0.882439490489239,0.689973806340989,1
0,"B",-0.612098603970697,-0.000647408902699514,1
0,"B",-2.18075534772571,-0.128719935921464,1
1,"B",1.48357290629981,0.8202686366076,0
0,"B",1.04992235842738,0.742206420250533,1
1,"B",-0.623781534102471,1.12235106457033,1
0,"B",-2.0030793700493,1.73447399647443,1
1,"B",1.72483969310865,-0.592886505867783,1
0,"B",-1.16517422100161,0.3041006158808,0
1,"B",0.165940345789865,0.224680960898414,0
0,"A",0.555106704272732,0.440655099989759,1
1,"B",1.31533894868396,-0.972500161808084,0
0,"A",0.111062356345586,0.218137124488693,0
1,"A",-0.223958481838991,-0.455214114826804,1
0,"A",0.477926268804377,0.989301811815534,0
0,"B",-0.504016984868364,0.521649825031202,0
1,"A",-0.370146821194263,-2.06713131430126,1
0,"B",-1.14306401023957,-0.150666542705498,0
1,"B",0.507432251378233,1.43370440091876,0
0,"A",1.52047535441695,0.0703321960134278,1
1,"A",0.58547668373146,-0.531347958034284,1
0,"B",-2.53062490086869,1.35870206763163,1
0,"A",1.8823440570016,-0.904069729745599,1
1,"A",0.728460982384117,0.442813334202871,0
1,"B",-0.222789233704849,0.0326938210100598,0
0,"A",0.48102591903348,-1.18891384685455,0
0,"B",-0.837330778702071,0.779825213934746,0
1,"A",2.75025298101266,-0.563758883769714,0
1,"A",1.24359181521805,-0.0750031325930451,0
0,"A",2.07536653536315,-1.22779192460736,0
1,"B",0.844931417267383,0.131081745616422,0
0,"B",-0.340149694101962,0.600631510176387,1
1,"B",1.33694019969086,-0.0701779893699674,1
1,"A",2.380916945035,-1.74783818019509,1
1,"B",-0.699513630007626,-0.0154046656665027,1
0,"A",0.217146464627512,0.200220744520131,1
1,"B",-0.0154855899250276,-0.0229963266092764,0
1,"B",-0.733810147376003,1.9298382668233,1
1,"A",0.484935244196818,-0.341604827834843,1
1,"B",-1.28081746193403,1.64200486092324,0
1,"B",-0.866917396888395,0.506213004228559,0
0,"A",-0.285847049454069,0.219760966326795,1
1,"A",-0.191132496175832,0.636488681666132,0
0,"A",-0.950665536542888,-1.55241433671554,0
0,"B",0.481775890053502,-0.758003677476985,1
0,"B",-0.164389739635793,0.166124791127004,1
0,"A",-0.378582408948306,-1.19955992285644,1
0,"B",-0.325318176116986,1.12476346748317,0
1,"A",2.0075590312948,0.348167649482372,0
0,"A",-0.475315521180616,0.950411928210397,0
0,"A",-0.263457463157367,0.705922098056777,1
0,"A",0.143501708542219,-0.453487475112398,1
1,"A",1.60701537194245,0.91163189858158,1
0,"B",-1.53296930805335,-0.204730870199575,1
1,"B",1.18979628828479,-0.779838792050234,0
0,"B",-1.3083775527463,0.122620792882302,0
0,"A",0.0422360626749038,-0.742201792123627,1
0,"B",-1.35095102237375,-0.359765460148865,0
1,"B",-1.62259659942292,0.958731426051865,1
0,"A",-0.626854339040072,-2.16025200479565,1
0,"A",1.35226491589237,-1.83798608375676,0
0,"A",0.375469389669781,-0.617735686203951,1
0,"B",-1.59135749910552,0.404875572693902,1
0,"B",0.780642916047478,-0.883476744985671,0
1,"A",1.2264364629333,0.357047710338612,1
1,"A",1.93118047360601,-1.07302324759837,0
1,"A",0.943873850012407,1.85979019170716,1
1,"B",-2.37135560011969,-0.0647637837066208,0
1,"B",-0.497181071689174,-0.900017975155388,1
1,"B",-1.47921900312871,0.5728546088928,0
0,"B",-1.10689798690722,-0.0127379595882624,0
0,"B",-0.769742585748486,-1.13533630820167,0
1,"A",1.04165402277667,-0.486415613926897,1
1,"A",-0.281154299503317,-0.789461929674173,1
1,"B",-1.6359526320985,0.628768778181903,1
0,"B",-0.489135215214989,-1.90223067362318,1
0,"B",-0.842737362072488,-2.55355022783552,0
0,"A",0.320825839448846,-2.77547226042447,0
0,"A",0.497793128216327,-2.49835239105667,1
1,"A",1.13353628908086,0.766167306225315,0
1,"A",1.03354263354061,-0.813089397809997,0
1,"A",-0.513174815038506,0.355960964529348,1
0,"B",0.930377049183648,-0.915245224076566,0
0,"B",0.194029197906048,2.40041400135081,0
1,"B",0.502937328751577,1.37771249152484,1
1,"B",-0.902048040379147,1.64683989318069,0
1,"B",-0.0381685731116431,0.624586100222429,1
0,"A",-2.05694461895908,0.225912463011621,0
0,"B",-1.59902216341845,-0.961170516340782,1
0,"B",-0.0584121791720053,1.29431391755634,1
1,"A",-0.0511322848381475,0.372639543455292,1
1,"A",0.0655793905257525,-0.337658459520399,0
0,"A",-0.401486408471744,-1.32661930625769,1
0,"A",1.47122049924959,-1.21644468331142,0
1,"B",-0.368527348716311,-0.920257905311555,1
1,"B",-1.53860585436073,1.15106204474867,1
1,"A",-0.129557600578396,-0.255689925367562,0
0,"A",-0.445652347420244,-0.843652009581636,1
0,"A",-0.584959620409496,-1.3298964737582,0
0,"B",0.0668131383459554,1.27861581507011,0
1,"B",0.579675949668569,0.619715050585102,0
0,"B",0.315838968049755,-0.0735519922774637,1
0,"B",-1.71740633674779,1.04521592239109,1
1,"B",0.398022488582911,1.72169592746808,0
0,"B",-0.552324635086526,1.89449458365936,1
0,"A",0.540988076789241,-0.575552446846165,0
1,"B",0.254679471678528,0.449127140610478,1
0,"A",-2.20928019793076,-1.42819682309346,0
0,"B",-1.14495025359499,-0.85074279292144,0
1,"B",0.269770439992729,0.0928127863937422,0
1,"B",-0.783960659787504,0.563562160145539,1
1,"A",0.481489939327456,0.343289121142894,1
0,"A",-0.29258950513979,0.755259300308092,1
0,"B",-0.814312880207827,1.74994338721756,0
1,"A",0.691839395858732,-0.31989746542773,1
1,"B",0.0766606568107437,-0.0818484177246018,1
0,"B",0.351493621842811,0.159391664035927,0
0,"B",0.197022685947172,-0.153381926481196,1
0,"A",-0.421658916166589,0.0823322561556143,0
1,"A",-0.0445288915839431,0.493053381226022,1
0,"A",-1.09624806395391,0.430568056585827,0
1,"B",-0.695436751482531,1.76456705417371,1
1,"A",-0.364492795893399,-1.85150086228548,1
0,"A",0.328582979178845,-2.07250280426064,1
1,"B",-1.12592070932174,0.967375463799166,0
1,"B",-0.906962809327995,1.2470605290538,0
1,"A",-0.0595629764178662,-0.525176451880693,0
0,"B",-0.706030280563381,0.635738711203906,0
0,"B",-1.48647189634112,-0.966981225745684,0
1,"B",-2.12899984837814,0.686615110863328,1
0,"B",-0.546493130921747,1.01825537432481,1
1,"A",-0.2721593041435,0.4953967957866,1
1,"B",-0.704312651545185,-0.294301791489721,0
1,"A",1.20288728946153,0.218303305465008,1
1,"A",0.263503992033892,-1.25910167878466,0
0,"A",-1.28984817287806,-1.29029017196222,1
1,"B",1.37920673273634,1.65965810285027,0
1,"B",0.694021311576643,1.75565259569849,1
0,"A",-0.112032557646699,-0.566542089080481,1
0,"B",-1.70523520385258,-0.420050869575306,0
0,"A",-0.506702149587261,-0.431598190961551,0
1,"B",1.16009091354906,1.46517004880562,1
0,"A",0.345040980373052,-1.24419822741903,0
1,"A",0.956049137690944,-0.613117203619493,1
1,"A",0.936598653986612,-0.294512545224532,1
1,"B",-0.4426262985528,1.05408874216285,1
0,"B",-2.33676533795362,0.637086976599907,0
0,"B",-1.15044344965057,0.0184593732546173,1
0,"B",-0.336041230752336,-0.00613735038275026,0
0,"B",-0.47198852420164,-1.07259993876719,0
1,"B",1.37666948498292,0.9082107608081,0
1,"A",0.810341513253473,-0.976779425785883,0
0,"A",0.0111684657407236,0.485370987395539,1
0,"B",-2.29113109976424,-0.48481010477903,0
0,"A",1.28571549396291,-1.38805736722432,0
0,"B",-0.899868981544745,-0.277687797793147,1
1,"B",-0.678814335909049,2.19572286721231,0
0,"B",-0.940402145901321,0.0115215315308645,0
0,"B",-1.76420824190801,-1.92538905834162,1
1,"B",-1.03001187579689,-0.430289162189978,0
1,"B",-0.26311079694509,0.0203820881293185,0
0,"B",-1.03003929288655,0.250258514162976,0
0,"A",1.13587178143996,-1.43624421281776,1
1,"B",-1.65909915050452,0.11655625744394,1
0,"A",-0.572440809898732,0.048751969040386,1
1,"A",1.19862959361246,-1.17224225744581,0
1,"B",0.361993257142576,0.148708494825802,1
1,"A",-0.628432664871042,0.201562793619091,1
1,"B",-0.684926304245212,-0.808750231905242,0
0,"B",-0.825354442418724,0.256801601607842,1
1,"A",-0.485608246123281,-0.0339480385674409,0
0,"A",-0.959608471364926,-0.257666138198894,1
1,"B",0.746407918451242,0.699619029726843,0
1,"A",0.125702521792954,0.0662219406769584,1
0,"A",-0.210730952744879,-0.845312656018252,1
0,"A",-0.00356937836919852,0.70046911219105,1
0,"B",-1.20135582885061,0.529660139446009,1
1,"A",-1.30589163498782,0.868099657839252,1
0,"A",-0.0196241458621905,0.170423407799988,0
1,"A",-0.0949175247371694,0.721040801244068,0
0,"A",-0.779173697086087,0.891312008237773,1
0,"B",0.0247774004895862,0.524131319638984,0
1,"B",-0.0328587661111823,0.653146807820523,1
0,"B",0.333663651270009,1.61236662767727,1
1,"B",-0.257238089567612,0.0849619378341846,1
0,"A",-0.408468162383512,-1.77445479058334,0
0,"B",-0.79926173304033,-0.0577703262955277,0
0,"B",-1.46657291319793,-0.569963397388572,0
0,"A",1.04629535908215,-2.61870422354895,0
1,"B",-1.21724837892111,0.384784937531393,1
1,"A",2.34080782799079,0.627478833292166,0
0,"B",-2.29372368675704,0.066665507799702,1
1,"A",1.43747269000859,0.0889970438844609,1
1,"A",-1.72242595375014,0.112002622655055,0
0,"A",0.025166288495926,-1.2736945788036,0
1,"A",1.54881272791359,-1.00593948739821,1
0,"B",-1.09924409876198,-0.195226443607614,0
0,"A",-0.472485208408376,-0.849607705547382,1
1,"B",-0.375056006010512,1.23690096419114,1
0,"A",0.00929345206575627,-1.22946740509011,0
0,"A",0.420815923768969,-1.31473354802293,1
0,"A",0.737031023788221,0.0438341675581495,0
0,"A",0.0618096909473711,-0.876575336246548,1
1,"B",-2.52889550946945,-0.553958873184242,0
1,"A",1.48762053666045,-1.82193031889428,1
1,"A",-0.168013206265297,-1.43287894189206,1
1,"A",0.352900819368851,-1.22689763474297,0
0,"B",-0.398236622085406,2.86816579274751,0
1,"A",0.138403633880107,-0.152487057878843,1
1,"B",-0.456005254011844,1.11199135371336,0
0,"B",1.71195654065301,-0.653743820422656,1
1,"A",0.621423002950546,-2.09069769715087,1
1,"B",-0.294103018625013,0.0436398842559874,1
1,"A",1.48398041763571,1.50437419855216,0
1,"B",0.813618977192758,1.1732458905641,0
1,"A",2.15763518532316,0.228601109192368,1
0,"B",0.805372192955588,0.0745779870700471,0
0,"B",-1.95241346472685,-2.16316196364608,1
0,"B",0.513068510117407,-0.614628918417347,0
0,"A",-0.578700506402937,0.413376850611424,0
1,"A",0.605678265765328,0.191530354868878,1
0,"B",0.853295927605735,-1.12132450100724,1
0,"B",-0.700700147936163,-0.789882137832927,0
0,"A",1.11355888898564,0.120678665323201,1
0,"A",-0.0306643929394214,-0.59941859764012,1
0,"B",-0.57175352295836,-1.78005756138438,1
1,"A",-0.210356326282484,-0.432972550654323,1
1,"A",1.08710441431898,0.107971340770909,0
0,"A",1.21007189893187,-0.519555606386215,0
1,"B",-0.762525253641957,-0.544619568330902,0
1,"B",2.11325573748164,0.481187981362459,0
0,"A",0.197255674905224,-0.916030346072471,0
1,"B",-0.1711840318368,0.660238268692665,1
1,"A",0.308606261063178,0.911341912256883,1
0,"B",-0.594200081825296,1.04073222306826,1
0,"A",0.144240749293957,-3.13015003935841,1
0,"B",0.565476446520326,-0.162779845331025,1
1,"A",0.362720664821491,-0.458385836721636,1
0,"B",-0.801251813909213,0.170507070604585,1
0,"A",-2.28087145426049,-0.890617278417988,1
0,"A",0.439294419716829,0.477765050046573,1
0,"B",0.19946833664147,0.642154484774723,0
1,"A",2.31907203839079,2.4258492464563,1
1,"B",-0.563137699710378,-0.115509906668782,0
0,"A",-0.172078490331362,-1.22704764596331,0
1,"B",-1.09533758800378,1.40959011896127,0
0,"A",0.111100085692945,1.63798568832495,1
0,"A",-0.991800121259697,-1.21596853676195,0
1,"A",-1.14777327686771,-1.36958388739945,0
1,"B",0.54839753880916,0.380700665648898,0
1,"A",0.439796547494595,-1.20031427090777,1
0,"B",-0.962701157833339,-1.96177938064821,0
1,"B",0.523142629006973,0.993899558280211,0
0,"A",0.247968383317753,-0.722464579419502,1
0,"B",-1.33274922371908,-2.55669111733341,0
0,"A",0.270632582545531,0.406464320301361,0
0,"B",-3.25044215572776,-0.940799327093746,0
1,"A",1.50998021938748,-0.730278554445228,1
1,"A",-0.303981546666481,-2.10950205561874,1
1,"A",-0.642777290544031,0.589982193973926,0
1,"B",-0.684231752651135,0.987448674590793,0
1,"A",-0.0624277823447675,2.16894534688101,1
0,"B",-1.25394024936005,-1.18372048926553,1
1,"B",1.22976402797473,2.15835453764858,0
1,"A",1.92569904959217,0.819665490888832,1
0,"A",0.689247923733479,-1.68401838161373,0
1,"A",2.34981097996155,-0.916958633277386,1
0,"A",-1.60685293374287,-0.272867687960897,1
1,"B",-0.396382857080783,1.48651456099797,0
0,"A",0.869510528264087,1.03387892299888,0
1,"B",1.63136978382982,-0.0171884962016371,1
1,"A",0.849076482407049,0.745005958242151,0
1,"B",0.58353593262081,-1.15925481603708,0
0,"B",-0.649549484445399,-0.365431992087798,0
1,"B",-0.985972927996049,1.14452986181849,1
1,"A",-0.0750745200662084,-1.30996464194422,0
1,"A",0.101096017071534,1.5858667269793,0
1,"A",1.42238741561944,-0.617349594805428,0
1,"A",-0.40514139928644,0.0504474152377031,0
1,"A",1.61128329277574,-1.87208266459973,1
1,"A",0.897931427900301,0.119674674073879,1
1,"B",-0.175232421182001,1.2510608743235,0
0,"A",-1.63996589592619,-0.704325108799359,1
0,"A",0.325568867472806,-1.23485253778474,1
1,"B",-1.3894867000038,0.92162012289018,1
1,"A",2.28706644291397,-2.17413803304603,1
0,"B",-0.755400479085148,-0.520033586587572,1
1,"A",0.355644598921832,-0.730882611066838,0
1,"A",0.0550491929370376,1.34656369161801,0
1,"B",-0.206371012447347,-1.63639467303507,1
1,"A",1.12765365733018,0.0504082697532263,0
0,"B",-1.71333963739294,-0.279394440267302,0
1,"A",-0.198257826970898,-0.316127515117908,1
0,"A",0.287037503831898,-0.555599899010993,1
1,"B",-0.956174756489814,0.291510577916877,0
1,"B",-0.410073948567801,1.09343736785186,0
1,"A",1.73980503758763,-0.664997397436154,1
1,"A",-0.705610906307699,1.11080676217521,0
0,"A",0.171572983118923,-0.0952087827513823,0
0,"B",-2.75728974299031,-0.729181145143048,0
1,"A",-1.11477646528028,-0.449049528896369,1
1,"B",-0.218790101765996,-0.0488917307229362,1
1,"A",0.722569920052141,-0.0871667990130127,0
1,"A",0.891670677226038,-0.161049471188031,1
1,"B",1.35224076007901,2.07302129538023,0
0,"B",-0.501684069918971,0.771458889767463,0
0,"B",-0.592120752527446,-0.224978916294241,0
0,"A",1.50792029804123,0.546237564208923,0
0,"B",-2.67250367721248,-0.631192972202058,0
0,"B",-0.486401001514515,1.54509546736142,1
1,"B",1.41318969556531,0.242093327454777,1
1,"B",0.822190309360701,0.668436019184756,0
0,"A",0.315403882550732,-0.82795866725592,0
0,"B",-1.75780089232511,0.511438729578594,0
1,"A",0.895000239934016,-0.308741550793621,1
0,"B",-0.991590354675053,0.0805286718402952,1
1,"A",1.51329504315806,0.431222694403837,1
1,"B",-0.157475926526219,0.220277408762131,0
0,"B",-0.322922188279056,0.0596539734757366,1
0,"B",-1.66888917725655,1.6018839413876,1
1,"A",0.467292116331396,0.498335984674388,1
1,"B",-0.738447370745301,0.903879855119053,1
0,"A",-1.58685354913732,-1.52628960781366,1
0,"A",-0.655501846248838,-1.26994442836672,1
0,"A",-0.338982567742927,-1.80398327982601,0
1,"B",0.634988530153505,1.54820539775824,0
0,"B",-2.36580670108078,1.02915870105753,1
1,"A",2.00429148513737,-1.42738914823606,0
0,"A",-0.325761374723316,-0.205578362521124,1
1,"B",-0.764567511780498,1.31023058476161,1
0,"A",-0.189014131284818,-2.01930793575884,1
1,"A",0.97439323783435,-0.423292967455536,1
0,"B",0.0889558594462294,-1.01589107951557,1
0,"B",0.0806772241088949,0.990750305722947,1
1,"B",-0.385389163833527,-0.103173582169149,1
0,"B",-1.93480324934263,-1.70599887043366,0
1,"B",-1.34405250448162,1.15081924641954,1
0,"B",-0.855756334845955,0.770100940875149,0
0,"B",-2.72285299809061,0.525384272861858,0
1,"A",0.959749685918412,-0.819924904130576,1
1,"B",0.814487498611976,0.177962188248317,1
0,"A",-0.257500925609782,0.0731332773618523,0
1,"A",1.37436499320219,0.674252601437048,0
0,"A",1.11618095388475,-0.0438124136468474,0
0,"B",-0.355145074697566,0.81523594965439,1
1,"A",0.96402791547141,0.360335175041659,1
1,"A",0.598088399788293,-0.284753341559828,1
1,"A",-1.37302189073884,-0.531209818710826,1
0,"B",0.207845634874772,0.0416218304884976,0
0,"A",1.30105812554174,-0.926370611204743,1
1,"A",-1.26130575337207,-0.309927238209242,1
0,"B",-1.0379550315381,0.00994756857974322,0
1,"B",-0.489576974031742,0.743992789538876,0
1,"B",0.850978191384572,1.18670004030221,1
1,"A",0.0687267460061234,0.995093742282189,1
1,"A",-2.31798990416589,0.0369741689401786,1
0,"B",-0.166407681636268,1.32712587310356,0
1,"B",1.70655193189761,-0.744095164115955,0
1,"A",1.41528517144956,0.847666633063214,1
1,"A",0.32910881918652,0.0765655428007901,1
0,"B",1.73794112417878,1.52870168470746,1
1,"A",0.382172277130342,-1.01270278456072,1
1,"A",0.61492215698844,2.13441880654738,1
0,"B",0.670960995149711,1.46695989521469,1
1,"A",0.00667433277518392,-1.21100680042667,0
0,"B",-1.19441661930647,0.257446720562814,0
1,"A",1.31253953691698,-1.83952796458664,0
0,"B",-0.702356787838005,0.635856666298015,0
1,"A",1.64610216802634,-0.60381229735716,0
0,"A",-0.697760703681433,0.625570615356202,0
1,"A",0.203013944159617,0.547904187828639,1
1,"A",-0.537943730022371,-0.835281713453621,1
0,"B",-1.00266965188949,-0.0115769596389977,1
0,"A",1.17877833291705,-1.06259104386044,0
0,"B",-3.48554013820879,0.402015673286948,0
1,"A",-0.258321366576949,0.0369762364209689,0
0,"B",-1.69986435388701,1.29572867734597,1
0,"A",0.282199402051559,-0.478233333299784,0
1,"A",-0.647076217443786,0.297678113056926,0
1,"A",0.163098710818321,-1.17606179353815,0
1,"A",1.99664932598611,0.496134184290089,0
1,"A",1.87499126113558,1.6305254451887,0
1,"B",-2.87066627248198,0.243847578270865,0
0,"B",-1.50520797751022,0.48661216646195,1
1,"A",0.689970497544727,0.371363920227209,1
0,"B",-0.168887880449178,1.96625817927278,0
1,"A",0.831717620131465,-1.35242156016384,0
0,"B",-1.32839776885696,-0.40973219263766,0
0,"A",0.260999996506326,-1.8843670805124,0
0,"A",-1.37455937585869,2.12957023586574,0
0,"A",-0.354408850064427,0.0738641769625136,0
1,"A",1.71577029580684,-0.166241767789303,1
0,"B",-0.560158973584143,-0.704559952832762,1
1,"A",1.70982330911917,0.230518652701975,1
0,"A",0.193073830963551,-0.416842975626576,1
1,"A",2.94025294189728,0.730753487913575,0
0,"A",0.744184636757943,-1.46389416978044,0
1,"A",-0.661460421454989,-1.87898708406494,0
1,"A",-0.368028540249448,0.216420628415566,1
1,"A",-1.16110676881736,-0.0575434477246619,1
1,"A",-0.885400918730888,-1.79379842625146,0
1,"A",0.681349908853977,0.26679846567527,0
1,"B",-2.07134430062296,1.46963577643128,0
0,"B",-0.683004562823017,-0.417950940538069,1
0,"B",-0.629468867290124,0.336404568289059,1
1,"A",0.9318191178104,-0.870295453984286,1
0,"A",0.447365466461768,-0.103885874623941,1
0,"B",0.290391925673343,1.57535227807724,0
1,"B",0.697022787699225,0.746058114963925,1
1,"B",-0.724817752474511,-0.0481392616947383,0
0,"A",-0.51836853188892,0.671069875347264,1
0,"A",-0.0146502016152185,-1.25633552781434,1
0,"B",-0.900073892395249,-0.750451907990702,0
0,"A",0.896457628926002,-0.440222383343343,1
1,"B",-1.41050094031406,-0.010370099218046,1
1,"B",-0.570041585471853,0.294802206572399,0
0,"A",1.68026089169474,-1.85653231231016,1
1,"B",1.04897562431939,-0.758955202345788,0
0,"B",-0.0619555493268924,-0.134799670306881,0
1,"A",0.241819296010506,0.714848486689352,1
1,"B",0.107060024921031,1.28388111930523,0
1,"A",0.236293880538899,0.769227325824156,1
0,"A",1.20607588644184,0.102876342638719,1
1,"B",0.735965495736011,0.219972700172962,1
0,"B",0.626669947812316,-1.31487771743338,1
1,"B",-0.0160654125739246,-0.893991757320253,0
1,"A",-0.274896737881156,0.241524296522909,1
0,"A",0.382280644701437,-2.42042390011268,1
0,"B",-0.151209106077478,0.449178540742508,1
1,"A",0.187698851159973,0.251028540658921,1
0,"A",-0.852832497789859,-1.309512772755,1
0,"A",-0.438253929931808,0.846599509270081,1
1,"A",1.37004434929715,-1.43856550648142,1
0,"B",-0.344153573828969,0.181716624186258,0
1,"B",-0.524200636941949,1.33954876571099,1
0,"A",0.945982975996889,-0.831034651588987,0
0,"A",0.596699766680206,-1.42385875315979,1
0,"A",0.265491230151349,-0.773667045542238,0
1,"A",0.779355461480766,0.179045421830989,1
1,"A",0.0483354166286497,0.929325996414548,1
0,"A",0.546017176497309,-1.44305676893936,1
1,"A",1.06895636819826,-1.08283130376223,1
1,"B",-0.825250721232823,2.77730442712852,0
1,"B",2.69868959473749,0.829886460250452,0
0,"A",-0.0832272090839166,-1.48182700631354,0
0,"B",-1.47479626943543,0.176464577993647,0
1,"A",-0.776727645985104,0.777465072321847,0
1,"B",0.0836783642542995,0.119671128427733,0
1,"A",-0.453568215370259,0.0256091188445197,1
0,"A",-0.989486655955437,-1.63147853212984,0
0,"A",0.418987590516341,-1.1673369130397,0
0,"A",0.378458839237403,-1.11699703621441,0
0,"A",1.31404622141884,2.18582338268404,0
0,"A",-0.705540566142295,-0.859747264007808,1
0,"B",-1.79224566575602,-0.0973181007927521,0
0,"B",-0.796970319768287,0.0280185839048188,1
0,"B",-2.45879581765096,-1.25270819482972,1
0,"A",1.39386616151322,-0.893344973877783,0
0,"A",0.957114258496045,-0.352531706200958,1
1,"B",-2.19285759733844,1.58923329790792,0
0,"B",-2.21829935489097,-0.254983700501797,0
0,"A",0.369892600489156,0.479252223956313,1
1,"B",-0.0791665621068398,-0.0883776189274642,0
0,"B",0.0792139542669807,-0.948834378679147,1
0,"B",0.341779286428929,-2.39538302851468,0
1,"A",0.203615924617671,-0.551348699765998,1
0,"B",-0.860767554318928,0.133582855573765,0
1,"B",-0.48878789349965,1.26768523656984,1
1,"A",-0.255115256318566,-0.538928344827629,1
1,"B",-1.63774241241163,0.466273201804979,1
1,"B",0.0443050339786167,-0.771168134675605,1
1,"A",-0.820130874194552,0.255037623755786,1
1,"B",-2.07940449432058,0.956602314088593,0
0,"A",-0.95606616727042,0.809565466245787,1
0,"A",1.53052682585438,-0.76336562709106,0
1,"A",1.8002218105438,-0.0764729108296792,1
1,"B",1.50365221669749,-0.40805120487533,1
1,"B",-0.76548929416027,0.697200237282875,0
0,"A",0.860237641304646,-1.22572765847055,1
1,"A",-0.0952261433143571,-1.53791483981382,1
1,"B",0.198478306862785,-0.467372159868202,0
0,"A",-0.329211114671721,-0.245468563183636,1
1,"B",0.452056688624448,1.63766567221973,0
1,"A",-0.568409315823919,1.6969669189664,1
0,"B",-0.571193919018203,-0.0815925945184433,0
0,"A",-0.873494724757857,-0.334953197039507,0
0,"A",0.474432430852454,-0.648662543580055,0
0,"A",0.536854432931387,-0.926214740578494,1
1,"A",1.08475725436294,-0.877170582615798,0
1,"B",0.660446772014254,0.0655187310937773,0
0,"B",-0.899535676118582,-1.29746639181415,0
1,"A",2.26922139971628,0.832991010962701,1
0,"A",-0.616230867711007,-2.41532816680534,1
1,"A",1.19597493043366,1.50483549393703,1
1,"A",-0.53298987284144,-1.01322407940343,1
0,"B",1.98487427902179,-0.899697490050457,0
0,"A",-0.21132617393868,-1.42641382125614,1
1,"B",0.994596661466683,1.05985689899774,1
1,"A",0.317750853572504,-1.58443956341257,0
1,"B",-1.06367588827732,0.7539035785762,1
1,"A",1.5521952323874,-0.232541379750393,1
0,"B",0.893964715449744,0.471330261842432,0
0,"B",-0.886367687083798,0.447749145812765,1
1,"A",-0.213590737839502,-0.393371309856372,0
1,"B",-0.553896917651481,1.29351944968757,0
0,"B",0.547290966915757,-0.424949730014809,1
0,"B",-0.747667046691074,0.189292837584626,0
1,"B",0.135005590929101,-1.23246354078021,1
1,"B",-0.427304498745994,2.46752852381537,1
1,"B",0.742397945183312,-0.482650218686125,0
0,"B",-1.12307401212691,0.150784692321293,0
0,"A",0.305168666163291,-2.29401235575458,0
0,"B",-1.07340729715907,-0.134248230284709,0
0,"B",-0.27486806907539,-2.44348923983673,0
1,"A",-0.68633209311083,-1.9312529987881,1
1,"B",-1.51585181013009,1.90671170215552,1
0,"B",0.149498423722654,-1.10076399992535,1
1,"B",1.09579727756992,0.137355116945677,0
1,"B",-0.835026524448704,0.298784132918132,1
0,"A",-0.0907625728787788,-0.0128767554821908,1
1,"A",0.939244572361219,-0.496337917377047,1
1,"A",0.331575388301381,-0.0710163187305539,1
0,"A",-0.110764472487557,-2.86012188677953,0
1,"A",1.05815452774148,0.00747382177805278,1
1,"B",-0.49585246866607,2.91114263374564,0
1,"A",0.911925524757669,1.55611736054394,0
0,"B",-0.338088839739878,-0.889464255468651,0
1,"B",0.429363276229078,-0.745942233614609,1
0,"A",0.0943807420774452,-0.633645826869171,0
0,"A",-1.87526855252169,-1.22077585441414,1
0,"A",-1.66245014102708,-1.81356004270776,0
1,"A",0.70267098376312,-1.09582571515962,1
1,"B",1.6869896213861,2.10845572965802,0
0,"B",-2.06003881485213,0.91083910237864,1
1,"A",0.245071528555381,0.830991362429682,1
0,"B",-2.30152374978913,0.12946049253733,0
0,"A",-0.114025952618077,0.169478210300434,1
1,"A",0.0139373398303199,-0.758000128995848,1
0,"B",0.765366301944868,0.277797153191743,0
0,"B",0.268367387965656,-1.66833640728052,1
0,"B",0.635106351017931,0.7216193637496,1
1,"B",-1.61716121226912,-0.987857176715607,1
0,"B",-3.53891878092979,-1.00151556594247,0
0,"B",-1.4456666551602,1.68949422585166,0
1,"A",1.81562564667723,0.157960353738535,1
0,"A",0.908428812423386,-0.509062464187394,0
0,"B",-1.33853727140631,1.01107019288658,0
1,"A",1.11176491492512,-1.61499752460597,0
0,"A",-0.858646629832365,-1.65989523103565,1
1,"B",1.79847866713431,-0.169361212290737,0
0,"B",-0.858737284154132,0.517023297596984,0
1,"B",0.0797052166195715,2.03965270594317,1
1,"B",0.50332844850454,-0.476736147976079,1
0,"B",-1.0799841691398,-0.599744147478749,0
1,"A",-0.527960207594234,0.224123884981299,1
0,"B",-1.5541104780328,-0.0310967071622839,0
0,"B",-1.61116072736984,-0.633666939035961,1
0,"A",-0.738590976725392,-1.21666776508266,1
0,"A",-0.71633333603869,-1.52249477779828,0
1,"A",-0.80794161629005,0.0162505808306311,0
0,"A",0.0668505822508889,-1.41181130670002,1
1,"B",-1.81924779345044,1.4112632634429,0
1,"A",0.36273893549302,-1.01354299374999,0
0,"B",0.25466381704131,0.4898909503254,0
1,"A",-0.291254357741883,1.5729611501524,1
1,"B",-1.24806135393854,0.71762980963609,1
1,"A",1.88066513235131,0.784573182958398,1
0,"B",-1.605740647224,0.564751384777493,0
0,"A",0.195616560636362,-0.516140582409472,1
0,"A",0.148933348723288,0.189562370638187,1
1,"A",2.98729837105935,-0.939440141690149,0
0,"A",1.04730958678936,-0.50900052864999,0
0,"B",-0.600236076862913,-0.721024600691025,0
0,"B",-0.703271532636699,-1.02134102846041,0
0,"B",-1.11515216971556,1.93325536174415,0
1,"A",-0.805256017748026,0.2073595376239,1
0,"A",1.18744300408548,-0.460017094009361,1
0,"B",-0.681778008610095,-1.15268889200108,0
1,"B",-0.0167981039455523,0.479145832595881,1
1,"B",0.771327249605335,0.0733120575277132,1
1,"A",1.19027642720998,0.63248920464432,0
0,"B",-0.637149865041253,0.581659360271427,1
0,"A",0.239381962678187,-1.44063008235759,1
0,"A",-1.61764632881461,-0.225853292937825,1
1,"B",-1.13262514438576,1.94333802375397,1
0,"B",0.200437929814455,1.07462383770927,0
1,"B",-0.589536042951417,1.00116962391691,1
1,"B",1.31025578675866,0.0311904940009155,0
0,"A",1.18768100973937,-2.0217564204417,0
1,"B",1.18668157376473,-0.751131687347276,0
0,"A",0.947190922206099,-2.38417199098825,0
1,"A",0.609107178692258,0.79768810414444,0
1,"A",1.41948210342235,-1.96045759461752,0
1,"A",0.493280447433664,-0.132557614236454,1
0,"A",0.0833982204516622,-0.992362820404893,1
0,"B",-1.53300845313149,-0.549972723319055,0
1,"A",0.784838119867424,-0.389242152113721,0
0,"A",0.508363494313255,-0.70664301194702,0
0,"B",-0.952277255631004,0.880265750328511,0
1,"A",0.802721611845276,-1.04668172985889,1
1,"B",1.66839765299879,1.60571086108072,1
0,"A",-0.199678559170181,0.707196764446087,1
1,"B",-0.879596545929804,1.92630717072362,1
1,"B",-2.39962933267341,1.31229307251222,0
1,"A",0.777959874993126,-0.287778897217262,0
1,"A",-0.707110508844925,-0.67001217110555,1
1,"B",-0.788028697586395,-0.572171057993915,0
1,"B",-1.27432582745105,-0.333779459178098,1
0,"B",-1.19708129715815,-0.642139328908725,0
0,"B",-0.515054468909104,-2.1903804482291,0
1,"B",0.807997201973822,0.604767576981843,0
1,"A",0.717489056444341,-0.122946594530076,0
1,"B",1.28101872938196,0.859058445682653,0
0,"A",0.345741755144293,-2.00032353701582,1
0,"A",1.6655141303978,-1.82578958051129,0
1,"A",0.615280041053734,-0.0245799237570015,1
0,"B",-0.872194241075044,0.754630709760935,0
1,"B",0.606802747816218,0.688268758199871,1
1,"B",-0.058135548684211,0.633246101037387,0
1,"A",0.399903612385683,-1.2269780708626,1
1,"A",1.29124411421999,-1.33133237275145,0
1,"A",0.273321511368671,-0.674280446651914,0
1,"B",-0.532489865338009,0.0746197224041384,0
0,"A",0.633208723729637,-0.622140730651709,1
1,"A",0.0836577939611183,1.74176929592323,0
0,"B",-0.830851501444785,-0.767701789436845,1
0,"B",-0.497808078959662,-1.13806868518439,0
1,"B",0.699285525976474,1.26409301684992,0
0,"A",0.0385638759758753,0.3907350652751,1
1,"A",0.693702622186467,-0.2662531159963,1
1,"B",-1.01107763280051,0.116635208782992,1
1,"B",-0.463659854399201,0.913377347450472,0
1,"A",-0.341781958029917,-2.36901191861258,1
1,"B",-0.389337029377167,0.663062950013827,1
0,"A",-0.109046585960045,-1.47879166002715,1
0,"B",-1.40016472101324,-0.362403958196076,1
1,"B",0.200803164331895,-0.856742802416079,0
1,"B",-2.24891094124399,1.76867463170239,0
0,"A",0.11078055339152,-0.925380895075274,1
1,"A",-0.747396710382922,1.19902606791916,0
0,"B",-1.20666404262699,0.0239784003739705,1
0,"A",-0.46481129731509,-0.0979275489781455,0
1,"B",-0.903804424583992,0.978082384146668,1
1,"B",-1.08868190365191,1.28272289658841,0
0,"A",0.678226371054539,-1.7096225116148,0
0,"B",-1.19067931760865,0.585566649630155,0
0,"A",-0.170365346611738,-1.14865455400024,0
1,"A",-1.33054795794822,0.515607033106181,1
0,"A",-1.29760340045867,-0.241419100903488,1
0,"A",0.377677891028861,-0.53844016238099,1
0,"A",0.225951171771657,-1.58842077168529,1
1,"A",0.79462345557457,-0.865518783048745,1
0,"B",-0.221679850119671,0.431248202654673,1
0,"B",-1.71837933639947,0.326550015389022,0
0,"B",-1.40735874521927,-0.63717510085737,0
1,"A",0.850606159047423,-0.214438276310974,1
1,"A",0.0180964965051157,-0.457589589125212,1
0,"B",-2.31702395886166,-0.753094982832706,1
1,"A",0.567169210943311,1.01796172268575,1
1,"B",0.875322692934654,1.41880410952209,0
1,"A",-0.0582853687351558,0.261856779401734,1
1,"B",1.76683486803958,1.02588694455705,1
0,"B",0.176097011381067,0.375023050489382,0
0,"B",-0.752748778462135,-0.538532315793768,0
1,"A",2.57574495139268,1.77255983037387,0
0,"B",0.226934358090819,1.75016440477204,1
1,"B",-0.451343659339566,2.17293842305949,0
1,"B",-0.997731855863601,1.21295758294575,0
0,"B",-0.606471017045108,2.00459577635515,1
1,"A",0.5601563186865,-0.682465014655998,1
1,"A",0.807045722858254,0.873641198465905,0
0,"B",-0.287519736609364,1.77145778020718,1
1,"B",-0.887767059536532,1.33883116213476,1
1,"B",-0.0979051643959014,0.525521718088741,1
1,"B",-0.39648562182984,1.73814904645448,1
1,"B",-0.787410872291706,1.3392986303954,1
0,"A",0.0912622426307423,0.416993624088067,0
1,"B",1.05735371680343,0.87670238815362,1
0,"A",-1.06947666466974,-2.35820857556685,0
1,"B",-1.51632123485012,-1.35716021760645,1
1,"A",1.43757091966369,1.61253729445022,1
0,"A",-2.21881202481403,-0.707843734890145,0
0,"A",-0.629520309025047,0.700616879365262,1
0,"B",-1.38451443428005,1.61478171795588,0
1,"B",0.273050501957092,0.667291656671915,1
1,"A",0.432999613660145,0.371664521370944,1
0,"B",-0.540062530270686,-0.571611782487385,1
1,"A",1.95900503127221,-0.652972881667635,1
1,"B",-0.114939272200109,1.03515917552836,1
0,"B",0.296235270191643,-0.0191563925361709,0
1,"A",0.432134173790243,-0.26586608290891,1
1,"A",-0.0514591593874793,-1.28922378151393,1
0,"B",-2.16864418376208,0.428997356993058,0
1,"A",0.0534221609305962,-0.655407514795968,0
1,"B",0.318898339791349,0.0573222332745525,1
1,"B",-0.360039285629146,0.709924627831795,0
0,"B",-1.81204542018113,-0.334802541016929,0
0,"A",0.126460483515537,-1.00607880796258,1
0,"A",-1.50878187207618,0.433470803947656,1
0,"B",-0.882717664882111,-0.678570516748204,0
0,"B",-1.81237752466578,-0.0483096421982905,1
1,"A",0.955872752715676,0.79274745573594,0
0,"A",0.529388975726078,-0.864825346456831,1
0,"A",-0.0772302312748769,-0.0988337630030178,1
0,"B",0.0527644204878952,-0.284129889498833,1
1,"B",2.16310144469269,0.252551959109713,0
0,"A",0.70087771942463,-2.97007699800117,1
0,"A",1.81397944383022,-0.169550547178904,0
1,"A",2.39267369074311,-0.87270048359794,1
1,"A",0.217831804417561,-0.504561436586301,1
0,"B",0.613541549337329,0.406077719627074,1
0,"B",0.587231222842878,-1.00073452937095,0
1,"B",-0.556881910735811,1.26902833640358,1
0,"A",0.963925050528257,-0.744253259696972,0
1,"A",1.20917589244325,-2.30623737128678,1
1,"B",0.457095149797511,0.819635238663291,1
0,"B",-1.0616179813436,0.868687980101667,0
0,"B",-1.25309964298186,-1.78111271794306,0
1,"B",0.954541113286169,1.48268735200787,0
0,"B",-1.18176806414703,-0.318184239820249,1
0,"B",-2.22517506149897,-0.54147340993469,1
0,"B",-1.85529663066466,-1.48791543131931,1
0,"B",1.2659605432808,-1.30067850099154,1
1,"B",-0.170791997789948,0.66180353836342,0
1,"B",-0.100089849450895,0.599332169384676,1
0,"B",0.0735199583867199,1.36834085801038,0
1,"B",-0.737896600619418,-0.1915944105695,0
1,"A",-0.317824147021714,-0.674137715105655,1
0,"A",-0.950576324138647,-0.513128217665432,1
1,"A",-0.864864035777711,0.465766596648172,0
0,"B",-1.25061934283635,-0.231383068796542,1
1,"A",0.081965966867642,0.959498734272877,1
1,"B",0.112353370593734,1.37072489075261,0
0,"A",-0.352224152877617,-0.392978763129207,1
0,"A",-0.443452314685669,-0.496375335238943,0
0,"A",1.29648715394115,-0.464716972576426,0
1,"A",0.340474077073361,-2.1236375155916,0
0,"A",-0.271165791722716,-0.278280975108578,0
0,"B",-2.2846162729707,1.73930630233514,0
0,"B",-1.22461300772537,0.991701348298542,0
1,"A",2.4074182700398,-1.04144912753,1
0,"B",-0.343459415257054,0.234605965969926,0
0,"B",-1.38059321848827,0.358492914534071,1
0,"A",-1.09447791307623,-0.0127520305683456,1
0,"A",0.986662743847961,1.10741648775922,0
1,"B",0.892788563087364,1.53503405246831,0
0,"B",-2.20131395268055,-0.990004339638139,0
0,"A",1.42809638265599,-0.642166101893745,1
0,"B",-0.139768740076076,-1.03146643318819,0
0,"A",-0.221961260821274,0.174447041226357,0
1,"B",-0.0845256403460219,0.293083164509542,1
1,"A",1.23087756205446,-0.305241121077664,1
0,"A",-0.558684804073029,1.46637373146896,1
0,"B",-0.0027180054331174,-0.321992020131412,1
1,"A",3.72275281796032,-0.447574809493244,0
0,"B",-1.38001160120613,-0.193805391405995,1
0,"A",-0.858547761396748,-1.7692976083179,1
0,"A",0.148156593539966,0.792905642484571,0
1,"A",0.682031921952777,-0.0303358657219706,1
0,"A",-0.628294177963339,-2.45627690822752,1
1,"B",0.842195908193138,0.661821563023536,1
1,"A",-0.684976616563125,0.525651785632219,0
1,"B",-0.624343874357931,0.508570567213144,0
1,"B",-0.248738538670984,0.347814469949486,0
0,"A",-0.228931540843896,-1.91361876125139,0
1,"B",0.519980283633511,0.0934259491681323,1
1,"B",0.373447255434074,2.29896327628781,1
0,"A",0.528765779489332,-0.249952567133095,1
0,"A",-0.0132459929043772,-0.197638136271127,1
1,"A",0.631664035856768,-0.302173863765217,1
1,"B",0.0933471135381442,0.239606409929254,0
0,"A",0.0698615969239046,-0.925187103994236,0
1,"A",1.38905176077019,1.26255086715419,1
1,"A",1.04020559867856,0.956043677754523,0
1,"A",0.490001180000098,0.354144630550542,1
1,"B",-0.576501889272741,2.53055038550499,0
0,"A",0.983957233455785,-0.469934605884184,0
1,"B",0.0768056209019213,0.920425828028637,1
1,"B",-1.21297392245434,-1.88685490324767,1
1,"A",1.93521928542843,-0.586143002283353,0
0,"B",0.724664772689622,-0.0909978991505581,1
1,"A",0.951476988726078,-0.722151642590852,1
0,"A",-0.204948150113315,-0.0765131907694153,0
0,"A",-1.38753267973331,-1.73899285778311,0
0,"B",-0.305066634472141,-1.33772937318233,1
1,"B",-0.762945986398946,0.227857350030938,1
1,"A",0.153409983625912,0.0488375174030663,1
0,"B",-1.3774670020178,-1.48845369994066,1
1,"B",-3.00984754919944,0.654253328745281,0
0,"A",-0.382716932614608,-1.82814657170182,1
0,"A",0.170378585980787,-0.223588581047603,0
0,"B",0.0589246701686336,0.130747668767509,1
0,"B",0.253169687050685,-1.60055381192755,1
0,"B",-0.166810081922435,0.00799349330715823,0
1,"A",1.60340263972759,0.248868510993001,1
1,"A",-1.3063772863304,1.76031164500303,1
1,"A",0.19931350786242,-1.48108007644045,1
0,"A",1.28209685474474,-2.85356141436909,1
1,"B",0.594231689800606,-0.101931380911216,1
0,"A",-0.434047930207723,-1.53056901307735,0
0,"B",-2.23446416197261,-0.703678065035536,1
1,"A",1.07345846636159,1.17469803381745,0
0,"A",0.986620823688242,-1.80599023610243,0
0,"B",-1.27313313518296,0.109371750716564,0
1,"A",2.31356340507859,-0.270959833954426,0
0,"B",-0.917265936314575,-1.50836459887427,0
0,"B",-1.04176472100368,-0.504107906607174,1
0,"B",-3.06711314148026,0.0730655920496699,0
0,"A",0.868837550670245,0.100933966810457,1
1,"B",0.262856964829137,-0.357710912411001,1
0,"A",0.273104660824699,0.965465521879664,1
1,"A",0.822473343068275,-0.545843144549644,1
1,"B",0.173866630515979,0.570455815678729,0
0,"A",-0.206252897001087,0.153888579290361,1
1,"B",-0.67603759171476,-0.96416380612799,1
0,"A",0.107790811252818,-0.722911057025466,0
0,"A",1.28833190728649,-2.05277590309864,1
0,"A",-1.71033379023733,0.275310003330354,1
1,"B",-0.151939992523328,-0.84190459481377,0
1,"A",2.0836784862121,1.77174748450513,1
1,"A",1.04271322948318,-0.0617379868515646,1
1,"A",0.0912911523716145,-1.02220265562248,1
0,"A",-1.10031343102758,1.62880422588242,0
1,"A",0.986302683349166,0.396248621223761,0
0,"A",0.77100506143504,-0.340565571656718,1
1,"B",-0.174435494687845,-2.18494290240243,1
1,"A",0.238078012929564,-1.64158100779422,1
1,"B",0.274911591946312,-0.257874034943679,1
1,"B",-0.738536404822902,-0.789337938714059,1
0,"B",-2.12188088281189,-0.541730357820122,0
1,"B",-0.913430663542525,0.00460616525739621,0
1,"B",1.93060988543556,1.77169997353781,1
0,"A",0.342187373088427,-0.0366416051175896,0
0,"A",-0.809845597973113,-1.08654842723698,0
0,"B",-0.689117378068347,2.29125334105682,0
0,"A",-1.64505016106566,-1.76872393199908,1
0,"A",-0.873436645280099,-0.199248793540324,0
1,"A",0.250798015946159,-0.552344007320537,1
0,"A",0.302851709752372,-0.161871837292262,0
1,"B",-0.416249826973718,-0.541940875403102,1
0,"B",-2.52294143374643,0.694041035522579,1
1,"A",1.62774041641221,-0.59097508715418,0
1,"B",0.36355449950382,0.422185117391923,0
1,"B",-0.117585206657334,0.219778304951623,0
1,"B",-0.0999370061513621,2.0064268286818,0
0,"A",-1.07285478266273,0.736202756852191,1
0,"B",-1.99357559111083,0.619397982014397,0
0,"A",-0.0208946713142529,1.51802462344355,0
1,"B",-0.213810580754021,-1.20112344464676,0
1,"A",0.761725186972454,1.15505582269352,0
0,"A",0.62415821490479,-3.83961315932323,1
0,"A",1.28587033097076,-0.744668519477645,1
0,"A",1.74632215713039,-0.628022086903626,0
1,"A",0.646829004794651,1.29891616100927,1
1,"A",0.619261905800733,-1.55564309331372,1
1,"A",0.707731468681782,-0.845736066581409,0
0,"A",-0.818721870817797,0.485958740502872,1
0,"A",-1.80465877505296,0.0130194305546358,1
1,"A",0.787188633351934,-0.845987532238735,0
0,"A",0.939296441933381,-0.482524467288218,1
0,"B",-0.219744598542024,0.00723902112060534,1
0,"A",0.575921818941964,0.159594824775364,0
1,"A",-1.64702791741196,-0.448594776673255,1
0,"A",-0.986926911798129,0.466439465926705,0
0,"A",0.287500296915013,0.118561026971833,1
1,"A",0.14103979590713,-0.211869775962988,0
1,"A",0.784185531988359,-0.896252546266474,0
1,"A",0.963185018743675,-0.375170228971122,0
0,"B",-0.326916567066126,-0.966908953356954,1
0,"A",0.387043223820644,0.768388031262407,1
1,"A",2.2309028226428,1.67692790260168,1
1,"A",1.65519148086385,-0.29767413398235,1
0,"A",1.22031297617186,-1.44945779663172,1
0,"B",-1.13407866533292,1.88570894560398,0
0,"B",0.0601022794096007,0.0722296683924154,0
0,"B",-0.133247046732726,-1.14264914828041,0
1,"A",-1.63114508273459,-0.261753834861378,0
1,"B",0.302688682788807,-0.466850434207301,1
0,"B",-0.224998527314124,0.531052724889156,1
0,"A",0.635242724205242,1.06366359836977,0
1,"B",-1.32624777746268,2.17081927348776,0
1,"A",-0.858033993013861,0.595855469743402,0
1,"A",0.0791930245085317,-0.14216366631541,0
1,"A",0.34989430972781,-0.262272387567289,1
1,"A",0.109121836483488,0.0632423877203929,1
1,"B",-1.17892309935767,1.35628713150571,1
1,"A",1.4285112249567,0.811304111186482,1
0,"A",1.88824087704086,-0.867051833407804,1
0,"B",1.22181112775863,0.442636121209654,0
0,"B",-1.1870328970739,-0.300411064169152,0
1,"A",1.0957381300342,-2.41454901126732,1
0,"B",-0.437270228855683,-1.68751693109308,0
0,"A",-0.0985836178003372,-0.2312641633821,0
0,"B",0.130151807470096,0.251506051369729,0
0,"B",-0.132110461470985,1.75593405010249,0
1,"A",-0.3043599268032,-1.92002307992438,0
1,"B",-0.115025240872563,2.92599016229712,0
1,"B",-0.788684068226741,1.20479831753322,1
0,"A",1.87629471291835,-1.45622220656258,0
1,"A",0.336186011986046,0.42706325923209,0
1,"A",0.130969365851997,-0.708713272016429,1
1,"A",-0.0647977392628747,-0.0890754340189701,1
1,"B",-0.914068516601366,1.05909417064747,0
1,"A",0.570266104016877,0.482751949460494,1
0,"B",1.01836061777168,0.564204526021133,1
1,"B",-0.346638026219138,-0.37727156932353,0
1,"A",-0.679158081287782,-0.922448614863684,0
1,"A",1.666702496838,-0.814577269494292,1
0,"A",0.189511957351132,-0.707870759268602,0
0,"B",-0.315667418666295,0.492741356093636,0
0,"A",2.0618283432523,0.24532299539402,0
0,"B",-1.44655940927752,-1.12899221657311,0
0,"B",-0.882091487873225,-0.546262476896047,0
0,"B",-2.84338092490219,-1.250803585586,0
0,"A",0.337965747487693,-1.44855644556504,1
1,"B",0.387190067256363,0.262953585509748,1
0,"B",-1.27628793097803,0.376744727782934,0
0,"A",0.736263409711535,-0.47701604239104,0
1,"A",0.910788894944655,0.30589395317907,0
1,"B",0.305488862460666,1.40074402338029,0
1,"B",-0.669209862336828,-0.219810811749085,0
1,"B",1.95619220688357,1.88930156503926,1
0,"A",1.06308621483611,-1.1539621761056,0
1,"B",-0.247688994709412,0.199343420100958,0
0,"B",0.0522339220895687,0.450101170462695,1
1,"B",1.2800736102166,-0.3307937634872,1
0,"A",0.0812356627010684,-2.21178725125788,1
1,"B",-1.75821347353749,-0.0574609270603432,0
1,"B",-0.109248074261245,0.142139962204485,1
1,"B",0.463945511745018,0.114646273812119,1
0,"B",0.365071960577659,-0.386102264270296,1
0,"A",0.11761672648305,-0.772844034657954,0
1,"B",0.839174091265384,0.982872072700876,0
1,"A",0.947770255461587,-1.1997010796125,0
0,"A",-1.51913748273309,-1.15989018165131,0
1,"B",-1.99128774631301,-0.216712073723138,1
0,"A",0.301452143201504,-1.77455858748522,1
0,"B",0.149917473815942,-0.33992931033744,0
0,"A",1.29460997662413,-0.410195059909591,1
1,"A",1.65832652835228,-0.188425539968193,1
0,"B",-0.587993266322531,-0.362530289136644,0
0,"A",-1.07244644713196,-1.60071348495437,1
0,"B",-2.80821885039724,-0.61724508873456,0
1,"B",-0.060567179327993,1.09921543996443,1
0,"B",-0.559055149041737,-0.442998799120828,0
1,"B",-0.421670917091963,-0.243621910910568,1
0,"A",1.12276476453518,-2.31802882101205,0
0,"B",-0.160706581783474,1.3412844373212,1
1,"B",-0.343590737179686,1.74090521039321,1
1,"B",0.254644615686648,0.935364767322076,0
0,"A",1.28614983974708,-1.11516058489247,0
0,"A",0.500583758009748,-1.19405465091328,1
0,"A",-1.06403137084825,0.327311083347987,1
1,"B",-0.907622496344322,-0.0956868873499561,0
0,"B",-0.191153213615001,-1.10286643970235,1
0,"A",-1.4433332346074,0.861805818833995,0
1,"B",-1.85632479292578,0.923885332052034,0
1,"A",-0.841491861560024,-0.522955570267417,1
1,"A",0.41039957881621,-0.512866521982451,1
1,"A",1.1203823326823,1.11809622065317,0
0,"B",-0.196798776467057,-1.77185569517347,0
1,"B",-0.0611225445578953,1.99264889559885,0
0,"A",-1.10821452720401,1.59124792604451,0
0,"A",-0.229027905096358,-0.563564744981996,1
0,"B",-0.514926184501157,-0.542921249872208,1
1,"B",-0.381286386012108,0.110052027426882,0
0,"A",-0.62688410118666,1.30110471419042,1
1,"A",0.223455887728543,0.949675865125241,1
0,"A",-0.792408481491422,-1.32657979399978,1
0,"A",-2.22536310362762,-1.06742065990671,1
0,"B",-1.02712208516568,0.532596379108591,1
0,"B",0.282255898721063,-0.938491047329063,1
0,"B",-1.15705796691973,-1.4287953734961,0
0,"A",-1.24773012259603,-0.538048970503151,0
1,"A",1.46287474948252,-0.913395170801548,0
0,"A",-2.25147077850842,-1.97865228283495,0
1,"B",-2.65748682141657,0.410366686917657,0
0,"B",-1.63862106134439,0.271869761652268,0
0,"A",0.200627296552043,-2.25600339326611,0
1,"A",-0.584055831785674,-0.469698144904698,1
0,"A",-1.83697066775706,-0.232798046989659,1
0,"A",0.991027339263469,-2.02850919461423,0
0,"A",-0.319104317881848,-1.51516115361561,1
0,"A",0.325267980619135,-0.0801024372724521,1
0,"A",0.453455921396187,-1.63652546079365,0
0,"A",-0.071320592801209,-1.05354687038243,0
1,"B",1.06670873658595,0.191713308584579,0
1,"A",-0.541927858243057,-2.4330596071281,1
0,"A",-0.956462415894633,0.351996797412474,0
1,"A",1.21144103517789,-0.0275083984498914,0
0,"B",-1.16486238916116,-0.881325941880021,1
1,"A",2.11216835747087,0.530870869920193,0
0,"B",-0.0354616756747056,0.0508243752120648,1
1,"B",0.501024049128159,1.02690007812982,1
0,"B",-0.599167921629312,-1.34420447973355,0
1,"A",0.393213643643145,-0.204894370467218,0
0,"B",-1.24777107062529,-0.0575088843304309,0
1,"B",-0.842214196624405,0.0690106682126143,0
1,"A",0.341871488031018,0.673699856418194,1
0,"B",0.384674413793274,0.605047750354512,1
0,"A",1.74793608693361,-1.36581041445086,0
1,"A",-0.435613608694661,0.42474290441785,0
0,"B",-0.206662198645156,-0.688336759941792,1
0,"A",-1.07391774598769,-0.578929863582061,0
0,"B",-0.0910156865639014,-0.377724763424108,0
0,"B",0.64144915847799,-0.0982547600037829,0
1,"A",0.174375435724391,-1.42646363638538,0
1,"B",-0.0303795069153831,-0.649758003467564,0
0,"B",-0.812499029495533,1.58079839604415,0
1,"A",1.44007380668395,1.18135629389739,0
1,"A",1.6472324377174,1.07965568128003,1
0,"A",1.23909678353546,-1.67705723005587,1
0,"B",-0.591072787328538,-0.905642566224384,1
0,"A",0.124466381185004,-1.44138033300049,1
0,"B",-2.91616845172733,-0.66934922329557,0
1,"B",-3.65809979112736,1.26961692280272,1
1,"B",-0.060706171567509,1.12843685503699,0
0,"B",1.70129791362071,-0.779794472832374,0
1,"A",1.65826079921526,0.650894403952344,0
1,"B",-2.02620763003754,1.32896753837944,1
1,"B",-1.51339552101366,1.23271366392922,0
1,"A",-0.272929358793996,-0.0770717916319688,0
0,"A",-0.0581341223180481,-1.37116574206792,0
0,"B",-2.11536486572471,0.377747206972416,0
0,"B",0.422475799085345,0.0924359937369422,0
1,"B",1.41040087212076,-0.0906819033478769,0
1,"B",-1.88784661689525,0.330398397809251,1
0,"B",-1.47557034320156,-0.402295318373679,1
0,"A",0.786180078847842,0.150232179604411,1
1,"B",-0.429943318292906,1.14435985357409,0
1,"B",-0.147299445015515,0.228152577078946,0
1,"A",1.8122404507181,-0.130078863984898,1
1,"B",-0.54206610027186,1.96570441754851,0
0,"A",-1.5015131534731,-0.541903280253541,1
0,"B",-1.38071086443432,0.115352209568041,1
0,"A",0.586956868248133,-0.358698742881546,1
1,"B",1.66585756919345,0.24683446593839,0
0,"A",1.8478585792941,-1.94333184964034,1
0,"A",-0.0309722216788705,-1.56946192051809,0
1,"A",-1.05754767075998,-0.634889835140903,1
1,"A",1.83920889798903,2.14930645960774,0
0,"B",-1.42687442994347,0.378157414901928,0
0,"B",-1.47185279168771,-0.338043115469563,1
1,"A",1.0342412876148,-1.78889373661473,1
1,"A",0.672947098883625,-0.00687816881842596,1
1,"B",-0.354235323011043,-0.172796962218744,0
1,"B",-1.04657142518005,1.58506985760625,0
0,"A",0.803305589395677,-1.30211479116236,0
1,"B",-0.0947583316864565,-1.44103462843633,0
1,"B",-0.986066093655486,0.546154505960535,0
0,"B",1.18641349672568,1.32842850421678,1
0,"B",0.51798190507869,-0.292514300553326,0
1,"B",-0.248262750972843,1.03353077994653,0
0,"A",-1.11800812127386,0.214490171168894,1
0,"B",-0.419785331618418,0.0591962607431246,0
0,"A",-2.42624461960021,-0.958341145869182,1
0,"B",-1.1041581194991,-1.93594011988161,1
1,"B",-0.929752418037072,0.272258039828883,1
0,"A",-0.619899861314299,0.885594687451612,1
0,"A",0.363030083389738,-1.43313993525819,0
1,"A",0.72923869463751,-0.624518088550632,0
1,"B",-1.01531570402648,0.0158665947670527,0
0,"B",-1.17433006097845,-1.26122387381963,1
0,"B",-1.36913986122732,1.15184877589384,1
1,"A",0.82078834664661,1.45424285745115,0
1,"A",1.71781205060998,-0.744646698390063,1
1,"B",-0.030764728055621,-0.952941099729556,0
1,"A",-0.03381941764474,-0.0415668507025859,1
1,"B",1.77702761636081,-0.535900862138923,0
0,"B",-2.9007741071418,0.737821684974458,0
1,"B",0.837432617064705,0.676502155432434,1
1,"A",0.798459312266701,-1.90436405732699,1
0,"B",-0.391278141322282,-0.860955473051763,0
0,"B",-1.03103335710393,-0.820575266008122,1
0,"B",-1.02867211194881,1.3791332793328,1
0,"A",-0.371144553061998,0.571087570641814,1
1,"B",-0.869373100711196,-0.251164420607856,0
0,"B",-0.268420396356015,-0.570943278389242,0
1,"A",2.25580276653525,0.121113661438965,1
0,"B",-1.87608069158233,0.433626970948734,0
0,"A",0.73601597768196,-0.377336821052796,1
1,"B",-0.266834428301107,-1.10657418708099,1
0,"A",-0.772143552194968,1.55365484867068,0
0,"B",0.611378892091392,0.221865311528905,0
0,"A",0.393015292436034,0.453676094741863,1
0,"A",0.240246835760567,-1.15066256731605,0
1,"B",1.0643871759375,1.59634802984626,0
0,"B",-0.21796658795729,-0.973871477714075,0
1,"A",1.04993736824196,-1.46736939319626,0
0,"B",-1.43269816352736,-0.0315642812698069,1
1,"B",2.64047352548887,0.151994485371352,0
0,"A",0.233507155321058,-1.82453281139191,1
1,"A",1.20521238088238,0.980570777341365,1
0,"B",-1.10050546824567,-2.25945292918352,1
1,"B",-0.51444619353836,-0.418259333709385,1
1,"B",-2.14054052855994,-1.29333845552973,0
1,"A",0.373147830469828,1.96718620829878,1
1,"B",-0.807477561762747,0.414471407006184,0
1,"A",-1.31965170162266,2.06329608944143,0
1,"A",-0.0215111912171906,-1.21250359739657,0
0,"A",-0.456086561074831,-0.980396911776326,1
1,"A",0.58679089574404,0.699280931422737,1
0,"A",0.501210862454705,-0.276685580036133,1
0,"B",-0.445517868549694,-1.04081411716503,0
1,"A",0.984592055846262,-0.0713925716796716,1
0,"A",0.818094576123171,-0.536547593429832,0
0,"B",-1.16209766948608,0.0326587464216432,0
0,"B",0.945280370615791,0.995938322247555,0
0,"A",0.508921161239622,-0.310635348673403,1
1,"A",0.984866592546056,2.03565280444524,0
1,"B",0.0332523705821512,-0.0608141454061206,1
0,"B",-1.28272912521222,-2.05804795345457,0
1,"A",2.31364565527012,-2.29671953459201,0
1,"A",0.902137104755708,0.645121244395198,0
1,"A",3.43577642334458,-0.741025188011442,0
0,"B",0.627809529276634,3.25284966291325,1
1,"A",0.127529304588208,-1.00341265892232,1
1,"A",1.11174408994331,-0.596160490542559,0
0,"B",-0.946762614312851,0.222354573600424,1
1,"B",0.556321362631668,-0.203194592216255,1
1,"B",-0.8982457587524,-0.607730176000457,0
1,"A",-0.626979173604316,0.359901466441971,0
0,"B",-0.661623533148965,0.820608825761914,0
1,"A",1.01931828676948,-0.405795457125154,1
1,"B",-0.899026290295058,-0.00620026327106152,1
0,"B",-0.844063473118428,0.118228470297847,1
1,"B",-0.591074447558906,0.70980175851585,0
1,"A",-1.11895971689653,-0.45175753613582,0
0,"A",0.239198877480374,0.0842779046424772,0
0,"A",-0.621992208704907,0.718368105654987,0
1,"B",-1.02683803521722,-0.412207314652109,1
1,"B",-1.22804074962464,1.74078397271882,1
1,"B",0.435185606735808,1.15891441109085,1
1,"B",0.990489048818914,0.127204362456915,1
0,"B",-0.312338933726867,-0.200033452918681,0
0,"B",-1.77632071689976,-0.534425147701328,0
0,"B",1.30946910994872,-0.0026164772574585,0
1,"A",1.19043721974253,0.710258977851152,1
1,"B",1.1868813318422,-0.475801384073014,1
1,"B",0.615322887863834,0.879968591728618,0
0,"A",-0.917296408735105,1.12536648420064,0
1,"A",0.232612025735657,0.292651276286003,1
1,"A",1.48820604585746,-0.722462269555538,0
1,"A",2.75577362762578,-0.283565207107951,0
1,"B",0.354613313961041,-0.779752372695679,0
1,"B",0.796117197337708,1.81350562473373,0
1,"B",0.14825551009352,-1.14708882485521,0
0,"A",0.100747017019631,-1.27383912162051,0
0,"B",0.315144258217275,-0.0800650357023679,0
0,"A",1.65472476244702,-1.00899959244323,1
1,"B",0.524345240175068,-0.796419258989674,1
1,"A",1.78244887330531,-0.434998281683256,0
1,"A",0.487708865209996,0.788350465113634,1
0,"A",-0.717832148753239,-0.68122887920456,0
0,"A",-1.07832265108541,0.0629557569959325,1
0,"B",-0.830033002657187,-0.201750038813,0
1,"A",0.442817917186628,-0.484731613721536,0
0,"A",-0.609552627541163,-0.66210474741231,0
1,"A",0.54357622494398,0.273823178053342,0
0,"A",0.856760120583389,-0.285878657920042,0
0,"B",-1.33847311341636,0.804040298753314,1
1,"A",0.287390570777868,0.29423014074683,1
1,"A",0.523659866689757,-0.224773691141593,1
1,"B",0.4304048908675,1.32226191007257,1
1,"A",-1.1950535495576,-0.359969729899414,1
1,"A",0.550509109963149,-0.222304915183389,0
1,"A",0.588291971850417,-0.911042581632638,1
1,"A",0.803080381352316,0.886451565369099,1
0,"B",-0.379396732578461,-0.173963483195855,1
1,"B",-0.385458720756321,-0.260139008526562,1
0,"A",1.37804547390608,-0.519321416405882,1
1,"A",0.806545988154744,-1.31555592023417,1
1,"B",-1.17963671704701,1.07976095456165,0
1,"B",-2.54875150106866,0.395078599158593,1
1,"B",0.443249604847948,0.382701676107506,1
1,"B",-0.301741835693653,-1.1910789670097,1
0,"B",-1.13087853292657,0.711054194508881,0
1,"B",-1.91718778496738,-0.557953143833606,1
0,"B",-0.801947346520239,-2.16267115721382,0
0,"B",-0.698697975054196,1.59358671106602,1
1,"B",0.350944150512954,0.511094545272212,0
1,"A",-0.93769813487508,-0.527977896976935,1
0,"A",-0.161206430677605,-3.39422842214795,0
1,"A",-0.476707068447135,0.160640578003464,0
0,"A",-1.18598366320412,-0.565639067473551,0
1,"A",-0.61461481627203,-0.149843857171386,1
0,"A",1.93026633128407,-1.13100217245012,0
1,"A",1.40278625069981,-1.22497577440808,0
0,"A",-0.425573063487717,1.11040085463868,0
0,"A",-0.313564217214242,-1.28959964234334,1
1,"B",0.642550137945073,-0.731485415293094,0
0,"A",0.603599977374875,-0.222958332466805,1
1,"B",-0.10971880409345,-0.24066114241909,0
1,"A",1.70302335105404,-0.38344043513392,1
1,"B",-0.547165006061171,2.19792116038064,0
0,"B",-1.03151357387884,-0.0564734771247153,1
1,"A",0.118319322097315,0.606410729564099,1
0,"B",-1.68076374157612,0.401370164257751,1
0,"B",-0.742916853535659,-0.96798884562467,0
0,"B",0.236998627861993,-0.271133026327728,0
0,"B",-0.914078693010291,0.935834658402431,0
1,"A",-1.36788138818836,0.321773763238392,0
1,"A",1.18783485363489,0.397183954915906,1
0,"B",-0.556225316188134,-0.383159372530238,0
1,"A",-0.200391821784136,0.162131069746431,0
1,"A",-0.444477752139314,0.762167591961789,1
0,"A",-0.0805357372342701,-0.617963035526853,0
1,"B",0.0415543299217583,1.11455495079876,0
0,"B",0.0559593719374349,-1.03442775353171,0
1,"B",-1.252736094337,0.687994910368152,1
1,"B",-0.773825366465654,-0.797601535977003,0
0,"B",1.27266511900997,0.759447253909145,0
1,"B",1.40092738491375,0.540777562470414,1
0,"B",-0.596160264886986,-1.10176884867712,0
0,"B",-2.35337507736986,0.101573460812113,1
0,"B",0.802574203131125,-1.61478292810244,1
1,"A",1.66236107089718,-0.697906987232587,1
0,"B",0.458363853531882,-0.593164352854004,0
0,"B",-1.50307085299187,-0.60915484279899,0
0,"A",-0.326190575807167,0.145439632562974,0
1,"B",0.47261846451535,0.0957321085215713,0
0,"A",0.697406273815118,-0.326329444818751,0
1,"B",0.807671498913313,-0.559114890459808,0
1,"A",0.931302495193321,1.12146369783342,1
1,"B",-0.226046708562239,-1.03081483918522,0
1,"B",0.447443050574258,0.392308227191163,1
0,"B",-0.733561444697556,0.000493691963169535,0
1,"A",1.40913587466562,-2.65507743794792,1
1,"B",-0.7495910200324,1.13002661504061,0
0,"A",-1.01215639758865,0.902007194603309,1
1,"B",-0.923059277756567,0.869465842911611,0
0,"B",-0.162707844693727,-0.0841541877987265,1
1,"B",-1.9583027353531,2.48752184790919,1
0,"A",-1.58361795112687,-1.45893288749688,0
1,"B",0.448939705997046,1.02108336158182,1
0,"A",1.22259635253652,-0.0305932106902125,0
0,"A",0.56489137629242,-1.12191773669655,1
0,"A",0.30189484476957,-1.76259407689124,0
0,"B",-0.824339035324649,-0.751122742340125,0
1,"A",-0.241658428967918,-0.961748564601846,1
1,"A",1.35582494956833,-1.63425132402645,1
1,"A",-0.799815937918015,-1.04325138722602,1
1,"B",-0.870560158576612,1.33002787561228,0
0,"B",-0.703882316731064,-0.0204539384747834,0
0,"A",0.154364644575214,-0.1049788843596,0
0,"A",-0.0435587967831004,-1.02540112514745,0
1,"A",0.870008665162874,0.41755968213856,1
0,"B",-0.202181041097188,-0.664301249856729,0
1,"A",-0.256246934144151,0.138709691267533,1
0,"B",-2.3817519561031,1.40959745446516,0
0,"B",-0.970093526695146,-0.320943525817467,0
1,"A",1.67448575516205,0.0852738865292564,0
1,"B",-1.05912159398081,-0.209634886000243,1
0,"A",1.40305169577758,-1.25456827411778,0
1,"A",0.743531019034052,-0.368092095368144,0
0,"A",1.39588619584933,-0.315166364306408,1
1,"B",1.39041402519185,-0.387175950924937,1
0,"B",-1.70744289692452,-0.186857782662599,0
1,"A",0.875952986784235,-0.247544638105432,1
0,"B",-2.70348934775832,-0.17867103964119,1
0,"B",-1.66137779432968,-0.349905022314537,1
1,"A",-0.993404865576785,0.656559009157394,1
1,"B",-0.54533938747845,2.47660175044111,1
0,"A",0.699663643529797,-1.05296106573219,0
0,"B",-0.338885457275609,1.78777290401112,0
1,"B",-0.329064489661944,-0.780154354179595,1
1,"B",-0.333632913806629,0.669218226314085,0
1,"A",0.764361899564411,-1.02098517363894,0
0,"B",-0.103824215725926,0.0456339220450247,1
1,"B",1.45885474888435,-0.211327952253253,1
0,"B",-0.673820818260281,-0.0303925636442373,1
1,"A",-0.645882849993731,-0.859779112323529,1
0,"B",-1.0667606062927,0.148137659970266,0
0,"A",0.974043874729882,0.288866593465851,0
1,"B",0.214424957671324,0.452948157126255,0
1,"A",0.449098504467947,-0.736935936992123,0
1,"B",-0.370698112676157,-2.37287584630998,0
1,"A",2.22133553085653,0.449987127753372,0
0,"A",0.00184448553246708,-2.11908871673606,1
0,"A",0.35258542488709,0.186917373067946,0
1,"A",-0.416774409103136,-0.358167100642722,1
0,"A",-0.24140157387981,-0.814779210768349,1
1,"B",-0.912751477917412,1.60182548903135,0
1,"A",0.00615386444061394,0.0868365882871059,1
0,"B",-0.461111467763368,-0.91337958337614,0
0,"B",-2.03549416839836,0.337247485954348,1
0,"B",-2.03174508348408,0.367541784881309,0
1,"B",-1.50727489072118,1.10203962291396,1
1,"A",0.886160933735715,0.0550263631025872,1
0,"B",-1.05088091199128,0.652373314207461,1
0,"B",-1.05332215074772,-0.637923754583102,0
0,"B",-1.09172640147954,-1.28094519941,0
0,"A",-1.32586306011436,-0.860357875904391,1
0,"A",-1.30980854785959,-2.28052795002711,0
0,"A",-0.8252822694826,0.457975464512154,1
0,"A",-1.76199244645349,0.0814132091223893,1
1,"A",0.62750896321913,0.410521732252701,1
1,"B",-0.97609529280409,1.5536447503684,0
1,"B",0.864174916709715,-1.31615591500215,1
0,"A",1.98190446510045,-1.76465027892196,1
0,"B",-2.7700677664718,-1.50064157801017,0
0,"B",-0.977598788648726,-0.297031911063475,0
1,"A",1.04406869945066,-0.369865795157841,1
0,"B",0.275840936631343,1.16949395429251,0
1,"B",-0.00799212742080113,-0.504632520376416,0
1,"B",-1.18019759014862,-0.361938300143753,0
0,"A",-1.40698818084178,-1.30287747422313,0
0,"B",-2.37499112453065,0.811049349792488,0
0,"A",-2.1023555645598,-0.432286923510058,1
0,"B",-0.180442831524806,-0.463511218311937,0
1,"B",-0.157081899952014,-0.792902506786493,1
0,"B",-1.48254889670603,0.460361279698489,1
0,"A",-0.830560375402028,-0.68425868062484,1
1,"B",-0.126560235856883,0.504051090894954,0
0,"B",-1.05528929175272,1.74131699514494,0
1,"A",0.544883390174894,0.671467958775756,1
1,"A",0.971626920264058,-0.553556161932865,1
1,"A",-0.394965143291516,-0.632554037427409,1
1,"A",0.271241223699168,0.953654909109539,0
0,"A",-0.184598676601256,-0.6789427546792,0
1,"A",-0.223449395739914,-1.05053753302585,1
1,"A",0.780955405238819,-1.51159620590524,1
0,"B",-0.38713803788064,-0.982794559792846,0
1,"A",1.42469462135997,0.928950930911557,1
1,"B",0.300438256281444,-0.0141996870647527,1
0,"B",0.824515240445126,-0.116791249867078,1
0,"B",-0.717652255787045,-0.0531619312628309,1
0,"A",-1.24793346176944,-0.640619809779229,1
1,"A",0.151960131427121,0.145531406171248,1
1,"B",0.115792587327883,1.36266904698098,0
1,"A",2.41691725736789,-0.66938017148749,0
1,"B",-0.388710549536384,1.47220732845452,0
0,"A",-1.17164317137673,0.615683804801113,1
0,"A",0.897086810769867,-1.5976579238868,1
1,"B",0.26789115119364,-0.618112733548437,0
0,"B",-0.797481561601966,1.13677159564956,1
1,"B",-0.408892197793675,0.503388149484654,0
0,"A",0.104518102764761,1.18772800896027,0
0,"B",-0.342389212595819,0.16436015859409,0
1,"A",0.0810571403629116,-0.5457243201545,0
1,"B",0.199415391130713,-1.22721618549556,0
1,"A",0.821487624537951,-0.0470105924401819,1
0,"A",-0.808194067660256,-0.841020206275339,1
1,"A",0.358018522508988,1.24562211218968,0
0,"A",1.5147326742369,-0.518456192300662,0
0,"A",1.20706310486972,0.0899400402483644,0
1,"A",1.95530076210664,-0.310910493643504,1
0,"A",1.53872163699183,0.0769407158931679,0
1,"B",0.170016903453552,-0.600223716427766,0
1,"B",-0.486570968639491,3.04193397065355,1
1,"B",-0.0179734213969967,1.18560221160963,1
0,"A",0.942728614040928,-1.30054514323076,0
1,"B",-0.802334663829845,0.0366016746870282,0
0,"B",-1.63125164975402,-1.21012887154318,1
0,"A",0.409997595368366,0.325914604552241,1
0,"A",-0.623877143188132,-0.219107211698686,1
0,"A",-1.2074585459144,-0.399265461810275,1
0,"A",-0.807566213234773,-1.92876423506874,1
0,"B",-3.23253568562483,-0.0218182833169336,1
1,"B",0.569145196061531,-0.167665201421151,1
0,"B",-0.103278385943109,-1.00525682034118,0
0,"B",-0.660101050980341,-0.405520149496488,0
0,"B",-1.19302324131915,-0.784222858189542,0
0,"A",-0.501349245213497,-0.55558596088544,0
1,"A",0.0235953588930704,0.935027478534386,0
0,"A",0.160803647726589,-1.93334101400326,1
0,"B",-1.87140473173381,0.130931905588293,0
0,"A",1.6979521608414,-0.679072017055608,0
1,"B",-0.839678727820657,-0.0403692756978712,1
1,"B",0.899657912161202,1.78763111827864,1
0,"B",-0.987001129974855,-0.144599730522059,1
1,"A",-0.235397222353008,-0.394698682276999,1
1,"A",-0.174846507318009,0.321129599603252,1
0,"A",0.502585811975482,1.10371387733029,0
0,"A",0.93980265080457,0.2570231287712,0
1,"B",-1.36950120426416,0.509949866015592,0
0,"A",0.3843421052534,-1.16181298356262,0
0,"A",-0.770062557399908,0.21709428011548,0
1,"A",2.6866904678607,-0.053824810656695,1
1,"A",-0.940439459978089,-0.57083057534884,1
1,"B",0.364624980811469,0.209104288087506,1
1,"A",1.2713725737107,1.10170692336375,1
0,"B",-2.35215184410095,0.951930186985617,0
1,"A",0.666380990871831,0.926327916083551,0
1,"A",0.626162212646033,-0.56612274908826,0
1,"A",0.82709486474435,-0.101780765627712,0
0,"A",-1.33139194508994,-0.627691661833787,1
1,"A",1.74396341530295,0.424643790255819,1
0,"B",-0.453221548774072,-0.13804073283895,0
1,"A",1.65620308359276,-1.82507314933912,0
0,"A",-1.42177784480172,-1.03431489039717,1
1,"A",-0.226206668510769,0.359203159471263,1
0,"B",-0.995981337782655,-0.620831827553243,1
1,"A",-0.560362043953216,0.0868549902588447,0
0,"A",-0.301089582365395,-0.302748166834536,0
1,"A",1.02609465460259,-0.911970066050126,1
0,"B",-0.419662964284906,1.56132919285527,0
0,"A",-0.114292876923063,-1.1196788593292,1
1,"A",0.0125960977471884,-0.136241271797381,1
0,"A",0.00097446004708257,-1.49850108844726,1
0,"A",0.294930756561461,-1.37076704884998,1
0,"A",-1.905695919948,-1.74418688096931,1
1,"A",1.86340673451698,0.837149754212273,1
0,"A",-1.21505763693237,0.28792195203251,1
1,"B",-1.50298929281881,0.36025876413546,0
1,"A",0.486860303382675,-0.911158219938492,1
1,"B",-0.203145039749637,0.93684226987055,0
1,"B",-0.572617277171358,1.14410516193853,1
1,"B",1.33433702103942,-1.31090959035223,1
1,"B",0.0400661924921762,-1.50494431997415,1
0,"A",0.711958182920279,0.0253998012485367,1
1,"A",0.981856668455676,-1.02882729652253,1
1,"B",-0.365076660948956,0.707313660300374,1
0,"B",-1.25447766122167,0.989926989820758,1
1,"B",1.15988544143021,0.370468930478103,0
1,"A",0.411407693599204,0.332288250793632,1
0,"B",-0.593680570015306,-0.184486446349537,0
0,"B",-1.6413908142479,-0.483036548399813,0
1,"A",1.9409629696128,-0.459136430415448,1
0,"A",-1.32728870293746,0.575290180823231,1
0,"B",-3.17969788348205,1.9271707343825,1
0,"A",-0.869029340600527,-0.532311579733843,1
0,"B",-1.31908450463589,0.271543538446948,0
1,"A",0.835813786504762,0.391653486182848,1
0,"A",1.06960776700095,0.171043281253039,0
0,"B",-1.82725276193135,-1.40890651142834,1
1,"A",-0.37466969070665,0.0763855623377231,1
1,"A",0.767286924447709,0.265287186203588,0
0,"A",2.79586800585057,-0.920103397038958,0
0,"A",-0.804264294602366,-0.30193691138598,1
1,"A",0.739555736737319,0.0242810005038198,0
0,"B",-0.210087203833614,-0.516065077976048,1
0,"B",0.764548340653573,-1.30079711348669,0
1,"A",0.00977516243032517,-0.240187488508411,0
1,"A",1.84755823792281,0.0206461079994038,1
1,"B",-0.0364975528721383,1.01621118168809,1
1,"B",0.0808035814869795,-0.0333366896872321,1
0,"B",-1.02029060451995,0.152851006951565,1
1,"A",0.246696009834865,-1.32382330807404,1
1,"A",0.528523588932521,-0.329173896616143,1
1,"B",1.11341135329268,0.649578621306175,0
0,"B",-1.80663614432977,-0.204830883785534,1
1,"B",-0.528237235176086,1.04161098745365,1
1,"B",-0.978258364489566,1.01930661517024,0
0,"A",0.209888394190541,-1.54314318784123,1
0,"B",-1.09034751931924,-1.08401790432223,1
1,"B",-0.351207665137945,0.11714243572678,1
1,"B",-0.713103383853117,1.11355458403011,0
0,"B",-1.55255500114756,0.286082515955527,0
0,"A",-0.0660864289080831,0.159360300879379,0
1,"A",0.437810106724504,0.513526177847296,1
1,"B",0.180961786050624,0.680517654325731,1
0,"A",0.485156277465062,-2.1265454949422,1
1,"B",-2.13273634130633,-1.2198208075852,1
1,"B",-0.00487337786698333,0.513030073125521,1
0,"B",-1.06123165856209,-1.11174980278079,0
0,"B",-1.74445842462134,-0.745927544372234,0
1,"A",1.18568445465554,-0.153721338455218,0
1,"A",1.58241952179371,0.775471930126659,0
0,"A",-0.690498639785167,0.182920656134404,1
0,"B",-1.55405693346736,-0.92056331049892,0
1,"B",-1.85965141738388,0.752025209629892,0
1,"B",0.457014527218147,1.07035143179039,0
1,"A",1.33510980303915,0.391514035970461,0
0,"A",0.609622485312338,-1.21727320135135,1
0,"B",0.803750971110316,0.458288921358516,0
0,"A",2.03508609734217,-1.70116120735701,0
0,"B",-1.32076923952761,0.0963870519500496,1
1,"A",-0.91882543382369,0.766269549039516,1
1,"B",-0.389609064890635,1.42334594567703,1
1,"B",-1.37070266997988,-0.311586710574913,0
1,"B",0.0444431529808272,-0.593601826950597,0
0,"A",0.59712295840779,-1.65094294724447,1
1,"B",-1.03695243429615,2.66996219919333,0
0,"B",-0.364640105191632,-0.806483686213488,0
0,"A",0.0680571610707944,1.19711326303058,1
0,"A",1.09135893078691,-0.901774198147328,1
1,"A",0.414112734897463,0.658279066776656,1
1,"A",-0.438854811253427,-0.0268161280860606,1
0,"A",0.0255426367242871,-1.40906711544657,1
0,"B",-0.0158381361418249,0.836502423812817,0
0,"B",-1.88127317641792,-0.240108094570367,0
0,"A",-0.105726277646305,0.978090673046216,0
0,"A",-0.492467522630509,-2.37014089019514,0
0,"B",-0.0699495936167726,-1.19772919761894,0
0,"A",-0.393036447525632,-2.19892570159865,0
0,"B",-0.791647968116828,-0.473227753065389,0
0,"B",0.219834565553241,-0.865714086280069,1
0,"B",-0.259968071123919,0.684280811469212,1
0,"A",0.247509883347507,-0.471079758442034,1
1,"A",-0.133425400135833,-0.639286769797375,1
1,"B",-1.27349294549837,1.12888526522905,0
0,"B",-1.69950228756353,-1.84561343334222,0
0,"B",-1.01097677591532,-0.730458016633078,0
0,"A",0.677644753434831,0.390842889009491,1
0,"A",0.718518763348543,0.122941882302177,1
1,"A",0.97004533258284,-0.726573743972423,1
1,"A",2.42679801672729,0.22171340165743,1
0,"B",-1.54782070923805,1.20794548615046,0
0,"A",0.907116818953636,-0.9833515307354,1
0,"A",-0.0665689103411177,-0.797321509344281,1
0,"A",-0.325792630090713,0.498789819568985,0
0,"A",-0.962781961086278,-0.645134315448905,1
1,"B",-0.260300689683094,0.223980081004155,1
0,"A",-1.23354482530856,-0.474496002147627,1
0,"B",0.262446903765389,1.37720741088116,0
0,"B",-1.85393124470276,-0.718827690975636,0
1,"A",-0.766951595189336,0.793311116195201,1
1,"B",-0.938013066153502,0.133013148651919,0
0,"A",-0.151689518219825,-1.04647594344721,1
0,"A",-0.33842965239603,-0.090920904825037,0
0,"B",-0.732371522299894,-0.136509313175985,0
1,"A",0.275446736921993,-0.980867374639564,0
0,"A",0.99800886705458,-0.962864237001385,0
0,"B",-0.331994810894121,-0.574943302519123,1
1,"B",-0.504423558473085,0.990651663277402,1
0,"A",2.01052847543086,-1.07129859837628,1
0,"B",-0.574212411180864,-0.335260528551945,0
1,"A",1.09734513375705,-2.40417107933188,1
1,"A",1.20125177232144,1.27642684171974,1
0,"A",-1.18922990251037,-1.26832160943326,0
0,"B",0.100282293893732,-0.879153868584692,0
1,"B",-1.13494779932188,0.768038533378967,1
1,"A",-0.882532768694517,-1.0496239524843,0
0,"A",-0.538015807782133,0.368985676914375,0
1,"A",-0.0151422769767759,-2.19403282575841,0
0,"A",-1.48792603199811,-1.99327568216975,0
0,"A",0.493854142020034,-0.407598559911386,1
1,"B",-1.04080262551006,0.55058141490694,1
0,"A",-0.248832330229664,-0.964411111957638,1
0,"A",-0.0392650819752797,-0.348774956869638,0
1,"A",-0.400307119422832,-0.411634493453281,1
0,"B",-0.130881922828092,-1.7517858835269,0
0,"B",0.735351173109176,0.195082624393159,1
0,"A",0.752902989270127,-1.25182663104441,1
0,"A",-1.78060868202659,1.35450272625366,0
0,"B",-0.635362352569049,-0.368164569741286,0
0,"B",-0.108643135827016,-1.61594135907015,1
1,"B",0.0706324083575257,0.0460806422132934,1
0,"A",0.163507628678562,0.0667531195391003,0
1,"B",1.27904524517895,-0.808594860934258,1
0,"A",1.10958697726219,-1.15845383653196,1
1,"B",-0.841202441935301,0.273535984191402,1
1,"A",0.0634805908049036,0.930771934760009,1
1,"B",-0.90836323091493,-0.353364541844849,0
0,"A",0.0960934827637701,0.396524511658161,1
0,"B",-1.61846132773744,0.173644750965336,1
1,"A",-0.0875265159176596,-1.33037384466617,1
1,"A",1.10907630099177,-1.44236071838425,1
0,"A",-0.309293639581907,-1.25726632116142,1
1,"A",1.11963620840478,1.80338467564925,0
1,"A",0.963794483854208,1.08618653462728,1
0,"A",0.262468432710947,0.074503208772928,1
1,"B",-0.614750155695419,1.57141590677726,1
0,"B",-0.410675083594249,-1.16725091072981,0
1,"B",-0.708614909309464,0.421460495577469,1
1,"B",0.313384538603287,1.05812815177867,1
1,"A",1.91448246254597,1.03024288129493,0
1,"A",0.200464621434072,-0.961862710455088,0
1,"A",1.95150822241385,-0.574771310476916,1
0,"B",-0.128739753781134,-1.25160111248768,0
1,"A",1.20660391988174,-0.883921494787355,0
0,"B",-1.38470022982231,-0.0742738141987991,1
0,"B",-1.38137250650495,-0.777614538244555,1
1,"A",1.36716860053995,0.261275832679485,1
0,"A",0.668459863393338,-1.31528714926284,0
0,"B",-2.49963704198734,-0.148458562427912,1
1,"A",0.857368446630594,0.273718117338779,1
0,"B",-1.03877701791931,-0.949095412786551,1
0,"B",-1.66980385274709,0.285203292362022,0
0,"A",-2.43255978587431,-0.476537430117742,1
0,"A",0.268109538606834,-0.143891984410798,1
0,"B",-0.188203518812465,1.54998386648589,0
1,"A",-0.0161045662679795,0.192623057201649,0
0,"B",-1.76432572552427,0.433726405084647,1
1,"A",0.652096351875744,-2.42922404737642,1
1,"A",-0.883524932106033,-0.904008167060509,1
0,"A",-0.419147264584313,-1.64141041702735,0
0,"A",-0.0402276664376392,-0.827751275854436,1
0,"A",0.903221279901737,-1.12216785192729,1
1,"A",-0.0781722405546828,-1.36172745812098,1
0,"B",-0.873074611594169,-1.54607920631752,1
1,"B",-0.323490859315752,0.523286911263447,0
1,"A",0.968862510455039,-0.0173229820126294,1
1,"B",-0.450287541448358,0.469286747607644,0
1,"B",1.51902584389936,-1.2238246430148,1
0,"A",-1.74417524717445,0.281386913012188,0
1,"A",0.186637348379335,-0.876012159886299,0
1,"B",-0.430844240800721,1.25068360834507,0
1,"A",1.73506832803588,-0.587624943553519,1
1,"B",0.462089011957156,0.304645327122455,0
1,"A",1.02920266175905,-0.758738600476785,0
0,"B",1.39414634833857,-0.489456173222923,0
1,"B",-0.0844890483624,-0.0702159006616027,1
1,"B",-1.64633066357347,1.18675630172637,0
1,"B",-0.476709999536307,0.462330535241588,1
0,"A",-1.14122419439682,-0.718501186594295,1
1,"A",1.10173708893023,-0.152492732416573,1
1,"A",0.802635730089003,-0.166502020683567,1
0,"B",-0.96154513353716,1.12222031639329,0
1,"B",-0.170707350010747,1.34460101168559,1
0,"A",0.818472284221798,-0.851528449611055,1
0,"A",0.254629261479486,-3.02557077294003,1
0,"B",0.878234264975184,2.24409886739165,0
0,"B",-0.872178381273547,0.80297576883727,0
1,"A",0.324758842494647,0.194120184604515,1
1,"A",-0.652558551706762,-0.219786784979743,1
1,"B",-0.592317186406291,-0.0603225186629627,1
1,"B",1.27678690682268,0.109098718364628,0
1,"A",0.581209237419079,0.322270737047947,0
0,"A",-0.00319110410919643,0.307676662096454,1
1,"A",0.143768863355414,0.46673598487589,1
0,"B",0.180502310472816,0.249918418388425,1
0,"B",-1.14469229887288,-0.402635717530179,1
1,"B",-0.382555124163637,1.08522990712824,0
0,"B",-0.612143402414632,-1.57789544141436,0
1,"A",-0.793658571061842,-0.666731210742024,0
0,"A",-0.553828586693578,-1.14656531373523,0
0,"A",1.14483624839713,-0.0217799487950792,0
0,"A",0.50053216509684,-0.919874039938461,0
0,"B",0.853866342871272,-1.50773746325426,1
1,"A",0.240478766976323,-1.60327594785491,0
0,"A",2.44222673035374,-3.55056546447371,0
0,"A",0.150131323726761,-0.230146004870517,0
1,"B",-0.731158190245159,-0.763158369292776,0
0,"A",0.0241238344222628,1.97775302053228,0
1,"A",0.0529883476643266,1.05872151972649,0
1,"B",-0.0646308586268189,-0.491953371779433,0
1,"A",1.74027259148162,-0.308744288490371,0
0,"B",-0.798744999095844,1.1248668872333,0
1,"A",0.78867416742815,1.01634886388938,1
0,"A",0.539905501939714,-2.20172628412536,0
1,"B",-1.60111224141632,0.859258433478879,1
0,"A",-1.12998842069996,0.161240463200357,1
1,"A",-0.206738514391072,0.541460321887473,1
0,"A",0.31221066710907,-2.66770535113526,0
0,"A",-1.80481814724491,-1.32556701581832,0
0,"B",-1.50656308593743,2.01403105733359,0
0,"A",-0.516237457489861,-0.417142805500414,1
1,"A",0.331667308132806,-0.338955836521568,1
1,"B",0.496251708858931,-1.83994957975391,1
0,"B",-1.79474596939629,-0.230483110953776,0
0,"A",0.467196862341407,-1.01481148083338,1
1,"A",-0.512483009024586,-0.756251799343119,1
0,"B",-0.966355310309701,-0.223300828574555,1
1,"B",0.735352628292173,-0.370437206754662,0
1,"A",2.05295665058781,0.131291691820074,1
0,"A",0.173152296587093,-1.6539850823017,1
0,"A",-1.08080991714893,-0.751915912184756,1
0,"B",1.16544418311388,0.697171425027114,0
1,"B",0.379958129810085,0.164487984524903,1
0,"B",1.63424579652644,-0.652833207330866,0
0,"A",-0.691094029494314,-0.598444290667096,1
1,"A",0.692385410592346,-0.216132614995885,1
0,"A",-0.536586663050836,-2.01912620443325,0
0,"A",-0.315948643359207,-1.28159997286927,1
1,"A",1.57173889341739,-1.77285108104379,1
1,"A",0.102937894701799,-0.680306532438229,0
1,"A",0.442743626219151,1.02161178373952,1
0,"A",2.07479503586109,-0.164557936767119,1
1,"B",0.683592266143435,0.728350997394617,0
0,"A",-0.294999041111125,-2.3433375004062,0
1,"B",0.511698884674714,-1.00051434343694,0
1,"B",2.01475896085112,0.258224147759147,1
1,"A",1.51487176012569,1.77732168810106,1
0,"A",-0.406782077669627,-0.739307784748974,0
0,"A",-1.84895760501665,-1.26574641599616,0
0,"A",0.772694650887573,-0.352016648235034,0
0,"B",-1.03489851171578,-1.14416684063225,0
1,"B",-1.35087045289646,0.104827796660062,0
0,"B",-0.750736621971918,-0.316488197280541,0
1,"B",-0.925298578055471,0.266241096902018,1
0,"A",0.692502793870409,0.176077361044918,1
0,"B",-1.06334463961513,-0.165896632329984,0
0,"B",0.35008671958607,-0.195928422461407,0
0,"B",-0.291809970320701,-0.231693876797715,1
1,"A",-0.68932478564225,-0.172050995957244,0
1,"B",0.114407644618804,-0.299616622042066,1
0,"B",-1.09254013481667,1.83233640662595,1
0,"B",-0.404418169942727,1.07151505584438,1
0,"A",0.579839800436565,0.214526106233202,1
0,"A",0.74725031922648,-0.774575087023788,1
1,"A",1.59330137347687,-0.0258729669766409,1
1,"B",-0.377272522024792,-1.03888117929071,0
0,"A",-0.985548830323712,0.273341353952707,0
0,"B",-1.00839738375091,1.46376634550663,0
1,"B",-0.643747737542723,-0.174559003302966,0
1,"B",-0.282932950876138,0.153684159627203,0
1,"B",0.464897066542508,0.403163299815955,1
0,"A",0.0751399174802867,0.453235457152196,0
1,"B",-0.957538784967652,1.14418846892772,0
0,"B",-1.70774459512779,0.473863808705024,0
1,"B",-0.204950985135134,0.554426700370205,1
0,"B",0.256217886545498,-1.28301163243382,0
1,"B",-0.0239845221266597,-0.101986292871746,1
0,"A",1.47168486066206,0.081026629882981,1
0,"B",-1.44268290274736,-1.10019615405237,0
0,"B",-2.57023015775335,-0.612302423901238,0
1,"B",1.13919505493176,-1.0554333537257,1
0,"B",0.125319761918407,-0.396282104790387,0
1,"B",-0.440117489380039,0.2026476069405,1
0,"A",0.300096196345589,-3.06266863451078,1
0,"B",-0.450871273302875,-0.281889527177793,1
0,"B",-1.46320970636534,1.25276284593006,1
1,"B",0.473713939906605,0.95507591129869,0
0,"B",0.614303031841949,-1.08255812694039,1
0,"A",-0.194868904750476,0.477966911063299,1
0,"B",-1.13889837206105,-0.823695444494396,0
1,"B",1.73054978471924,-1.43953290994905,0
1,"A",0.960463439753553,0.0792134348616885,0
0,"B",-0.663628441334488,-0.16347275068939,0
1,"A",1.19790652211404,0.200174269511093,0
0,"A",1.14253949398897,-0.651084110501093,0
0,"B",0.241414376196227,0.390238879904812,0
1,"A",-0.975947380600371,-0.571757233890377,1
1,"B",0.324209423119755,-0.660284504658583,1
0,"A",1.19840144502373,-1.06741007934231,1
0,"B",0.324214555949532,-1.07031057735659,1
0,"B",-2.12549993262463,-1.00415362664952,0
1,"A",-0.912701072089478,-1.02016105441892,0
0,"A",1.37717161484874,0.116997020201474,1
0,"A",1.73073360370198,-0.481192254382192,0
0,"B",-1.73072128464926,0.462791543519933,0
0,"A",0.842030800251395,-1.99378176842681,1
1,"B",0.214060834138549,1.06485593368469,0
1,"A",0.49341428477569,0.088753930907013,0
1,"A",-0.309823779982165,-0.743659274353215,0
1,"B",-0.563523607735012,0.316636419259037,1
1,"B",-0.917285049867598,1.95392725933451,0
0,"B",-0.786411854210808,0.875553860383101,0
1,"A",-0.191242794902781,0.235501470321051,0
1,"B",-0.858253930905177,0.137112518138603,1
1,"A",2.47444572051468,-1.70869346717967,0
0,"B",0.172298142509488,-1.30322558448,0
0,"A",-0.75524403091755,-1.37262460165817,0
0,"B",-2.173549049872,-1.40617602465842,1
0,"B",-0.518769380413418,-1.08853898769268,0
1,"B",-1.04096252733239,-1.04471636073102,0
1,"A",-1.89327947606147,1.10729068643409,1
1,"A",0.103364336081525,-1.3836278865089,1
0,"A",0.251757350312217,-0.759210247030916,1
1,"B",0.149020801008491,0.463295734486602,0
0,"B",-1.93892468501482,-0.268925783526412,0
0,"A",-0.256430082765333,0.115019926977099,0
0,"B",0.0826632154575343,-0.863608969701439,1
1,"A",-0.858640221132721,2.1407148337875,0
1,"B",-1.21555092923677,1.81655752094972,0
0,"B",0.428522515048393,-1.44027674275349,0
1,"A",1.47703780977109,1.18780581910862,1
1,"B",1.15031785593433,0.966029261670772,1
0,"A",0.00734125455771384,0.62939270939989,0
1,"A",-0.598373612889734,0.0336052217543148,1
1,"B",1.5930633393802,3.0253566371813,0
0,"A",-0.536820082674129,-0.705439299641341,0
1,"B",-1.23814400334964,0.040493923093711,1
1,"B",2.28533985393156,1.38084266985623,1
1,"A",-0.164115345285293,0.318716698282762,1
1,"A",1.28258841686024,0.017944926903029,1
0,"B",-1.84111101727376,1.62753616486658,1
0,"A",0.307503619248202,-0.0324094449550532,1
0,"A",-0.432251275228787,-1.88276677181397,0
0,"B",-0.0925934703878407,-0.740239174915369,0
1,"A",1.24138862180312,-0.0561502506407083,1
0,"A",-1.42955974118334,-0.845413855857462,1
0,"B",0.153720147284118,-1.60505230089283,0
1,"B",-1.14913229481887,0.0830894620764298,1
0,"B",-0.781364404901075,-0.642080827917163,1
1,"B",1.27911546470415,1.29537222872979,0
0,"B",-0.741510218196538,0.859760900012634,0
1,"B",-0.310739617802458,-0.147487765944382,1
0,"B",-1.4775754645278,1.0589054015465,1
0,"B",-0.207150436133819,-1.37052105400246,0
0,"A",-0.24173916828566,-1.7510480039333,1
1,"B",1.14023295173514,0.934811114127787,0
1,"A",-0.678597890420265,-0.774391082115801,0
1,"B",0.0444217450718059,0.259403587862326,0
1,"A",1.37830065992278,-1.34688450700149,1
0,"A",2.11208704061666,-0.524163819508876,1
1,"A",1.60317573845792,-1.81989008040922,1
0,"B",-1.38259522217815,-0.665158911175877,1
0,"B",-0.923920720942299,0.0939008847631387,1
0,"A",-1.41159960533774,-0.154909475866123,1
1,"A",0.254587427116229,-0.172957562959506,0
0,"B",-2.30495795143478,3.20994446893104,0
0,"B",-0.806856993875988,-0.928928763459365,1
1,"A",-1.05823344807724,-0.356643428366262,1
1,"B",0.640643046057753,0.776612354681964,0
1,"A",1.19268812561108,0.612442257839719,1
0,"A",-1.19623764586135,-1.08813110679086,1
0,"A",0.85620019338925,-1.1435840410945,1
1,"A",1.87284142730137,-0.453446837624379,1
0,"B",-0.972317025827609,0.894127867617852,0
0,"A",0.0589662775148794,0.229369477116641,1
0,"A",0.742292713753746,-0.129156227385965,1
1,"A",0.35519354422685,-1.03155111020148,0
0,"A",0.169691568565144,-0.484766912953413,1
1,"A",-0.325259069723206,-0.895961383373791,1
0,"B",-2.07165424051053,-0.169379822031515,0
1,"B",0.0733757816185715,0.45700433078935,1
0,"A",-0.864567239026135,-0.201367781117503,1
0,"B",-2.12329829376279,-1.13534076016204,0
0,"B",0.140666924435471,-1.16232059733361,0
0,"A",-0.322824230534814,-0.469345123192441,1
0,"B",-3.26022696568322,0.800617955449021,0
1,"A",-0.209083462737301,0.415623339932231,1
0,"A",-2.3799071470221,0.34366420240571,0
1,"B",0.218956602543366,1.90374909928754,1
1,"B",-0.863874026049392,-0.24366404418584,1
0,"B",-0.9779009523988,-1.54621460107255,1
0,"B",-0.372554457102344,-1.01166658174096,0
1,"B",-1.67254019222804,1.12456217593864,1
1,"A",-0.724445210102281,-0.42540558733798,1
0,"A",-1.27634562311911,-0.262799191808912,0
0,"A",-3.11735035237554,0.198520889382182,0
0,"A",-0.975118581563591,-1.17193777060397,0
1,"B",-1.09262310028969,1.21737451222326,1
0,"B",0.584741389162484,0.697556601618899,0
0,"A",-1.1195916197793,-0.796172647618232,1
0,"B",0.481739852905023,0.188446135568518,1
0,"A",-1.55712996076776,-0.0986806461004531,0
1,"A",-0.693753394009075,0.848934596439348,1
1,"A",0.877920910493733,-0.0928995259655617,1
0,"A",1.10815557086732,0.861546390047789,1
1,"B",-0.274342064142217,-0.022196665356753,0
0,"A",0.310719241143187,0.82880375462223,1
1,"A",0.509882615765051,0.141010963003164,1
0,"A",-0.890860166373696,-0.478619240853204,0
1,"A",0.314859567822572,0.644834360893408,0
1,"B",0.0581266241085903,1.23319250678167,0
0,"B",-1.43780029285211,2.10684596955965,0
1,"B",1.22199987996221,1.89087272960238,0
0,"B",-1.44801701995787,0.49100108306628,1
0,"B",-0.957418694267026,-0.285223096504427,0
1,"B",-0.167024333252542,-0.947207577194351,0
1,"A",1.7078574252917,-0.182535430126247,0
0,"A",-0.431636008237982,0.540688929485085,1
1,"B",0.112538977456862,0.362067588252943,0
0,"A",-0.0977534211895801,0.372135104263985,0
0,"B",-2.07481013602951,-0.443025759327049,1
1,"A",1.73696245578544,-0.463624800259279,1
0,"B",-1.07419986927425,0.0663065448661415,0
1,"A",1.31977776081082,0.766436406658288,0
1,"B",0.379934257934496,0.814483440502334,0
0,"B",0.251973168114864,-0.454366378936439,1
0,"B",-0.525821197102367,-1.39060786060118,1
0,"A",-0.605500201231841,-0.880770054677355,1
0,"A",-0.48895393026169,0.525341336291179,0
1,"B",1.68151005159195,1.30824693379556,1
1,"B",-0.170668438079583,-0.326639706217614,0
1,"A",1.16637742358732,-0.34914016309148,0
0,"B",-2.1074670685102,-0.245317565931876,1
0,"A",0.919978818069323,-1.86769089295262,0
1,"A",0.921200213345417,1.24327651686002,0
1,"B",-2.37388372380796,0.486620389691765,1
1,"B",0.397424532040481,0.944888120062601,1
1,"B",1.29724567371561,1.71438118828088,1
0,"B",-1.6885781744906,0.388914302685625,1
0,"B",-1.6051511746064,-1.2505011645309,0
0,"B",-1.90248549720414,-1.87278148144871,0
1,"A",0.981928907182537,-0.167419272232293,1
1,"A",0.026149026476428,-1.52010753216733,1
1,"A",0.337890238953361,-0.272728698322166,1
0,"A",-0.453180853653412,-0.238287033968403,1
1,"A",0.413733255329408,0.54264076077447,0
0,"B",-1.94642790868481,0.567885914931014,1
0,"B",-0.355674325521181,0.378045848876627,0
1,"B",-1.33487433240874,1.10105702716148,1
1,"A",1.25226255571976,-0.136775199569565,1
0,"A",-1.02338062681537,1.68164200935042,0
1,"A",1.31814461518752,-0.124733675582158,1
0,"B",-0.955774659909138,-0.203549913384477,0
0,"B",-0.893026929038702,0.451682693377119,1
0,"A",0.242943560950078,-1.32715176040255,1
1,"B",1.33465753981371,2.04709634103653,0
1,"A",0.518690146087777,0.722679629681188,0
1,"A",-0.9636526824346,-1.0370874648569,1
1,"B",0.153869822608604,0.850927297666352,0
0,"A",1.28954627615436,0.2536721992669,0
1,"A",-0.012987454629539,-1.57429280182163,0
1,"B",-0.0143840541625782,1.25031380526745,0
0,"B",-0.557519555375953,-0.776738955988294,0
1,"B",-0.962834836617154,1.18369722802143,0
1,"B",-1.13520961122579,-0.0647235244460246,1
0,"B",-1.3713249738027,-0.493350196518323,1
1,"A",-0.511667612302659,-0.393109931681425,1
0,"B",-0.0296911523898856,1.9539141773123,0
1,"B",0.470740775099867,0.381607343767365,0
0,"A",0.24672039390378,-1.32850795400068,0
0,"B",-0.517791398393094,1.57288485313694,0
0,"A",0.16397510324761,-0.235184371961117,1
1,"A",2.27395173024459,-0.0570993867709327,0
1,"A",0.56206024059454,-0.100556473994152,1
0,"A",0.0226819508791951,-0.990730060619324,0
1,"B",-0.660580629175924,-0.243682583243076,1
1,"B",-0.693195350397585,0.823217563099997,0
1,"A",1.79834681645429,-1.89552837388313,0
1,"B",-1.44148059796116,1.56101284837437,1
0,"B",0.934664016245488,-1.01151793712408,0
0,"A",0.465832715502295,-1.09161097995984,0
1,"B",0.663477036749011,0.23268124682302,1
1,"A",1.01278798387135,0.181027196296059,1
1,"A",0.436726280133875,-1.43929018017856,1
0,"A",0.065472758524041,-1.0777790793995,0
0,"B",-1.68431921741104,-0.277355958229988,0
1,"B",-0.198781203069578,-1.4450596360317,0
0,"B",-2.72144710038583,1.73894094525228,0
1,"B",-1.19063831052357,0.844567263216539,1
0,"A",-1.0600266551129,-1.51605800270999,1
1,"A",0.489606107545703,-0.0901089436066979,1
0,"A",0.0699084554713322,-1.58694021518383,1
0,"B",1.07609974002987,-0.40623511794574,0
1,"A",0.614522156041616,-1.75363478745916,1
0,"A",0.765478798119645,-2.73525539951054,1
0,"B",-1.18371590201208,-0.869006393574792,0
0,"B",-1.36385100042085,2.21713182884278,0
1,"A",0.877246871318257,-0.292009480668124,1
1,"B",-0.598513349482316,1.05215487398154,1
1,"B",-1.01573514782595,1.21366325255181,1
1,"A",1.01771866867265,-1.15727099618746,0
1,"A",-0.237005180929406,0.0161987414988626,1
1,"A",-0.058187567722862,1.14491295510445,0
0,"B",-2.16010815203804,1.4751868418674,1
0,"A",0.621278424676029,-2.52219324106114,0
0,"B",-1.854285006973,1.42093713088631,0
1,"A",-0.161742924026093,0.0135157297309958,1
0,"A",-0.649554670907421,-1.90517659986359,1
1,"B",-0.366073525956264,-0.694472718739256,1
0,"A",-0.343261587995425,0.229993933882513,1
0,"B",-0.181433090091697,-1.84625617535737,0
0,"B",-2.46815233838552,-0.793890465432707,1
1,"A",2.05552150074575,-0.241945490566804,1
1,"B",-0.032853724889662,-0.777174501862545,1
0,"B",0.182962410829348,-0.0680534458072402,0
0,"A",-1.06891935247713,-0.626874643256437,0
1,"B",-0.0216143394910853,1.58169889014525,0
1,"B",0.0777022313394322,1.8309740708313,0
0,"A",-0.260826309239103,0.206569515423009,0
1,"A",1.29596162405426,-0.69847269635433,0
1,"B",-0.718938837969033,0.251358265314947,1
1,"A",1.57508379376304,0.851860444242068,1
1,"A",0.404831614460639,0.0457636855207057,1
1,"B",-1.03715903372273,-0.408471097659079,0
1,"B",0.619829901430476,-0.386614378892482,0
1,"B",1.0655667254722,0.0327585927000985,1
0,"A",-0.135521417251792,-0.19006866062592,1
0,"A",-0.433326079225371,-2.97052293133604,0
1,"B",-0.742332106026778,-0.342822646187038,0
0,"A",-0.192354688462533,-0.496305453300191,0
0,"B",0.173547557312043,0.0297705900237804,0
1,"A",0.982510543905054,-0.093656118402592,0
0,"A",-0.49592816323579,-0.717935002438804,1
0,"A",-0.213594135537411,0.213906784619629,1
0,"A",-1.01929053522728,0.012916484340625,1
1,"A",0.423384503583729,-0.357380626137789,0
0,"A",-1.30615977875625,-0.985329175743407,0
1,"B",0.765868454152391,-0.322520707314292,0
0,"A",-0.176420107224189,-0.593437733616924,1
0,"A",-1.38023265957335,-1.85600476593022,1
1,"B",0.43623269379328,0.469682925023044,0
0,"A",-0.942711855683,-0.2526339731156,0
1,"B",-0.344319139752535,1.38592234641833,0
0,"B",-1.95007865501235,-0.693704765001252,1
0,"A",0.563630789081491,0.365793058101948,0
0,"B",-0.367721716201523,-0.732962900639141,0
0,"B",-0.261354031253366,-1.77750496322765,0
1,"B",-1.02187942136563,-1.03625145609344,1
0,"A",0.664044321622635,-0.767231949278632,0
1,"A",-0.735013595006758,-0.823596177611322,0
1,"B",1.10579210721454,-2.12507738170515,1
1,"B",0.392973232800079,-0.0521047659221825,0
1,"B",-0.450033883584177,0.541935541908962,0
0,"A",0.773360397791662,0.10754302219169,0
1,"B",-0.0320566290936284,1.11522431972013,0
1,"A",3.04579896198339,0.816092154241205,1
1,"A",-1.24964890462033,-0.806175972825512,1
0,"A",-0.708600329851973,-2.06599952527581,1
0,"A",-0.0496448017791776,1.16827686466011,1
1,"B",-0.274913950822004,-0.313154188660501,1
0,"A",1.21940755730363,-1.15787902479058,1
0,"A",0.385318525077151,-1.15739337617491,1
1,"B",-1.37142945431017,1.53256657184307,0
1,"A",0.481083928276788,-0.369695780462229,1
1,"B",1.25849811868698,-0.141340798239503,1
0,"A",1.71731403898826,-2.37636313664767,1
1,"B",-1.37885889119041,0.786572543341124,1
1,"B",-0.162233472378048,0.964301774301993,0
0,"A",-0.0543518942776957,-0.475036165879734,0
0,"B",-1.23092371185097,0.335320102971951,0
0,"B",-1.51749080417685,0.116736331489566,0
0,"B",-0.367191775356099,0.597727105492566,1
1,"B",-0.61242845838978,0.357399636196669,0
0,"A",-0.0125273083261542,-0.190277460214802,1
1,"A",0.62939896246645,2.68927902193892,1
0,"B",-0.501718648878748,1.63781682373701,0
1,"B",-0.520722031735519,1.3885148263317,1
0,"A",-0.724056887129568,-1.32270387868193,1
0,"A",-0.837903699803254,-1.31286907228434,1
0,"B",-0.030555690963416,0.687394916848841,1
0,"B",-1.40689971870828,0.429319880766614,0
1,"A",-0.0364907178494064,-0.535027948279544,1
1,"A",0.517341143764517,-0.348218899136698,1
0,"B",-1.57836598113376,-0.369798348043198,0
1,"A",0.309413803068616,0.0608545914081415,1
0,"A",0.516620129908552,0.570123367057546,1
1,"A",-0.116330482111698,0.853965385337593,1
0,"A",-0.0579743104893228,-0.817326860549727,0
0,"B",-1.52381281572543,0.212159393269796,1
1,"B",0.728054015579386,0.426919474642488,1
1,"A",0.919705501141783,1.17853058700398,1
0,"A",-0.166282370734829,-0.289711302143498,1
1,"B",0.524792677554806,0.131472538306133,0
0,"B",-0.326130074583857,-1.5748471323995,1
1,"A",0.578943386942343,-0.434452588093061,0
0,"B",-0.630542754482848,-1.40346173775677,0
1,"A",0.846369400867486,0.497260926773513,1
0,"A",1.29525310516907,0.0287988273601976,1
1,"B",1.17030713867869,0.864316452528259,1
0,"B",-0.565672044850855,-1.163414863405,0
1,"B",-0.501213854599869,0.483061092088247,0
0,"A",-0.347538794372895,3.21002640320282,0
0,"B",-0.438717526243623,0.393415549562359,0
0,"B",-0.390817806458227,-1.97485598071554,0
1,"A",-0.507691679160228,-0.296378583789112,1
1,"B",-0.190602267304513,-0.459046876772875,1
0,"A",0.643146056431511,0.761038290527073,0
1,"A",-0.146512959121757,1.0648265483303,0
0,"A",-0.618263276059912,-2.13454771153594,1
1,"A",0.316947531624799,-0.502182976380737,1
0,"B",-1.24204584631014,0.153268354518018,1
0,"A",1.58109920722527,0.548158466701643,1
1,"A",0.0682304866910714,-0.276554785970277,1
0,"B",0.540687821985029,0.535818474674021,1
0,"B",-1.15660868803177,-1.40924871185844,0
1,"A",1.06048752998514,-1.36161491691606,0
0,"B",-2.83024120804365,1.70178830518865,0
0,"B",-0.558206558335619,0.490901066587052,1
1,"A",1.90628033225434,1.2228176208886,1
1,"A",0.00239837947932797,-1.35022702524567,1
0,"A",-0.562150181718607,0.375726832870153,1
1,"A",-0.00406606333199749,1.20650077787994,0
0,"A",1.51313666235462,-0.57518523989557,0
0,"B",-0.829810474359281,-1.9323985175912,0
0,"B",1.64328636630112,0.254966749887495,0
1,"A",1.01278065017611,0.440343123211637,1
1,"A",2.34849185671786,-0.792509091392628,1
1,"B",-1.06645939338907,0.98262310024958,0
1,"A",2.16042311976307,-1.73457865933201,1
0,"B",-0.594029642031353,0.520956861886211,0
0,"A",1.39306807359124,0.248277053242537,0
1,"A",-0.137135624848093,0.576613934661764,1
1,"B",0.432268284574531,-0.258037868253735,0
1,"A",-0.706193480910932,-0.133722598970438,1
1,"A",1.40466526958452,0.870761389234798,1
0,"B",-1.01500576920562,0.395544766164272,0
0,"A",-1.8456586596824,0.201759173110457,0
0,"A",0.670137926495485,1.0024457703469,0
1,"B",0.360511118844035,0.190101680752174,0
1,"B",-0.791556599667105,0.749324295469878,1
1,"B",-1.01108578152058,1.08814393173035,0
0,"A",0.893965569107205,-2.52837645032767,1
0,"A",0.138350022880598,0.180515351115317,0
0,"A",-1.18269455618433,-0.363300010472286,1
0,"A",-1.04064702930963,-0.0439180590448804,1
0,"A",-0.378862505327859,0.120159724698976,0
1,"A",0.647457626057689,0.92116247371354,1
0,"B",-1.59260202722437,0.257125606271273,1
1,"B",-3.11209046898725,0.712177994904381,0
0,"B",-0.908849914784015,0.621092457794928,0
1,"A",-0.563941068515496,-0.507737512683191,1
0,"A",-1.34322754958845,-0.635881289017827,1
0,"A",0.405265815903039,0.0134596335922259,0
0,"A",1.51088229963337,0.275842278924778,0
1,"B",0.252634013792412,0.352488193620022,1
1,"A",0.819812070380035,-1.4915237857258,1
1,"B",0.162754150513671,0.540513281989035,0
1,"A",0.905350818715043,0.110045523895875,1
0,"A",0.314319964872605,-2.26472953677003,1
1,"B",-1.56061069657318,0.748684709986799,1
1,"A",0.42764536224525,-1.35197434530325,0
1,"B",0.121447196136692,0.135789452801281,1
1,"A",0.0898997472649401,0.0539934384363323,1
0,"A",1.34466988124199,-1.18880031045811,0
1,"B",1.03734730073196,0.345868945021862,0
0,"A",-1.47871639324486,-1.11018459312786,0
0,"A",1.01585379555603,-0.363088741221831,0
0,"B",-0.243685319637742,0.366008895960994,0
0,"A",0.0972777397184655,-1.34003657633245,0
0,"B",-1.07451573161036,1.26218594566978,0
0,"B",-2.4529886477888,-0.0748301724098633,1
0,"B",0.0150136139563813,-0.97225260871316,1
1,"A",-0.3326557667034,-0.788696458527486,1
0,"B",-1.32707167555334,-0.0330004656861015,0
0,"B",-1.42029275118642,0.239659839191038,0
1,"B",-1.37312823699386,0.428260209311224,0
1,"B",-1.10746563304549,1.11607803327226,1
1,"A",0.163015455772338,0.134938437632864,0
1,"B",0.497059686618564,-3.02410731926364,0
1,"A",1.65417235435201,-0.241733626581791,0
1,"B",-2.11976971593986,1.63095585677543,1
0,"A",-0.220258411284857,-1.63505823925378,0
1,"B",0.584358593057682,-0.145219540403391,1
0,"A",-0.34561912579958,-1.58980524881735,0
1,"B",-0.561026359010371,0.770541368108543,0
1,"A",0.575980441482553,0.189063063594518,1
1,"B",0.00673160838263098,-0.555311644276594,1
1,"A",-0.892000063977344,-0.534996749969376,1
1,"B",-0.558431315895394,-0.37796903223678,1
1,"B",0.338973109647418,2.61373871292908,1
1,"A",0.616729489669436,2.00888322660436,1
1,"A",2.19342529533697,-0.397839774545309,1
0,"A",1.52752565726381,-1.58052122667266,0
0,"A",0.0730475045621441,0.0754172293982192,0
0,"A",-0.333096711457613,-0.252075022420163,1
0,"B",-1.22817126287922,1.14312824563606,1
1,"A",-0.6079563895544,1.19895073692531,1
1,"A",1.22654670215296,-2.30576323113857,0
1,"B",-0.69128463590334,0.227617790111411,0
1,"A",1.20808197250194,0.559786511093755,0
1,"B",-0.441118633488657,0.0214101317352626,0
1,"B",-0.50637939596347,1.12368630422553,0
1,"A",1.83592426149973,-0.152175388060059,0
0,"B",-2.00676206870571,-0.541649109599272,1
1,"A",0.837183683062978,-0.427258068321315,1
1,"B",-0.222052235572554,-0.775241078496353,1
1,"A",0.00662277144007206,-0.214210903680789,0
1,"B",0.672264597680789,1.51094416183332,0
1,"A",0.0370354362321247,0.659413797827079,1
0,"A",0.81613714226869,-2.38724661409324,1
0,"B",0.717904288700719,0.839465365348377,1
1,"B",-0.437293474465289,-0.129539891233162,0
1,"B",0.428623383454819,2.6803744356727,0
0,"A",0.152265884825254,-0.694958856776049,0
1,"B",-0.811532445828872,1.7383892261818,0
0,"A",1.27514501061298,-1.26698534588118,0
0,"B",-1.11200289014776,-1.18909290518582,0
0,"B",0.758078673771538,0.348190591028002,0
0,"A",0.260483053000346,-0.988714205991616,0
0,"B",-0.6110296436862,-0.713932433923937,1
1,"A",0.796927814936564,0.258509847100808,0
1,"B",-0.907656192886188,-0.515586666902401,0
1,"A",0.945933669543676,0.475291031128028,1
0,"B",1.20253784333101,-0.541908541697715,0
0,"B",-2.64304095276192,0.364693874787615,0
0,"A",0.228542727341412,0.692135980160327,0
0,"A",-0.142546437266488,-1.91564108009495,0
1,"A",0.772278290023155,2.01853312080933,1
0,"B",0.167965026773443,-0.233511849937,0
0,"A",1.2531753657414,-0.221704578493911,0
0,"B",-2.53437633174362,-1.18911299304244,0
1,"B",-0.56166745445637,-1.53028101171744,1
1,"B",0.37879925930659,0.725434873433037,1
0,"A",1.04984025368762,-0.534653606979288,1
0,"A",2.3610572007557,-0.904617382605221,0
1,"A",2.03435851280065,-3.420488526788,1
1,"B",0.296283569316752,1.45382991939822,1
1,"A",0.0732103067423201,0.578261572952674,0
0,"B",0.78543603950434,-0.69062248079681,0
0,"A",-0.193586059458761,-0.116558052176988,1
1,"A",0.44685358943935,-2.32192789562127,0
0,"B",-1.56757750292458,1.44179748264621,1
1,"A",0.774283640305453,0.27431445971314,1
0,"B",-1.27930123314305,0.225563748092917,1
0,"A",-0.221446170269097,-0.21452656961805,1
0,"B",-0.687073912620794,-1.01781495519902,0
1,"A",-1.65938821297988,0.306259672273403,0
1,"A",1.24368448756784,-1.11328864522614,1
0,"A",-0.128849606427278,-0.0128287716629072,0
1,"A",1.2458363191862,-0.00202832456722662,0
1,"B",0.476961133914019,-0.331702849442836,0
1,"B",-1.59179447654435,0.644742003327834,0
0,"A",-0.141965146007499,-0.24093498663387,1
1,"A",2.83994512889761,-1.29784761685454,1
1,"A",-0.640627213644284,0.393493992580629,1
1,"A",2.56605285367937,-1.15001708486389,1
1,"B",-1.32398099023046,0.370424173481324,1
1,"B",0.371547755691079,2.01702418500123,1
0,"B",-1.63798935961943,0.916329396662013,0
1,"B",-1.74252413449351,-0.576804727424456,0
1,"B",-1.70828156696586,3.39324701885616,1
0,"A",0.323054182146886,-0.0413389335351606,0
1,"B",0.142090050196726,1.06824353868346,0
0,"B",-0.742510651726488,0.758818336898844,0
0,"B",-1.90895144053982,-0.442472904237781,1
1,"B",-0.525629174991545,-1.11254176629923,1
1,"B",1.0949997326208,0.570489813958315,0
1,"A",2.01638795696608,1.12796098529096,0
1,"B",0.588074358628786,0.578891529525207,1
1,"B",0.903666494175882,1.60428931304005,0
0,"B",-0.109868583697506,-0.0389763040729457,0
1,"B",0.28117915347857,1.2844245588284,1
0,"A",-0.460369466441528,-1.00169337882808,1
1,"A",0.517124453655999,-0.566194021672532,0
1,"A",1.350298973225,0.824081192422721,1
0,"A",-0.527529806251996,-1.87394672412639,1
0,"A",0.398031641036518,0.288041764718609,0
0,"A",0.0298753195818475,-0.146980351302539,1
1,"B",-1.65021981455179,-0.0846546633758241,0
1,"B",-1.48957490597166,1.84840277980167,1
1,"B",-0.618982245775251,0.801547094491903,0
1,"B",-1.72364517345447,-0.507061790450071,0
1,"A",0.469564764600564,0.872258064137924,0
0,"B",-1.75904220197326,-0.357538731162529,0
0,"B",-1.20757604228788,-0.0677245982829003,1
1,"A",0.975763825169825,-0.769046566370461,0
0,"B",0.157476756553872,-0.858091897166805,1
1,"B",-1.77053563680867,0.793726628383837,0
1,"A",0.560192628484874,0.737059660295164,1
1,"A",0.542660552261796,-0.0340211253140953,0
0,"B",-0.367927821686901,-0.27883092308172,0
0,"A",-0.988081359066811,-0.722813818434438,0
1,"A",0.441296829344274,0.672300007174842,1
1,"A",2.37328575764742,0.350495824151621,0
0,"B",0.940057784259309,0.86323949433788,0
0,"B",-2.1429491393502,0.97262337485545,0
0,"A",0.0865765508673138,0.437917772309342,1
0,"A",-2.26456846051672,0.251436294242506,1
1,"B",-0.565476281222085,1.38769582263306,0
0,"B",-0.401397846774648,-2.09866066460602,0
1,"A",-0.0936320552537402,0.656033305242866,1
0,"A",-0.301728214629065,0.376505458590607,0
0,"B",-1.01558489791961,0.15612548927875,0
0,"B",-0.40331084357431,-1.70424801723803,0
0,"B",-1.53937369749647,-1.45122078868977,0
1,"A",1.31462462461227,-0.127412134590472,0
1,"A",1.17660278744813,-1.83490287443854,0
0,"A",-0.18995742432427,0.65356880650559,1
1,"A",0.296539155055679,-1.18487123812148,1
1,"B",1.48695638359535,0.500444921318594,1
0,"A",-0.685776629975344,-1.78904169705911,0
1,"B",1.93275352716376,0.545138758485506,1
1,"B",-1.39358581395835,0.275505558914285,1
0,"A",0.340252659783531,-0.685438610498583,1
0,"A",-0.337631641548067,-0.0189013514242801,1
1,"B",-1.23381547324167,-0.676438223429079,0
1,"A",0.0330201701967165,0.680617205851679,1
0,"A",-1.16724781971666,0.645639188177683,1
1,"B",-0.638801036776609,1.7585553357175,1
1,"A",1.62364568868513,0.886464151655285,0
0,"A",-0.433290244211722,-0.0369901877383078,0
1,"B",-0.904190472919652,0.953496423927326,1
1,"B",-1.33281854634507,0.444104432025096,0
1,"B",0.209226424466795,0.76899590178898,1
0,"A",-1.32287051401822,-1.93225742336505,1
0,"A",0.316169511389797,0.208589823350005,0
0,"A",-0.646526341814898,0.0712605101889822,0
1,"A",-0.450955006227601,0.0883220433604301,1
0,"B",0.767232421927954,-0.15297929779803,1
0,"A",-0.717462730791142,-1.25767981909848,0
0,"B",-1.7858779551149,0.77413922578239,1
0,"A",-0.929268997897198,-1.49765777259323,1
0,"A",0.192551623108344,-1.91280323654466,1
1,"A",1.36422910419162,-0.205147333841296,0
1,"B",-0.277280829756592,0.518862037993818,0
0,"A",-0.416700635395384,-1.62931440556984,0
1,"A",2.10260068791071,-0.720874946428516,1
0,"B",-0.392648624831521,0.671088737997425,1
0,"A",-1.440477016236,-0.520867152488123,1
1,"A",1.77054054357794,2.89452417127791,0
0,"B",-0.24891991423003,0.719784293516889,0
1,"B",-0.982321828689219,1.36074669145807,0
0,"B",-1.59261503129959,0.207614696633587,1
0,"A",-1.66608290570459,-0.169160478612027,0
1,"B",0.380597407073722,-0.70141691776805,1
1,"A",0.135344842554873,-0.111121100631474,0
0,"B",-0.180266587191632,-1.31352514272775,0
1,"A",0.791286938649361,0.0865515353910848,0
1,"B",0.0292748463976705,0.15897277412519,1
1,"B",1.1966574577976,0.550142044545964,0
1,"B",1.11961901502829,0.298463377497086,1
0,"A",-0.470748061308776,-2.63494070601734,0
1,"B",-0.487097068332933,0.0598964185025656,0
0,"A",-0.821231386177001,-2.74207361804216,1
1,"B",-0.427750250950225,2.8653337199541,0
0,"A",-0.60622153735022,-0.935573009484543,1
1,"A",0.185368569174783,-0.486569091079475,1
0,"B",0.510082899318908,0.226581554931193,0
1,"A",0.142607250350332,0.630113161560706,1
0,"B",0.000270189276886046,1.08829219060835,1
1,"A",0.128607092451331,-0.492708907469477,0
0,"B",-1.90182844035847,1.60511218677158,0
0,"B",-0.962616113406105,0.020280368578779,0
0,"B",-2.43714609501185,0.719911811428823,0
0,"B",-2.55295179438504,-0.124180838995507,1
1,"A",0.166642586497806,1.05432556899095,1
1,"B",1.36467188971902,1.88257553548448,0
0,"A",-1.12550206172643,1.07315308355407,0
0,"B",-2.99683999197095,-0.674517071889188,0
0,"A",1.15492505179546,0.222217425981533,0
1,"A",1.07099460246966,0.600881214995495,1
0,"A",0.973801134346076,-1.29480683055969,0
0,"A",0.163790802010149,-1.13532196507034,1
1,"B",-0.136178242783398,-0.144254225378868,1
1,"A",0.160211663269314,0.867713753854546,0
1,"B",-0.164829701353948,0.696378610839985,1
0,"B",-0.152489958035802,-1.284877547761,1
1,"B",-1.32964774698902,0.773611380214084,1
1,"A",2.49061235600903,-0.0383537520551875,1
1,"A",0.0948972725038351,0.716026124543275,1
1,"B",-0.620595454536939,0.53373905051444,1
1,"B",-0.293870678711097,1.8671126490309,0
0,"B",-1.12953044412415,-1.15219273296787,1
1,"B",1.50676889567571,0.900018393420278,0
0,"A",-0.296703372404335,-0.155909475852769,1
0,"A",-0.278735831332491,-0.423266228109613,0
1,"B",0.359556640084061,0.313491766921622,1
0,"A",-0.745229182841092,-0.502583062163121,1
0,"B",0.110646874750405,-0.307247401236595,1
0,"A",-0.589024249041524,1.42784107606436,1
1,"A",0.207331990976621,-1.44449652433162,0
1,"A",0.413129400578745,0.432671673914652,1
1,"B",-0.443134021379034,1.69390267201027,0
1,"B",-1.74554075209884,1.20765295023426,1
0,"B",-0.475978748533299,0.195995621715081,0
0,"B",-1.73978790312823,-1.26628632305126,0
0,"B",0.898146003854843,0.22714817294187,0
1,"A",1.21398091659948,0.547736085136366,0
1,"B",-0.111455575159288,-0.670226804462724,1
1,"B",-0.114746189621892,-0.201708955984389,1
1,"A",0.98303025586384,0.508657250676177,0
1,"A",-0.758456026048517,1.46868877679774,1
0,"A",1.82576507815599,0.577940308293593,0
0,"B",-1.65526100125328,-2.82992417033134,0
0,"A",-0.680752005508665,0.0134026270716754,0
0,"B",-1.89270869068071,0.579815007428318,0
0,"B",-0.107089605317036,1.4687407424728,0
0,"B",-2.47722508468652,0.0601205543232158,0
1,"A",0.392221308813542,-0.544245806363915,0
1,"B",2.18141968362175,1.55811069817947,1
0,"A",1.45564968731686,-0.657561561407151,0
1,"A",1.38843843400299,1.16774705626937,1
0,"A",0.0917133766840557,0.45500355917223,0
1,"A",0.485584346590933,-0.578526435958562,1
0,"A",-0.720980425918866,-0.899546580268124,1
1,"B",-1.96208880903128,1.52952233203575,1
0,"B",-0.166880920374233,0.634383994349839,0
1,"B",0.429588125527709,-0.17100815772742,1
1,"A",1.30106563072553,0.195588554535547,1
1,"B",-1.19815890931395,0.765122658114465,1
1,"B",-1.34085742049186,-0.475950642286844,0
0,"B",-1.66564634263065,-0.724057776178996,1
1,"A",1.23148165537398,-1.4260994933178,1
1,"A",1.04361844095996,-0.358619825085936,1
0,"A",-0.792702504645224,0.36506469338314,0
0,"A",-0.438526930648659,-0.58357752101298,0
1,"A",2.4342144702835,-2.34373291811355,1
1,"A",0.822103663789052,-0.593656883727846,1
1,"A",-0.540487869226777,0.804542491644727,1
1,"B",-3.03418881536737,0.667228289824552,0
0,"A",-1.05548579596675,0.0209140523247935,1
1,"B",0.460876637941052,-0.34833070219824,1
0,"B",-1.22206566487008,0.000704313416796831,0
0,"A",1.60023298277555,-1.41219403958798,1
0,"B",-0.618215501151778,0.501225829095751,0
0,"B",-2.02795242194505,-0.85598774006078,0
0,"A",0.186574077151689,-0.64367281065552,1
1,"B",0.853700409901286,-0.347706611478723,0
0,"B",0.737242225201328,-1.0739998008318,1
1,"A",-0.0266277941316589,0.954406185232166,0
0,"B",-0.222982399696046,-0.473811538649367,0
1,"B",-0.611435895059135,0.408782383003695,0
1,"A",-0.0318548466507169,0.674774425973811,0
1,"A",0.200815912312158,0.757624047035142,0
1,"B",2.04431852878771,-0.377737496226114,1
0,"A",-1.38085710233291,-0.2024279956452,0
0,"A",0.510880177346139,-0.466889441753147,0
0,"A",-0.662280322379162,-0.533462785803056,1
0,"A",-0.0501709862866438,-0.437974417722414,1
1,"A",-0.655971194079572,0.975227258070044,0
1,"B",-1.40156130927774,1.57093028519618,0
0,"A",-0.458161654678418,0.663211123311558,1
0,"A",-0.969701585233407,0.933984481935121,0
0,"A",-0.0332784518280556,-1.42824221656098,0
1,"A",1.68770168470128,-0.328976040293375,1
0,"B",-0.992828968300975,0.531413357802232,0
1,"A",-0.575082368892284,0.148080132529692,1
0,"B",-1.04204444435353,-0.111603086609958,1
1,"B",-0.610167287395468,0.799288541063966,1
1,"A",0.79722023037901,0.801450890809863,1
0,"A",0.953123748287514,-0.534170307809346,1
0,"A",0.652464568082185,0.233352453222032,1
1,"A",1.81428404455647,-0.49652552967958,1
0,"A",-1.1725050174852,-0.543512864487735,0
1,"B",0.871902227656989,-0.716979505318056,1
0,"B",-0.780599869760021,-1.3942725647043,0
1,"B",-0.0643385979094633,-0.0504683774253239,1
1,"A",-0.4198155541323,-0.576463692837369,1
0,"B",-0.461740433010149,0.848326747832813,0
0,"A",0.15798195550988,-0.869822829416568,1
0,"B",0.0422548875935899,-0.735572698345461,1
0,"B",0.0435886035292187,-0.971224740200329,1
0,"A",-1.02555179085434,0.209982002245367,0
1,"A",1.13340849697078,-0.7240045175055,0
1,"B",0.00999490705116712,0.497216425685348,1
1,"B",-0.178126199626662,2.07986047632384,1
0,"B",-0.286225155987405,2.60860641251226,0
0,"A",0.568577728518106,-0.179059237240977,0
1,"A",-0.93953163714909,1.27834060598033,0
0,"A",0.308029210923803,0.302548520731122,0
0,"A",-0.562890826095734,-0.37492147993341,0
0,"B",1.75731916254359,-0.0543899851914791,1
1,"B",-0.167324987118057,1.23523385411818,0
0,"B",0.461526018579982,-1.33098531542551,0
0,"B",-2.26971197524658,-0.747783470693311,0
0,"A",-0.419107527299637,-1.01214597977823,0
0,"A",1.66187958895039,-0.55783599778656,1
1,"A",0.818840621310737,-0.765470044528258,0
1,"B",-0.256322989477544,1.25551187558825,1
0,"B",-0.407982129771441,-0.933607383844483,0
1,"B",-0.895467975733842,0.146285923687671,1
1,"B",0.38824477344965,0.671555970854266,1
1,"B",0.0800496226441175,1.46828043130925,1
1,"B",0.249768504717232,0.0363563966641568,0
0,"B",-1.81678387640833,-0.111168403966355,1
0,"B",-1.39380044461727,-1.47460268457159,1
0,"A",-0.212262883578844,-1.33994600649596,0
0,"A",0.15489028291926,-0.401482000010323,1
0,"B",-1.51688502218851,0.24447904405736,0
1,"B",-1.18975960724559,2.26292720950955,0
1,"B",-0.343767980596761,-0.284032581463086,0
1,"B",-1.03127894013501,1.03472123851109,0
0,"B",0.262348063566542,-0.416781946046895,1
0,"A",-0.667263324947748,0.65755278179337,0
1,"A",0.980169913244143,0.284403252068739,0
1,"A",1.25412371692578,-1.03719050447358,0
1,"B",-0.668834466478485,0.845210082883199,1
0,"A",-0.105127132230485,0.901624439631057,0
0,"A",-0.248732282377048,-0.358636614214843,0
1,"A",0.256470897799272,-0.0429639514067406,1
0,"A",0.310648722929974,-0.993499646573194,1
1,"A",0.617231133395675,0.119838498089817,0
1,"A",-0.165347492352622,0.0116505021668146,1
0,"A",0.696013636690315,-0.0452730669993364,1
1,"B",-1.71749297113659,-0.938841074963423,1
1,"A",-0.284034403836963,-0.853903021502908,0
1,"A",0.493513559491206,0.821393577492777,0
0,"B",-2.25701344582373,0.0522057851869581,1
0,"A",-0.578112934671438,1.28530280096725,0
0,"A",-0.266075960941201,-1.1529952026647,0
0,"B",-2.07418250918443,0.247580165778021,0
1,"A",1.70129273884133,1.31996696272307,0
1,"B",0.116495090853929,0.751033508660578,0
1,"B",-0.549431112185222,1.23475698817365,0
0,"B",-1.17053408390995,-1.01305940907953,0
1,"A",1.66895515655368,2.14027836236783,1
1,"A",0.157569768307963,-1.68099634390224,1
0,"B",-0.398552572202322,-1.02778943044129,0
1,"B",0.992071951065494,2.55606085106442,0
0,"B",-1.09263273453229,-0.980900354369944,0
0,"B",0.293585255094208,-0.668929020660952,1
1,"A",1.50413219119383,0.154890190088442,0
1,"A",0.477132436533817,-0.314275370688126,1
0,"A",-0.0183136949480501,-1.04754729163339,1
0,"A",-0.601388955059947,-1.40451908316867,1
1,"A",0.588933748648164,1.10269866597342,0
0,"A",0.0643728833662152,-0.216439771949967,1
0,"B",-1.34527694868986,-1.73974685083135,1
1,"A",0.533693148992929,0.402859672309334,1
0,"B",-1.29447723137792,-0.0146777674429703,0
0,"A",-1.03481257332467,0.929919541579087,0
1,"B",0.0223939432164295,0.474579920636218,0
1,"A",0.103095691572546,-0.176301671181055,1
0,"A",-0.167726196147643,-0.383375805447343,0
1,"B",0.573207774794057,-0.949240289098369,0
1,"B",-0.418977413671894,-0.320716778233213,1
0,"A",-0.0986323342609617,0.360540785973698,1
1,"A",-0.25227452790297,2.77208450654612,1
0,"B",-1.50512358206756,0.680037359127356,0
1,"A",0.565687526871843,1.36130031536772,0
1,"B",1.67029220027234,-2.07164695596656,1
0,"A",-0.870489558971745,1.09456918212902,1
1,"A",1.25082426265091,0.483280371068603,0
0,"B",-1.33762429066791,0.4285502218187,1
0,"A",-1.14390633484295,-1.37872777274947,0
1,"B",0.154563028502124,0.304325577194552,0
0,"B",-1.28757288436977,-0.526587538474852,0
0,"A",0.0143751355035309,-1.32491266676641,1
0,"B",-1.63120027018076,0.584287207292012,0
1,"B",-0.0666629561011863,0.287358933835728,0
0,"B",-0.0474722583881244,-0.1471867657027,0
1,"A",1.33375993417808,0.232785075503883,1
1,"A",-0.0441302499906039,-1.0736077274487,0
0,"B",-1.76053423971433,0.623975668054613,0
1,"B",-0.269041279778118,-0.533300551996049,1
1,"A",-0.61011539311849,-0.16419780533197,0
0,"B",0.45247496377086,-0.369008479907365,0
0,"B",0.295467220245418,-0.888247587077478,0
1,"B",1.12088107111656,-0.0868272797621074,0
1,"B",-0.431319495896896,-0.411771818596989,0
1,"B",-0.761942553919062,0.911991678148283,1
1,"A",1.92165304828416,-0.229351867907764,1
0,"A",1.06133716608577,0.422777806090584,0
0,"A",-0.245246410981925,-1.12857321246269,0
1,"B",0.560030284625616,0.844843105565773,1
0,"A",-0.877843388135264,0.65125355214573,1
0,"A",2.47729139733193,-0.939532230226299,1
0,"A",-1.01298311868474,-2.03207520771046,1
0,"A",-1.01387569861523,-0.847498174061253,1
0,"A",0.533594911545547,-0.970758237600249,0
0,"B",-0.914426700260041,-0.751473688731686,0
1,"A",0.862281105765855,-0.394062730862972,0
0,"A",-0.225477878071404,-2.07664672457046,1
1,"B",-1.47182081800484,-0.0534404599822188,0
1,"A",0.594743889815817,-1.80040669049385,0
1,"B",-0.317927840935016,1.29725001901268,1
1,"B",0.677113774814275,2.41208679497292,1
0,"A",-0.876400236389723,-2.22225501961095,1
1,"B",-0.949999480898085,-1.08782254403588,1
1,"A",0.258185667680119,-0.952986399521304,1
1,"B",-2.90933065412819,2.3219855964105,1
1,"A",0.431842483568863,-0.294304134412195,0
1,"A",2.14796354216347,-1.41286950076836,0
1,"A",-0.00435315517881446,-1.86793280650807,0
1,"A",0.873937997223618,-0.698922411386917,1
1,"A",0.943147334377391,-0.631403542355277,0
0,"B",-0.579016266273672,-0.286563388102293,1
1,"B",-0.814206496520643,-0.0327849238667043,1
0,"B",0.140748645223485,0.582722548305586,1
1,"A",0.153322551823391,-1.31238332108555,0
1,"A",1.68965792896352,-0.32388670826902,1
0,"A",0.942287371420601,-1.95190052775857,1
1,"B",-0.012918612811208,-0.946220090315289,1
0,"A",-0.0672561914332245,0.11370222278062,1
0,"B",-0.311658658220502,0.858487294324308,0
0,"A",-0.957215401078114,-0.366198538398818,1
1,"B",-0.471591431459186,0.377005332870394,1
0,"A",-1.20349340294928,0.629329425237335,0
0,"A",-1.1384337627083,-0.233103109468808,1
0,"B",-2.32744114641551,0.951207603267546,0
0,"A",-1.18055759788516,-0.145781360787421,0
1,"B",0.801579690794228,1.8182252751067,0
0,"B",-0.681027686221736,-0.173158648744715,1
0,"A",-0.925554872999247,0.203428470393439,0
1,"A",0.682240068302832,-0.475225805278136,0
1,"A",1.19873417011246,1.21587681534914,1
1,"A",-1.11370331379608,0.0415629924237316,1
1,"A",2.16470688298419,-1.34577257863922,1
0,"A",0.790012858812405,-1.10302344313515,0
1,"A",1.39823056714329,1.5775040940496,1
0,"A",-0.550943367637946,-1.26599990837311,1
1,"A",0.644437875415066,-0.990443054586957,0
0,"B",-0.316672126868127,1.37872943051321,0
0,"A",-0.546793147056086,-0.702878441346726,1
1,"A",0.476579896916774,2.74154092599983,1
0,"B",-0.997556125025679,-0.527685633293147,1
1,"B",-1.23308063019081,-0.259357641941172,0
0,"A",0.789225976970548,-2.52148269276459,0
1,"A",0.207913842672926,0.518528114006483,1
1,"A",0.57865234250755,-0.413239518705477,1
0,"A",-0.0206002917380093,-0.551765613649352,0
1,"B",0.0480161871285044,0.0481960720125433,1
0,"B",0.324165198792472,-0.303981778951858,1
0,"A",0.138609247423102,-0.00848360074708665,1
1,"A",-0.018372658577511,-0.123565968825283,1
1,"A",-0.727829696520682,-1.03083138045046,1
1,"A",0.655661793449309,-0.642246274970403,1
1,"B",0.921249385636125,0.314571733725245,1
1,"B",0.163547231978637,-0.923203937217003,1
0,"A",-1.88375118446558,-0.397178430925295,0
1,"B",-1.19700737590544,0.338823117785905,1
1,"B",-0.752311106694963,1.23318614096586,1
1,"A",2.18620354989966,-1.14284818738988,0
0,"A",2.00854168183655,-2.18394036551902,1
0,"B",-1.0432623312486,-0.796570451661667,0
1,"A",1.55266212588845,0.036400899724583,1
0,"A",0.419661107591764,-1.80917375103026,0
0,"A",-1.30378273872199,-0.508389886891644,0
0,"A",-3.4782479234357,-2.58459566905155,0
0,"A",-0.462435850009819,-0.064285792414226,1
1,"A",0.0684764451525727,-0.990927446738927,1
0,"A",1.45802382844832,-0.602289366529815,1
0,"B",0.93282121005642,-0.0480824986670813,0
0,"A",-1.33925881507526,-0.485727911324939,1
0,"B",-1.64632064993391,0.0104124606951676,0
0,"A",0.373197170497746,-0.562147856809019,0
1,"B",0.621681802364281,2.46472152351177,0
0,"B",0.959098527243795,0.779357855298598,0
0,"A",0.174791587615839,0.506175587434577,0
1,"A",0.383708011283301,-0.518250449917721,1
1,"A",0.0333209089256727,0.361713005123765,1
1,"B",-0.102776868575989,-1.77498392604464,0
1,"B",0.440243957927493,2.14576164034307,1
1,"B",-0.985154619180492,0.238715345665661,0
1,"B",0.140697432546892,0.793265645055621,0
0,"A",0.34819207438439,-0.968949526823696,1
1,"B",-0.425099455429837,0.780940647239975,1
0,"A",-0.311967881451045,-0.293490211800504,1
1,"B",1.12882470267245,0.409345617634728,1
1,"A",1.5904513295587,-0.163125143843517,1
0,"B",0.587053150450759,0.40260555618793,0
0,"B",-2.00955168382997,-1.40597134018391,1
0,"A",-0.657294906440878,1.18904237392589,1
0,"B",-1.03822777909161,1.74993859180222,0
0,"A",-2.22124470353706,-0.875976882554874,0
0,"A",1.18400223569102,-0.675939447522615,0
1,"B",-0.481918629005011,0.470586558241322,1
1,"B",0.106564934418466,-0.798698722913013,1
1,"A",1.63185911597652,0.812700903063835,0
0,"B",0.247612438965254,-0.333009545407787,0
0,"B",-0.550998379109621,0.0820701461754328,1
1,"A",1.36354620140511,-1.10248704526927,1
1,"A",-0.685859632936554,1.1759650437318,1
1,"A",1.28150709696678,0.356141280229625,1
0,"B",-1.64688794175029,0.566567545351614,1
0,"B",-0.623937964005477,-0.828542889228078,0
0,"B",-0.911566014717792,0.0673906820291957,1
0,"B",-0.60998108493145,-0.0719664168177446,0
0,"A",0.137907458882527,-0.462595008049478,1
1,"B",-1.38093848357613,0.78056837287896,0
1,"B",1.75191820420367,1.80020422399579,1
1,"A",0.434371811884065,2.54169615557252,1
0,"A",-0.321500333662139,-1.49240770425904,1
0,"B",-1.97179670226272,-1.82557407768393,0
1,"A",0.663890658838289,-0.227557030595126,0
1,"A",-0.640404959646937,1.90935538780876,0
1,"B",0.868375848176057,2.32881286245229,1
0,"A",0.365033883899845,-2.20790928321014,0
1,"A",0.480025823126443,-0.633840084099814,1
0,"B",-2.3477123640502,2.09226061803375,1
0,"A",-0.761215301618061,-0.447408659917688,1
0,"B",-0.590544063097734,-1.40000666771723,1
0,"B",-1.65109531609122,1.5131844631204,0
0,"A",-0.30600884524049,0.437375115359898,1
0,"A",-0.0764549495496953,0.0197515184142679,0
0,"B",-0.85311237686444,-0.901673577492166,1
1,"A",-0.0757763098089219,0.190825042709508,1
0,"A",0.019216029920307,-0.438657727515416,1
0,"B",-0.76424385943763,-1.67182692905859,0
0,"A",-0.0263436459977572,-2.24809262792149,0
0,"B",-0.974686354923869,-0.769086881762705,1
0,"A",-0.840346190849889,-1.19926063576384,0
0,"B",-1.34862926539494,-0.366441207331446,0
1,"A",0.901470014415009,-0.180869325486785,1
1,"A",0.663414697741096,0.630118290402418,0
1,"B",-1.93247992555369,-0.0843875038040475,0
0,"A",1.40287780081076,-0.997083836972215,0
1,"B",-0.378685594925522,0.339806734022494,0
1,"A",0.953426907581736,1.78730626463071,1
1,"A",-0.100758533523146,-2.09230322967929,0
1,"B",0.607217123981367,1.91722157305477,0
1,"B",-2.4590218909093,1.65859981531634,1
1,"A",1.62969811466535,0.489346812870572,0
0,"B",-1.78913602208386,0.781923900359598,1
0,"A",0.233000285675438,0.0983708499855616,1
1,"B",0.867498903295839,0.26170027309192,0
0,"A",-0.160109635918791,0.108414118831698,1
0,"B",-2.8654074174483,0.338951389126997,1
1,"B",0.052065980721126,1.43226935008801,1
1,"A",0.390106171018796,0.229449505231949,1
1,"A",1.08527915114012,-1.81932078745909,0
0,"B",0.939837849508746,-0.825816616817768,1
0,"A",1.26145845936059,-1.34367589753563,0
1,"A",0.179731081329158,-0.204245346960772,0
0,"B",-0.0666954697222646,-0.38324950919994,0
0,"B",-1.34178082117813,-0.971462451894802,1
1,"A",-1.04097761899932,-1.839929562604,1
1,"A",0.238934835646825,-0.654072465984135,1
0,"B",-1.32141351009604,-0.230704712658364,1
0,"B",1.89926538745728,1.52588480243124,1
1,"B",-1.7611147521826,1.01915863848048,1
1,"A",-0.452957011943368,1.71204303303926,1
1,"A",0.325038420408052,-0.326680790992493,0
0,"B",-1.8157330125099,0.029662179332065,0
0,"B",-1.71254946912422,-0.0547365739343967,0
0,"A",0.722160850565831,-0.782501618160538,0
1,"B",1.14673977648056,0.979335034422658,0
0,"A",-0.70332189933547,0.901432288197373,0
1,"A",0.431449427747229,-2.4566968811606,1
0,"A",0.289566126214225,-1.0800361888495,0
0,"A",-0.199474103398103,0.249649150613669,0
1,"A",2.62990791441849,0.630017785452373,0
1,"B",1.4677922755664,1.28733055592238,1
1,"A",-0.117776999350553,-0.289465587460873,0
1,"B",-0.064557927127092,-0.367496348651293,0
0,"A",0.132818150196905,1.64557523219888,1
1,"B",-0.191665753625861,0.408230699337532,0
0,"B",-0.791859975655933,-0.075376715710179,0
0,"B",-0.128342162723306,0.275596847912988,1
1,"A",0.268618936094372,-0.87380696178298,0
0,"A",1.01000124443283,0.604419055450507,1
0,"B",-1.73157033397426,1.14160262194975,0
0,"A",1.3231282962254,-0.576577195320431,0
1,"A",0.775364390696645,-0.259785797133551,0
0,"A",-1.85943389666311,-0.691694509038488,1
0,"A",-1.14550392783184,-1.02351783064761,1
1,"A",-0.288729377769606,-1.00824240602154,1
0,"A",0.206086844319652,-0.407419952305523,1
1,"B",-0.820798964865072,1.58368355983754,1
0,"A",-0.49464616544189,-0.196023611481648,1
1,"B",-0.910095968436144,0.990771754443047,0
0,"A",2.23776427076304,-2.10531953713574,1
1,"B",-0.324428949568636,-0.133063182416366,0
1,"B",0.857810653266966,0.673622382528142,1
1,"B",1.40298319389794,0.250335559351953,0
1,"A",1.52647417968058,0.284796475977191,0
1,"A",0.791000509767632,-1.01643591935528,0
1,"A",-0.618382475350746,-0.335991453714999,0
0,"A",1.01807418835751,-0.627066376778459,1
0,"A",0.747469141107766,1.42509779597987,1
1,"B",1.02757431601269,0.309814329471275,0
1,"B",2.18917641879973,-0.0584465522679597,0
1,"A",-0.0924012151977351,0.0110922164043248,1
1,"A",0.524499246014786,0.286466972869692,1
0,"A",-0.479281162496881,-1.59254660237291,0
1,"B",0.270808019071649,0.822026357353973,1
0,"B",-1.15316869735851,0.375571511057679,0
1,"A",-0.20575829891322,1.0658248538642,1
1,"B",0.709731210035361,-0.290984703473052,0
0,"A",0.67440446594906,2.07446511291274,1
0,"B",-1.73724995597627,-0.254841765618794,1
1,"B",-0.294023176814255,0.997022915548186,1
1,"B",-0.157072022710801,0.861847709184907,1
1,"B",-0.00773954180419528,-0.265192729057662,0
0,"B",-1.97242468906956,-0.69298931298895,0
0,"B",-0.158582257154616,-0.635478448298086,0
0,"B",-0.66180534227629,-0.844977203791514,0
0,"B",-0.287941292378202,0.732172491237667,0
0,"A",-0.907991100702393,0.633359619353491,0
0,"B",0.292044313426254,-0.280705649065628,0
0,"A",-0.475786879685579,-1.26881054863221,0
1,"B",0.919544275224639,0.139972498657848,1
0,"A",2.16043085343105,-1.59438966902761,0
1,"A",1.9893112288274,2.87491487201635,1
1,"A",-0.615230275653581,-0.082559928234167,0
0,"A",0.217860827649363,-3.0442253552145,0
0,"B",-1.98424391649214,0.183152297661101,0
0,"B",-1.17128249238639,-1.41824272587481,1
0,"B",-1.13558560180785,0.449138764318767,1
0,"A",-0.719730217320949,-0.785897898042861,1
0,"A",-0.190637032576755,1.94365928463287,1
0,"A",0.474629019654401,0.31676282898942,0
0,"B",-0.656529121535711,0.241141027512326,1
0,"A",1.05483469192224,0.228767211484617,0
1,"B",-1.6252216897688,-1.61868550670185,0
1,"A",1.70824833587207,0.714052289357601,1
1,"A",-0.0285856679019572,-0.555539885126305,1
0,"A",-1.17686391946596,0.358567663695525,0
1,"B",-1.98128932292617,1.03219809687061,1
1,"B",-0.119036772180658,0.653176171951292,0
0,"B",-0.0163764491946799,1.35246072621261,0
0,"A",-1.3268717835679,-0.00455171894738265,0
1,"B",-0.913881987408087,0.511267985980652,0
0,"B",0.216103459060967,0.381162740121288,1
0,"B",-1.07266930394679,-0.474956129438887,1
0,"A",0.271419932450944,-0.27042001117902,0
0,"A",1.3984226980812,-0.605598337944877,0
1,"A",1.76468818525506,0.629471082887162,1
0,"B",-1.80679463851029,-0.318125237237155,1
1,"B",0.410581891949801,1.21215767183386,1
1,"A",0.507731692214638,-1.7779790803194,1
0,"A",0.549533913741759,-1.23701642935257,0
0,"B",0.0292317184643585,-1.03373016583968,0
1,"B",2.49385937244265,0.804791705064869,0
0,"B",-0.411105971256712,0.750157859984965,0
0,"A",0.781635423922967,1.55484017498582,1
1,"A",0.515868957247465,-0.458812275088516,0
1,"A",0.625080669530834,-0.399303451059567,0
1,"A",0.635863148376177,0.61401112604879,1
0,"B",-0.510147120113803,0.325292405915323,1
0,"A",0.969174987189692,-1.86831325046848,1
0,"B",-1.36794753353682,0.667539654645891,1
1,"A",-0.257701035603065,0.604261781220546,0
1,"B",-0.726925084330399,1.59832273320903,0
0,"A",-0.0219044743813854,-1.21619399484611,1
0,"A",-0.768743518006961,-0.325228395651139,1
1,"A",-0.320731289013859,-0.126629916838458,1
1,"B",-1.1590353634543,0.558734540055151,1
1,"A",1.5520373975223,-1.52387745333831,1
0,"B",-1.96320827807405,-0.520979636040648,0
0,"A",0.127294113194535,0.234182093661672,1
0,"A",-0.163961371138305,-0.283219750874092,1
0,"A",0.155157082506904,-2.39868372331489,1
1,"B",-0.6519175153231,0.374918892895878,0
0,"A",0.303936246426788,-0.628478919262937,0
0,"A",0.777161508346633,-0.762963895340313,0
0,"A",-0.396372382819939,-1.77806350965931,1
1,"B",-1.5481047973149,0.804321960180505,1
1,"B",-1.79809708894341,0.415791771012484,0
1,"A",-0.862208383070794,-0.149304835485625,0
1,"B",-0.0374376495898825,1.48372231003598,1
1,"B",0.794793584691406,-1.77796864571785,1
1,"B",-1.50354697504006,-0.376289963160933,0
0,"A",-1.30815408268439,-2.084855685392,0
0,"A",0.642639918648754,-1.31204974286076,1
0,"B",-1.39275258593877,1.426235193969,1
0,"B",-1.1405533275752,0.174451028832719,0
1,"A",0.5946611842559,1.2771157569377,1
1,"A",1.05187315561584,1.16504383639707,1
1,"A",0.109542526300373,-1.19921581698205,0
0,"A",-1.42400495529628,-0.837849320396502,1
1,"A",1.97513476797885,-1.43698798389855,1
0,"A",0.0220639881553624,-1.80194782237714,0
0,"B",-1.66564880693474,0.784581060836759,1
0,"B",-1.15368370991216,-1.23035769153966,0
1,"A",1.57593564486054,-0.0295770645657396,0
0,"A",0.317420266193695,-2.50671683012186,0
1,"A",1.31034568467093,-1.20182100670947,1
1,"B",-0.0510778242888097,-1.16800884940394,1
1,"A",-0.416906105537447,-0.662179343745125,1
1,"B",0.055047319548077,0.218817789118822,0
0,"A",0.272017756051949,-0.612653322702844,1
1,"B",-0.0474298162208739,1.47245988987598,1
1,"B",0.95905145574274,0.479193293191129,0
1,"B",-0.523696168259559,1.78071178419184,1
1,"B",-0.982523521199845,0.0877340904590667,1
1,"A",0.0585201477021553,-0.486567102230114,1
0,"A",0.593541391740747,-0.827174744811863,1
1,"B",-0.823688501455003,-1.15328718813909,1
1,"A",0.973725047539608,-0.302240326531273,0
0,"B",-1.24333464215284,0.0953827939143602,0
1,"B",-0.0428148942875179,0.96253154410373,1
1,"A",-0.131618348130009,-0.138958036061007,1
0,"A",1.09297883582158,-1.16662420929367,0
0,"A",1.41700278483163,-0.897802621181334,0
0,"B",0.482508834064441,0.325660893888382,0
1,"A",0.911262889839746,0.762672051113174,0
0,"B",-1.34096539669621,0.667207799939709,0
1,"B",-0.210866316722936,3.02693526518017,1
1,"B",0.215835435565825,-1.08436791652795,0
0,"A",-0.47761608726589,-1.71012949420834,1
0,"A",-0.205956387440267,-0.657404379767586,1
0,"A",-0.294994244504565,-1.05102433171317,0
0,"A",0.491905825658572,0.152057954952331,1
0,"A",-0.491289062990113,-0.554995266269112,1
0,"B",0.540423280399168,0.780055286481672,0
0,"B",1.01285911157291,1.34853495106295,0
1,"A",1.52482224736293,-1.462835883792,0
1,"B",-0.703174709822918,-0.183242119174846,1
0,"B",-0.557889302359972,-0.1640810721368,0
1,"B",-1.34838301144633,1.04522945872734,1
1,"B",-0.80597340930006,1.16639784634771,1
1,"B",0.0132622127770403,-0.50618738546236,1
0,"A",0.204634665725817,-0.392034107218041,0
0,"A",-0.289107120943892,-0.800071706480161,0
0,"A",-0.547950648816806,-0.567460435232426,1
1,"B",0.0244090527684467,1.04709019869723,1
0,"A",1.18364606755862,-2.02831304117599,0
1,"B",1.11235437575923,1.18166179580484,1
0,"A",1.0855155256326,-2.00194378042975,1
1,"B",-0.740579936408566,1.44488264040469,1
1,"A",0.0172850891024971,-0.164702835701998,0
0,"A",-0.194461959596685,0.233054788991576,0
0,"B",-0.900380604327737,-0.586790691532635,1
1,"B",0.50268151189485,-0.754148861246223,1
0,"A",-0.17113947296711,-1.50028379355905,1
0,"A",0.962450253007467,-0.920223189436434,1
1,"A",0.516808951603029,-0.974202162180137,0
0,"B",-1.91390474795456,0.186254352275404,1
1,"B",-1.75940828115609,1.03528287794991,1
0,"A",1.23266696206671,-0.457569709061106,0
1,"B",0.193832298193446,-0.260320790733545,1
1,"B",-0.553211113594738,1.09118696783774,0
0,"B",0.269702704186885,1.03062012498636,0
1,"A",-0.0627466326611111,0.130495986780252,1
1,"A",-0.307132044857085,0.466356016085696,1
0,"A",1.77766092604908,-1.61232892585473,0
0,"B",-0.953711949488439,-0.628253301835431,1
1,"B",-1.58602492454978,2.16052419935348,0
0,"A",0.959611994505305,-0.764006106597894,1
1,"B",0.780032123217256,-0.036384633964075,0
1,"A",-0.529046583953261,-0.185279044039205,1
0,"A",0.574257896410093,-0.857373062662541,0
1,"A",0.952791135564488,1.52085925566444,1
0,"B",-0.0472958166220874,-0.908377226298657,0
1,"A",0.42326106023488,-1.39499063014528,0
0,"A",-0.994725709802383,-0.250908398352258,0
0,"B",-1.36678044978699,0.109286510171708,1
1,"B",1.22286785112653,1.56008869872019,1
0,"A",0.52551364032488,-1.0718498207328,0
0,"A",-1.54903945494555,-0.429598341634101,1
1,"B",0.586160519760453,0.131917586224097,0
0,"B",-0.514914449512379,-0.357775210911258,1
1,"B",-0.484630920084621,1.02595624127189,0
1,"B",-0.171689002579218,2.86169607527935,0
1,"B",-0.796789127459286,-0.311954216701889,1
0,"B",0.370953481988004,0.747535021735062,0
0,"A",0.132567035643472,-0.915456376604368,1
0,"A",0.492092538380019,-0.756572401539057,0
1,"A",0.539576469014399,-1.7203945772012,0
0,"A",0.649034323052873,-2.64476424357399,0
1,"B",0.273653707208165,-2.15723925303846,1
0,"A",-0.0726178302707607,-1.00238188691499,1
0,"B",-1.26310820024877,0.931004530390927,1
0,"A",-0.952928683578764,0.624971570249695,1
0,"B",-1.68658935402941,1.06758149729785,0
1,"A",0.683120831663657,0.11562428112719,1
0,"B",-1.09141225539996,0.124987179751445,0
1,"B",-0.925269027951214,0.929915907328381,0
1,"A",0.056052554906751,0.36786513606641,1
1,"A",1.0844302219593,-1.87643840734983,1
1,"A",0.766400075654641,-0.535026722839457,1
0,"B",0.339965368933406,0.828098373213745,1
1,"A",2.09597026699135,0.315064548456011,1
1,"A",1.94302970204881,-0.554327779421785,0
1,"A",0.509535985294914,-1.30519069289639,1
1,"B",0.230398010220539,-1.1144236523682,0
0,"B",-1.12717192730098,0.0243779934575608,0
0,"B",-1.4612367240773,-0.579488835547144,0
0,"B",-0.839414371584568,0.383712707340297,0
1,"A",2.22908141981679,0.517026096496032,1
0,"B",0.481702253926496,-0.348719915037443,0
1,"A",0.642391572384608,0.14532035502095,1
0,"A",-0.368911290698797,0.13564917134696,1
1,"A",1.85574577798475,0.219431241603171,1
0,"A",1.2701273054697,-0.488166603189223,0
0,"A",-0.909852728079684,-0.610824798146759,0
1,"B",1.28340126040086,-1.0557793576182,1
0,"A",0.400376491149357,-1.38620886853162,0
0,"A",-0.698521199720274,0.598658738220373,0
1,"B",0.162271567805144,2.34180746446478,0
1,"B",-0.747643838370711,-1.7970490236377,1
0,"B",-0.631172461909326,-0.279837818884159,1
1,"B",-1.30212408614942,2.5820613570864,0
1,"A",0.427671055149377,-0.726370426402236,1
1,"A",0.897991354397791,-1.48983360320077,0
0,"B",-1.16061016663237,-0.754468173491282,1
0,"B",-0.73228825076069,-0.600111857932664,0
0,"A",-0.796501321392565,-1.66903048327695,1
0,"B",0.526343520487938,-0.827796424996367,1
1,"B",-0.0715100045463705,0.238924032193053,1
1,"A",0.0245064585085871,0.495785297942039,0
1,"B",0.599922404366415,0.0850185615239502,0
0,"B",-0.19151215274419,-1.08254586256057,1
0,"B",-0.733400099166247,0.322177958475711,1
0,"A",-0.525512511240872,-1.31713489237009,0
1,"B",-0.589469454434019,1.42319101581816,1
0,"B",-0.238860269132862,1.25156511719073,0
0,"A",0.785695534857597,-1.24840560045859,1
0,"B",-2.03686550301703,-0.453989407452015,1
0,"B",0.460764030379395,0.416558276804708,0
1,"B",0.654769453975785,0.0907519735884328,1
0,"A",-0.686069639044154,-1.5883314891503,0
1,"A",0.681695304412168,0.912591905486771,0
1,"A",-0.0812924066994768,0.112842002916612,1
0,"A",1.1910814784368,-0.58867549060865,0
0,"A",-0.464879602169639,-0.522413016751335,1
0,"B",0.337874741238357,-0.43781103994461,1
1,"B",-0.869441214441651,0.762943026498853,1
0,"A",-1.34227448370809,-1.0868520325415,0
1,"A",1.62034769974826,0.0366131097164641,0
0,"B",-1.55674414299081,0.304836191230506,1
1,"A",1.36968443065378,-2.10435938727912,1
1,"B",-0.957558474007232,-0.0807726631143664,1
0,"B",-2.04777159829386,-1.46873052224759,0
0,"B",-1.58490960079102,-1.17504858288015,0
1,"B",0.716901615742764,0.230024611861432,0
0,"A",0.657744821757351,-0.587939227626622,0
0,"A",1.32948512331235,1.07114327305712,1
1,"A",0.130762685064111,3.68958144974467,0
1,"B",1.16141835372367,-1.05989083484174,1
0,"A",-1.1842673677723,0.636739917455285,0
0,"A",-1.03807770468149,0.25840738100067,0
1,"B",-2.61577382715051,0.120836547852865,1
0,"A",0.594611489063885,1.06385527855757,0
0,"B",-1.68616490176826,-0.0366567609923432,1
1,"B",-2.03537611907565,2.29758517370457,1
0,"A",-0.422247869534897,0.0574371275440131,1
0,"B",-1.65442150781486,-0.421585486630558,0
0,"B",0.576883236153566,1.7096340773688,0
1,"B",-0.16832375793116,0.886094063714556,0
0,"B",-0.585337502004216,-0.918308226272082,0
1,"A",0.295394249399836,-0.270162601352749,1
0,"A",-0.755429951638743,-1.36262989534455,0
1,"A",1.84657507959557,0.0888645279561296,0
1,"A",0.191717937463414,0.25256578508178,1
0,"A",-0.860853626755378,-0.469869202177408,0
0,"A",0.126850396777367,-1.0801985831962,0
0,"B",0.233759024006688,-0.594805142944742,1
0,"B",0.179280960716794,1.3460805636648,0
0,"B",-0.640167846447306,-0.0916472874978826,0
1,"A",1.30585268187664,1.06262176229472,0
1,"A",0.797203650032821,0.639764698401169,0
0,"A",0.687115950468453,-1.16353781181977,1
1,"A",0.497776278899826,-0.358726778713399,1
1,"A",0.593546556491919,0.271187904102936,0
1,"B",0.712872892219348,-0.443703724832378,1
1,"A",2.04125125579381,-0.153858153039497,0
0,"B",-0.693170307366205,1.24936392197221,0
0,"B",0.0624672122742699,-0.957511523758656,0
1,"B",0.04962606595241,2.73571018008858,0
0,"A",-0.619042533570451,-0.758137825885156,0
0,"A",-0.686552978696946,-0.581215063575988,0
1,"A",0.658845650098312,0.296625735885439,0
1,"A",0.686625312614824,-0.0140821142815969,0
1,"B",0.380077158230489,1.08614355679886,1
0,"B",-1.07771728957852,-0.167357342731727,1
1,"A",0.873941011283318,-0.298844346016564,0
1,"A",0.250547133324467,0.318387326068341,1
0,"A",-0.261892469945875,-1.67816431706243,1
1,"A",1.04402557885189,-0.000559617671863855,1
0,"A",1.06430311134143,-1.94545757103006,1
0,"A",-0.135680568899872,-0.991433940865778,0
0,"B",-0.737705432521704,-0.478823486990665,0
1,"A",0.395649947334166,-1.00557450531484,0
1,"A",0.261931011730908,-0.154720228184441,1
1,"B",0.993981923674455,1.38208344733183,0
0,"B",-0.572804782442777,-0.641224120961953,1
1,"B",-0.731200516627902,0.41278399625596,1
0,"A",0.854141397480395,-1.42000734529248,0
1,"A",0.771523002145697,-0.638283941218361,0
0,"A",0.278222991721968,2.46514255029541,1
0,"A",-0.571522967845339,0.880644722485401,0
0,"A",-0.56605052132005,-0.441474966768312,1
1,"B",0.202551997262133,1.28623438431217,0
1,"B",-0.674517771825988,0.851590707635574,0
0,"B",-2.6732239655378,1.23034011502967,1
1,"B",1.15117665905096,-0.411030753936338,0
0,"B",-1.61292805347297,1.19416094272409,1
0,"B",-1.30263451682695,-0.817134374002692,0
1,"A",2.65251932988905,-2.58735332397127,1
0,"B",-0.162897848421324,-0.773709888694199,1
0,"A",-0.357226784845728,-0.0289584540213927,0
0,"A",-0.792802425845608,0.631668546851048,1
1,"B",0.00429870675113786,-0.332311561672395,1
0,"A",0.268917924621013,0.465486927530825,0
1,"A",-0.237267001737172,-0.206553956057026,0
1,"A",0.518107042625208,-1.79484480499559,0
0,"B",-0.804944014832241,-1.16410840136748,0
0,"B",-0.268537989060363,0.523680736682941,0
0,"A",-1.59316921086294,0.0261047475276173,1
1,"A",0.270945164380927,0.282836861728333,0
1,"B",-1.48384138771935,1.53296957456963,1
0,"B",1.22983409943018,0.397187955781762,0
1,"A",-1.24065932866862,1.43209151384987,0
0,"A",1.18349306935304,-1.05822823626104,1
0,"A",0.304209272600755,0.459557320495464,0
0,"B",0.868175868927743,-1.20867722176809,0
1,"B",-0.944133472841135,-0.588016900852746,0
1,"B",-0.225498461831763,1.2001390233409,1
0,"A",-1.29648467396527,0.211193924051702,1
0,"A",0.488517640975763,-1.67919544644987,0
0,"A",1.53255146080038,-1.25847247089454,1
0,"B",-0.924749688710996,-0.36324925221887,1
1,"B",0.00515394306894246,1.09152077142329,0
1,"B",-0.527182255703778,0.443807115294907,0
1,"A",-0.224228573103142,0.634110067898926,1
0,"A",0.0339073955394525,-0.463656788882294,0
0,"B",-1.53956330576588,-0.0805539743493828,0
0,"A",-0.855833225235177,-1.02216548643451,0
1,"B",-0.33571412088817,1.26252212824141,0
1,"A",2.13867361935896,0.133359389676636,1
0,"B",0.52864658795908,-0.342219193278461,0
1,"B",-0.797787714272921,0.274288145023328,1
0,"B",-1.13993593951738,-0.22226108915773,0
0,"A",0.832038146328813,-1.84709445597199,0
0,"A",-0.235782677813964,-0.160700088924093,1
0,"B",0.00108918130056856,0.663460346297871,0
1,"B",-1.16872480047715,0.745893351793341,0
0,"A",-0.98316146747946,0.468317784843515,0
0,"B",-0.153157518658356,-0.421618713463189,0
0,"A",-0.779247462708707,-1.12286008960412,0
0,"B",1.56663917345881,-1.61409316202262,1
0,"B",-2.62835101768301,-1.09229590597142,0
1,"B",0.907022532280671,2.07065591893652,1
1,"A",-1.36163856963472,1.29435444271646,1
0,"A",1.42106465033514,0.571509491268389,0
1,"B",-0.312196063655752,-0.43472657723152,0
0,"B",-0.121998040037068,1.37091565431286,1
0,"A",0.494592492436738,0.507404853788746,1
1,"B",0.870501367006967,0.365026256133156,0
0,"B",-1.69926007417654,-0.559685563856725,0
0,"B",-0.416673919902964,0.442729941741345,0
1,"B",0.318518366740691,0.853060880875755,0
0,"B",-0.347269000293071,0.924646164011589,0
1,"B",-0.438364511852773,-0.722880672046057,1
0,"A",0.240186733173195,-1.63680300692315,0
1,"A",0.524432506074248,-0.565204973156909,0
1,"A",2.41922853964699,-0.114546714167995,1
1,"A",0.510271993546235,0.493063087166668,1
0,"B",-2.4012783085527,-0.943756076525661,1
1,"A",1.72678747806166,0.528079836564692,1
0,"B",-2.51770167170381,-0.432381235398675,0
0,"B",-1.15839789495842,0.268671689195249,0
0,"A",-0.154553084865067,-0.877546962056,1
0,"B",-0.124181412144056,-0.777703609644244,0
1,"A",0.78056019828874,0.425405558859667,0
1,"B",0.1015021084711,0.97657607207572,1
1,"A",0.394994926264468,0.234211151039728,0
0,"A",-0.172547563305031,-0.314125205503918,0
0,"B",1.25693777400933,1.0056106072882,0
1,"B",-2.17976376505078,0.292418513207974,0
1,"B",0.909483819567189,-0.0737675171137022,1
0,"A",-0.506575467109449,-1.37333772816114,0
0,"A",-0.989177072317563,-0.280012571525256,1
1,"B",-0.723190646698673,0.62956664965117,1
0,"A",-1.44301539305095,-1.81137876968709,1
0,"A",1.35138625686535,-2.31741043523246,1
0,"B",-1.51058250427991,1.2130205605503,0
1,"B",-0.618501318186195,0.4878408223933,0
0,"B",-1.19240849675024,0.43881442724921,0
1,"B",1.06906734306154,-0.179644389497607,0
0,"A",0.168508659411679,-2.3121923216648,1
0,"A",0.354031313721989,-1.19876344119152,0
0,"A",0.232781941055519,-0.710915089491521,1
0,"A",1.83163322874583,-0.942972371329195,1
0,"B",-1.0658884135575,-0.0732599209773818,0
0,"B",-2.18355988790723,0.247646162282623,0
1,"B",0.35321542197448,-0.196589469046263,0
1,"B",0.341331318335423,1.37867717044039,0
1,"B",1.34234312889999,-0.144385171553551,1
1,"B",-0.0679259953582758,-0.879307547113272,1
0,"A",-0.766937138501269,0.354050801770523,0
1,"A",2.66221319850455,-0.154127911275669,1
0,"A",-0.276275512647665,-1.80128549575862,0
1,"A",2.02104380530579,0.0529234813772743,1
0,"A",0.285227789912307,0.138538923317057,1
1,"B",0.0807937605032369,0.903557667090765,1
0,"A",-0.977775976242602,0.181182750723945,0
1,"A",0.148402336040949,-2.08520719620578,0
1,"B",0.0698990339388129,0.326402334662313,1
1,"A",0.512034679228329,-1.48877189059224,1
1,"A",0.0568466684073592,0.554191419230423,1
1,"B",1.69145721440316,0.62079336028225,0
0,"A",0.931608833482688,-0.478887873169501,0
0,"B",-0.551122890689103,-0.0191865092970059,1
0,"A",-1.56148787084028,-0.174949719759647,1
1,"A",1.36339573926699,-0.358431331095897,0
0,"B",-0.546136509891615,-0.154269590566131,1
0,"A",-0.288027261190177,-1.45596855799287,0
0,"B",1.15679002838749,-0.974349065374156,1
1,"B",0.327484966780503,0.984410549079087,0
1,"B",-0.699882924054506,0.365038825794111,1
0,"A",-1.9496446657139,-1.50581901021687,0
1,"A",-0.0678720998940575,0.414674084523621,0
0,"A",-0.126332340915207,-0.16632448934659,1
0,"B",-2.16956853993721,0.0233422180758444,0
1,"A",0.284848631406445,-0.0291732961359246,1
0,"B",-1.61175994091867,0.323168709075721,0
0,"B",-0.208938406500373,-0.629992858411189,0
1,"B",1.62649673426074,-0.867459748678131,0
1,"A",0.173108581657344,-0.556970271276256,0
0,"B",0.449016667758764,-0.283125110650289,1
0,"B",-0.594043079688784,-1.31088604207846,0
1,"A",0.572059619276993,-1.13831807579567,0
0,"A",0.530796337455436,-0.449610755678414,0
1,"A",0.293102296484033,0.660036944076716,1
1,"B",1.23514742221246,-0.70242836836495,1
1,"B",-1.1923371745088,1.54188397160666,1
0,"B",-0.757706050426622,-0.378246299491936,0
1,"A",0.660798767991199,-1.68631891119914,0
0,"A",-0.434866177256138,0.629120165797862,1
1,"B",-0.393225686629123,-0.361426417149681,0
1,"B",0.440042937697244,0.297960452455778,1
1,"B",-0.948524999594069,-0.00385550500353057,1
0,"B",1.22784874347219,-1.42578416598928,0
1,"A",-0.284034447773795,-0.778107893585165,1
0,"B",-0.156542031115967,1.06128502536256,1
0,"B",-0.913586208282734,-0.591913892315157,1
1,"A",0.621852730103257,0.377970422117384,1
0,"B",-0.954058346946639,0.177909642785196,0
0,"A",1.29421700292688,-0.645585814556326,1
1,"A",-0.913239842908997,0.900571251959,1
0,"A",-0.635368323039697,0.791908194922034,1
0,"A",0.592430932977078,-0.525384793226827,1
1,"B",-1.14836605734895,1.48796259231495,1
0,"B",0.668955715027329,0.456225988751554,1
0,"A",-1.46625772383216,-0.827757621110018,0
1,"A",0.863174350389298,1.19582263399982,1
0,"B",-1.32097237783674,0.589063243317847,0
1,"A",-0.0074248116860185,-1.41673149195322,1
0,"B",-1.90315898308704,0.626961672475799,0
1,"B",-0.0157478759499968,-1.02076619834043,1
1,"B",-0.154099651725772,1.3161529242858,1
1,"A",0.171436123402802,-1.15340715418643,1
1,"A",1.53086478047659,0.0681426920247602,1
1,"A",0.950424965572156,0.558222101031692,0
0,"B",-2.39601872395848,0.804861928926056,0
0,"B",-1.00614729817761,0.830557052245729,1
1,"A",0.53103493386763,-1.10454205215798,0
0,"B",-1.25698302673088,0.0786345290156134,0
0,"B",-1.87713886438531,-0.455680048320571,0
0,"A",0.141078877596555,-1.53762382988304,1
1,"B",-0.118441333452377,-0.0874992328871381,1
1,"A",0.109564357262368,0.700296551041842,1
0,"B",0.337315245838106,-0.619020934886767,0
0,"A",0.453143476409111,-0.562161026994238,0
1,"B",-1.40011063743937,-0.0659324806463137,0
0,"B",-1.20794239301266,-0.48447738240521,0
1,"A",0.650432521970579,0.0775029633609343,1
0,"A",0.651503326752428,-0.157793714736018,0
0,"B",-1.54343787877221,-0.394504864309019,1
1,"B",-0.67772834102911,0.102029377593974,0
0,"A",-0.274443848533785,-0.871238824249655,1
0,"B",-2.1859286763262,0.0466336929796211,1
1,"B",0.600256001636495,1.58189415926464,0
0,"B",-1.48883844698484,-1.50042781788209,1
1,"A",0.866858621575659,-0.635611217865335,0
0,"B",-0.792327917333634,-1.81748366230242,1
1,"A",1.35235752421073,1.51894334363561,1
1,"A",-0.1380099315715,-0.992757326124657,0
1,"A",1.61643331930801,0.86821384969552,0
0,"B",-0.31703895912896,-1.39350505477385,0
1,"B",0.0474491158238001,1.11208345067605,1
0,"B",-2.45602194994055,1.30084562929237,1
0,"B",-0.0755422431080301,-0.255571806981439,1
1,"A",-0.372750014966878,-0.103913843632789,0
1,"B",-0.809465794533468,0.020750274953692,0
0,"B",0.0390931053936402,-0.766990612995804,1
0,"B",0.657660377326757,-0.0478822945318254,0
1,"A",-0.149888887163412,-0.155909053242094,1
1,"A",1.41523690725867,-0.515802691818245,1
1,"B",0.38828754499439,1.42831419307941,1
1,"B",-2.21282265989643,1.38971763158714,1
0,"B",-0.90269805461655,0.632268754933355,0
1,"A",0.348468533389567,1.52136622016316,1
1,"A",-0.207501558541106,-0.622078920119514,1
0,"B",-0.4240565309569,-0.900076837544642,0
1,"B",-0.749529540367644,-0.26901849969267,0
1,"B",-0.755401089463763,2.27334428147822,1
1,"A",2.51531875961846,-2.88173415190135,1
1,"B",0.465102271218454,-0.481124418362878,0
0,"B",-1.01619804809575,-1.33002896073087,1
0,"B",-2.11484531921214,-0.0181657338817444,0
1,"A",-1.52485002485477,-1.22083815754637,1
0,"A",0.810743519841559,-1.40994505150273,0
1,"B",-0.411570244081955,0.523778088405223,0
1,"A",-0.891794974467839,-1.01296161227611,0
1,"B",0.20609525832241,1.47150007954133,0
0,"A",-1.12012188016362,-1.1250648065775,0
1,"A",1.11446746119974,-1.22524970112822,0
1,"A",-0.436206104559346,1.49796700967671,1
0,"A",-0.0614277951547784,-0.557450175600502,1
1,"B",0.497518588776782,1.85934309379844,0
1,"A",2.55537028172646,0.18736451035267,1
0,"B",-0.496406974323546,0.42028378067404,0
0,"B",-0.502408583335543,-0.337867694338112,1
1,"B",2.25852552088201,-0.561960251886061,0
1,"A",2.1677687037748,-0.563573677791099,1
0,"B",-1.61551246260509,1.11379480815024,1
1,"B",-0.818943789827909,0.901817020200167,1
1,"A",1.75806656987569,0.0552704297211608,1
0,"A",-1.12828485746045,-0.010377558731482,1
1,"B",0.830400074417084,1.26319995728805,1
1,"B",0.254257316400515,0.743598418754088,0
1,"A",-0.0972540115230944,1.72008506996104,1
1,"A",0.0970135441255977,-1.89324371908537,1
0,"A",0.232680662803072,-2.19299702780275,1
0,"B",-1.8972936423042,0.512299358180312,1
0,"B",-1.23773356401277,-0.817948030072624,0
0,"A",-1.19387837326667,-1.32866458165576,1
1,"A",0.930723442070256,0.00307719958987185,1
1,"A",0.875344346813492,-1.67576031818508,1
0,"A",-0.953863607756196,-1.39530412187181,0
0,"A",-0.0611031207341652,0.423384177223701,0
0,"B",-1.78535583276904,-0.0888092654556872,1
1,"A",1.36628967810865,-0.0759617203848545,1
0,"B",-2.09461652330595,1.99906411709547,0
1,"B",1.26892652717685,1.13387450121298,1
0,"B",0.425136055928653,-1.09097297573178,0
0,"A",-1.23268101444214,-0.45426731559616,0
1,"A",0.631335194104187,1.62929914847581,1
1,"B",-1.73983335332697,-0.287341149369666,1
0,"A",0.685107231111747,-0.752432644931641,0
0,"A",-0.464304345682785,-0.0267875763406797,0
0,"B",-0.97859755599502,0.210017147741305,0
1,"B",-1.34768325745508,-0.0382908270081155,1
1,"B",1.66081813348029,-0.0863799714727045,0
0,"A",0.133431992130924,0.701634944156963,1
1,"A",0.642052823752903,-2.42012258596311,0
0,"B",-1.53664233973636,-0.188537536187702,1
0,"A",-0.758899886637961,-0.413047893273921,0
0,"B",-0.398458179531116,-1.60835565736492,1
1,"B",-0.439481505732155,0.113551077870801,0
1,"A",2.10109117501015,-0.532014728284404,0
0,"B",-1.58529850746221,1.47163006481005,0
0,"A",-0.612789474226535,0.753478175216689,0
1,"A",-0.592949213685996,-1.54683612296914,1
0,"B",1.15926346436027,0.0353710102483061,0
1,"A",0.717594332472486,-0.407115677615881,1
1,"B",-0.284782261225497,1.18322564540733,1
1,"A",0.536293349259569,-0.488348655988841,1
0,"B",-0.686926645806501,-1.93319583783149,0
0,"A",1.07995393250311,-1.06217843832392,0
0,"A",-0.192069350018974,0.481423383053157,0
0,"A",1.52319976256955,-0.766737200557811,1
0,"A",-0.801782213313991,-0.377940071700693,0
0,"A",-0.884452985386615,-1.25932977945471,0
1,"A",-1.09872776439782,-0.0840089179454699,1
1,"B",-1.04320679674951,0.272181560892773,0
1,"B",1.22479485899057,0.176419917082684,0
0,"A",-0.324177583591011,-0.931474301047762,0
0,"A",-0.949641840622689,-0.404450051870983,1
0,"A",-0.75197728893351,-2.09712880354447,1
0,"A",-0.369965768995243,-2.27063094355899,1
1,"A",2.01316552252573,1.08216755540783,0
1,"B",-0.803555284989167,-0.140344052606801,0
0,"B",0.221245857186491,0.217091095647766,0
1,"B",1.3535713163116,0.868852009421849,1
0,"A",-0.714736555390031,-1.0557802788893,0
0,"A",-0.586291109758482,0.893516585794241,1
0,"B",0.40774782992971,1.009411344356,1
0,"A",-1.0857533048708,-1.106141581164,0
0,"A",-0.138412151748997,-1.23374530854233,0
0,"B",-1.72537082744212,-0.884554422585649,0
1,"A",0.11098294827143,0.22578092796769,0
0,"A",-0.546395944273834,0.724226568892695,0
0,"B",-0.0414042830761686,-0.561585382780231,1
0,"A",0.920682486853448,-2.31544837775622,1
0,"A",1.92098063631945,-1.56213813214537,0
1,"B",0.413653639790843,0.590224009807574,1
1,"B",-0.0608930981288859,-0.430597163808173,0
0,"B",-3.65603515310858,1.43732285638229,1
1,"A",-1.79629177397906,-0.206660065512178,0
1,"A",0.506823682236777,0.632998688702419,0
1,"A",1.08369885809352,1.07218842779624,1
0,"B",-0.200628728445997,0.199747495524733,1
0,"B",-0.4529659259648,0.563012666885893,1
1,"A",1.11813456001496,0.0131173654444289,1
0,"A",0.119669924062009,1.79827332891446,1
0,"B",-2.25653315001267,1.25580259584928,1
0,"A",-1.51621993705757,-1.03202419314356,1
1,"A",1.2759363085845,0.213390187274318,0
0,"B",1.02595800790998,0.386415073820731,0
0,"B",-1.05267654325766,-1.13791843174331,0
1,"B",0.031513578447065,0.794307395891644,0
1,"B",0.814047515020989,0.287419800478035,0
1,"A",2.02801348447462,-0.528405454275487,1
0,"A",0.682444166152277,-1.5193887388128,1
1,"A",-0.392074577909796,0.121029637337618,1
0,"A",-0.663213927408274,-1.61941527299324,1
1,"A",-0.525379372715943,-0.245102608133465,0
0,"B",0.290013372648124,-1.11792360021826,1
1,"B",1.1283251888648,-1.44692151892467,1
1,"A",1.16511462709136,-3.24806991888704,1
1,"A",1.63900048322968,-0.929226162891683,1
1,"A",1.77514795375434,-0.166619579992192,1
0,"A",-1.74648202357687,-1.90931057765835,1
1,"B",-0.322009235466611,0.307970546972255,0
1,"B",0.414235357479636,-0.941501184408854,0
0,"B",0.515457759787078,-0.82586274921119,0
0,"A",0.704443423495855,-1.79281191141932,1
0,"A",1.68999105720498,-0.237802478663244,1
1,"B",-1.23019113954455,0.0758516703352237,0
0,"B",0.761640289928159,-0.993786259916893,0
1,"A",-0.248259765479168,0.902813150179029,1
0,"B",-0.950984757421863,-0.236217883411557,1
0,"B",-1.40708075296211,0.660001501134307,1
1,"B",0.726326431877324,1.04792432716094,0
1,"B",0.191718539436738,0.193413830051869,1
1,"A",1.02057884950579,1.96555720747422,0
1,"A",0.512559975990503,-0.561023291260988,1
1,"A",0.90497907233686,-0.0497996646919738,1
1,"A",2.20264427228428,-0.363468180903896,0
0,"A",0.754572910756856,-1.8356964235372,1
1,"B",-0.37227720340801,-0.398297776100477,0
0,"A",0.743186805594785,-2.47933396291302,0
1,"A",1.33866945950653,-1.9635789532277,1
0,"A",-0.713015260202643,-1.08684139325684,0
0,"B",-1.36007348412138,-0.536668988139738,0
1,"A",-0.0688804491763879,-1.62414320682063,1
1,"A",1.30425657331143,0.597985831832521,1
1,"B",-0.887365627399775,1.48338145173812,1
1,"B",0.841616615227565,1.06883041604367,1
0,"B",-1.30790176073868,-0.358082844537941,1
1,"B",0.289022636758017,1.94192200416195,0
0,"A",-0.417228446179352,-1.45022173673368,1
0,"A",1.21325875252059,0.247439314912762,0
1,"A",1.3363098426099,-1.99817355990379,0
1,"B",0.210903982657896,0.0184303915550155,1
0,"B",-1.6690060793595,-1.14210501603407,0
1,"A",1.69264909756222,-0.4573049288385,0
1,"A",0.695173553635552,-1.27413670295252,1
0,"A",0.549854120250627,-2.82572243606364,1
1,"B",-1.05482489624405,0.270493755904511,0
1,"A",0.712500318781227,1.63657037425737,0
0,"A",-0.0534963406410398,-1.23845188310124,0
0,"A",1.3854073996919,0.353549470109844,1
1,"A",-0.0152925616284646,0.386464442426011,0
1,"B",0.208498063255321,0.632582671533725,1
0,"B",-1.36617915888678,-0.392443053465644,1
1,"B",-1.96546313164882,1.7892922252836,0
0,"A",-1.24287105068445,-0.934132488660315,0
1,"B",0.317630529970282,0.543000376687432,1
1,"A",0.612394519811907,0.654157090100917,0
0,"A",0.618816388673329,0.390462508946758,1
1,"B",-0.995970991750752,-0.114896473251846,1
0,"B",0.402463288073928,-0.420262757607693,1
1,"A",1.86238575631336,0.371379551925238,1
1,"B",-1.45220246526485,1.42341894960661,0
0,"A",-0.472402230379923,0.760193333834278,1
1,"B",-1.50959661181277,0.516680231346684,1
0,"A",-0.966194172353481,-0.195294596085755,0
0,"A",-1.52857137953241,-0.631246966113382,0
1,"B",-1.85816690860717,0.298373674342764,0
0,"B",-1.30656450473165,0.294177354388242,1
0,"A",0.123235336135544,-0.251433761905228,1
1,"A",-0.913356029903388,-1.20584797236285,1
0,"B",-1.54730919807457,0.734112270921758,1
0,"A",0.362847753821725,-1.80937491812906,1
1,"B",-1.62579270654175,0.136230146680926,1
0,"A",0.970502009713844,-1.33423896552292,0
1,"A",-1.45826348977774,0.439289135428357,0
1,"A",2.24946080869798,0.0883675919372708,1
1,"B",-0.184384365595966,-0.000389802997344924,1
0,"A",0.524912379700099,-0.821091429378621,1
0,"B",-1.74905182350697,-1.24015691014474,0
0,"A",0.651298903223581,0.823285968830903,0
0,"B",-1.8270321692883,-0.16598356966276,1
0,"B",-0.782694008219172,-1.03150091577643,1
0,"B",-0.515838065137136,0.466875113829828,0
0,"A",-1.67364868696736,-1.7494550078489,1
1,"A",0.523975310679387,0.215251840981993,1
0,"A",-0.34825665266229,-1.35572062166034,0
0,"A",1.20588995530957,-2.01789972273128,1
1,"B",0.709811418085897,-0.711849249181099,0
0,"B",1.17737044971911,-1.31355488297625,0
0,"B",-0.38210326455452,0.786358642070862,0
1,"A",2.21366160019522,-1.13630742594248,0
1,"A",2.21962692977046,0.563622817769294,1
0,"A",0.511543610831768,-1.55559611824936,0
0,"B",0.0359404543191132,-1.1427136470093,1
0,"A",0.975356720710869,-1.02682766927267,0
0,"A",-0.499088238772488,1.36675685415818,0
1,"A",0.382493762023874,1.65895348520521,0
0,"A",-0.700678338328554,-0.405852148674204,1
1,"B",-0.646183524913597,-0.10678891603513,1
0,"A",0.934665669252907,-0.497079831411496,0
0,"B",0.865567094541613,0.253204604439164,0
0,"B",-0.241080072179316,0.881571666609114,0
1,"A",-0.879120719933952,-0.232811079795405,1
0,"A",1.87121204423655,-1.56294829300595,1
1,"A",-0.0115186984616257,-0.531513694826896,1
1,"B",-0.531920713967816,-0.40675327140941,0
1,"A",0.291732403958219,0.941815219636371,1
1,"A",0.678461531289671,0.0037127947564306,1
0,"B",0.0291248546612695,1.33676245557057,0
1,"B",-0.950234607442368,-0.344332092513285,0
0,"B",-1.12277601563418,1.4421925492898,1
0,"A",-1.60480219501533,-1.67357928165924,0
0,"A",0.408507846159401,-0.448407400778058,1
1,"B",-0.109812362482321,0.295866212115668,1
1,"B",0.503972761527764,2.61014419805719,1
1,"B",0.537644746583997,0.521185462588761,0
0,"B",-0.475425209193327,-0.0754019626946819,0
0,"A",0.235037951951202,-1.10244123612941,1
1,"B",0.911594890750156,0.700895375254654,0
0,"B",0.203573562145953,1.24012227689397,1
0,"B",-0.079466091747368,-0.523192295461854,0
1,"B",-0.108400286435345,-0.578234764594579,0
1,"B",-1.26977568624126,0.546091958952605,1
1,"B",0.200229164987101,-1.07637195688101,0
1,"B",-0.79345801892364,0.524329733816879,1
0,"B",-0.475807944700185,0.223525184948994,0
1,"A",1.14553838838931,-0.671055011226494,0
1,"A",-0.854038275185732,-0.450391947064303,1
1,"B",-0.37390617522885,0.537037708126732,1
0,"A",-1.57790012238764,-1.03659869111225,0
0,"B",-0.342826229748024,1.01994805245153,1
0,"B",0.399984146036579,-0.128450685669174,0
1,"A",1.44739851631716,-1.66146992158154,1
0,"A",-0.0332150040622249,-0.36712002752603,0
1,"B",-2.5694790427384,2.92150065919389,0
1,"B",-1.4005909821414,1.70631735771293,0
0,"B",-2.02131073501691,-0.8403036443679,1
0,"B",-0.535684906930231,1.06971497580824,0
1,"B",-0.170065052894545,-0.495504739014581,0
1,"B",0.847145554467102,0.265808891082913,1
0,"B",-1.81846480401525,-1.03546519275302,1
0,"B",-0.204191879728791,0.622861026634448,0
0,"B",-0.54085894933726,1.03902369854509,0
0,"B",-0.228186215782855,0.042320094259905,0
1,"A",1.52049366760804,0.418819111526423,1
1,"B",-0.406828256016289,-0.552003247393716,0
1,"A",1.06734491204306,1.09451157543254,1
1,"A",1.29279140917931,-1.1296554471653,1
1,"A",0.2435195462089,-0.537726869249208,1
1,"A",2.41439434741678,-2.21937344383712,1
1,"A",0.687034804212346,0.385299174881981,1
1,"B",-0.667959368671112,-0.868513247044131,1
0,"B",-0.188987713580907,0.381725663426166,0
0,"B",-1.30648665581055,-0.1489507592323,1
1,"B",1.05379096198303,0.00270121726966288,0
1,"A",1.70409915709992,-0.821326785260542,1
1,"B",-1.66415667152432,0.800253917014601,1
0,"B",-0.871406413165582,-1.11628135535056,0
1,"B",0.828105993270692,0.795577561768845,0
1,"A",-1.00760923224799,-0.170370370639615,1
1,"B",1.8668870320554,0.236896995547765,0
1,"B",-0.356155564604342,0.869247442481184,1
1,"A",0.241866989582847,0.327588636158892,1
0,"A",0.26818079071486,-0.299985136565417,0
1,"A",2.60113131424724,-0.283707202808717,1
0,"A",0.864547076854411,-1.2521079796629,0
1,"B",-0.502694266747308,0.390518592272196,1
1,"B",1.19544644710566,2.21647289395071,1
1,"B",1.22206897821211,0.900893398900578,1
1,"A",1.27723154865119,1.11558661803043,0
1,"B",1.2147712610914,-0.906229459165828,1
1,"A",2.08904894622993,-1.52955058860821,0
0,"B",-0.0354431184977633,-0.789675950921371,0
1,"B",-0.908399329229665,-1.20952799212132,0
1,"A",0.381758652476537,0.45451925260198,1
1,"A",0.279668212066856,1.69792476000426,1
1,"B",-0.386291444158324,0.0531451412298208,1
1,"B",0.470271496017615,0.712319412166442,1
1,"B",-1.38881254252749,1.95272724139349,1
1,"A",2.91304290299587,-1.80537916684888,1
1,"B",0.339726343945223,0.707198765287913,0
1,"A",2.4989738131224,-0.543147107886105,1
0,"A",-0.719662300484253,-0.994836869612466,1
1,"B",-1.89370245729868,1.30963899447226,1
1,"A",1.27598407634664,-0.340666689541639,1
0,"A",-0.780381330463523,-1.02567787466912,0
1,"A",0.428096189311252,1.64638214680556,1
0,"A",-0.520931372292152,-0.423539549167785,1
1,"B",-0.562585200240725,-0.0398700413439985,0
0,"A",0.399427539356561,0.278822241926638,1
0,"B",-0.639330814015753,-1.80570029498465,1
0,"B",-0.229478876767315,0.417081002889099,0
1,"A",0.536182916873262,0.95566234103829,1
1,"A",1.53776215488644,-1.34073646974463,1
0,"A",0.504167942620777,0.622614363905574,0
0,"B",-1.27526122425926,0.730935058467686,0
0,"A",1.03710334266152,-0.32522159942926,1
1,"A",1.05748267460747,-0.727362448733553,1
1,"A",-0.583344794835852,0.781903537577137,1
1,"B",0.309531660341864,-0.490772448201475,1
1,"A",2.21032256245477,-1.39039324309423,1
1,"A",1.03000782656574,0.775206625879323,0
1,"A",1.36991521174752,-1.13239341192532,0
0,"B",0.55449746285682,0.833532113524021,0
0,"A",-1.55639516764475,0.0599930175220277,1
1,"A",1.06711635637481,-1.0706827155727,0
1,"A",0.386300284232182,1.65245281838153,1
1,"B",-0.787962394330494,-0.45584589353098,0
1,"A",0.000978950220147934,-0.622615158185652,1
0,"B",-1.22317495104609,0.562064288475279,0
1,"B",0.649386713772864,1.68643864041058,0
1,"B",-1.91315667667093,1.38340075728175,0
0,"B",-0.140860984920396,-1.79192117238385,1
1,"A",1.20724637523806,0.0339423649989186,1
0,"A",-0.0694927810717926,-0.249115674859608,1
0,"B",-2.45613333189198,0.48043149240103,1
1,"A",1.83448275860587,0.370546657307158,0
1,"A",0.687109847344785,-2.40012226647848,1
1,"B",-0.272218193828878,0.619862982168294,0
0,"A",2.83779437660339,-0.0786448386326007,0
1,"A",-1.98225231666016,-0.0613193068243993,1
0,"A",1.15366684648539,0.551764141117595,0
0,"A",0.747434756716054,-0.761832043194546,0
0,"A",-0.420155742848978,-0.086436351023004,1
0,"B",-1.44817707729824,0.753421675482721,0
0,"B",-0.671507614310467,0.814506481179005,0
1,"A",1.44472888981701,0.159590905893205,1
1,"B",-0.526895357654606,0.963728642416103,0
0,"A",0.709429046469514,0.551734095761209,1
0,"A",1.11281303061899,0.474582736749339,0
0,"A",-0.42137156832849,0.518813876987194,0
0,"B",-2.44155434625756,-0.0835275432841212,1
0,"B",0.50015681839776,0.719656284698989,0
0,"A",-0.838685391969159,-0.527472549503618,0
1,"B",-0.301977348678012,-0.36545040161707,1
1,"B",-0.418132898892439,1.14272359977151,0
1,"B",0.501318385536138,-0.263892860391897,1
0,"B",-0.399322019821513,0.671985690147107,1
0,"A",-1.80102421390307,-0.872821931148867,0
1,"A",0.325113330781216,-0.320542702929628,0
1,"A",0.128622258060333,-0.238721669951549,0
1,"B",-0.192910792672293,1.26220863064678,1
0,"B",-0.556248550945137,-0.45183506320796,0
1,"B",-1.12315637422182,0.148160630234873,0
1,"B",0.297836875342694,-0.139952162461697,1
0,"B",0.537336507211301,0.450584898627256,0
0,"B",-3.01514775204318,-0.384827186600789,1
1,"A",1.30050923493699,0.261178678818806,1
0,"B",-0.288996852390591,0.652190804789091,0
1,"A",-0.965632775167033,-0.376585225912083,1
0,"A",-0.0868561450124822,-0.236740400576707,0
1,"B",-0.915148763612388,0.462707613999426,1
1,"A",1.26931115767851,0.0261059396493923,1
1,"B",0.868682899989751,1.04992356406048,1
1,"A",-0.0358574100729685,-0.453728811635383,1
0,"B",-1.95319619258724,0.341591027385623,0
0,"A",0.47890501782797,-1.36829112760216,1
1,"A",0.262437091439815,-0.974352169860853,1
1,"B",0.119732961642812,1.91207471480793,1
1,"B",0.230508164647958,1.55428914291055,0
0,"A",-0.0611898066403466,-1.26218276862125,0
1,"A",0.17483661730293,0.254079594003071,0
0,"A",0.419003754517578,-2.13003196865611,1
0,"A",-0.531610018329911,-0.875059590890073,0
1,"A",-0.0705107237614716,-1.78596878780447,1
1,"A",-0.0117282122399831,-0.183580481440646,0
1,"B",-0.408637292813409,0.0864675851198155,0
0,"B",-0.974879867344758,1.23056312921874,1
0,"A",-0.0397044276308144,-0.800097029498894,1
1,"B",-0.830430347336792,0.975196915207692,1
0,"A",0.44935896533876,-3.49360258203399,0
0,"B",-1.02987469339067,0.439142304309157,0
1,"A",0.338387495663112,-1.9216170424804,1
1,"A",0.405278075364719,-1.94211925438999,1
1,"B",0.286687098064202,0.0634614847515469,1
1,"A",1.88822443290751,1.20898639314079,0
1,"A",-0.368157707216277,0.237257267276917,1
0,"B",-1.4592227780297,-0.133555008680769,0
1,"A",1.2966347831334,-0.0165082353144081,1
0,"A",1.32140857759878,0.129455825348897,1
0,"B",-0.965158869544123,0.532771003343764,0
0,"B",-2.95483671085222,-0.75398151049914,1
0,"A",0.25538370698642,-0.405819559069805,0
0,"A",0.275173742283909,0.208101644280253,0
1,"A",0.0803308061558362,1.49095738836233,1
1,"A",1.43955565492125,-4.19686745508265,1
0,"B",0.290308813593848,-0.446602598186596,0
1,"B",-0.148090543359476,0.651121303369051,0
1,"B",-1.237272627909,1.69926373714238,0
0,"B",-1.09761194297086,0.242363790380911,1
1,"B",0.212871840796159,-0.133939649869484,0
1,"B",-0.48092980917926,-0.780097562971368,1
1,"A",-0.28632048692755,0.931542329420268,1
0,"A",0.585943030654558,-0.576274248879233,0
0,"A",2.82970864184634,-0.315018082621633,1
0,"A",0.77521963837965,-2.18250714620573,1
0,"B",-3.42748145832118,0.077331374102133,1
1,"A",1.11450501662702,-0.201990434064348,0
0,"A",-1.33012457650727,0.529781314970056,1
1,"A",-0.0734848330440436,-0.115780712605099,1
0,"A",-0.73400497298598,-0.311863128642926,1
1,"A",1.20530283451218,-0.106026149319135,1
0,"B",-0.563056042384995,-0.178220770912484,0
1,"B",0.360791855168048,0.313096753410483,1
1,"A",-0.452718591404505,-0.410278841639013,0
1,"B",0.474604143023427,-0.260364503053446,1
0,"A",-0.553491121200342,0.093645233385723,1
0,"A",0.736978806805578,-1.01153073734834,0
1,"B",0.853585541428629,-1.89746235300533,1
1,"B",-0.945661858179032,0.993254295650875,0
0,"A",-1.70486990167651,0.402932699059966,0
1,"A",0.276658014625963,-0.591059926846335,0
1,"A",0.924197322343102,-0.879953046018511,1
1,"B",-0.373735405942795,1.63779266233147,0
0,"B",-0.836231101226386,0.814818225195967,0
0,"A",0.351738637947498,-0.752857284313414,1
0,"B",-1.2348891934987,-2.1191131360388,1
1,"A",3.44277833087084,-0.542901990194238,0
0,"B",-1.67794170889095,-0.830324878055169,1
1,"B",0.754757650383417,-0.78984349151181,1
0,"A",0.926154626519059,-0.530360500933976,0
0,"B",-0.59416692923538,1.93242983429551,0
0,"A",0.0662335664384917,0.154677225075883,0
0,"B",-0.35149939665827,1.98518908093788,0
1,"A",1.46853021525726,0.0160553622560768,0
1,"B",-0.290303203276159,0.175813107310417,1
1,"A",1.05928512801346,1.20848562450321,0
1,"B",0.964360819581045,1.70341923387627,1
1,"A",1.06008987138579,-1.63678359089302,1
0,"B",0.0621529343175191,-1.23467018126948,1
1,"A",0.367725169151592,1.10231416489406,0
1,"B",-0.483440590520047,0.00894136421116098,1
1,"A",0.485903529728009,0.777138534211915,1
1,"B",0.218760843510579,-0.0186923499671712,1
0,"A",-0.281299016138201,-1.81968177122345,0
1,"B",0.0702687011200073,0.355861136781775,1
0,"A",-0.668467466293335,-2.27912389572642,0
0,"B",-1.23137472520718,1.27840895190529,1
1,"A",0.924950376569449,-2.20983122056949,1
0,"B",-1.52816515096472,-0.235417749987501,0
0,"B",-0.966469608336216,1.18290265191442,0
0,"B",-1.33029679007103,-0.2366693027403,0
0,"A",0.098338335413904,-0.977140819784408,0
1,"B",1.10913073320047,0.766551722911119,0
0,"A",1.67411252264353,0.35835522042753,1
0,"B",-0.569397619460532,-0.814089118581068,0
1,"A",2.11560790640394,0.402116613996247,1
0,"A",-1.59272018077514,-0.25876445922638,1
1,"B",-2.18815465261732,-0.0968975634402696,1
0,"B",-1.79716171341316,-0.10576447600137,0
1,"A",1.78566405231094,-0.586826985109833,0
0,"B",-1.49859518864852,0.76922736945533,0
1,"B",1.04814599439889,0.751169133432911,0
0,"B",-0.1284283648797,0.0700597692922978,1
1,"A",0.21413385714461,0.392257491080468,1
0,"A",-0.848968065404871,-0.0102496403420146,1
1,"A",0.560728642256779,0.832730519912629,0
0,"B",-1.77991387136899,1.12814264978812,1
1,"B",-0.346543535387262,1.18912817089589,0
0,"A",0.272100161354561,-0.274419390865494,0
1,"B",-0.0138039629292535,0.413581516980864,1
1,"B",-1.02049987717708,0.153637009112612,1
1,"A",1.06847788672056,-0.71074709035467,1
0,"B",-0.61089754850243,-0.562947437499507,0
0,"B",-1.67025575344612,-0.0467094249232381,1
1,"A",0.748620911418467,-0.510649301375583,1
0,"B",-0.761836025307696,-1.32169475172328,1
1,"B",-0.167188464045794,-1.1261042695233,0
0,"B",-1.08849445307375,-0.881115455636283,0
1,"B",-1.13012067571993,0.595881450219403,0
1,"A",0.433507012117674,-0.599287428298561,0
0,"B",-0.637817906981991,-0.86231132226225,1
1,"A",1.36545569283898,-1.65752451234285,1
1,"A",1.12055719917101,-1.52127527981766,1
1,"A",0.277949689994718,0.965489544269491,0
0,"A",-0.339763607778732,-1.25746679864518,0
1,"B",-0.142469258516137,1.22236037151325,0
0,"A",-1.17186238362742,-0.0651536659439101,0
1,"A",-1.05361048687077,-1.04371912301296,1
0,"B",-0.774878447426147,0.682713802243351,0
0,"B",2.05420393166495,-1.61400099012887,0
0,"A",0.383097592390628,-0.532605455633067,0
0,"A",0.31580453817347,-0.679600096378193,1
0,"A",-0.243045499362208,-2.01185113063299,0
1,"B",-1.08715579214093,1.49679202249481,1
0,"B",0.427998129482637,-0.477482291364747,0
1,"B",-0.289929381494807,0.94489207859181,1
0,"A",0.449240424655604,-0.408378864121088,0
1,"B",-0.383702050320968,0.555107381991196,0
0,"B",-0.0530223071349233,-1.49429146968387,1
1,"B",-0.182138134493573,-0.032156813541298,0
1,"A",0.472193402134266,1.79104703051265,1
1,"A",0.338971420374299,-0.210457788151648,1
0,"B",-1.23500194076608,-0.380582408802879,1
1,"B",0.0946090201810126,-0.323219885370799,1
0,"A",0.0714916118102246,-1.59197207096453,0
0,"A",0.589190202799735,-0.0420152633056585,0
1,"A",0.884650781940181,-1.43599429790502,1
0,"B",-0.0387639382645935,-1.0225858789676,1
0,"A",-0.333021300668598,-1.41340131417949,0
0,"B",-2.42194784911071,-0.323867273327529,0
1,"B",0.777433993390282,-0.256342525347688,0
0,"B",-0.852809804792178,0.0913912193613274,0
0,"A",0.750692752116181,-0.827825273281628,0
0,"B",-0.564042241231803,-1.02499816273748,0
0,"A",-0.820883896065016,-0.915026016723303,1
0,"B",-1.03206119612944,0.307956692325891,1
1,"A",-0.7826387039246,0.810136647364764,0
1,"A",0.995117203168378,-1.56574006212742,1
0,"B",-1.00880228836515,-0.0496027165869695,0
1,"A",-0.36989102822945,0.23807235402179,0
0,"B",-1.31150948328257,2.47471939108481,1
1,"A",-0.109102783849275,-0.755576043785561,0
1,"B",-1.52183198486978,1.181915736769,0
0,"A",2.21324325394163,-0.969687526940703,0
0,"B",1.51628252606229,-0.877916351558129,0
0,"B",-1.05048811577727,-0.388490801940762,1
0,"A",1.52745293468535,-3.05762120200397,0
1,"A",1.81240009088198,0.0183827968027139,0
0,"B",-0.599008792650187,1.12444938192537,1
1,"A",1.67890543118729,-0.141979390202511,1
1,"A",1.12887875935727,-0.2720905823806,1
1,"A",0.248090428764407,0.238807563133475,1
1,"B",-1.33480809537471,1.39513641367581,1
1,"A",-0.310988127899964,0.895776990260326,0
1,"B",0.35428368914168,1.08004951689781,1
1,"B",-0.975873538473604,0.430289331331916,1
0,"B",-0.459169837969176,1.71384378293442,1
0,"A",-0.354546751972444,-2.49845360180486,1
1,"A",2.17582861540801,-0.957467436030801,1
0,"A",-0.528424697917813,-2.27638252158734,0
1,"B",-0.231886369546815,-0.286972522028492,0
0,"B",-1.0528052925819,0.950515189903608,1
1,"B",-0.808950639828229,-0.92562555655073,1
0,"B",1.02298068460167,0.608018151693763,0
0,"B",-2.36912729856568,-2.22350108734465,0
0,"B",0.254441434904756,-0.192828350783631,0
0,"A",-0.175159971665302,0.204910094520404,1
0,"A",0.658550384508323,-0.891065326629423,1
0,"B",-0.587966386904607,-1.51133418309148,0
1,"B",-1.22395773077228,1.5204749686185,0
0,"A",-1.2904863256534,-0.0985854031661824,0
1,"B",-1.76571606421087,-1.15682620544301,1
1,"B",-1.12586833664062,1.00843486809177,1
1,"A",-0.745365726812977,0.828148000612895,1
0,"B",-1.27947522261481,-1.06173092778003,0
0,"B",-0.993330302943211,-0.442984260021514,1
1,"B",0.432936162599953,0.530620046895396,1
0,"A",-0.429708676434516,-1.53089990031341,1
1,"B",-0.0124906043902953,0.978020026650879,0
1,"B",-0.966312800414034,1.22183361392538,1
1,"B",1.86781305989075,-1.20072738368745,1
1,"B",0.0219088589444899,0.606850554680437,0
1,"B",0.38945097648791,0.0674225339875293,1
1,"B",0.831952821263657,-0.0888216123306996,1
1,"B",-0.39325215316592,1.80981903248235,1
1,"A",0.00367643061503625,0.489783851290637,1
0,"A",-0.763941097915817,-1.09547260761205,1
1,"B",-0.296671324555535,0.00753891274448701,0
0,"B",-0.942386570136586,0.42512534365218,0
0,"A",-0.209931344672079,0.130058755475724,1
0,"A",2.99704204579269,-2.81390832538917,1
0,"A",2.20782701653247,-1.33295755375044,0
0,"B",0.129939445501258,-1.44286773775788,1
1,"B",0.46295506335367,0.225144549822912,0
1,"A",-0.182295102949999,-0.888336093343121,1
0,"A",0.892525890815744,0.59507165753136,0
1,"B",0.287329964862637,1.09685206096243,0
0,"A",-0.918029258698968,-0.219157857115029,0
0,"A",-2.85454772844957,1.59891212132594,0
1,"A",-0.299842841813279,0.336106238813281,1
1,"A",1.81103440855242,1.2155610959733,0
1,"B",-1.14132774265952,1.48360756529332,0
1,"B",-1.17940223488333,1.62833347032501,0
1,"A",1.33411744763239,-1.54798037406554,1
1,"B",0.837000163055907,-0.97073701446507,0
1,"A",0.683694490109645,-1.21628842304016,1
1,"B",-0.66274683304326,-0.0232083204640102,0
1,"B",-1.04563674325584,2.2797655282475,0
1,"A",2.65259328676528,0.177809366106828,1
0,"A",0.0880952426106783,-1.5506771586743,1
1,"B",1.03574416167121,1.33151364705329,0
1,"B",0.658033643011594,1.18384186338304,0
0,"A",0.197937350594498,0.270895742480203,0
0,"B",-0.71437551308518,-0.260111291892619,0
1,"B",1.20647114548539,0.572475030020248,0
0,"B",-1.46855690338246,-0.775067515706827,0
0,"A",0.413859648245241,-0.976725888661962,0
0,"B",-0.601508189473573,1.29435427730383,1
1,"A",0.381027339494309,0.855431952489138,0
1,"A",2.88499192484754,-0.72552195047393,0
1,"A",-0.13465243954716,0.155072057613733,0
1,"A",0.156114776209049,-0.697430711175043,1
1,"B",-0.0314290322280865,0.451948737360035,0
0,"B",-0.136881414852704,0.83311106532639,1
0,"A",0.854884141818748,-0.723087707958698,1
1,"A",1.10007783417651,0.412538455296535,1
1,"B",0.608010700468284,-0.136007479407254,1
0,"B",-0.323369759547329,2.02404483708973,0
0,"B",0.26828100506343,-0.807520729851087,0
1,"B",1.60966991412226,0.413822152327575,1
1,"B",-0.969860649909905,0.69958461850788,0
0,"A",-1.11876099421966,1.07447426352906,0
1,"B",0.997962381853417,-1.08822068798529,0
1,"A",1.2019648302077,-0.397759739026847,0
1,"B",-0.682098886273409,0.28924085877998,1
0,"A",0.790555569308326,0.0223896076577099,0
1,"A",1.63722560457413,-0.385659652205634,1
1,"A",-0.725727535807407,1.43182041936696,1
1,"B",-0.487828529077141,1.64111315412344,0
0,"A",0.0362889661324711,-0.0990165019805619,1
0,"A",-1.09008144518538,-0.0664131856332401,1
0,"B",-1.36243693985796,0.147802871071593,0
0,"A",0.798526421141066,-1.99827707133282,0
0,"B",-0.542890115328557,-0.398894903086187,0
0,"A",-1.45449232062623,-0.144037889171366,0
0,"A",-1.22649784661485,1.7803186563445,0
1,"A",0.309188094700199,-0.791979609003098,1
1,"B",-0.693082751763638,0.637496513648503,0
0,"A",-0.35280646094939,-0.773154847307813,1
0,"B",-0.624128609744196,1.04852617464239,1
1,"B",-0.390244312524814,2.28224580541573,1
0,"B",-2.67570354107106,-0.158981496317493,1
0,"A",-0.693550528003528,-1.61333186835437,0
0,"A",1.16892356063944,-1.9397544840785,0
0,"A",-1.51757125838199,-1.0689625502062,1
1,"A",0.0756507712044089,0.516778466083189,0
0,"B",-1.45341047403332,0.853496727466375,0
0,"B",-1.07906387895796,-1.67284137061013,1
1,"B",0.689405396007543,1.92846595966645,0
0,"B",0.0851968444492344,0.0608676088268829,0
1,"A",-0.768032211567103,0.285259323833608,1
0,"A",-0.28640683177341,-3.18957065304233,1
1,"B",-0.61945157345727,-1.76640506629527,1
0,"A",0.73608469514224,-0.902261576761096,1
1,"A",2.51562507784778,-1.99630089311016,1
0,"B",0.033483061892252,0.666996399279443,1
0,"B",-1.5384610519815,0.0483852740245421,0
0,"A",1.53813062214631,-1.20809481815206,1
0,"A",0.452696696857435,-1.41096358473884,1
0,"B",-0.735257359995636,0.130246729443289,0
0,"A",-0.0523019032389124,1.31952864932464,0
0,"A",1.44431848057738,-1.07110900439493,1
1,"B",-0.145841295631934,-0.967016669943377,0
1,"B",1.08126529388096,0.052780464396761,1
1,"B",-0.909939771329238,2.23771661399829,1
1,"A",-0.169954542873154,-1.34574853811214,1
0,"B",-2.36171487552779,-0.478338044911078,0
1,"A",1.80732570396449,-1.08437447475643,1
1,"B",-0.491100665193153,2.2462697534137,0
1,"A",0.519052256367069,-0.750260061220917,1
0,"B",-0.760268984906122,-1.09490374730383,1
1,"A",-0.273147847882048,-0.365495697989055,1
1,"B",-2.29503643937312,2.01578131720182,1
0,"B",-0.601079887894093,0.683473741747318,0
0,"A",-1.23262096163144,-0.800222509003199,1
1,"A",-0.26223559375478,-0.299247776719763,0
0,"A",-0.890175843701658,0.368306069290311,1
0,"B",0.227629908493819,0.782640623648964,0
0,"B",-2.66266314650559,1.00026702898805,0
1,"B",0.387924499211917,0.611058702763347,0
0,"A",-0.761737630616588,0.788149106036519,1
1,"A",-1.38041484881798,0.611664151982723,1
0,"B",-0.114860917485249,-0.507992270388591,0
0,"B",-1.01981127541793,-0.648543750802357,0
0,"B",-0.193344239198316,-0.298941327422504,0
1,"B",-0.167908556208046,2.50120507700556,0
0,"A",0.131512703305107,-0.307188966805725,0
0,"B",-2.03486971381063,1.01711212178059,0
0,"A",-0.174861476137181,-1.51712523575684,0
0,"A",0.463895439517848,-1.3604287413481,0
0,"A",-1.1562842099593,-1.05804866587287,0
0,"A",0.957869155884127,0.00719468441256332,0
1,"A",2.19152168699469,-1.27551639634091,1
0,"B",-1.25937181105638,0.0167981617595633,1
0,"A",0.455261183903638,-1.13747545897566,0
1,"A",1.22887956175378,-3.1902431907489,1
1,"B",-0.932538651342442,2.27914540475517,0
0,"B",-0.726497887222397,-0.574131503620556,0
0,"A",0.304513259286968,-0.549157826325346,0
0,"A",-0.010336585307576,-0.791889621130704,0
1,"A",-0.71406205322616,-0.476295351074595,1
0,"B",-0.521142496974187,-0.621415062609201,1
1,"A",-0.0080005734724482,0.648754813755018,1
0,"B",-0.634031789959188,0.0506699600522486,1
0,"A",-0.223171338715305,-1.1026660489146,1
0,"B",-0.815097936619436,-0.630844482693386,1
0,"B",0.140101451651465,0.241281566965094,1
0,"A",-1.2531731555721,1.04315146757635,1
1,"B",0.310701827079063,-0.9961734783908,0
0,"A",-0.444438445089975,0.246502358796472,0
0,"A",-0.238147879025466,-0.332955175276802,1
0,"A",0.47823634112693,-0.0403571522025094,0
0,"B",-1.76074222918349,0.671466229897861,1
1,"A",1.3980254503399,0.861276986607835,0
0,"A",-0.575207871347843,-0.185713329538388,1
1,"A",0.506991856571231,0.432051366115094,0
1,"B",0.241340993379253,1.266944559166,0
0,"A",-0.0219132615516941,-1.95867551055412,0
1,"A",-0.238657401930427,0.391160332205895,1
0,"A",1.63547838487045,-2.9905129905024,1
0,"B",-1.17375782405869,-1.61739454100133,0
1,"B",-0.752638134391884,1.01204127388933,0
1,"A",1.23945847378309,-1.46599098091217,1
1,"B",2.41990535071787,0.0826573366946604,0
0,"A",-0.510972271170762,1.191741802998,0
0,"B",-1.34302561758502,0.98231053942606,0
1,"B",1.97340093975652,0.471030953178098,1
0,"A",0.0861124157612804,-1.11019968063783,0
0,"B",-1.50806037280178,0.787734314239981,0
0,"A",-0.604570288466634,-2.08888245922402,0
1,"B",-0.92711771299081,-0.881567804246777,1
1,"B",-0.431365179477511,0.968982980388235,0
0,"A",-1.17297526905059,0.017984052843164,1
1,"B",2.15002236347626,-0.0510010776731683,0
1,"B",1.29820976697633,-0.273380302273575,0
0,"B",0.648616227866079,-0.424753068611615,1
1,"A",-0.39795327456189,0.134337909400408,0
0,"B",-0.193605388644204,-0.4679453686298,1
1,"B",-1.03271291205064,0.475494494398881,1
1,"B",-0.0240974354177341,-0.641991484389235,0
1,"B",-0.724129621625706,0.370896269626673,1
1,"B",1.19991089672326,1.07058862859707,1
0,"A",-1.01221987095493,-0.592758064066345,0
1,"B",-0.29974062437676,3.20837865985427,1
0,"A",-0.453577603774244,0.634385526801538,0
1,"B",-0.410161545326771,-0.367411731460385,1
1,"A",1.48374077539253,-1.02087314238262,0
0,"B",0.847412655357697,0.625316363008685,1
0,"A",-0.790356505482634,-2.54905983239569,1
0,"A",0.0048105649817563,-3.06783403676762,0
0,"A",-0.657870626841382,-0.418197000192914,0
1,"B",-0.224708298547498,-0.568976890574289,1
1,"A",0.813443859447486,-1.29332520797566,1
0,"A",-1.00004356153809,-0.592411035261403,0
1,"B",-0.157512735286262,1.05391020491864,1
1,"B",-0.342214441452044,0.63920437377461,0
0,"A",0.853757419146723,-0.945757877149481,0
0,"B",-2.9970322789763,-0.260119659324821,1
0,"B",-0.912985501537316,-1.48854863406406,1
1,"A",-0.0152121849160244,0.550340628687836,1
0,"B",-0.291718925822819,-0.671443862819138,1
1,"A",2.55058704246145,-0.299736272422467,1
1,"A",0.733655066194785,0.117974558819204,0
0,"A",0.427517261322265,0.293109468054989,0
0,"A",1.01142314172871,-1.30748306114149,1
1,"A",1.37860383158993,1.29340733477222,1
1,"B",-0.417970110893307,-1.53590915494337,1
1,"A",-0.371207794927791,0.617016693942341,0
1,"A",-0.767537594831158,-0.84332273934102,0
0,"A",-1.46002909335355,-0.963686928278281,0
1,"B",-1.03386191091518,0.0666914625278125,1
0,"A",0.791275872866319,0.268277345146122,0
0,"B",-1.61082431192166,0.115344436252157,1
1,"A",-0.358962340101355,-1.1034805249372,1
0,"A",0.436002218245515,-0.716470195112071,0
0,"B",-1.56974638878955,-0.0165446900875175,1
1,"B",-0.444350990491942,-0.384112934258551,1
0,"A",-0.868265226959977,-1.0857800385166,0
1,"B",0.256943583927943,1.23237304473388,1
1,"B",0.156232625025845,-1.05099982916479,0
0,"B",0.00219572277349411,-0.119268096343377,0
1,"A",-1.2618428544232,0.00926434027720174,1
1,"B",0.216619125107792,0.124864015111704,1
1,"B",-0.81733862328725,0.844740129351815,1
0,"A",0.653196206616953,-0.532026324557677,1
0,"A",0.370093225598606,-0.310641938367183,1
0,"A",-0.348212656284197,-1.16817897586496,1
1,"A",0.820541687239063,0.321669500814032,1
0,"B",-0.409613612425493,2.49248210067835,0
0,"B",0.0797718217082203,-0.090267640862745,1
1,"A",1.16753257327192,-0.416633952655424,0
0,"B",-1.40351541618959,-1.15338670957739,0
1,"B",-1.67120963914408,2.00071745385736,0
1,"A",1.23144908235914,-0.777225135315828,1
1,"A",2.04536800541313,-0.610309202798772,1
1,"B",1.16391667813991,1.14043360160046,0
0,"B",-0.159083369800438,-0.451964057899008,0
1,"B",-0.370302811314739,-1.41678443958992,1
1,"B",-1.55507554380248,0.413967017503195,0
1,"B",0.117723947575609,0.299613884833086,1
1,"A",-0.242929669538403,-0.452046913187965,1
1,"A",0.986233434027812,0.173540778357524,1
1,"B",-0.766147012849918,-1.08634575066423,1
1,"A",0.162374340471794,-0.622193037921798,1
0,"A",-0.751838678153675,-0.736719831909808,1
1,"B",-0.489237809808116,-1.19005664398063,1
1,"A",0.260307638621512,0.240041470233834,1
0,"B",-0.365196535813328,-0.072404526610879,0
1,"B",0.565700152181643,1.12640280412094,0
1,"A",1.16705497659199,-0.445910292522155,0
0,"B",-1.73868134202835,2.01976341014545,1
1,"A",1.98016414503051,-1.4008635684367,1
0,"B",-1.8177251132673,-0.0443011182271406,0
0,"A",0.10246607930927,-0.348111697205263,0
0,"B",-0.704020019715745,-0.448905685588753,1
0,"A",-0.0513154407086199,-0.844854816644617,0
0,"B",-1.65325395869522,-0.716449605662702,0
0,"A",1.1965074316474,0.433081762338499,1
0,"A",0.0408640311982754,-1.6643804746613,1
0,"A",0.251073664006634,-0.316225119350642,0
1,"B",-1.08313796323496,0.0929952061134274,1
1,"B",-0.00133139686737566,-0.271850297769141,1
0,"B",0.00845691781523139,0.494320055779725,1
0,"A",-1.42057707073651,0.57637401607758,1
1,"A",-0.479792940734687,-0.96284066471431,1
1,"B",-0.729651315695365,1.63905257053679,0
0,"A",0.584388668022997,0.455316964329239,0
0,"B",-2.02580058852115,0.799096258174181,1
1,"A",1.15852839096795,-0.812827228542437,0
1,"B",-1.84845079807372,1.93145898730834,1
1,"B",0.710007549259082,1.82229174438886,0
1,"A",-1.11607855884417,0.719533172216654,1
0,"A",0.327497807450132,1.91151306596433,1
0,"B",0.0602417032920747,0.605680111942141,1
0,"A",1.11250854493682,-0.993097330658686,1
1,"B",-0.0142361963148612,-0.324682983637482,1
0,"A",1.41582257923546,-0.699306899879206,0
1,"B",-0.935302492910686,-1.21790363977331,1
0,"A",-1.33614360049312,-1.38225958491553,1
1,"A",-0.0972647293169249,0.152794141650545,1
0,"B",-0.564858925389965,-1.37012566648086,0
0,"A",1.98576867969652,-0.858855381535501,0
1,"B",-0.214415671255654,0.103824347047733,0
0,"B",-0.126492576265382,-1.68784146182191,0
0,"A",-1.10313093441323,-0.762693078944532,0
0,"B",-1.13848518014661,0.253243712030294,1
0,"A",0.637027369531772,0.396715282049262,1
0,"A",0.0868505642465046,-1.20909165182823,0
0,"B",0.107460000885117,-1.6776324618032,0
1,"A",2.50460664454011,0.244184725185886,1
1,"B",-0.158774205417817,-0.589697670443596,0
1,"B",1.08718367242685,-1.04307274928652,1
0,"B",-1.7279460506928,-0.791877811683718,1
1,"B",-1.2273174921549,0.409076925695017,0
1,"A",-0.585310432718727,-0.749292751227174,0
0,"A",0.81760681605223,-1.64747508382504,1
1,"B",-0.359580713288021,-0.580913468433628,1
1,"B",-0.647459046688181,0.605963148875316,0
0,"B",-0.340332041573174,-0.168096085363757,0
0,"A",2.4190295411401,-2.29151056405792,0
0,"A",-0.477861789202506,-0.55453683975528,1
1,"A",-0.463610245032832,0.348154259911258,1
0,"B",-1.40111415135422,-0.754001696042277,1
0,"B",-1.19358020636365,-0.566670665002474,0
1,"A",0.818533418946924,-0.292354799172729,1
1,"A",-0.653945312908016,-0.253128916688993,1
1,"A",2.09350544796482,-0.684152912461899,0
1,"A",0.55926191871324,0.989199502297849,1
0,"A",-0.0296259687435994,0.742608262469025,1
0,"A",0.00677768500060666,-1.87962464344268,1
0,"A",-0.0138903637064922,-1.25716467482834,0
0,"A",1.77702985384571,-2.03676444480895,1
0,"B",-0.455394660291746,-1.36696320371346,0
1,"B",0.370494307931078,0.886060278850101,0
0,"A",0.939538608008161,-0.571064734112281,1
1,"B",0.97783408270071,0.927194748162389,0
0,"A",-1.03556624082823,-1.19470657715206,1
1,"B",-0.263740515857403,1.53477678683169,0
0,"B",-2.20982569667265,-1.73188317778154,1
1,"B",-0.49831032586112,1.04583899799462,1
0,"A",-0.384770024605327,-0.694310043150454,1
0,"B",-0.142871886778682,-0.959463880422631,1
1,"A",2.70804363020409,-0.566534756072789,1
1,"B",-1.14823691198726,1.05310435434185,1
0,"A",-0.749295638154668,-1.89027197521736,1
0,"A",-2.84413036861029,-1.72952212842899,1
1,"B",-1.16545267652584,0.892875127564446,1
1,"A",0.909468242866071,1.46082492559471,0
0,"A",-0.339821183766626,-1.02829843884904,1
0,"B",0.0238280981472144,1.24638744051499,0
0,"B",-1.28054370465216,0.981772529369373,0
0,"A",0.244547132908478,-2.20570452683171,1
0,"B",0.276745157453404,-1.00860658384373,1
1,"A",-0.911020297795008,-0.698464780233654,1
0,"B",-1.67924159961426,-0.330890655679368,0
0,"B",-0.990000500692681,0.409587151409823,1
1,"A",0.685615592542137,-0.234699610513628,0
1,"A",1.05721032831789,-0.426262564539521,1
0,"B",-1.47467228877578,0.519539356588895,0
1,"A",-0.142504098529261,0.566658504835334,0
1,"A",-0.405926390889262,-0.460269755637868,1
1,"A",0.943728635694185,-0.0549676457133104,1
0,"A",0.472875006698273,-1.44026203584054,1
0,"B",-0.719092159927387,-1.36004544260035,1
0,"A",-0.0818927181790107,0.4102573064995,0
1,"A",0.671029220786301,-0.416745382864312,1
0,"B",-0.332487580451345,1.04382578461841,1
0,"A",1.17691319108578,-0.22122567329008,0
1,"B",-0.0744538076511816,0.211987393508755,0
0,"A",-1.27447596809187,-0.618487793937437,0
1,"B",-0.295587466436844,2.72195232600238,0
1,"A",-0.76534699025849,-1.4111073925866,0
1,"A",1.57748520718104,-0.816500581002471,1
0,"B",-1.50702465036696,1.87188119721673,1
1,"B",1.38723081558439,0.919867955351152,1
0,"B",-1.06642962191004,-0.698265485561568,1
1,"B",1.2142792206422,-0.46742935428745,1
0,"B",0.164252901365154,0.924121193996376,1
0,"B",1.31835332379424,-0.519575566347199,1
0,"B",-2.01833180567313,0.991501411963792,0
0,"A",-0.67197677901361,-2.25002019539671,0
1,"A",-1.3968676394887,0.108508970469059,0
0,"B",0.137213591791064,-1.02922507691008,1
1,"A",-0.511577804063064,-1.72945164410636,0
0,"A",-0.317632126413217,-0.802115285763003,1
0,"B",-1.67832052434408,-0.0951045484065499,1
1,"B",-0.617833589554951,-0.080026674010666,1
0,"B",0.131755060299264,0.894760901034234,0
0,"A",-0.202586773545929,-1.59058327917533,1
0,"B",-0.850156775659133,-0.158334403913875,0
1,"B",0.0594642887185457,-1.00100552602028,1
0,"A",2.75174090772274,-0.107305436106539,1
1,"A",2.09700796729536,-0.256389405035081,0
1,"A",2.02702005166074,-0.472519382792679,1
0,"A",-0.417612116268757,-0.238623181979162,1
0,"A",-0.904116716548403,-1.29388377018146,1
0,"A",-0.0935500222272542,-3.63308743660268,1
0,"B",-1.74963488371362,0.110065213410356,1
0,"A",1.48400100890616,-0.937596388340547,1
1,"A",-0.847658770254637,0.0453409133775257,1
1,"A",1.71381976171912,0.454128159760318,0
1,"A",0.10340803645112,1.29169164844209,1
1,"A",-0.115144036712685,0.101928611143896,1
0,"A",-0.362193180013128,-1.81273318018832,1
0,"A",0.120583016246947,0.780994964378225,0
0,"A",-0.456428066443607,-2.56021572008651,1
1,"A",2.31321286830416,-1.8099855741087,0
1,"A",0.565131257294745,0.224536263780357,1
0,"B",-0.0234184962759849,0.101339409850333,1
0,"A",0.495193028895235,-0.197324665161163,1
1,"B",-0.307197830175955,0.917969430949576,0
1,"A",1.32503465018934,-1.02189835310408,1
0,"B",-0.0533687407894767,-0.927284950579643,1
0,"B",-0.427981213912989,-1.69342692400295,1
0,"B",-1.41659406084075,1.919399452879,0
1,"A",0.00536580549430077,-0.391735465294651,1
0,"B",-2.58324339802868,0.300946182908117,0
0,"A",0.670698127721256,-1.57910673252327,0
1,"A",1.06501990126244,-0.0578969535875955,1
1,"B",0.151419601784424,0.419910260602584,1
1,"A",0.447069716740069,1.73040312000811,0
1,"B",-0.0946277113380711,0.238881874754173,1
0,"A",-0.356946963463978,1.23286076937503,1
1,"B",-0.255395128683768,1.23802028173116,1
1,"B",-0.295641788821102,1.63237753437267,0
1,"B",0.247501471980679,0.607951557365851,1
0,"B",0.644330332750682,-1.29985729645064,1
1,"B",-0.316510294842627,0.0173571133628298,0
1,"A",2.18551002314478,-1.02243192201847,0
0,"A",0.936295083089095,-1.13963055664028,0
0,"B",-1.225813251469,-0.548072005041866,1
0,"A",1.29048072424908,0.90155767323418,0
1,"A",-0.390246529526176,1.31867471348819,1
1,"A",-0.171083518452116,-0.585518709574983,1
1,"A",2.70798027653746,0.418009604833758,1
0,"A",-0.317758602300968,0.656949709685949,1
0,"A",0.170950404847718,-0.0987864495070516,0
1,"B",-2.39307655422743,0.167348101734149,0
1,"A",-0.171548811677843,-0.349525392898665,0
1,"B",0.861876280751893,-1.02239577844853,1
1,"A",-0.502269380213093,1.33402009994607,1
0,"A",-1.21321505996941,-1.67912110688082,0
1,"A",1.45093418633808,1.17284434815424,0
0,"B",0.409035199330981,-1.3092991569906,0
0,"B",-2.35080299359474,-0.503408278650564,0
0,"A",-0.322177396479122,-0.00296565439362639,1
1,"A",-0.337412442565044,-0.632276810719976,0
1,"B",0.761065599522689,1.47758772430351,1
1,"A",0.380886369113033,-0.81089200865992,0
0,"A",2.30200911526442,-1.98672671120735,1
0,"B",-0.0758635475777503,-1.23000648224978,0
0,"B",-1.30063320189118,-1.34139352709769,1
1,"A",1.18036124644174,-0.0345474659052077,0
1,"A",1.60318339130153,0.456536556968252,1
0,"A",2.18987865421889,0.677410267702507,1
0,"B",-1.26314523581803,-0.0200211262412514,1
0,"B",-0.356682760554353,0.0164887810399422,1
1,"B",-0.962605949206456,0.119452100566228,1
1,"A",1.33743098242103,2.19168664186118,0
0,"A",-0.839370721124853,0.403983155951093,1
1,"A",0.362123496997913,0.884109302185482,1
0,"A",0.595115080458548,0.0350132621386417,0
0,"B",-0.0794686467823641,-0.0828869123178554,0
0,"B",0.742789431945153,-1.18241021087124,0
0,"A",0.352784054110678,-0.131376372189445,0
0,"B",-0.367130936987395,-1.0069669759996,1
0,"B",-0.970016033760056,0.358855113756712,1
0,"A",1.23221192921556,-1.13000442374621,1
1,"A",0.406380476845307,-0.555645588586622,1
0,"A",0.888997084297703,0.526727563694157,1
1,"A",1.68784842205106,-0.639261498491143,0
1,"B",0.723547717192234,-0.0677121604932154,1
1,"A",2.05182192710155,0.580652642743293,1
1,"A",-0.815673607872971,0.476745592808884,1
0,"B",-0.236215806248743,1.45808236341828,0
0,"A",2.33279463201704,0.259857831730782,0
1,"B",-0.674221004819125,0.35282154215927,0
1,"A",2.4240475220937,-2.55234720287318,0
0,"A",-0.588500280041646,-1.144229939875,0
1,"B",-1.29746940954019,1.07178344407703,1
1,"B",-1.44489024029686,0.969422629882587,0
1,"A",-1.25857413338644,1.01042372798989,1
1,"B",-0.164713906875505,1.87819389230267,1
1,"B",0.402313963611852,1.32691047821777,1
0,"B",-1.30978876830274,-0.0380830584159139,0
1,"A",1.03892946633463,0.762539720180023,1
1,"B",-1.39442816414656,1.3058810866733,0
1,"A",0.283378847809428,-1.00255751601219,0
1,"B",-0.461037639358765,-0.0639329201910208,1
1,"B",0.811306541953014,0.462045106658254,1
0,"B",0.218860440306443,-1.03085885031233,1
0,"A",0.432189155955703,-0.051057427604155,0
0,"A",-0.907677175001437,-1.03325329920228,0
0,"A",1.09949044103814,-1.57875054459855,1
0,"B",-1.06765338973324,0.715496059220991,0
0,"A",1.86069371892745,-0.247729026407957,0
0,"B",-0.36249625100606,1.10330572628277,1
1,"B",1.50112872015653,1.04305308528132,0
1,"B",0.319185902345492,0.535515046543089,0
0,"B",0.0229223320197579,0.41204240060927,1
0,"B",-0.431750460994678,-0.787841627226826,0
0,"B",-1.0143433104037,1.05256690856278,0
1,"B",0.745119584752046,1.45258111366991,1
1,"B",0.403882930997017,0.564845006230655,1
0,"B",-1.37673292552206,-0.0013758066293714,0
0,"B",-2.30119685022164,0.289323797278321,0
1,"A",0.118826467388905,-2.41408325334636,1
0,"B",0.538348288145776,0.384517373345579,1
0,"B",0.320093172676084,0.408035296119512,0
1,"A",1.67056319089615,0.211468497739331,0
0,"B",-2.00240367119469,0.442250534205696,0
1,"A",0.721245556822997,0.759727257126741,1
1,"A",-0.284526542099256,-0.889465119334577,1
0,"B",-0.392811236484185,-0.614920229099589,1
1,"B",-0.706974914853511,0.915918694818565,0
0,"B",0.508056057071122,0.787186077836747,0
1,"A",0.230592666648628,-0.206537182299433,0
0,"A",0.153576984364012,-1.43177431434187,0
1,"A",0.697416849676549,-0.320078300983958,0
0,"A",-1.37392546408665,-1.76752672080648,0
0,"B",0.414516363348575,-0.348572721829361,1
0,"A",0.296865404493552,-0.621716857171695,1
0,"B",-2.37786443529797,0.583207694068498,0
0,"A",0.838886798900986,-1.17976971100264,0
1,"A",-0.789388866968296,1.63227383128756,1
0,"B",-1.08063288370512,0.139897612591358,0
1,"B",0.0408984718946567,-0.00992250895278748,1
0,"A",0.0213546730016861,-0.211872039496673,1
0,"A",-0.868574860790481,-0.422488424037354,1
0,"A",0.226882523430182,-2.02730427012665,1
0,"A",-0.838356739727686,-0.458379223119596,1
0,"A",-0.792474174609686,-0.598200592651909,1
1,"B",-1.32995793128671,0.823671253824598,0
1,"A",1.31240825416935,-1.04127833377341,1
1,"B",0.611297031114727,0.474342247647643,0
1,"A",0.336409243484796,-0.271032425839407,1
0,"B",-0.953606033687501,-0.16549426346216,1
1,"A",0.749826730374593,0.0436049675846228,0
0,"B",-0.322662947459979,0.750066858548012,0
1,"A",0.628538034263937,-0.0534727109164998,1
0,"A",0.51831567973922,-0.89940111040007,0
0,"A",0.745339531944124,-0.485053833430358,0
0,"B",-0.296549991051873,0.682587520535739,1
1,"A",0.922207726663389,0.0146597402167415,1
0,"A",1.55726973473551,-1.91851360844683,0
1,"B",0.841693566069163,0.0781226207307383,0
0,"A",-0.463302232009642,-0.388297058891395,0
0,"A",0.233480429610489,0.25188549199431,1
1,"B",-0.485917671472049,0.00830470186424589,1
1,"A",0.00748267773479455,0.317554780128928,1
0,"B",-0.513887163742526,0.194407856917849,0
0,"B",-1.83191716408335,-0.936362494099223,1
0,"A",0.529689582124602,-3.03649877271158,1
0,"B",-1.45999139113152,-0.598158002749253,1
0,"B",-0.694969378294149,0.747085284422847,0
0,"B",-0.28663634739725,0.662914974746321,0
1,"A",0.674686519200875,-2.35989839910658,0
0,"A",-1.84869410166866,0.24515065559811,0
1,"B",0.207984360774477,-0.371408457321872,0
1,"A",1.38694966201005,0.273519194296255,1
0,"A",1.1890546064844,-2.10994120355009,1
1,"A",0.73621251647144,-1.49414795482872,1
0,"B",-1.12570018841151,0.442771131894064,0
0,"A",1.07284533549781,-2.0785048101606,1
0,"A",-0.118004237462352,-0.716911101419268,0
0,"B",-2.87062642197659,0.100739933358132,1
1,"A",0.366166249154725,-0.367885341268611,1
1,"A",1.13667019136266,0.898028638677245,1
0,"B",-0.544182638692273,-0.712466101670023,1
0,"A",0.0196090228152555,-2.76253468387078,0
0,"A",-0.345835287654599,-0.0963469151218481,0
1,"A",-0.238558273403912,-0.794757867297672,0
1,"A",0.375640352898885,-1.92346508828381,1
1,"A",1.37428885354324,-0.639248323683006,1
1,"A",0.188779388449627,1.2215869290046,1
0,"B",-2.33444034835302,-0.252255759612309,0
0,"B",-1.86836823357261,-0.421684880407456,0
0,"B",-0.00839374520281316,-0.933151032911088,1
1,"B",0.628582094735562,1.14259693361058,1
1,"A",-0.624392483581128,-2.48894811542586,0
1,"A",0.0308662018700394,-0.41543385270097,1
1,"A",1.97192594302539,1.19877620943331,1
0,"B",-1.44000666076273,0.426908707818994,0
0,"A",0.144267003160516,-1.54351791419569,1
1,"B",-0.832189280253205,0.781330054409263,0
0,"B",-0.652867120480265,-0.710491887926993,0
0,"A",0.0780456914184165,-0.0889911746400656,1
1,"A",-0.529020324998695,0.635078307745233,0
1,"B",0.0151444531672273,2.94801316167787,1
1,"B",-0.0488774406558848,-0.473811073791278,1
1,"A",0.73249282194566,0.108380157464957,1
0,"B",-1.33370950089481,-1.77671818482896,0
0,"B",-0.359853249761528,0.0325655786283852,1
0,"A",-1.68986678035967,0.394171731660611,1
0,"A",-0.800474164060396,-0.912439320251986,0
0,"B",-1.38148688293313,0.394247138311026,0
1,"A",1.63883382527216,-1.56172371012362,0
1,"A",-0.801578901673035,-0.565434548700076,0
1,"A",0.413144943134217,0.328716451384793,0
0,"B",-1.44035155401166,1.16694472748272,0
0,"A",-0.751473893702439,-1.07623846396854,1
1,"B",0.11091275073074,-1.09924568594876,1
0,"B",-1.03676850058282,0.459790077328696,0
1,"B",0.00355989176969673,1.63502270342972,1
0,"A",-0.378292655289616,-1.2712086910626,1
1,"B",-1.23256800784248,-0.31692405405808,1
1,"B",0.734682442939816,1.27591657448684,1
1,"B",-0.31707780183973,0.722131803130531,1
1,"A",3.08247857933897,0.907061691145471,0
1,"B",-0.533692658094867,-0.149917025789042,1
1,"A",1.42640503394989,-0.585045759888815,1
0,"B",-2.44453167969174,0.754607436808256,0
1,"B",-0.448853007955154,-1.23286199462614,1
0,"B",0.0964226108721764,-0.140323524649355,0
1,"B",-1.11321627583407,1.57061146200251,1
1,"B",-0.216813439319849,0.207160362292701,0
1,"A",1.65258330248734,-1.81566613906329,1
1,"A",0.709253355340122,-0.581667048071382,1
1,"A",0.323398765820192,1.23084101851043,0
1,"B",-1.04691934015133,-0.0433808210134248,1
0,"A",-2.1918813903919,0.439707277929652,0
1,"B",1.74599978067549,-0.080711642021732,1
0,"A",0.974036676962012,-0.550231484789732,1
0,"A",0.352815805912364,-0.754129715641111,1
1,"B",-0.300610856665867,-1.70498632811526,0
0,"A",0.26333469234223,-0.914559233016282,0
0,"B",0.22340957526756,-0.53565190064566,0
1,"B",0.441635038365673,1.14503774100075,1
1,"A",2.55771159786964,-1.79922005266617,0
0,"A",-2.33688123187406,-0.738317447118051,1
1,"A",0.473811673995136,-1.33511269770945,1
1,"A",0.807347526189788,1.38437903368615,0
0,"A",0.0111057807210471,-0.705559961360168,0
0,"B",-1.16796997123388,0.414754507794584,0
1,"B",-1.45912731684221,-0.201667352098196,1
0,"A",0.571893886581305,-1.49827935522607,1
0,"B",-1.05124338196729,-0.342334970160058,1
1,"A",0.940100714069431,0.314441829832971,0
0,"A",0.0121996481389717,-0.126746444672132,1
1,"B",0.439674129425473,1.00574744044619,1
1,"B",1.4126789748707,1.53014770704245,1
0,"A",-0.54835227028411,-1.75644507115672,0
0,"B",0.0750970866447127,1.02134693291295,1
0,"B",0.935446068532944,1.45282965661065,0
1,"B",1.38877198354865,1.43803140842086,1
1,"A",1.20971610229951,0.873228274448003,1
1,"B",-0.386636051836582,1.20166641196484,0
1,"B",1.72188962954672,-0.00184698055029767,0
0,"B",-0.976770870244682,-0.236271529818583,0
0,"B",-1.75798559090567,-0.311238301439174,0
1,"A",-1.9890372542569,-1.90284547224566,0
1,"B",-1.03828813023918,0.248886416540638,0
0,"A",-0.273820131975747,1.10710448220995,1
0,"B",-0.0582163595558181,0.328959286615487,1
0,"A",-0.25537523364195,0.366994459129348,1
0,"B",-0.311924211147967,0.415693510764571,0
1,"B",-0.773113101334997,0.611801387100485,0
1,"B",0.230188787445343,-0.261210963275557,1
1,"A",-0.883328248552034,0.323003134741765,0
1,"B",-0.717738904729294,0.813819873862986,0
0,"B",-2.55480345021953,1.72847695450104,0
0,"B",-0.354193285435987,-0.595924010516591,0
1,"A",0.274727577215877,-0.332031144697696,0
1,"B",0.362629257332532,-1.44413728407079,1
0,"A",0.541254883898944,-0.379775436268562,0
1,"A",1.02839065332894,0.772950592674718,1
0,"B",-1.91976229096197,0.169198648617361,1
0,"B",-1.25780407651168,-1.37326264655423,0
1,"B",-0.142543039911487,0.739565796923095,1
0,"A",1.35706442257166,-1.62574418517784,0
1,"B",0.10144828906705,1.13209808962575,1
1,"A",1.71265378944654,-0.773161826661844,1
1,"B",-0.9354427246119,-0.158192333186944,1
0,"B",-0.0975777839173964,-0.39745042757139,0
0,"B",-0.50207389416636,1.64098209061006,0
1,"A",0.202386066736165,0.930675744341075,1
0,"B",-1.52501450218757,-0.139875609960753,1
0,"A",-1.19554198212311,-0.959358465504387,0
1,"B",0.41450916972374,-0.342145498023462,1
0,"A",0.0952843973302023,-1.24467846858552,0
0,"B",-0.923377610485822,-0.25610360096287,1
1,"A",1.11855695242813,-0.378262734189962,1
1,"A",2.00399927170226,0.739440393850134,0
1,"B",-1.44793662041901,1.42847995608126,0
1,"A",-1.04068488044291,0.649462744088782,1
0,"A",0.553264334209167,-0.641634380663731,0
1,"A",3.6503541322798,-0.0987442587767612,0
1,"B",0.157839525364661,0.437783536260894,0
0,"B",-1.64199662312453,0.437097221360068,1
1,"B",1.11018552283872,-0.425628805753525,0
1,"B",-0.582080700157806,0.11144082006643,1
0,"B",0.486604616195037,-0.815291364655764,1
1,"B",-0.111782483077491,1.84604545609693,0
0,"B",-0.207008606694484,1.65369321545431,0
1,"A",0.527953688623127,-1.30503503305264,1
1,"A",1.69165009185499,-0.217093877681773,0
0,"B",-0.910730673568691,-0.0943018597902724,1
1,"A",1.05281993039293,-1.30067596628707,0
1,"A",1.00553872152266,1.26984693969155,0
1,"A",0.182470837548125,-0.408904569205544,0
1,"A",0.728564408485647,0.0924709194725195,0
1,"A",0.293475168528262,-0.196759745936675,0
0,"B",-0.255693413291233,0.661021881565275,0
0,"B",-1.97153237453585,-1.12599043464777,1
1,"B",-2.1654222397026,1.07905299125912,0
1,"B",0.30478825867831,-0.458840551797156,0
0,"B",-2.68249068229046,0.80528423673184,1
1,"B",0.701305254085193,0.470605800017335,1
1,"A",-0.135802139560872,-1.33298038828125,1
0,"A",-0.362194663160141,0.573007230379368,0
0,"B",-0.880132292612243,-1.39477210814493,1
0,"B",-1.09004290966385,0.566132467871244,0
0,"A",-0.196824627891284,-1.94659725574214,0
0,"A",-0.274110142109957,-1.07133562694481,1
1,"B",-1.70931644048589,-0.327494373429944,1
1,"A",0.554115253575995,1.42422951077225,1
1,"B",0.292399734217254,0.43250240272278,0
1,"A",0.700174969020046,-0.358740689354826,1
1,"A",0.660635058570265,-0.809156727636631,1
0,"B",1.28268922687561,-1.49036333721232,1
0,"A",-2.33063805457605,1.37344493961878,1
0,"B",-1.81114579207732,-1.38120677646018,0
0,"B",-1.85413410553398,1.52011327265878,0
0,"A",1.85480228063776,0.903331647275712,0
1,"A",2.86027599488276,-0.764595264314026,0
1,"B",-1.13759045694895,1.28748630267075,0
1,"A",-0.556799182821168,0.145715067374617,1
1,"A",1.41508168803791,0.950104264816943,1
1,"B",1.09967428685153,-0.572016779100276,0
0,"A",-0.0558900578050489,-1.19016020131769,0
0,"A",-0.84967657981878,-0.108753959518366,0
0,"A",2.13466810777111,-0.904907688955854,0
0,"A",-0.239011489965247,-1.87232177575863,1
0,"A",0.227107396015154,0.0231953382994203,1
0,"A",0.367261232171626,-1.25530232626625,1
1,"B",-0.0569729369258187,-0.00829132965420878,0
0,"B",-1.60954557611385,0.652776631718611,1
1,"B",-0.680332803817903,1.70924991277199,1
1,"A",0.927083526707066,0.944726068703905,1
0,"B",-0.662026561219052,-0.394277510304511,1
1,"B",-0.514504881476115,0.835335868812979,0
1,"B",-0.589364548966423,-0.654878781955222,1
1,"A",1.59443930317181,0.384163745259534,1
0,"A",-1.09958684783697,-0.164455560068433,0
1,"A",-0.061304829377464,0.122545169668522,1
0,"B",0.0616126985726115,0.808634585888192,0
0,"A",2.0267138610853,-0.867199269185047,0
1,"A",0.973609619790368,-0.66867038569919,1
0,"B",-0.56598522341544,0.0168489813380178,0
0,"B",-0.670615059903736,0.603035600337456,0
1,"A",0.261544193902658,0.20787412039739,0
0,"B",-1.68259422247391,-0.260444748762636,1
0,"B",-2.12248244138579,-1.15060230016227,1
1,"A",-0.669316480768215,-2.07022625497991,0
1,"B",-0.948123388049415,1.18379916040246,0
0,"B",-1.81770418558095,-1.15636202527835,0
1,"B",2.1809122519206,0.424608052404092,0
1,"B",-1.04724156969487,-0.440486283014627,0
0,"B",-1.17817661410533,-0.555471402371037,0
1,"B",-0.91955258556129,0.139410208410844,0
1,"A",-0.0517862923775536,-0.0240149766651632,0
1,"A",0.335410323957225,-0.359457800869491,0
0,"A",-0.0146740643670482,-0.319586370778386,0
1,"B",-1.30060972797257,0.742184043125906,1
1,"B",-0.880270856649859,0.607326475048368,0
1,"A",1.4990884590274,-0.748298631188054,1
1,"A",0.381450495857116,-2.08505632130522,1
0,"B",-1.54273046614029,0.0252659310725819,1
0,"A",2.42705376747191,-1.78879229008754,0
0,"B",0.229987175845082,1.3087621801336,0
1,"A",-0.680645664894532,0.808204004971559,0
0,"A",2.65236540420488,-0.305760660102779,0
0,"B",0.052593256699037,-1.26627589810972,0
1,"B",1.30833396747063,0.923145621543608,0
0,"A",-0.659954239664965,0.447612010881443,1
0,"B",-1.71170976557153,0.1863361561031,1
0,"B",-0.909597437549716,0.044817945517925,0
0,"A",0.732594056742388,-0.910477334461871,0
1,"A",2.01751019730747,0.00670806507557692,0
1,"A",2.32221355122697,-0.208138830551403,0
1,"A",1.6902398059268,1.0592601471545,1
1,"A",1.17245984191141,-0.548498617159456,1
0,"A",-0.10456143147218,-0.579391528223123,0
0,"A",0.301978578971564,-0.259404077598132,1
0,"A",0.903913161415579,-0.296234639505174,0
0,"B",-1.13290239360721,0.920422385746067,0
1,"A",-0.447024412544581,0.720948477938058,1
0,"A",-0.129619531173655,-1.54077883908093,1
0,"B",0.798193466612038,-0.379642087303418,0
1,"B",-0.700320295289224,1.39392523025552,1
0,"A",-0.782123580570685,0.840373445926866,0
1,"A",0.702918785646016,2.09787712618481,0
0,"A",0.302799715158331,-0.57837522419372,1
0,"A",0.379487907765071,0.562701093148394,1
0,"B",-2.4358978724227,0.648316329452399,0
1,"B",1.47767756761904,0.821552913434946,1
0,"A",-0.178361761542341,-1.57228488578388,0
0,"B",-0.322444893526323,-0.500305476745419,0
0,"A",1.50603302526399,-1.19755656541919,0
1,"A",0.765586997476636,-0.0535776467623027,1
0,"A",-0.797157154117551,-0.873497187264527,0
0,"B",0.822707805100018,0.424920456118939,1
1,"A",0.00747991942501625,-0.598769364603272,1
0,"B",-0.988171826500507,0.70253051623177,0
1,"B",0.670946005567534,-0.481307541161662,1
1,"B",0.0858209183365164,0.37885249702472,1
1,"B",-0.624690321534209,2.34262301300032,1
1,"B",-2.46497825385417,-0.59256178468866,1
1,"A",0.774450760358486,0.178070696259973,1
1,"B",0.648920600267328,-0.280779286569465,0
0,"A",-0.456379470614778,0.269311010249777,1
1,"B",-0.159577473687089,0.264575719836735,1
0,"A",-0.626110680106754,-0.218452946721781,0
0,"B",-2.36059603058593,0.563903665545549,1
1,"A",-0.145710045938454,-0.149429514512787,1
0,"B",0.912719533928897,0.161700536657132,1
0,"B",0.759510497964262,-0.620235779941045,1
1,"A",0.51588866250849,0.420101932193587,1
0,"A",0.500750970279398,-1.38116769936131,0
1,"B",1.67254693243647,-0.166543245923576,0
0,"B",-0.616140572315167,0.466644364513138,0
1,"B",-1.99642376893088,0.854681756155989,1
0,"B",-0.752828861611708,-1.26158018216582,0
0,"B",-2.33247785874215,1.19414077833274,0
1,"A",0.620350591204016,-0.995379987383146,0
1,"A",-0.778173447395335,0.70354635154672,1
0,"B",0.18509382396371,-1.1766772688225,0
0,"A",-0.455002453609244,-1.69612900533275,0
0,"B",-0.360471308925049,-1.47597863324044,0
0,"A",0.309173790674292,-0.0601354333520679,1
0,"A",-0.629701530877831,-1.05023795510217,0
0,"A",1.30760567644036,-0.204328262842272,0
1,"A",1.12958456211007,-0.114992455560526,0
1,"B",2.25720193445483,-0.491171590055069,0
1,"B",-0.163357855611671,0.451887763600957,0
0,"B",-1.14707747095555,0.6226574435784,0
1,"B",-0.0641397315502827,0.386008749532916,0
1,"A",1.38545999080965,0.653589523522901,1
1,"A",0.496303371268626,1.87096390452694,1
0,"A",1.93551913335475,0.0904554143759413,0
1,"B",0.592051095273453,1.1350502344769,1
0,"A",-0.266566025083867,-0.754063321500173,1
1,"B",-0.717819431906364,-0.17488094770244,1
1,"A",0.192332714842181,0.016424233133304,0
0,"B",-1.66913370825385,-0.499674168613502,0
0,"B",-0.501555824958758,-0.900619489325397,1
0,"A",-2.38671397703633,0.0314927139496169,0
1,"A",1.19283382748046,0.170809648105037,0
1,"B",-0.23025818951734,1.08537109817224,1
1,"B",-0.180983400283002,-0.479545989924351,0
0,"A",-0.66223245749851,-0.836526745445269,0
0,"B",-1.6926798670532,-0.644961153514244,1
0,"A",-0.0793339080622746,-0.542729696202705,1
0,"A",1.23855859488867,1.30733058464503,1
1,"B",1.22541643780659,-0.383836788801231,0
1,"B",-2.31435158778649,2.66480155247908,1
0,"A",-1.44799832432433,-1.6455648598641,1
1,"A",1.86291001083252,-0.255595910988503,1
0,"B",0.217877543006691,0.1732425844204,1
1,"A",3.17225020123712,-0.834488735899793,0
0,"A",-0.431085799822562,-0.68404639955374,1
1,"A",-0.328910316777099,-2.11819517189137,0
1,"A",-0.157061090125778,0.777896890363806,1
0,"B",-1.05356809415611,1.05308560880188,1
1,"B",0.0808175517659182,-0.994125055404475,0
0,"A",-0.501444653852543,-2.44737743930501,1
1,"A",0.788775476384317,0.597192097909625,0
0,"A",0.0733226293837547,-1.04606705897223,0
1,"B",0.814584509379522,1.02435631664835,0
0,"A",0.491266534008566,-1.61198845230345,0
1,"A",-0.334560048759179,-0.32020467997183,0
1,"B",-2.11193274239252,1.29836136155237,0
1,"A",-0.295735294736636,-0.774746661301089,1
0,"A",-0.566904347774623,0.350692832498181,0
1,"B",0.980162988575367,0.0357890039118753,0
0,"B",-0.645279515172267,1.55079719709815,0
1,"B",0.339656716419569,0.690044984688051,1
0,"A",1.94236931664784,-0.612004974401867,0
1,"B",2.03252798846579,1.06585218387283,1
1,"A",0.176733348134683,0.0729188315445634,1
0,"A",-0.331994153467886,-0.297486021201835,0
0,"A",1.0957487003031,-1.62670025412268,0
0,"B",-1.52570613695786,0.322921561778134,0
1,"B",0.2822355343392,1.13996000381962,0
0,"A",1.53390460848949,-1.00908067571012,0
0,"B",-0.0457289747722942,0.543862117078598,0
1,"A",0.0604077801375461,0.399162839804403,1
1,"A",0.481388517797277,0.987927107751495,0
0,"A",0.184047232116517,0.472996258955568,0
0,"A",0.126151004883496,-0.886197615166907,0
0,"B",-0.673077630344395,1.80040217567989,0
0,"B",-1.30446609266475,0.123980776374857,0
0,"B",-0.819470388073952,-1.02730065866906,1
0,"B",-0.133053885348485,-0.129867691449578,0
1,"A",0.876671881084622,-0.689714590548537,0
1,"A",-0.56142507102326,-0.674028806602869,1
1,"A",1.44589722530921,-0.371459398422548,0
1,"B",1.1911030607306,1.78523187602634,1
0,"B",0.128639947913561,-0.466534904243877,1
1,"A",1.68687391888045,1.06825173821371,1
0,"A",0.255239371942552,0.124866813718573,0
1,"A",2.46691178726646,-0.209217479560036,0
0,"B",-0.0699230946866418,-0.0847921841963219,0
0,"B",-1.30394537728652,-2.17926542242707,1
1,"A",0.96931019464889,-0.478228360795876,1
0,"B",-2.25601759204943,0.251780712840321,1
1,"B",-0.0868871282274069,1.41800602925684,1
0,"A",1.08031225852248,-1.64687809597035,1
0,"A",1.47322437969454,-0.11990094900996,1
0,"B",-0.323278493113837,-1.02633985496735,0
1,"A",1.89279346421419,0.937330080094878,1
1,"B",0.651533906474555,0.792058084614142,1
1,"B",0.233189357453846,-1.1280503032556,0
1,"B",-1.11608698459052,-0.0963827359165713,1
1,"B",-0.584275610520445,-0.302648069286278,1
1,"B",-0.450888429342109,2.03453521036687,1
0,"A",0.308826432411192,-0.454842458918036,1
0,"B",0.662440023741079,-0.859212383045994,0
1,"A",0.200361889779115,-1.10931748250186,0
0,"A",-0.505162597392068,-0.597928047951082,1
0,"B",-0.0664736443607932,-0.456564123076221,1
1,"B",-0.784327228035532,0.798054162451969,0
1,"B",-0.330901457311024,0.18543476107562,0
1,"A",-0.39829117601106,-0.288189243295385,0
0,"A",0.715031640375787,-0.443155058382211,0
0,"A",-0.449502698639657,1.07776409315955,1
1,"A",-0.774906516844054,0.0633918950961189,1
1,"A",-0.318157359177068,-0.771660852946008,1
1,"B",-1.29851552957954,-0.513808197927062,0
1,"A",1.84486105203534,-0.188413821064385,0
1,"A",0.652323327725599,-0.665216330616226,1
0,"A",1.59762277955954,-1.45274311826548,1
1,"B",0.553683567250072,-0.205507366599275,0
1,"B",-1.33544056864801,-0.603855008041988,1
1,"B",-0.528586365896757,0.778503618511385,1
0,"A",0.676126557802721,-1.43700089413019,0
1,"B",-1.54748946765988,1.22551437384563,1
0,"A",-0.00731340060630153,0.678272688907157,1
1,"B",1.3926331170142,-0.171668405235124,1
0,"A",1.20275550608054,0.189033598672891,0
1,"B",-0.585672273268841,-0.574845954088691,1
1,"B",-0.468838742469968,0.47278347081276,0
0,"A",0.809997275273903,-3.66415972565545,0
0,"B",-0.851540272432593,0.114045249830056,1
1,"A",1.16974608472485,0.217305129610578,0
1,"B",0.0277518315659984,-0.677856224069042,0
0,"B",-1.51551435570403,0.349674303944159,0
1,"A",2.04013121728637,-0.654484209121416,0
1,"B",0.375842358123998,0.805743134638296,0
1,"A",0.960657952087919,1.14950877164313,0
0,"A",-0.586315211013669,-1.56513521444906,0
0,"A",0.965970940170979,-1.52133960164156,1
1,"A",0.53627967075508,-0.623384138779532,1
1,"A",0.183830973042815,0.353760018561189,0
1,"B",0.269853476887472,-0.437907808685216,1
0,"B",-0.68956488057494,-1.69816190125765,1
0,"B",-0.70487099135122,-3.07463344404722,0
0,"B",-0.617584195777265,-1.22273147020907,0
0,"B",0.492889363050814,0.223165880805457,0
0,"A",0.038345731147221,-0.180887153668785,0
0,"B",-1.68658959630729,-0.493281333987359,1
1,"A",-0.177585903026584,0.680353056973501,1
1,"A",1.30034213892642,0.67819591364966,0
0,"B",-1.88220009146647,-1.12686042915569,0
1,"A",0.831688745512118,-0.498732746930794,0
0,"B",-1.36227675951378,-0.195918569646903,1
1,"A",0.749570381304045,0.936187646959321,0
0,"A",-0.828435399459271,-1.83860878483499,1
0,"B",0.963457512701845,-1.06706436344957,1
0,"A",0.979969976780547,-0.463651808004319,0
0,"A",-0.650913328121826,1.03716128617167,1
0,"A",0.548578975649988,-0.870316925667756,1
0,"A",1.2432158192714,-1.53777076661951,1
0,"A",-0.287905554258615,-0.281952220845105,1
0,"A",-1.30693194844876,-0.884173330539629,0
0,"B",-0.816587296481168,0.171000090516324,1
0,"B",0.257053169040225,-0.585292270115152,0
1,"A",1.12987514139733,-0.365772885484581,1
0,"A",-1.02600451368238,0.497762977873587,1
0,"A",-0.155642183219244,-2.41214194027947,1
1,"B",-0.129412636722147,2.2120112853081,0
1,"A",1.70463730285621,-0.145852520168897,0
1,"B",-1.09690521221074,1.26252300552919,1
1,"A",1.33506473816613,-0.0123947319917119,1
1,"B",0.148502915045121,-0.587901511798666,0
0,"B",-0.685425107757802,-0.665047098620164,0
0,"A",0.874710225967703,0.348363781130968,0
1,"B",-0.523026982122051,1.91838626388579,1
0,"A",-0.981528654587816,-1.3556034447605,1
0,"A",0.0419707442805176,0.567811047850879,1
1,"B",-0.815510924553145,1.64567191590405,1
0,"A",-0.0155718746067502,0.0228689874753708,0
1,"B",-1.21943062315426,0.82430457417733,1
0,"B",-0.0479919870066,-0.323695143147234,0
1,"A",0.123638579568733,1.07735676964495,1
0,"A",-0.707234293029357,-1.13512209762761,1
0,"A",0.0456526939319986,-1.12279820958083,1
1,"B",0.206857359085609,2.52861384023388,0
0,"A",-0.405570447510667,-1.1224228357347,1
1,"A",-1.24305689162464,-0.0421367815492196,0
0,"A",-0.612133232166459,-1.91608137647857,1
1,"A",1.68174409490322,0.35428706869857,1
1,"B",0.107591743637683,-1.32500715384367,0
0,"A",-0.41714587694269,0.0123470435386127,1
0,"A",-1.21411129986603,-1.47703394541636,1
0,"A",0.177716732597051,-1.57546703692197,1
1,"A",2.00534786180053,0.388347722212173,0
0,"B",-1.47401884446022,0.701302006282857,0
0,"A",-0.139144955603643,-2.83538893875216,0
1,"B",0.699007535845778,1.43606942272342,0
0,"B",-0.887630416315891,-0.787154206186002,0
0,"B",-0.202292952236628,0.104417433029709,1
0,"B",-0.407438467114669,-0.0235542761567723,1
0,"B",-1.32989907833399,-0.649875996095591,1
1,"A",-0.52586599467005,-1.35268743154211,1
1,"B",-0.56513619068238,-0.297444293204076,1
0,"A",-0.132091477395884,-0.900652639540349,0
1,"B",-0.670703246875155,-0.098209356724166,1
0,"A",-0.309672905415856,-0.747554812314104,0
1,"A",0.988950112232631,-0.413124245193285,1
0,"A",0.601052595396257,-0.825655810248168,1
1,"B",0.348930197976359,1.35090895128531,1
1,"B",0.247536027783822,0.770511979912091,1
1,"B",-0.133216000378003,1.11483531481816,1
0,"A",-0.505149141536483,-0.557492147995445,0
1,"B",-0.899278115640333,0.575012893967011,1
0,"B",-1.38869962165709,1.04542396089682,0
1,"A",-0.999619391863629,1.29412307168279,0
0,"A",0.579093045104092,0.188048474647077,0
1,"A",0.769954008296454,0.331211437314692,1
0,"B",-0.697005734343766,0.821268061764776,0
1,"B",-0.455415996886593,-1.21475407252684,1
0,"A",1.40798527752565,-0.0138405620052598,1
1,"A",1.11415640674913,1.57169315710152,1
0,"B",0.546016041152799,-1.07349485998633,0
1,"A",1.87036738214141,-0.163495174429021,0
1,"A",1.72118528800638,-1.55750493690201,0
1,"B",-0.157097506301637,-0.201712384921296,0
1,"A",1.21095766917047,0.244754718879201,1
1,"B",-0.476991097577701,0.803334054769212,1
1,"B",-0.0313087173447075,-1.8891163800851,1
0,"A",-1.57868805177742,-2.2704130329386,1
0,"A",0.924584249850096,-0.65278554678053,0
0,"A",-1.5920598616332,0.703435987303978,0
1,"B",-0.851938081339099,-0.823250296366941,0
0,"A",-1.16634607110936,0.286879996204581,1
0,"A",1.03510241158681,-0.311628507613772,0
0,"A",0.465432026486296,-0.450313915822352,0
1,"A",-0.179775787280866,1.22975086973655,1
1,"A",0.142182584201249,-0.0199795116491727,1
1,"B",-1.2745777551484,0.0770712124120863,1
1,"B",-1.60385409971008,-1.19102842876073,0
1,"A",0.357972133149072,-0.84030653188254,1
0,"A",-0.108390654666907,-2.61112627371446,1
1,"A",0.944112249136425,0.105183069701005,0
1,"A",-2.01848537263355,-0.0743968346631924,1
0,"B",-2.75596997608421,-0.513723086785197,1
0,"A",-0.0624971200051648,-1.31241831551062,0
0,"B",-2.80918808920296,0.877481964116896,1
1,"B",-0.552562944083506,1.94230105906548,0
0,"B",-0.460066371838666,0.0260476569771702,0
1,"A",0.842346222491225,0.120025323339409,0
1,"B",0.330978759620738,3.09390518168008,1
0,"B",-0.161853566029023,-0.697204985562839,0
0,"B",-0.166854811406966,-1.07098628754993,1
1,"A",0.809198115022877,-0.309770423884805,0
0,"B",-1.09004936618642,0.193661591059494,0
0,"B",-0.438231499226286,-1.79193327795019,1
1,"A",-0.650946636418277,0.73179003343898,1
0,"A",-0.532816417995553,0.477585849033997,1
1,"A",0.397272357199296,1.17642996881889,0
1,"A",0.87063506379468,-0.150989068719905,0
1,"B",0.287435261563498,-0.258004908379028,0
1,"A",1.91760939291224,-0.998844991342088,0
1,"A",1.59241579182306,0.865275851362598,0
1,"B",-1.11550625568716,2.33664367789202,1
1,"B",0.495532866591388,-0.382983203177614,1
0,"B",-0.495864639301743,1.58975230676175,0
0,"B",-0.848267965579377,0.149556241666784,1
0,"A",0.170816241348913,-0.537608630544491,1
0,"B",-1.53452614404146,-0.983537611741574,0
0,"B",-1.36444246901476,0.0095406849616006,0
0,"B",-1.39679061665402,-0.00626202450720878,0
1,"B",-0.305083204229831,1.7840371747236,0
1,"B",-0.0466042112469062,-0.169844147426453,1
1,"B",0.612075011681038,-1.14688276752609,0
0,"B",-1.69773253752754,1.02683937837828,0
0,"A",0.109911294840084,-0.950513203691596,0
0,"A",-1.64382911439788,0.165323906106109,0
0,"A",-0.391033903893126,0.188754222731316,0
0,"A",-0.974137858336794,-0.83631465556501,1
0,"A",-2.40891797590727,-1.04022861045931,0
0,"B",-1.00791943567281,0.183318530703909,1
1,"B",-0.0577227096625705,-0.288381131923432,0
1,"A",1.18138834032064,-0.134840798959521,0
0,"A",-0.185658096058881,0.846092997814149,0
0,"B",-1.88134593022298,-0.0865217502355142,0
1,"B",0.711433112478883,1.8939574076804,1
0,"A",-0.299686367269287,-0.644170194411962,0
1,"B",-0.233316708085015,0.233624260113541,1
0,"A",1.37847964576568,-0.953519900352818,0
0,"B",-1.02691765003555,0.544323341203601,0
1,"A",1.36172767877882,-1.25953019328419,0
0,"B",1.55267519948132,-0.862491180538567,1
0,"A",0.93796109285049,-0.181103739525325,1
0,"A",-1.20799860238299,-1.74451362783975,1
0,"B",-1.0914179520772,-0.0133057073963047,0
1,"B",1.87724725543986,-0.806624001520266,1
0,"B",-0.478600857081734,0.0484111797681288,1
0,"B",-0.941570474058509,-0.941944578988663,0
1,"B",0.0126415946320556,-0.143974212560393,1
0,"A",-0.304093484972673,-0.292626005779382,0
0,"A",0.925216619061895,0.50063976990136,0
1,"A",0.530960848280317,0.863405585328962,0
1,"A",2.69126528573049,0.691534503313598,1
1,"A",1.79803065172151,-0.979242766211644,0
1,"B",-1.30327068401677,0.666748032320148,0
0,"A",-0.669299842224402,-1.10720632426643,0
1,"A",2.60924970024158,0.236877502391693,1
1,"A",1.30424491667256,2.40998781166918,1
1,"A",0.732242353658832,0.371080676027865,0
1,"B",0.763732341387698,2.11960653549867,1
0,"A",0.100828331180826,-0.496638885969791,0
0,"B",-1.39035237240396,-0.0360911322107815,0
1,"B",-0.728953966209958,0.868305272240278,0
0,"A",-0.192690366151497,-0.316283714890782,1
1,"B",-0.0199941519283289,1.46612380471933,0
0,"A",0.783516709238625,-1.05381931187313,1
1,"B",0.468655780907007,2.20554999054855,1
0,"A",-0.00064833153498528,-2.25327675838338,1
1,"B",-0.679241535951378,-0.651918253829769,0
1,"B",0.43895058497202,0.0424358996864293,1
1,"A",0.304092991011551,-0.164422242960674,1
0,"B",0.483337224212632,0.16659446502075,0
0,"B",-0.549970488809142,-1.82108406525125,0
0,"A",-0.0124867937957202,-1.19074983996566,0
0,"B",-1.69150990675761,0.657062195889377,0
1,"B",-1.2839446986764,0.259897153250497,1
0,"A",-0.283086429016785,-1.67371356399949,0
1,"A",-0.889705828257507,-1.11699642879774,0
0,"A",0.598891748605136,-0.0759261301346671,1
0,"B",-2.18321349895555,-0.76818532531662,0
0,"A",0.0535552071804814,-0.104210198519187,1
1,"A",-0.305837890221492,0.192479099749665,1
0,"B",-1.3399397156205,-0.292839976866811,1
0,"B",0.471738624811051,0.541561022665179,1
0,"A",1.2803497968501,-1.07633152012409,1
1,"B",-0.697091834734188,-0.172474640983699,1
0,"B",-0.425463568361431,-1.14389915039278,0
1,"B",0.738919455279623,-0.0902813565704245,1
0,"B",-0.045034756405372,0.17433830033943,1
1,"B",-1.33119049426088,0.450582813512237,0
1,"B",1.6583885595366,2.59326029548658,0
0,"B",-0.216476950427233,0.462738735145743,0
1,"B",0.435593720625576,0.0751026411351923,1
1,"A",0.193965720714698,-0.789913839132072,1
0,"B",-2.47261926385324,0.992557038105221,1
1,"A",0.887426866579923,0.976075481154895,1
1,"B",1.73209560826132,-0.886040971637179,1
1,"B",0.917631598909529,0.888373460996587,0
0,"B",-0.720855741888629,0.298416637143453,0
0,"B",-2.12557708938309,0.552920024314302,0
0,"A",0.295404196025855,-2.71534366536207,1
0,"A",-0.930239173069911,-0.645172479195562,1
0,"A",-0.881958992916805,-0.157929321080596,1
1,"A",0.605960376205735,-2.21475722602235,1
1,"B",0.881629251654737,-0.60736363751806,1
0,"B",-0.988648774648048,1.60488315489298,0
0,"B",-0.0284183602652773,-0.756715914520071,0
0,"A",-0.421253927275551,-0.545867102932507,1
0,"A",-0.127851733293319,-0.961421218127938,0
1,"B",0.222510099133003,0.928282479452513,1
0,"B",-0.721620371924725,-0.581169399987135,0
1,"A",1.20751865490066,-0.661465599259881,1
0,"B",0.923994670869377,-0.799955794123291,1
0,"B",-0.639017752882612,0.663627789996407,0
0,"B",-0.802617445058836,1.49657369789728,1
0,"A",-0.915724141638725,-0.369032787750477,1
1,"B",-0.366327906417428,-0.433703249668761,1
1,"B",-0.123681675932643,-0.383957710664638,1
1,"B",-1.07052861909392,0.449971996390654,0
1,"B",0.396759135045782,1.2665995738714,1
1,"A",-0.725782212174964,-0.14051992458324,0
0,"B",-1.16407197663673,0.678474533214605,0
1,"B",1.32782635393504,1.49195692075823,1
0,"A",-2.2685887536004,0.226255259702826,1
0,"B",-0.148242006882823,-0.932042719648503,1
0,"A",-0.785422480123701,-0.450959252794675,1
1,"B",0.437239200427929,-1.16423841185359,1
1,"B",0.894762203426001,-0.153790232554831,1
1,"A",-0.389738476570422,0.61415183132427,1
1,"A",1.95976017243431,0.161489500468162,0
1,"B",0.389044278031018,-0.695930167584297,1
1,"A",1.67958879780405,-0.740097026343498,1
0,"A",-0.783583496640512,-2.30017364440418,1
0,"B",-1.6895766993447,1.21091538596148,0
1,"B",-0.720205478095954,-0.731231372116131,0
0,"A",0.0311727239253182,-0.3304204843126,1
0,"B",-0.621936439100646,0.245038370934947,1
0,"A",-0.233036327806523,-0.900563528469311,1
1,"A",0.0975199792454917,-0.505945223761872,1
0,"B",-1.05331692173552,0.521435185914906,1
1,"B",0.0876443464463577,-0.194284917475145,1
0,"A",1.21224779715195,-2.13035542316625,0
0,"A",-0.794064975100641,-1.08686396222672,1
1,"B",-0.982192166031153,0.529959862230032,1
0,"B",0.595528274283051,-1.64181501837134,0
1,"B",-0.43436286002164,0.206814479245569,1
1,"B",0.889730019165763,0.0857641517691227,0
1,"A",0.621336383166554,-0.987602327206657,0
1,"B",-1.92486043687686,0.800152163348466,0
1,"A",2.68657356387787,-2.23780831276067,1
1,"B",1.32408701432777,0.0410222898501294,0
0,"A",-1.3295554045998,-1.10946852878656,0
1,"A",1.91186075616912,0.726447664825339,0
0,"B",-0.39999572110266,-0.551147063879526,1
1,"A",0.439772917824655,0.650408079664584,1
0,"A",-1.01625325296201,-0.751253972102448,0
0,"A",-0.134172545921623,-0.859830866380364,0
1,"A",-0.504498491747757,1.41839827124881,0
0,"B",-1.1834640998073,2.5497757278782,0
0,"A",-0.305296899568742,-2.28717028632762,1
0,"B",0.18913119858165,1.11442892356555,1
1,"A",0.0917581034876061,-0.344507781150069,1
1,"B",-0.724745446806041,3.08139430196991,0
0,"B",1.46604992032989,-0.783885031031935,0
1,"A",0.204652675027537,-0.314971340121676,0
0,"A",-1.11648169482484,-0.507449239487904,1
0,"A",-0.554921357076548,-0.026799358148085,0
0,"B",-1.04118467126909,-0.0723145785562056,0
1,"B",-0.176107102739838,-0.972494068126732,0
1,"B",-0.389154538755189,-1.37413635804193,0
0,"B",-0.881685528869934,-0.18860182724277,0
0,"A",1.28176132656591,-0.816799437464243,0
1,"B",0.482247354691222,0.691140105271534,1
1,"B",1.24613569023442,1.35887123617475,1
1,"A",1.4805808676675,0.751471718951759,0
0,"B",0.154982778342163,0.724996548443657,0
0,"B",-0.792723074560336,1.05824779558042,0
0,"B",-1.01395096736732,-0.0267851594192104,0
0,"B",-0.0747081292647051,0.645479677139783,1
0,"A",-0.268756298343802,-3.42126813570509,0
1,"A",0.284756188713889,-1.04934508213012,0
1,"A",0.87173616926,-0.514440864636524,1
1,"B",0.26726341509473,-1.04403119663228,1
1,"B",-0.374822803010106,1.70488288962503,1
0,"B",-1.26180557217398,-1.97251926507692,0
1,"B",-0.769658977930392,1.27797772235019,0
0,"A",-0.267821766827109,-0.828993953593333,0
0,"B",-1.4564659898183,0.360461674624008,1
0,"B",-1.19507370602134,1.07951933440506,0
0,"A",1.30429113523864,-1.32119189692724,1
1,"B",-1.77333557468775,-0.283752660302747,1
0,"A",1.0680920591112,-1.99998461365549,1
1,"B",-1.54497203151872,0.647114360391779,1
1,"A",0.739496992346279,-1.16345325557447,1
1,"B",0.417713750866847,0.14144628718191,0
1,"B",-0.614992462185684,-0.521676482933899,0
1,"A",1.2638022446327,-0.402762711400393,1
1,"B",-0.311688915962644,-0.523450011649708,0
1,"A",0.687899053269371,-1.01458857833249,1
0,"B",-0.887650864034459,-0.471074296557373,0
1,"A",1.80181111548986,-0.329311916700044,0
0,"B",-1.83228488449292,1.65174314300011,1
0,"A",-1.17177439917654,-0.557866689380873,0
0,"B",-1.30864424798334,-0.0943519450708672,0
1,"A",0.248556198169818,0.169213731061419,0
1,"A",0.261238319062363,-0.497750790739056,1
1,"B",-0.777472696154597,0.275892327247649,0
0,"B",0.754887961389686,0.992895639183055,0
0,"B",-2.34332869997556,-0.239326933874366,0
0,"B",-1.55637887658957,0.365933750908499,1
1,"B",0.0731454391007816,0.636306683736104,0
1,"B",1.05840218966125,-0.644524894997119,0
0,"B",-2.26403247013345,-0.475070187115037,1
1,"B",0.37121526661774,0.856823894668284,0
0,"B",0.379575971132671,-1.21006108256165,0
0,"A",-0.102348622369286,-0.688386527311128,1
1,"A",0.447233917830694,0.234425817119,0
1,"A",1.13836010195292,-0.969116729971218,0
1,"A",0.433398155935423,-0.488051020349258,0
0,"B",-0.78493302936497,0.665187865918408,0
0,"B",-2.34549542540506,1.04028451671699,0
0,"B",-0.464808969616632,1.19545836687072,1
0,"A",1.76519589215808,0.21273219585557,1
0,"B",0.196634356739829,1.81565563638137,0
1,"A",0.932416498081728,-0.320416881980459,0
0,"A",0.882684040015051,-1.99676036803578,0
1,"B",-2.15282735669949,-0.268468867642229,1
0,"B",-0.737349044940783,0.291739233215548,0
0,"B",-1.27461410702597,-0.42065715517923,0
1,"B",0.225868856764471,-0.0689675160210306,0
1,"B",-1.12223783353391,0.401860500233539,1
0,"B",-3.27853366339358,-1.33293317473286,1
1,"B",0.947167623851762,1.68144427164243,1
1,"A",1.0133995381091,-1.17441104448131,1
1,"A",0.645716537737701,0.195342424980799,1
1,"A",1.56789047320526,0.716482865002707,1
0,"A",1.05295931340625,-1.00383626491101,0
1,"A",-0.182045414666101,-0.608178978111495,0
1,"B",-0.533337503215849,1.12796329182909,0
1,"B",0.68005524583394,1.26305945978053,0
1,"A",0.501692781124992,0.0321604895999578,1
0,"B",1.04996516736845,-1.05110388806624,0
1,"A",0.750996642011686,-1.38404960383633,0
1,"B",0.586459954191041,0.999287659395243,0
1,"B",-0.118647106461156,-0.530739203238044,0
1,"B",-1.17068538190896,1.06058447571201,1
0,"B",-1.52411976945877,0.148875465580065,1
1,"B",0.784408564402576,0.326413812575459,1
1,"B",-1.21131570786889,-1.64373688058859,1
0,"B",-0.0673489819388753,0.0812952782942738,1
0,"A",0.323303023868234,-0.347278338972192,1
0,"B",-1.54577890699796,0.0697484055424831,0
1,"A",0.139881095851674,0.647634804334192,1
1,"B",0.440297584067764,0.743394493160838,1
1,"B",-0.18252097060262,1.91484318058946,1
1,"A",0.977499338355557,-0.232457557028369,0
1,"B",0.56213835974462,-0.871034970071869,1
0,"A",-1.27129837794115,0.912931416555326,1
0,"A",1.34203718862056,-1.07323229763675,0
1,"B",0.247810242844051,1.51458707382339,1
1,"A",-0.050466785478976,-0.599346000092627,1
1,"B",-0.483379112987298,0.953446846772917,1
1,"B",1.21391418396944,0.441356660647027,0
1,"B",-0.550255476770398,0.833368785289851,0
0,"A",0.238574461007558,0.419945462385481,1
0,"A",-0.21842926332338,-1.0496219436605,1
1,"B",-0.150979540098927,-1.10335242886508,1
0,"A",0.98620918976509,-0.897413415371942,0
0,"A",-1.06314858688803,-1.75026489701784,0
0,"B",-1.1222156884258,-0.376339193127479,0
0,"A",-0.625308224163464,0.098522192849771,1
0,"B",-0.339451485359462,-0.453813216313805,1
0,"B",-1.31075278950572,-2.42962356128753,0
0,"A",0.394020379074676,0.261745828759005,1
0,"B",-1.64319451459828,0.158371800041126,1
0,"A",1.2663176516845,-0.045283928648336,0
0,"A",0.212421596296867,-1.20829792696602,1
1,"A",1.80633602435694,-0.562045982503197,0
1,"A",3.43558652850219,-0.97442608935306,1
0,"B",1.61044079857534,0.237278363511156,1
1,"B",-0.237161800122109,1.78948908832122,0
1,"B",-0.021349724380469,0.977140467035832,0
1,"A",-0.735045686304049,-0.0929407676741068,1
1,"B",0.331212892343877,0.310137413714619,1
1,"B",-0.481759362871182,0.0311788465333818,0
0,"A",-0.734648846994981,-1.1529043033406,0
0,"B",-0.373001194985971,0.449498423920204,0
0,"B",0.251664591680756,0.970754578420694,1
0,"A",-1.20230403354284,-1.05207588167156,1
1,"B",1.19071280711492,0.203256364791354,0
0,"A",-0.523678456073461,-2.32673621061984,1
0,"A",0.979673036553695,-1.04081758248316,0
0,"B",-0.00742626126617552,-1.28699441726816,0
1,"A",1.04814531817572,-0.462996341220242,1
0,"B",0.846096216930898,1.32516933508462,0
0,"A",-0.402833486408984,-1.43688203033563,1
0,"A",1.26201076335254,-1.72538320584314,0
0,"A",-0.638262980280953,-0.373525397483055,0
0,"A",0.92829184898565,1.56907690351218,1
0,"B",-1.82281054812929,-0.110543176756983,0
0,"A",-0.380362583761519,-0.374316126425834,0
0,"B",-0.511016801686156,0.878574883569276,0
0,"B",0.203672593954466,0.496504921086355,1
1,"A",-0.287908490801644,-0.150365718990852,0
0,"B",-0.321355240181766,-1.09189885604326,1
1,"A",0.432368311885955,-0.708568241079862,0
0,"A",0.505656128889651,-0.036160450140321,1
0,"A",1.60123836037106,-1.02232033060615,1
0,"A",-0.312246194335408,-1.673640038623,1
0,"B",-1.25047728669415,1.0817142064844,0
1,"A",2.13429874167149,0.286983399622892,1
0,"A",0.9113241101635,-3.03372644064422,0
1,"A",0.460445255386833,0.0945137624035923,0
1,"A",1.521742045532,0.637937554311945,1
1,"B",0.577976527750077,1.63173285883604,1
0,"A",-0.116749986968585,-1.09003362193735,0
1,"B",-1.63674445644751,2.09725729214595,0
1,"B",-0.932551579323537,-0.658294173690842,0
1,"A",0.211407923909715,-0.599957329810826,0
0,"B",0.0130765166790962,1.85911571667474,0
1,"A",1.89143396807058,0.865095525834992,1
0,"B",-2.09125976955784,-0.134126449863174,1
1,"B",-0.339667169739223,0.483316673929347,1
1,"B",-0.821540101974716,1.36021857863632,0
0,"B",0.0941701749175403,-0.281427182914432,1
1,"A",-1.42264916268859,-0.572350937253327,0
0,"B",-1.99865562320361,-0.038722862664698,0
1,"B",0.744464224228254,2.30239371906494,1
0,"B",-0.0330899865935118,-1.63038557253446,1
0,"B",0.904092649116058,-2.00856346149094,1
0,"B",-1.07324867863282,1.03722299515087,1
0,"A",0.654647837381594,0.118121025418903,0
0,"A",-1.17176950493094,0.896457193866764,1
1,"A",-0.376667191104202,-1.75048330295282,1
0,"B",-0.166056901693163,0.930583950764649,0
1,"B",0.482653827450619,0.290066626142615,1
1,"B",-2.37015247023478,0.653326415097809,0
1,"A",2.8124083411753,-1.03961285568396,0
0,"B",0.833164476255054,-0.323796133786428,0
0,"B",-1.1231975350792,0.0424975553372231,1
1,"B",0.861877227765215,0.97612460112087,0
1,"A",2.29201867951826,0.0577654379177954,1
0,"B",-2.2346496746371,-0.525843651411677,1
1,"A",0.0813328679398978,0.415316221941084,0
0,"A",-0.237241948791171,-1.24250223272418,1
1,"B",-0.517627242341278,0.618627158327188,1
1,"B",-0.0968342774761126,-0.34076234238025,0
1,"B",1.41352953571051,1.67456918434053,0
0,"B",-2.1522025239677,1.48478285326663,1
1,"B",-1.07781197334383,0.207992744349542,1
0,"A",-0.912998729611363,-0.453068066336128,1
0,"A",-1.16476532369172,1.31936829871075,1
1,"A",2.28955057524409,-1.9360433454067,1
1,"A",1.5409262308798,-0.483993728599862,0
1,"A",-0.498975982081794,1.04646367808745,1
1,"B",-0.232728060445206,-1.16627042859686,0
0,"A",0.352252052204335,-0.233237230723892,1
1,"B",-0.680567676538098,-0.537638213964907,0
1,"B",1.59682255207406,-1.59489433825885,1
0,"A",1.40873689745799,-0.0719008438609064,0
1,"B",-0.723188896867468,1.13027666275028,0
1,"A",0.454610045601448,-1.42362566776579,1
0,"A",-0.541224195178534,0.426210408244623,0
0,"A",0.347585051930129,-0.807348038005064,1
1,"A",0.188015854706176,-0.382830279308389,1
1,"A",1.96961724122442,1.32432242476348,1
0,"B",-1.02291848272318,0.270403502659484,0
0,"A",1.47802340396989,-2.63526268783864,1
1,"B",1.00103736598124,2.17884399376358,0
0,"A",-1.28928906652825,-0.697051948981159,0
1,"A",1.4466801858201,-0.999583072942368,1
1,"B",-0.262430495776807,0.33702104549811,0
1,"B",3.23529708451855,-0.617457903650404,0
0,"A",-0.603305535611042,0.76764759246195,1
1,"A",1.47757644395842,0.0966338733859785,1
1,"B",-0.301609882095699,2.15656821725897,1
1,"B",-0.5777960128609,1.6764229795416,0
1,"A",0.161114828709044,1.80709688118425,0
0,"B",-1.44488673862282,1.02630223337556,0
1,"B",-1.38313917495594,1.39677329030968,1
0,"B",-1.19551913324901,1.08381476443254,0
1,"B",0.990886185595928,0.169428948593056,1
0,"B",-1.64967814773997,1.46524580133701,0
0,"B",-0.501043820336841,1.02702138847677,0
1,"B",-1.36677047666325,1.20897269893576,1
0,"A",-1.0013842366282,0.331528448466712,0
1,"B",-0.148989998061954,-0.028572840450916,0
1,"A",-1.240068532739,-0.566965982455929,1
0,"B",1.20144792296039,-0.639892722599878,0
1,"A",0.272677164398513,-0.397987399774816,0
1,"B",0.627788340390473,-0.907631516587981,0
1,"A",0.730824839764245,0.0400757183119957,1
1,"B",-0.104165690566774,2.13703532712278,1
0,"B",-1.4707909571409,1.00546145390342,0
1,"A",-0.347985477215381,-0.932799204178617,1
1,"A",1.77366776001858,-2.43198619182491,1
1,"B",-1.35350238913366,-0.104073882655022,1
1,"A",0.629592515114237,-1.30124481201861,1
0,"A",0.933850297551339,-0.104860280407341,1
0,"A",-0.956721132376656,0.0353672911127382,0
0,"B",-0.251971535350106,1.27623185321288,0
0,"A",-0.179402136323405,-0.649018764707459,1
1,"B",-0.279230321455946,1.15353074998584,1
1,"A",0.260008959344772,-0.441220072945328,0
0,"B",-0.195654637176777,-0.761757469493899,0
0,"A",1.35863882189351,-0.81771496325933,1
0,"A",-0.702448589530417,-0.359983116175834,0
1,"A",1.10274042041859,-0.625194850606163,1
0,"B",0.449623716131281,-1.00064131291692,1
1,"A",-0.821478616090321,1.41914995772432,0
0,"A",0.909852072201241,0.0352719906613712,0
1,"A",0.5369017702989,-0.143602360808414,1
0,"B",-0.81178838702602,-0.119113022132152,1
1,"B",0.0165418476349983,0.481697573038281,1
1,"B",-1.22563990440928,2.49335445292375,0
0,"A",0.788850833000162,1.28270991159068,0
1,"A",0.0830421390131914,-0.0437536346965594,1
1,"B",0.732948515063801,-0.0929950527343515,1
0,"B",-0.470220880533864,1.58759637457692,1
1,"B",-1.09324095368704,2.68371568418754,0
1,"B",-0.455859953189685,1.57602586345089,1
0,"A",-0.496984468370377,-0.812801218975767,0
0,"B",0.0459512309317665,-0.423797974379659,1
0,"B",0.22580941729714,-0.232055441459696,0
0,"A",-0.932972260466367,-1.099366190441,0
1,"A",1.97034461399315,0.55979357620312,0
1,"A",-0.0957958401775388,0.0409551405364642,1
1,"B",-0.213277992113795,2.01702432063374,1
1,"B",0.178858719726907,0.65354866959169,0
0,"B",-1.38193702542666,-0.356967608179138,0
1,"B",-0.543542002639605,0.288369018484161,0
0,"A",-0.943853099509577,0.745290022689625,1
0,"B",-1.51109823530888,-0.712902273210938,1
1,"A",0.0772138761562633,0.2808786491078,0
1,"B",-0.102165863161272,-0.306829993110398,1
1,"B",-0.498939249335346,-0.00281049959345278,0
1,"A",0.931990618756651,-0.100221001172775,1
0,"B",-0.733018605452519,-0.876967564855261,1
0,"B",-2.41326772486058,0.767455314826221,1
1,"B",-0.436862128588088,0.657226837961267,1
1,"A",1.20753250143169,1.18917535112375,1
0,"B",-1.79011478825522,-1.38810865103814,0
1,"B",-1.19169228455278,-1.02429506344901,1
1,"A",-0.764630714988857,0.799034602799211,1
1,"A",1.41403860797976,-0.490871681938178,1
0,"B",-0.0105698638776885,0.377922021423175,0
0,"B",0.568835865498822,-1.58475071228215,0
0,"A",-0.33581788149469,-1.60733333102249,0
1,"B",-0.00350832891746489,1.61725701416921,1
1,"A",1.77370721530248,-0.443109052218128,1
1,"B",-0.522202688839861,-0.39929220154184,1
1,"A",0.423370952581328,0.954921543329026,1
1,"A",-0.310365466226723,0.0988233931688524,0
0,"A",0.00453736268017374,0.525574293582207,1
1,"A",0.836758180338897,0.325164815773691,0
1,"B",-0.533214291347931,1.94714798397335,1
1,"A",1.48283631413928,-0.365898225577864,0
1,"B",-0.217191945987009,0.334756599834791,0
0,"A",1.2179117641868,-0.186435929649019,0
1,"B",0.293178790784334,1.59222911916903,1
1,"B",-0.353435388434213,-0.674277780149046,0
1,"A",1.67446110029178,0.828068642541223,1
0,"A",0.313396292213286,0.451585816197979,0
0,"A",-1.03892547674822,-1.94624182271608,1
1,"B",-1.0310370195656,0.475912697426649,1
1,"A",-1.37133522419257,0.565298730336859,1
1,"B",0.436173716117555,0.303418395116232,0
1,"A",2.32382286101088,1.22551330582367,1
1,"A",-0.193184153268694,-0.400392776351785,0
1,"A",0.528964522742481,0.129854357617135,1
1,"B",-0.828683566012909,0.224493762734588,0
1,"B",-0.0141284999957902,0.602124836969529,0
0,"B",-1.92925458980446,-0.94919088574072,0
1,"A",1.10863835509417,-1.17938695864501,1
1,"B",-0.193116453691098,0.362368734541885,0
1,"B",0.383331335602566,-1.39778394014433,0
0,"A",0.694079422486974,0.534128946072147,1
1,"A",1.94738787364141,-1.39781672027312,1
1,"B",-0.644488781903684,0.616830403283389,0
1,"A",0.680914102725333,0.247866196052989,0
0,"A",-0.709792875826094,0.651312059536152,1
1,"A",0.773498106792524,-1.22007706273139,1
0,"B",-1.15286256135141,-0.547096335153657,0
1,"A",0.166487850566511,-1.48240593128397,0
1,"B",-1.43825629179344,-1.10744776042531,1
1,"B",0.0541817977689348,0.398112044272036,1
0,"B",-2.56239463195211,-1.25510048695508,0
1,"B",-0.198113475335395,-0.826518496522429,0
0,"A",-0.762066864436374,-0.334401240423729,1
1,"B",0.530625703844408,0.656869229556367,1
1,"A",1.01195507403457,-0.566421291975165,0
0,"A",1.13927236706967,-0.389339220355123,0
1,"B",-1.16247973913117,0.695377238073565,1
0,"A",-0.905171935753025,-1.1076164878438,0
0,"B",-0.023169203336691,1.79348811082944,0
1,"A",1.08851052710024,-0.195976856144288,1
0,"B",-0.770508150610261,-0.183432731465835,0
0,"B",-2.01186383049471,0.16069401003639,1
0,"B",-0.979051001432371,-1.64164683693908,1
1,"A",0.214507200942188,1.05917257424153,1
1,"A",-0.169418841063641,-0.783625744202101,0
1,"A",-0.184585889392841,-1.07762882973006,0
0,"B",-0.667484610116167,1.06605186855427,1
0,"A",0.280014083929636,-0.102830614522602,1
0,"B",-0.374700420303222,-0.606160163333887,1
1,"A",0.694215868717317,-0.286376614723403,1
1,"A",1.65285337744369,-2.54594651956895,0
0,"B",0.01023071885164,0.020152328798312,1
0,"B",-0.967830572708056,-0.179080516445395,1
1,"B",0.905322849902786,0.802499492299569,1
1,"B",-0.267766155271932,-0.0780259004816234,0
1,"A",1.42427484268895,-1.29370941659399,0
1,"B",-1.05515312115543,1.0704842470866,1
1,"A",-0.0942749683261782,1.12661847016695,1
1,"A",0.725584131065341,-0.380519094384011,0
0,"B",-0.649942626564529,-1.82954507078833,1
1,"B",0.113859585923686,-1.14012776539198,1
0,"A",-0.930631045601683,-0.64711255472249,0
0,"B",-0.894984722700329,0.197318857209039,0
1,"A",0.915557433608398,0.0385241994746185,1
0,"B",-1.59097930897791,-0.834250365288834,1
0,"B",0.183736114568518,-0.67732678073981,1
0,"B",-0.770394774560716,1.58777266648454,0
0,"B",-1.76099364983115,0.421070383536167,0
1,"A",1.02593027060486,0.630164767571258,0
1,"A",1.24180462505231,-1.47392282672697,1
1,"A",0.659782049268447,0.227472260241253,1
0,"B",-1.20271426548739,0.184963565679402,0
1,"B",-1.09182506005159,1.62689828600819,0
1,"A",0.695616530907313,-0.979282375080959,0
0,"A",0.2245732285374,-0.238254604313177,1
0,"A",0.252265689569066,-1.22717788474883,0
1,"B",0.68349726283824,1.34276834833976,0
1,"B",-0.154615527586866,1.80949545385215,1
0,"A",-0.151281827574005,-0.800742974588983,0
1,"B",-0.47064691685355,0.205411561928163,1
1,"A",1.18088432961344,-0.756702903373371,1
1,"A",1.20746249979315,1.81179248392215,0
0,"A",0.151985631721443,1.37716174378645,0
1,"A",0.583290560289034,-0.149089138531832,0
1,"B",-0.428520384167867,-0.743045377407497,0
0,"B",-1.93681308249787,0.0301667967552549,1
1,"A",1.85375570743718,-0.885481781628119,1
1,"A",0.579543671896398,-1.01898416668008,0
1,"B",0.062450787845888,0.348688391405002,1
0,"B",-1.76400248991664,0.284532993475125,1
1,"A",1.70026456633324,0.913542486143035,1
0,"A",0.635574772573387,-1.05582910090408,1
1,"B",0.704676967378791,0.625860325659018,0
0,"A",1.86002714786646,-0.557210020354149,0
0,"A",0.093477256301238,-0.243157742034469,0
0,"B",-1.8876594415181,-1.90000943073175,0
1,"A",0.661379535906391,-1.27514428245972,0
0,"B",-1.65263791725787,-0.392185203609607,0
0,"B",-0.0293265077741949,1.04933537762744,1
0,"A",1.05046711562333,-0.151695882557694,1
0,"A",1.1114863039171,0.634844876133798,0
1,"B",-0.796270289188026,-0.156397626252477,1
0,"B",-0.440467158528591,-0.883917966961805,0
1,"B",0.0621830828538685,0.450470026340663,0
1,"A",-0.0829199810038936,-0.96292690940158,1
0,"A",0.274570228788562,-1.93568664849597,0
0,"A",0.141487742963328,1.1499753887843,1
1,"A",-0.483617161604212,-0.242903466981672,0
0,"B",0.588916586500721,0.053694628082036,0
1,"B",-0.845654727252994,1.51418630764835,0
1,"A",1.24141156692955,0.764375098962756,1
0,"A",-0.179743473392479,-1.75298903701065,0
1,"A",0.302638408948644,1.22572551247024,1
0,"B",-1.5732835226177,-0.154631123009256,0
1,"B",-0.310605038757737,1.08312714470035,1
0,"A",-0.648017800387979,-0.720931078756229,0
0,"B",-1.18549383063024,0.869334110406639,1
0,"A",0.87975778716354,-0.326510363669894,0
1,"B",-0.92921862265736,0.942445029624369,1
1,"A",3.08630997922336,-0.401086058432453,1
0,"B",0.706051567064138,1.03094095543542,0
0,"B",0.102418867419585,0.0713386268155965,0
1,"A",1.4825832349252,-0.947482174147259,0
0,"A",2.27978133238256,-0.580999078143733,0
0,"A",-0.212548794082514,-1.87393041145127,1
1,"A",-0.437898285243909,1.07845056388126,1
1,"A",1.36018833476985,-0.99384083181986,1
0,"B",-1.51806455106854,1.13662950368545,1
1,"B",-0.351856803082396,-0.24991189457707,0
1,"B",-0.644732498786402,0.836697207597964,0
1,"A",-0.0514856485397173,-0.82184084609274,1
1,"A",0.895698029886776,1.09329222695679,0
0,"B",-0.695074555741006,0.848138715169735,0
0,"B",-2.41794293845543,1.02848853277998,1
0,"B",-1.28645324672446,-0.888897262904801,0
0,"B",0.622378661864288,0.0927837823861365,1
1,"A",0.112219372587429,-2.46219964738453,1
1,"B",0.0573875291583927,0.381501446102485,0
0,"B",0.306539865752233,1.42429752653861,1
0,"A",-2.2509422709465,-0.203071231075965,1
1,"B",-0.211014015237554,-1.30590921107224,1
0,"A",0.463545696206943,0.0659002298085545,1
0,"A",1.24327678306439,-1.26135096231714,1
1,"A",-0.619307457070635,-1.1108978591588,1
1,"A",0.263749570724976,-0.393178733828347,1
0,"A",0.4730053754161,-3.21943414704793,1
1,"B",0.421089300529539,1.47924006726076,0
0,"B",-0.749439138253442,0.472874485000158,1
1,"B",0.61478040186118,-0.972224363819053,1
1,"A",1.4125551563685,1.73327729314447,1
0,"B",-1.65648407064771,0.681503022511056,0
1,"A",1.39835688657307,-0.497703209547266,1
0,"B",0.548219301536588,-0.0744111583620869,0
1,"A",0.832869075742386,0.362603125721492,1
0,"A",0.403217430688954,-0.382820605568247,0
0,"A",-0.599672349666238,-0.239324473711743,0
0,"A",1.05099861495759,-1.2759044335336,1
1,"B",1.2582814379822,-0.712627898900744,1
1,"A",0.601568197472738,-1.08673742432657,0
0,"B",-0.8902780242036,0.885461336222521,1
0,"A",1.33654591028645,-1.6962381013506,1
0,"A",0.532512127931595,-1.80042000142385,0
1,"B",-1.01723842573465,1.62490082940152,0
1,"B",-0.412082465484393,2.42035922918063,0
1,"B",-0.541050569375054,-0.298572698198946,1
1,"B",-2.07800622512047,0.864829379890173,1
0,"B",0.0243421825507827,-0.948240935533317,0
1,"A",2.01880026024442,-1.29195301772987,0
1,"A",1.37585589729066,-0.124971860874446,1
0,"B",-0.900484246126453,-1.04342214429734,0
0,"B",1.27151184913934,0.898157478278888,0
0,"B",-0.777605581691461,1.19463899096873,0
0,"B",-0.0766716203951387,1.39243899673486,0
0,"B",-0.796037812020388,-0.181331347962074,0
1,"A",0.979157117608269,0.213415780975661,1
0,"B",-1.12992001479488,1.05985996951403,0
1,"A",0.720676925121414,-0.707966537436021,1
0,"B",-0.718986842615999,2.61791207667927,1
0,"A",0.0422211172504138,0.588405881990217,1
1,"A",1.57364161412827,-0.736533091681225,0
0,"A",-1.1945351516307,1.32876002120104,1
0,"B",-0.148856762204307,-0.523321988691252,0
1,"B",-1.3594606958466,-0.32661189716681,1
0,"B",-0.806854539075432,-1.81568365321899,0
1,"A",0.464249846016288,-0.50224523325937,1
0,"B",1.00208814434441,-2.74815009673277,1
1,"B",1.59004713369665,0.561050863970975,1
0,"A",-0.526881396405986,-1.37676804312334,0
0,"A",-0.120923438364781,-0.923059546379205,0
1,"B",0.165832790916826,0.598336681317307,1
1,"B",-1.09880707894547,1.72209052633652,1
1,"A",-0.0731305141477904,-1.53268890979261,1
1,"B",1.83774838895024,-1.88550817898354,1
0,"A",-0.0300387493153383,-1.18386737247225,1
1,"A",0.9108484977885,-0.987432669258801,1
1,"B",-1.1270855927861,1.41751438159319,1
0,"B",-0.157244783682567,0.682175442144605,1
0,"A",-0.423704152901561,-1.30516808458681,1
1,"A",-0.317409594751481,-0.898329410775969,1
1,"A",0.147780202929785,-0.460368959512532,1
1,"A",0.0276460393373294,1.01422456040093,1
1,"B",0.375101753702436,0.0848517379813298,0
1,"B",1.52890905203493,0.94198578216887,1
0,"B",-0.482694369192271,-1.17841775715095,0
1,"B",-0.978717466178109,0.277092204087276,0
0,"B",-1.60405179405706,-0.29284893166438,1
0,"A",-0.744433633502458,-1.58832647859059,1
1,"A",0.496325516735068,0.02854484377278,1
0,"A",-0.768290701368586,-0.702434834156083,0
0,"B",-1.46037922265061,-0.511830810454823,0
1,"A",1.23488024405373,0.224178126731333,1
1,"A",1.0856034978492,-0.881172520994321,1
0,"A",0.952583432839504,-0.0498145524523603,1
0,"B",-1.73268901179582,-0.031044069495592,1
0,"B",-0.387935111822369,-2.56914899414661,0
1,"A",0.266627471129641,-0.677114551436197,1
1,"B",-1.23013489708206,0.905750810097149,1
1,"A",-0.738850876321621,-1.83769522369482,0
0,"B",1.51280374624896,0.5492321703226,1
1,"A",-0.40173630395851,0.637079559517553,1
0,"B",-3.78940479269304,0.561661498952097,1
1,"A",-1.45479101141582,0.819215671541219,1
1,"B",1.42416103106542,-0.460131186830219,1
0,"B",-0.849004946556707,-0.645605343951427,0
1,"A",2.61319445885858,-2.08246854611512,1
1,"B",-0.316718101475966,1.01296083844188,0
0,"B",-0.624182773588503,1.39836120501575,0
1,"B",1.12826137543412,1.03052266320405,1
0,"A",-1.37568022666497,-0.801040132187709,1
1,"B",1.85601356678358,0.591999397006748,0
1,"A",-0.225629613931897,0.463772956651216,1
0,"A",-0.479026312520323,-0.710060809764713,0
1,"B",-1.23268462089965,1.85459495867971,0
1,"B",0.481604540257168,1.44346151477479,0
1,"A",3.04727604414739,-0.17409748336628,1
0,"B",-0.353453178776895,0.341243170574125,0
1,"A",1.66171471785005,-2.16698819125405,1
0,"B",-0.437099089644204,1.34295158739363,1
0,"B",-1.01911732662556,0.0724607215699242,1
0,"A",0.609731456710199,-0.226347532870257,0
1,"B",-0.895855174820588,0.315557034550168,1
0,"B",-1.78306844575962,0.0833877464826718,0
1,"B",-0.447606982323278,0.800108523905138,1
1,"B",0.0465092407072404,1.09375407688913,0
0,"B",-0.856177401208065,-0.491973788350461,0
1,"A",-0.217961277539104,-0.220283661369631,1
1,"B",0.844633849154172,0.506370274889378,1
0,"B",-0.906995002783304,-1.26629764108738,1
0,"B",-1.37514548893367,0.163408321768915,1
0,"B",-1.93975122303173,0.224516298353176,0
0,"B",-0.21361119445481,-0.0254295415698947,0
1,"B",2.74055739570257,-0.354797207123142,1
1,"A",0.386622306000724,-1.45290622563697,0
0,"A",-0.954421437019322,0.0843809897221646,0
1,"B",-0.440517735438695,1.87896934035569,0
1,"B",-0.834728897484032,-1.16983960796906,1
0,"B",-1.08014697328361,0.680745149442477,0
0,"B",-0.780526194924965,-0.824455050817119,1
0,"A",-0.837288129983992,-2.4350258080344,1
0,"A",-0.877242485442011,-0.244500584168862,1
1,"B",0.889456279902128,0.440765053926478,1
1,"A",-0.500109647181769,0.632052710977833,0
0,"B",-1.72434933118137,0.243915292968452,1
1,"B",0.221828058631312,1.17622208955604,1
0,"A",-0.00622313526570356,-1.88074420427781,0
0,"B",-1.0000916445791,-0.182962586030736,0
1,"A",0.906322387071216,-1.3147253938041,1
1,"B",0.827522213953193,-0.642243403797068,0
0,"B",-4.00046948980174,0.485997993338188,1
1,"A",0.105141991295905,-0.757429105564171,0
1,"A",-0.0801755984272275,0.0994577194259404,0
1,"B",0.629087516143041,1.42015706557111,0
0,"B",-1.59799363049185,0.418458973651766,0
0,"A",-0.468306612929058,-0.596313002450691,1
1,"B",-0.357751262955004,2.28281898957482,1
0,"B",1.2747322672675,-0.0139502579863109,1
1,"B",-0.0619102596944367,-0.644299280294148,1
0,"A",0.932422026468616,-2.19466441096482,1
1,"A",0.75328891719938,0.826064564101899,1
1,"B",1.37230894277498,1.88971509499838,0
1,"B",0.125589688228614,0.667630988211775,0
0,"B",-0.0326958581814471,0.411006760001271,0
1,"B",-0.325107960366115,-0.108330337567536,0
0,"A",-0.863092198421423,-0.619645913643821,0
0,"B",-1.95719969365031,-2.04468454717034,0
0,"B",-2.38157604867954,-0.60744565675736,0
1,"B",-0.367035749650703,0.880999353447537,0
1,"B",-0.703971934095549,1.71193598835309,1
0,"A",0.906670460319938,-2.62201875578506,1
1,"A",0.692398702418388,-0.583391295129207,1
0,"A",1.14405306251279,0.532401006309105,1
0,"A",-2.42504682942712,-0.546623342470674,1
0,"A",0.982113794135098,-0.713226718445615,0
0,"B",-1.44085416376653,1.69111097364772,0
1,"B",0.119931789957228,0.222073475014182,0
0,"B",-1.74418498408599,-0.387122796034748,1
0,"A",0.00952445255118256,-1.72386206069086,1
1,"B",-0.0664939330248152,2.43557872393687,1
0,"A",0.364757214271104,-0.0768963067300206,1
1,"B",-0.0510481985136105,-1.96565394886782,0
1,"B",1.93563434940001,0.874962888062756,0
0,"A",-0.8039332669365,1.75849257340114,1
0,"A",0.719324547344161,-1.16735910498383,1
0,"B",0.279248456347044,-2.000506531128,0
1,"B",0.212880579338382,0.864057124150005,1
0,"B",-0.208609736999025,0.598722712306101,0
0,"A",-0.0313494588633208,0.00873337121843015,0
0,"B",-0.815575374931901,1.46430545840964,0
1,"B",-2.27413262758896,0.810819891788764,1
0,"B",-0.192848788154095,-0.119241265866701,0
0,"B",-0.969626630806341,0.225251385804756,1
1,"A",1.31061426799533,0.238090448326399,1
0,"A",-0.53972242210414,-2.34421190240186,1
0,"B",0.302656828383171,1.10596767282044,0
1,"B",0.899047080728842,0.142837824324055,1
1,"A",-0.536371297214312,0.301514643019671,0
1,"A",-0.274140718292908,-0.83081777578877,1
1,"A",0.416737507707234,0.276946487810153,1
0,"A",0.215878113590148,-0.020848117397422,0
0,"A",0.433892687109693,0.947223542406587,0
0,"A",-0.863078850650622,-0.225957138633324,0
0,"B",-0.930762520093052,-0.761304557831831,1
0,"A",-0.337725281949778,-1.11544732205734,1
0,"B",-0.623053860613661,0.396269961228646,0
0,"B",-0.530021502093909,-0.601795060518688,0
0,"A",1.17204876585458,-0.671759941517986,0
0,"A",1.18156676725644,0.139677602202308,0
0,"B",-1.54094173402147,2.70150908567755,1
1,"B",-0.828626789108672,0.355063248155939,1
1,"A",-0.404838697852413,1.57313805667898,0
1,"B",-0.411413649443911,0.617366390534302,0
1,"A",1.91867331145011,-0.679133778823994,1
1,"B",-1.42521082610602,0.802048807949899,0
0,"B",-1.27680142843794,1.76224101700157,0
0,"A",-0.502828953607553,0.222118499562422,1
0,"B",-0.443590832111917,-0.684175026847198,0
0,"B",-1.2679677192696,0.322831740854318,0
0,"A",-0.224636537827899,0.73396388156802,1
0,"A",-0.257245073604101,1.8633209362748,1
0,"A",-1.3511852901806,-0.404666004521126,1
1,"B",-1.35819541252399,0.145660995014431,1
1,"A",0.71732680656631,-0.269218420018211,1
1,"A",0.640414174325276,0.685308971908917,1
1,"A",1.0809791111789,0.25458066281441,0
0,"A",0.183762671013189,-1.04872728403976,0
1,"B",-1.39340122379075,0.511373292219078,1
0,"B",-1.79495697515351,-0.407418195820883,1
0,"A",-0.606399471566913,-2.22096798907798,1
0,"A",-0.455003344455785,-0.124226461133848,0
0,"A",-2.300862957601,0.637858634947215,1
1,"A",0.0225674316545925,0.713069384121686,0
0,"A",-0.958153728842383,1.17557810979796,0
1,"B",0.334701464219047,0.185438305596113,0
1,"A",0.163616944780037,0.125781806536817,1
1,"A",2.27828195157063,-0.0631206859300445,1
0,"A",-0.584652019299635,0.0077926155916182,1
1,"B",0.600320403972165,0.852575812588514,0
0,"A",-0.307510509074136,-1.35826304839213,0
1,"A",1.17142450671344,-2.1272271951318,1
1,"B",0.291686978035706,0.0735084769079534,1
1,"B",0.626337282886056,1.76163424575869,0
1,"B",-0.190341705272897,-0.145060038904476,0
0,"A",1.02747342682239,0.478792199916685,0
1,"A",0.437750263507992,0.945838097697428,1
0,"A",1.47063532660661,1.40540347944499,1
0,"B",-0.969377746613717,0.229530323041073,0
1,"B",-0.996974254050601,0.7291452654821,0
1,"B",-1.18085293523538,1.56176589874984,1
0,"B",-1.42006886362778,-1.47437589180181,0
1,"A",-0.269219261665418,-0.601915270864866,1
1,"B",-1.03975924814834,2.52113173997707,1
1,"B",0.100570800219662,1.41392158312861,0
1,"A",0.711127869249299,-0.621300462105942,1
0,"B",-2.60042576432904,1.25369601286295,1
1,"A",0.604981362252612,0.291429648694597,0
1,"A",-0.051325241953541,-1.12670669894946,0
0,"A",-0.782222355271051,-1.70310713313551,0
1,"A",0.441931331648326,-0.547904152441928,0
1,"B",-0.642856495159226,1.7163823763537,0
1,"A",1.12544714126156,-0.762549154298292,1
0,"B",0.139272650966981,-1.84142732967494,1
0,"B",-2.53766752507811,1.00671970915582,0
1,"B",0.29347906501675,0.258279802189524,1
0,"A",-0.114988478565989,-0.852168892265214,1
0,"B",-0.928118107594315,-1.88427312785609,0
0,"A",-0.0512131687100774,-0.32974252883797,1
0,"A",-0.871264689290678,0.460978734625266,0
0,"A",-0.641263535523875,-0.286858566795041,1
0,"B",-0.505593158874206,0.96644429406454,0
0,"A",-0.00574286193825052,-1.04109797408916,0
1,"A",1.00449967475788,-1.15897508058925,0
1,"B",-2.55865280492898,1.15706607369968,0
0,"B",-1.04108008216043,-0.0211777121930356,0
1,"B",-1.38555254784349,0.115118840137095,1
0,"B",-0.13049629716939,1.29615063656977,0
0,"B",-0.370654793659831,-0.0458965216475277,0
0,"B",-0.140186989129064,0.640072157464814,1
0,"A",-1.6118569351854,0.42061430529598,0
0,"A",0.0898261343904475,-0.978226194388654,1
1,"B",-0.820924957313467,0.243910836476748,0
1,"A",1.28823937036347,-0.879899398778961,1
1,"A",0.469608152630191,-0.799874170157688,1
0,"B",-0.788966313561497,-1.48534322451627,0
1,"B",-0.424736440659147,2.54927395444898,0
0,"B",1.98215899312238,0.223037815822432,1
1,"B",-0.361089534093549,-0.356535915830825,1
1,"B",0.217665930402775,1.07514421282007,1
1,"A",-0.652716898876172,-0.533024075878619,1
0,"B",0.105761090489176,-1.34348715500113,0
0,"B",-1.10703543198513,0.270402961219325,0
1,"B",1.29194810158488,1.15424129354486,0
1,"A",1.10825785042196,-1.99482357885753,1
0,"A",-0.876790050120319,0.315471491425326,1
0,"A",-0.178467167419017,-0.49137125860224,0
0,"A",1.56190361495485,0.238018254995626,1
0,"B",-0.199237831525347,-0.277471187485447,0
0,"A",-0.45324450159428,0.511380172696606,0
1,"A",0.0084413600823004,-1.07180018987881,1
0,"B",0.657319928777619,-0.987645610515115,0
0,"B",-1.74494920486484,0.187126955166691,0
0,"A",-0.0270238303111016,-2.01229783737656,1
1,"A",0.525705543460216,-1.16976309039065,1
1,"A",-0.535018589395739,-2.2760098286143,0
0,"A",-0.987731631689861,-0.552308560300112,0
1,"A",-1.6189966649166,0.830208433856842,1
0,"B",-1.29061832776206,0.283563240846348,0
1,"B",0.949689443006276,0.890401338879308,0
0,"B",-0.990295303769221,-1.95617752303236,0
0,"B",-0.175285305100552,0.0210803632011575,1
1,"A",0.19840629273882,1.60524949201023,0
1,"B",0.328934304385194,0.0291435392272892,1
0,"A",-1.48407414824229,-0.750925181188424,1
0,"A",-0.899823150996421,-0.508701394676889,0
1,"A",-0.0538814004276808,-1.95443776452059,0
0,"A",-1.16936862978741,-1.35878859840723,1
1,"A",0.215579633411112,-0.317388036019576,1
0,"A",-0.123468744462306,-3.03056378295879,1
0,"B",-1.66589991909822,-0.0615712211427866,1
0,"B",-1.00389465421315,-0.950970111088124,1
1,"A",0.268467233501884,-0.630405854335675,1
1,"B",-0.182220548411758,1.15190859409615,1
1,"A",0.259272116246908,0.242128645338312,1
0,"B",-2.3027303765579,-2.04743684398713,1
0,"B",-1.763220999224,0.0613816411832015,0
1,"A",1.48107709780791,-1.38568672650908,0
1,"A",-0.442008235444027,-0.927518634518062,1
1,"B",-1.32040476376091,0.800996529825999,1
0,"A",0.274999993829846,-1.50391259673605,0
0,"A",1.19039459751581,-1.39755378561824,1
1,"A",-0.558290351984951,-2.56306094408542,0
0,"B",1.55240177132102,-1.24148729567283,0
0,"A",-0.527818999019808,-1.95487923620537,0
1,"B",-0.177880247248853,1.27478039541316,0
0,"A",1.04024253216893,-2.22513581634574,0
1,"B",0.187426911781946,0.7516724326093,1
0,"B",0.992819862643778,1.29303401640523,0
1,"A",-0.678912424556612,-0.157584901761582,0
0,"A",-0.394156182989474,-2.33381623385514,0
1,"A",0.682840864262846,-2.28551134073403,0
0,"A",0.276882567065668,0.72981177135139,0
0,"A",-0.929382233163494,-0.58639285458497,1
1,"A",0.0565964386140065,-1.97412988283138,1
0,"B",-1.20239232475717,-0.0428471483498348,0
0,"B",-0.0476411469791238,0.565929878420414,0
0,"B",1.29874900060456,-2.21825216449154,0
1,"B",-0.80324593277712,-0.451438890498776,1
1,"A",0.573513301366456,-0.639083089569172,0
0,"A",1.80628021087218,-1.30335376821085,1
1,"B",-0.389943895965728,-0.610735274350365,0
1,"A",1.34290983013539,-0.486245490787424,1
1,"A",0.521105969409645,0.696200709284904,1
0,"A",-0.0267535635160933,-0.575046531492537,1
1,"A",0.772028154256881,-0.178221023229761,1
0,"B",-1.79255856321991,-0.250135019493086,1
1,"A",0.738765127379028,-0.0291087439413001,1
0,"B",-1.03549163831603,-0.881661099585296,0
1,"B",1.67545452911594,1.8375117435738,0
1,"A",-0.678902178208089,-0.349984345177986,0
0,"A",0.142572292063767,-2.12571307250677,0
1,"B",-0.0629524503771641,0.483598418709128,1
0,"A",-0.419220233834956,-2.06175332244294,1
0,"A",0.669876784501868,-0.133006017454589,0
0,"B",-0.838170872598398,-0.0812888265038582,0
1,"A",1.0238494952639,-0.0531241275909469,0
1,"B",0.808784968170746,-1.41588499921323,1
1,"B",0.532629610489261,0.176660419271119,0
0,"A",-0.405509018009379,0.555030664386454,1
0,"B",-1.83591649836996,-0.174960629948559,0
0,"B",-1.4359870102529,-0.616833463193629,1
0,"B",-0.648650268347941,-0.191325965071372,0
1,"A",0.47600932439884,-1.52641993930146,1
0,"A",0.711575503556605,-1.84213733048161,0
1,"B",-1.1333610264806,0.501244741563654,0
0,"A",-0.0325174585894572,-0.745459141101531,1
1,"A",1.0025560233642,1.81206905535747,0
0,"B",0.154972628862639,-0.950462861566054,0
0,"A",-0.910920692168734,-0.558915380773569,0
1,"B",-1.23166781453196,1.11864486097047,1
0,"B",-2.1523014435227,1.93704462053277,0
0,"B",-0.918239797678259,1.27844606447051,0
1,"B",0.445186280480889,0.589162823685162,1
1,"A",1.69590446591099,-0.918512470960828,1
1,"A",0.0636812941666795,-0.390822593615961,0
0,"A",-0.473194265104024,1.23477629259393,1
0,"B",0.309779712680712,-1.44049454584387,0
0,"A",-1.83477015156039,-1.52638238397381,0
0,"B",0.607405601978734,-1.65878224331024,0
1,"A",0.401777728546112,0.984702320078759,0
0,"B",-0.987482454079858,1.02017219076586,1
1,"A",0.00829762797962891,0.625521681502801,0
1,"B",-0.00116847966628175,0.977978054632691,1
0,"A",1.01360026501519,0.0954182847220871,0
0,"B",-0.220712845194295,-1.23546608833938,0
0,"B",-0.05933607378364,-1.01226039070985,1
0,"A",-0.205319369423204,-0.708235290402572,0
0,"B",-0.737784153090686,-0.603265582686836,0
1,"A",0.920446611473367,-4.47539518301232e-05,0
0,"B",-1.5152402611175,0.625087813803656,0
0,"A",0.709230209314343,-1.51969530296204,1
1,"B",0.330800454058371,1.59614308692813,0
1,"B",0.476952753204039,-0.934868005754073,0
1,"A",1.14408651520331,-0.359400683908344,0
0,"A",-1.61471468675152,-0.529278849383089,1
0,"A",-0.403229199382014,-1.7911718094453,1
1,"B",1.11620524450551,0.842152145064612,1
0,"A",0.18491871902758,-1.40071550633496,0
0,"A",-0.359383413383605,-2.4944648267257,0
0,"A",0.711119221035044,0.413732274972035,1
1,"A",-0.724029808416676,-0.837824065947585,0
1,"A",1.11015227703593,-0.302973837957859,1
0,"B",-0.649508792090045,-0.125382417376641,1
1,"B",-0.190255866157338,0.461800028908681,1
0,"B",0.0380677772799717,-0.661557277033384,0
1,"B",-0.359943559439758,0.380744833040882,0
1,"A",0.264708008646184,-0.992691101928988,0
0,"A",-0.174783780042898,-1.13846210590649,1
0,"A",0.995073999465042,-0.625767543476843,0
0,"A",-0.52830345341884,-0.102971144125133,1
0,"A",0.121983212793491,-2.15161177862044,1
0,"B",-0.132263960197271,0.310773960715249,0
1,"B",-0.294931086342703,-0.244131221138097,1
0,"B",-2.12350224644048,0.416893103788541,0
0,"A",-0.633471590483218,-0.586409333766707,0
1,"A",0.828340862717839,-0.740447299547821,1
0,"A",0.500208605216525,0.364897770087885,1
0,"A",0.979651480333609,-0.985559735817092,0
0,"A",-0.370130562587727,-1.57843443125791,1
1,"B",1.01026461448285,1.60885178630552,0
1,"B",-1.02650976161964,0.685755465061176,1
1,"B",1.02710714129164,0.122188291364872,0
1,"A",0.2060300854744,-1.277787306746,1
0,"A",0.332602661165854,-1.95458409366161,1
0,"B",-0.6658721830639,0.29350408952543,1
0,"B",-0.886441476878664,-0.537971331942685,0
0,"B",-1.64628535809874,-0.126442966592973,1
0,"B",-1.508606269881,-0.78587924385157,0
0,"B",-0.554013843325296,-0.684934167147639,0
1,"B",-0.531597542598154,-0.0827325613532886,1
0,"B",-2.89026355894839,-0.640458629466362,0
0,"B",-0.422791467426906,0.415265199130076,1
1,"A",1.72391279599082,0.586766407284601,1
0,"B",-1.33238080109953,-0.123542937493655,1
1,"B",-1.31790093873159,-0.107093330551867,0
0,"A",-1.64697247010976,-1.3084264063049,1
1,"A",2.34995554972906,1.16814295628054,1
0,"A",0.186175245804531,0.421424355726856,0
0,"B",-1.23328321179996,-0.305880343179022,0
1,"A",1.39744047808987,-0.735844100565468,1
1,"B",-0.120096851598043,2.34030514039679,1
0,"B",0.593678720464268,-0.984736067408841,0
0,"B",0.0687320543305855,0.38693113220683,1
0,"A",0.244888608993575,-3.13154153942872,1
0,"A",1.61537182570887,-0.387974414884274,0
0,"B",-0.040259278163189,0.745094298579135,0
0,"B",-2.49397942689294,0.3463322171616,1
1,"B",0.0740693815045842,-1.42116717360446,0
1,"A",1.12106759411357,1.71262469021601,1
0,"A",0.100586820779704,-0.447684786247999,1
1,"A",0.745654141168055,-1.34324028785502,1
0,"A",0.209406760520701,-0.0574092348899704,1
0,"A",1.15783663823295,-0.580292428945521,0
0,"B",-1.49481910788543,-0.825773395291249,1
0,"B",-0.74040306311109,-2.0001816259598,0
0,"A",-0.465272024304322,-0.329391788901753,0
0,"A",-0.0957286502059151,0.370809741046407,0
0,"B",0.508564621086304,-0.156231511195013,0
1,"B",1.3068447246326,0.112088726810752,0
1,"B",-0.367670498854793,0.901425279776348,1
1,"A",1.69015134348351,-0.203201260849798,1
0,"B",-1.10136156823013,0.0638952225590518,1
1,"A",0.137385549459589,-0.846410324649475,1
1,"B",-0.790459357806749,1.1111678233456,1
1,"A",0.687807315683621,0.916833289147234,0
0,"B",0.350022583218983,0.653381538237934,0
1,"A",-1.15788693207687,0.35977324255682,1
0,"A",0.392228159151889,0.146961162870788,0
0,"B",-2.59508114982418,-1.82846486552764,0
1,"A",0.52614431876056,0.62704154554728,1
1,"A",1.83888427203759,-0.828377906668097,0
1,"A",-0.403427140443677,0.048416819541001,1
0,"A",-0.632911815098305,-0.907472880305618,1
1,"B",-0.00664671802400224,0.69794797364948,0
0,"B",0.453246024728128,0.489312181824397,0
0,"A",-0.868168645855152,-1.61645009602055,1
0,"B",-0.540111011175612,-0.581325471034263,1
1,"A",0.464008587689967,-1.70853274074079,1
0,"A",-0.301270604976351,0.821377062415809,0
0,"A",-2.62460195273372,-0.0139729480017493,1
1,"A",0.883865978086382,-0.300891052432806,0
0,"A",-0.0271630739190961,0.710348910368283,1
0,"B",-1.33554777501577,0.369809722604039,0
0,"A",-0.271368847061628,-1.98129311269007,1
0,"A",0.702933624922387,1.42889650850064,1
0,"A",0.537819740355775,-0.0578786695385605,0
0,"A",-0.573871279370883,-1.57173825327556,0
0,"A",-0.748352558515321,-0.663821928502467,1
1,"B",-1.01089160370261,-1.15398007581156,0
0,"A",0.129951115934136,0.808834627642571,0
1,"B",-1.4350703595366,-0.330848284249372,0
0,"B",0.195247720646754,-1.64082430639806,0
1,"A",1.64981821648482,-0.299182153293546,0
0,"A",-1.46501133874351,-0.560308309068673,1
1,"A",-0.288697634018677,1.40947500681184,1
0,"A",1.04227769435117,-1.96119476157685,0
1,"B",-1.08067691962006,0.342153084439112,1
1,"A",0.988497753981921,0.377489751330775,1
1,"A",1.40344149095812,0.931056561024195,0
0,"B",-0.01243738940197,0.209269989701781,1
0,"B",-1.76007895709398,0.828386505719847,0
0,"B",0.000148699187750068,1.53570325667307,0
0,"A",-0.436250366355481,-0.358319023979766,1
0,"A",-0.0178058611630131,-0.335233397734317,1
0,"B",-0.663603278930256,-0.225299158294446,0
1,"B",-1.13360199921897,0.610630969286378,0
1,"A",-0.408489106094867,0.959638426467513,1
1,"A",2.14641401773752,-2.50695466866448,1
1,"B",-0.562490654568065,1.36364340276082,1
0,"B",-0.654706516250226,0.416575059861606,0
1,"A",1.05256955608735,0.59626771867265,0
1,"A",-0.575545141848524,0.0124730145396403,0
1,"B",1.24748597548546,-0.916914593884026,0
0,"A",-1.51115250253533,-0.188715687282739,0
1,"B",-0.5875301327833,-0.176365855333264,0
1,"A",0.955442472824496,0.41317184722273,1
1,"A",-0.519260101055478,-0.209878273158255,0
0,"B",-2.41101301750375,-1.88940640959242,1
0,"B",-0.840881645244693,0.733454725067138,0
0,"B",-1.26108293311943,0.381232846182831,1
1,"A",1.19143584399603,-1.27398430027054,1
1,"B",0.280754656908933,2.39560802494083,1
0,"A",1.26160466943555,-2.33812988666999,0
0,"A",-0.18700723290962,0.012746935839044,1
0,"B",-0.957645270604736,0.137614668060963,1
0,"B",-0.526619255645521,0.00142489235033497,0
0,"A",1.85301307803921,-0.509872715174572,0
1,"A",1.07381555341841,-0.872438196232959,1
1,"B",0.287182691211768,0.375090965514121,0
1,"A",0.429240638080685,0.58610460570595,1
1,"A",0.56306429785154,-1.4357842458662,0
1,"B",-1.06755790251063,-0.577984216360762,1
1,"B",0.0106046482433831,-1.18027851279097,1
1,"A",1.35528472752666,1.19805187608582,1
0,"B",-1.92049880246208,-1.0947630890745,0
1,"B",-0.0865798508406469,-0.973789490474375,0
1,"A",1.96824061273198,0.857937370659143,1
1,"A",2.47467787260516,-1.03368438161851,1
1,"B",-0.285825129966528,1.16566460447397,1
0,"B",-2.5831537416425,1.29377740016507,0
1,"B",-0.881258807233451,0.0816449098305754,0
1,"B",-0.534382339391864,1.48708174999117,0
1,"B",0.914733027152391,-0.469457549767833,1
0,"A",-0.721208597704318,-0.961033428344931,1
0,"A",0.756650815772716,-1.26251065517752,0
0,"B",-0.648651550161077,0.421619070659266,0
0,"A",0.10120758905583,-1.13957617905911,1
1,"A",0.575888465947671,-0.165346185235141,0
0,"B",-1.56647497077093,0.346007600734059,0
1,"B",-0.755536508728378,-0.0120004161127737,1
0,"B",0.495002891916184,-0.249565394863309,0
1,"B",1.08610914921765,0.469631093863492,0
1,"B",-1.70948569511117,2.55824439516436,1
0,"A",-0.757891971084347,-1.58928226877838,1
0,"A",-0.473317235916925,0.311058639239253,0
0,"A",-0.0794867368421298,0.14861732143394,1
0,"B",-0.768743276528282,-0.297049856742888,0
0,"B",0.252396750535686,-0.544335127439895,1
0,"A",0.0439423873108885,-1.48545532353003,1
1,"B",1.00070452853941,-0.0510973151008277,0
0,"A",0.352538365901539,-1.40288467804271,1
0,"A",0.545317103705784,-0.450673903390841,0
1,"A",1.28699777457772,-0.0338407402367389,1
1,"A",0.876876151726304,-0.171932651988238,1
1,"B",1.25240208844713,2.56507233857449,0
0,"A",0.26827457196344,0.133904480264919,1
1,"B",-1.47311775809773,-0.262572752922088,1
0,"B",0.673121693539771,-1.15029913321493,0
1,"A",0.317127154993005,0.0200393390898477,0
1,"A",1.11914225655417,-0.707099364288925,1
0,"A",0.621885764708618,0.542025274908024,1
1,"B",0.0398767352721282,-0.136373195819245,1
1,"A",1.22057692195933,0.575611167506439,0
1,"A",0.695477050492852,1.27325031203506,0
0,"A",0.610518511140034,-1.19461526244899,1
1,"A",3.08118692099491,1.5008121182341,0
1,"A",3.07799258333092,-0.759127190835144,0
0,"B",-0.500548329143841,1.11184691606512,1
0,"A",0.674653900632609,0.18784633694384,0
0,"A",-1.04039023806202,-1.44874526555453,1
1,"B",-0.282171399767151,1.21683442660602,0
1,"B",-0.763182767493766,0.771797952411175,0
1,"A",2.56990845662288,-1.32315315995684,1
1,"B",0.228367862586578,0.963866912345647,1
1,"A",1.63961178589777,0.00263053350383574,0
0,"A",-0.151678464954435,-0.81571481019949,0
0,"B",-0.887747407487034,0.617367144055408,0
1,"B",0.59092759925526,-0.848904725663444,1
0,"B",1.62800856013292,0.747956415571646,1
1,"A",0.802551875051562,-1.09322792013749,1
1,"A",-0.283101784819719,0.670082267309246,1
1,"B",-2.29364373919961,1.45986274046156,0
1,"B",0.240637635972083,1.83852634471141,1
0,"B",-0.0248053213699461,0.248778034854393,0
1,"B",1.33924320200489,1.94319955312769,1
0,"B",-0.880254622092351,1.22271103284469,1
1,"A",-0.487093462334169,-0.196667053985489,0
1,"A",1.20334171019621,-1.00398204492665,1
1,"A",1.17123259997949,0.620608227406125,1
0,"B",-1.70232536120472,-0.578404959603637,1
1,"A",-0.411935137569417,0.541258597749672,0
1,"A",1.90372818720898,-1.9876765474578,1
0,"B",-1.6692462600492,0.741296417831414,1
1,"A",2.03277606100652,-1.37315068681212,1
0,"B",-1.70385581039284,0.123888514690725,1
1,"A",1.93315756099405,-0.716205738209952,1
1,"B",1.37521251262889,0.244827233986459,0
0,"B",-0.484729857107194,-0.0941768245196753,1
0,"B",-1.87322764015651,-0.727633326809555,0
1,"B",-0.300094665041209,-0.766407028039864,0
0,"B",-0.751010442167238,-1.27716792297918,1
0,"B",-1.92637271623141,0.598665217673141,1
0,"A",-0.710496657369583,1.20800237886509,1
0,"A",0.45662585599962,0.610328128280298,0
0,"B",-1.997098976627,0.095894738038647,0
0,"A",0.063051730068932,-0.964372399423899,0
0,"B",-1.52709343986963,-1.23019190668009,1
0,"A",-1.00074002677381,-1.53082826155015,0
1,"B",0.815686200262676,0.491439456792413,0
0,"A",-1.00066682688792,-0.35366656697602,1
1,"A",0.0746764771247469,1.44693112093234,1
1,"B",-1.98823796045379,-0.272808247296529,1
1,"A",1.6549402815632,-0.803735344355638,1
1,"B",1.21826763546271,-1.11633083359213,0
0,"B",-1.63789437948492,0.939188594162763,0
0,"A",-0.916411153378498,-1.22988423001032,1
1,"A",0.23308598342133,-0.80873409953367,0
0,"B",-1.41737364103948,1.68667440849134,1
1,"A",0.461688360632967,-0.426804776748251,1
1,"B",0.89220003240974,-0.0372509414782947,1
0,"B",1.37320222216996,-0.406656877496768,0
1,"A",1.95056135280277,-0.480875924724502,1
0,"B",-0.518478228201668,0.0930748098981445,0
0,"B",-0.55597580752439,-1.23053316991499,0
1,"A",1.71022249803027,-0.139879516373759,1
1,"A",1.30506136166603,-0.0159945586235756,1
1,"A",0.805687659159658,-2.1125098637509,1
0,"B",-1.55609737221532,-2.85563484001163,0
1,"A",1.85128098885638,0.372546119644573,0
0,"B",-0.573319128436376,1.34530206889533,1
1,"A",1.8044036835818,-0.147001440318072,1
1,"A",0.6308080031089,0.272247488538898,0
0,"A",0.911486938950476,-1.15733619531682,0
0,"B",-1.37943298519866,-0.353595817176868,0
0,"B",0.19767370526641,1.4687137077398,1
0,"A",0.261628408613622,-0.621638898613947,0
1,"A",0.997866228098441,0.222061477716822,0
1,"B",-0.717225990532626,1.39153164073547,0
0,"A",-1.79021175341754,0.329145933223072,0
0,"B",-1.46670062494098,1.98646612080978,0
0,"A",-0.762154318229205,0.0828895730051077,1
1,"B",-0.767348576935588,0.962077099079844,0
1,"B",0.407042030499434,-0.306781703109092,0
1,"B",0.344105851376778,2.2774145467856,0
0,"B",-1.53836444456634,-1.09625886787129,1
0,"A",-0.621160386975443,0.529397527151231,0
1,"B",-1.10518083644875,1.02237267268631,1
0,"B",-2.31873458451234,0.63721397009939,0
1,"B",-0.22662114079302,1.01459149418548,0
1,"B",-0.125706052960172,-0.686227170954009,0
1,"A",1.07970930210983,0.811251984442405,1
0,"A",0.473127568607466,-2.50699395008233,1
0,"B",-0.137707094463122,-1.06330075000137,0
1,"B",-1.3447580532216,1.00302537421673,0
1,"A",1.66749408784173,0.0160903581586319,1
0,"A",-1.07502629026232,-0.484410500876267,0
0,"B",-1.45395641718462,-0.0903619708043886,1
1,"B",-0.0750742213407598,0.686473469340236,0
0,"A",0.260150965484825,-1.76249550673902,0
1,"A",0.430596634495015,0.402959623686993,1
0,"B",-1.13454451625883,0.36845385817688,1
1,"B",0.892668991890295,0.0269014164647303,0
1,"B",1.45434225482576,0.13892076425685,1
1,"A",-0.42816376795767,0.192075791510145,1
1,"B",-0.110782089126997,-0.379111568298899,1
1,"A",2.0860307962551,0.366361559406311,0
0,"A",0.684200714975665,-0.246243745085273,0
0,"B",-1.70507288751651,1.49197742649077,0
0,"B",0.607394176298737,0.190466864522625,0
0,"A",1.03577955984428,-0.137944333411132,1
1,"B",-0.138985432459645,1.65851298729921,0
0,"B",-2.23158039109671,0.381897071170629,1
0,"B",1.12962294839346,0.102907429061386,0
1,"B",0.392431344095703,-0.856868021265119,1
1,"A",1.29407849243816,-0.0974277009004428,0
1,"B",1.28362413873142,0.548022681291029,0
0,"B",-1.46791028073174,0.207009546626506,1
1,"A",0.883896066869401,1.11381868447927,0
1,"A",-0.316623473219201,-1.39179591524153,0
1,"B",0.625291412828906,0.450466118489479,1
1,"B",-1.32594574247728,-0.200890341774024,1
0,"B",-1.60320038277385,-0.785926556613911,1
1,"B",0.410597860779384,0.318377702054108,1
1,"B",1.27968454046926,1.98156842072957,0
0,"B",-2.3139745114616,0.0973059464632502,0
0,"B",-1.02195955626797,-2.04863096980725,1
1,"A",-0.0887674264868387,-0.258586166879939,1
0,"A",-0.0708891094448412,-1.50861300691414,0
1,"A",-1.32718855749901,0.140631291639608,1
0,"B",-1.92204533180258,0.174273724811769,1
0,"A",-0.194297218595134,0.606635931449327,1
1,"A",0.175809006627313,-1.65879890655954,0
0,"A",0.425108892535753,1.13482790970648,0
0,"A",-0.249838305069198,-1.36304033154602,1
1,"A",0.896357679379691,-2.10442950384147,1
1,"A",0.0746407600706026,-1.07965819375567,0
0,"A",0.410667064511513,-1.5524925328798,1
0,"B",-1.30505122543957,-0.37260466387681,0
0,"A",-0.296410604134848,1.99340302850488,0
1,"B",-0.974747651348708,0.908812859141209,0
1,"A",1.54605208526509,-0.595555986647644,0
0,"A",2.44675352863287,-0.122162755581575,1
0,"A",-0.499075670600268,-1.56579886402118,0
1,"A",0.883984427010194,-1.58941399486866,1
0,"B",1.11382096654913,0.293413222480263,1
1,"B",-0.515859341539595,-0.203171839436188,0
0,"B",-0.85618814475675,0.451541242388416,0
0,"A",-0.383227736797681,-1.28349627020484,1
0,"B",-1.18071394457091,1.36092515241173,1
1,"A",0.476630766498658,-0.742929733263672,0
0,"B",1.44176230265413,-1.55497406553136,1
1,"B",-0.60110156965347,1.02458685784439,0
0,"B",-1.02106727929209,-0.0631697140665644,0
0,"A",0.459995331548012,0.0996849921401003,0
0,"A",-0.000345890751354772,-0.26174072919204,0
1,"A",1.90313930904122,0.262773456604387,0
1,"B",-0.393822050849568,1.70027814708674,1
0,"B",0.453514696729576,-1.65323114079055,1
1,"A",-0.529133331440921,0.378104672901038,0
0,"A",-0.628924894149995,0.465415402595512,1
1,"A",0.356161168886239,0.538644321080564,1
0,"B",-1.76366002842679,-0.957150729601906,1
1,"B",0.533226601180133,0.17684564378245,0
0,"B",-1.70557021617297,0.830555526905836,0
0,"A",0.20172289679408,-1.05085977363539,0
0,"B",-2.476342868468,0.156399554950127,0
0,"A",-1.73680334640527,-0.599095388338431,0
1,"A",0.45208556509859,-1.44523127530617,0
0,"B",-1.19288154931932,0.317890702626683,0
0,"B",0.233371160316952,-0.401505558749385,0
0,"A",1.17627444756706,-0.856711367885883,0
0,"A",-0.250708739160448,-1.13734936689688,1
1,"B",-0.625013210414286,0.840787978684473,0
1,"B",1.01644323393027,-0.0772687917090951,1
0,"A",0.33687094674133,-2.18560778774316,0
1,"B",-1.47029843632402,0.66181440045937,0
1,"B",-1.10239049436869,0.240973646331712,0
0,"A",0.169985808909788,-0.782362161771165,1
1,"B",-0.724063010348286,2.62870303688085,0
1,"B",0.937823686947093,1.19436693221565,0
0,"A",-1.06774283146141,-0.870193860759073,1
1,"B",0.0684874384780504,0.101128143986456,0
1,"A",0.753959364758082,-1.59516186302362,1
1,"B",2.03860040782598,1.94951218566504,1
1,"A",2.21926916525244,0.471830002171977,0
1,"B",-0.259585612488418,-0.277097444082643,1
0,"B",-1.04993127370353,-0.103267913417952,1
0,"A",0.525697444948021,0.826780538221373,0
1,"B",-1.05747502442097,-0.178816102947371,1
1,"A",1.7592165899251,0.0469357232204725,1
1,"B",-0.353283877049936,-0.69340802816646,0
1,"A",0.566853426308046,0.426517687426328,0
0,"A",-0.875371480952411,-1.06560091922261,0
0,"B",-0.263606120367796,-1.37626057796341,1
1,"A",2.16540151262546,-1.29719189015677,1
1,"B",0.155761173727035,1.08872003640173,0
1,"B",0.00958825121477991,-0.269376333658279,1
0,"B",0.842663048991117,-0.71082640243987,1
0,"B",-1.98318752747862,-0.570726865758541,0
1,"B",0.0160998504403609,-1.71670770885321,1
1,"B",-0.490508525785005,0.896935657543662,1
0,"A",1.71140805644185,-0.0148124093394373,0
0,"B",1.24411340677404,0.440140001340752,1
0,"A",0.455036477955813,-1.1323043912919,0
1,"B",-0.0215617063763712,1.18785805263648,0
0,"B",-1.83107225232278,0.744165294392671,0
1,"B",1.86353514961078,-0.0516664093165594,1
0,"A",-0.728647370870335,1.71136257670359,1
0,"A",1.09440986964671,-0.905090651665983,0
1,"B",-0.205840670126947,1.07674999354256,1
0,"A",-0.939144926825968,0.0466301663685275,1
0,"B",-0.449294153439604,-0.696248721465956,0
1,"A",1.83740202295998,0.307179087359511,1
0,"A",-1.74873192112045,0.501194767897191,1
1,"B",-0.123413539286296,-0.724010169278332,1
1,"B",-1.28040826459238,2.61757376632486,0
1,"A",0.850770749762078,-0.52239328696309,0
1,"A",0.55123874125188,-0.181133911029355,1
1,"B",-1.88546990221385,2.09903658680193,0
0,"A",-1.71962415165191,1.05348605773207,1
1,"B",0.790990208232668,0.531877648126757,0
1,"A",-0.174845919628077,-1.49575078496871,1
0,"A",-0.490198290867079,1.51014592318549,0
0,"A",1.08843993335857,-1.78330298768346,1
1,"B",-1.31420449604799,-0.232965084582556,1
0,"A",1.17765678368725,-0.221400751505107,0
1,"B",0.74482180941379,1.35667328952955,0
0,"A",-0.34372430198474,0.183291433649205,0
0,"B",0.271082969210192,0.398232884500205,0
0,"A",0.248422318831649,-0.156640065237026,0
1,"B",-0.211635973466236,0.496033855281543,0
1,"A",0.271797098415985,-0.476982380270393,0
1,"B",0.993769874633045,-0.349842315498707,1
0,"A",1.75681903853277,0.156187184371634,0
1,"A",0.200987611771341,-0.780109121813856,0
1,"B",0.520680718621928,-0.196694151297041,1
0,"B",-2.44933807758691,0.0275020202239746,0
0,"A",-1.4719349027566,-2.50360433254909,0
1,"A",0.67871748212379,0.649129165095766,0
1,"B",-2.06161792152014,0.775842889882686,0
0,"B",-1.36792139421665,-0.940721152857223,0
0,"B",-1.3018731688555,-1.82803671028176,1
1,"B",0.730465611794621,0.116623629174114,1
0,"A",1.12876640856525,-1.16921953102314,0
1,"A",1.1941387293405,-0.670183345371848,0
1,"A",-0.524363035116666,1.2649360968793,0
0,"B",0.735844982940989,1.24520203298636,0
1,"B",-0.686245195736167,1.25682105339472,0
0,"A",-0.509356213547182,-1.05235791448987,1
0,"A",-0.40402988783312,-0.764991825798609,0
1,"B",0.0572176549385698,0.393471041505012,1
1,"B",-0.152214801832189,0.164206848195747,1
1,"B",-0.492947829561276,1.40768303279397,0
0,"A",-1.6373373518874,-1.39174966343443,1
1,"B",0.505560096796893,0.107401399858894,0
0,"B",-2.22816269244201,0.13723334336224,0
0,"A",-0.343530417198362,-0.995128500649156,1
0,"A",0.071606366548037,-0.3250060419744,0
0,"B",-2.41738824379673,0.484712201391965,0
0,"B",-1.94991286601359,1.42251588384056,0
0,"B",0.933537477262858,-0.53242562933997,1
1,"A",1.75361498488298,0.443258711504005,0
1,"B",-0.7902152026994,0.845450060340996,0
0,"A",-0.301467151969865,-0.631679229877644,0
0,"A",0.971057214708295,-0.666052113186517,1
1,"A",-0.39265518267597,1.0180494086546,1
0,"B",-0.306549259195904,-0.512794845083199,1
1,"A",0.321283041683722,0.204615795449649,1
1,"B",1.8176814851324,0.0901718138090528,0
1,"A",0.336777039300084,-1.70219451760063,1
0,"B",-1.92219242790799,1.03337648250424,1
0,"B",-1.07151570828127,0.393912318706135,1
0,"A",-0.205801171028751,-0.675466177676189,1
1,"A",0.238276582786478,0.795775460125792,0
0,"A",-1.74079332453457,0.510005991281864,1
0,"B",-1.7659703828094,1.34964156671268,1
0,"A",0.390011251083182,-1.42339837294694,0
0,"A",-0.533572763017946,-0.296425852728685,1
0,"A",0.303762691367524,-0.749860741813377,0
1,"A",-0.036870430644556,-0.343625157736937,1
0,"A",-1.33681161367387,-2.31275856088427,1
1,"B",1.5735136247082,1.13907390583959,1
0,"A",2.1405694830308,-0.235262045825916,0
1,"B",0.473312980016512,0.340714021797387,0
1,"B",0.418468207440417,-0.535602247598669,1
0,"A",-0.183664557338638,-1.55157362565109,1
1,"B",-1.08710557840243,1.48320836902549,0
0,"A",0.7652903464397,-1.88590056144385,0
1,"A",0.420374577358861,-0.340660724174621,1
1,"B",1.8988412057906,1.18926521231291,1
0,"A",-0.951602250494766,-0.608866638119485,0
1,"B",1.21681118300863,-0.5961505803185,0
0,"A",2.63654645601774,-1.60880712941552,0
1,"A",1.11402813646571,-0.887390165753716,0
0,"B",-0.20583678969325,0.152266483181899,0
0,"A",-0.616291112152236,-1.12036413517033,1
0,"B",0.103821286552952,-0.737238117535677,0
0,"B",-0.826874205542623,-0.145885922395502,1
0,"A",-0.16641589601489,1.12961693288888,0
0,"A",-0.191175385026994,-1.60431798134141,0
0,"A",0.448257689189109,0.348337896581216,1
1,"B",-0.673846604275513,-0.466592490104958,1
0,"A",0.607932570810068,0.475438656031765,1
0,"A",-2.52356727347909,-1.05039996573528,0
0,"B",-0.783026022300291,0.999664185994016,0
0,"A",1.34635354196249,-0.559003671241901,1
1,"B",-1.04770436838586,-0.185499106562915,0
1,"B",0.599631612387665,-0.624935608691804,1
1,"B",1.08051164877434,-0.120426092388652,1
0,"A",0.515533268028445,-2.09735303697327,1
0,"B",-0.986234731360379,-0.735209065696992,1
1,"A",1.51900329065954,0.542120250843966,1
0,"A",-0.08358177549534,-0.927245999301929,1
1,"A",-0.679278870985285,1.11632639587524,1
0,"A",0.339714703776251,0.0695069975145086,0
1,"A",-1.21629952566897,-0.866297641885107,1
0,"B",-0.10311787572862,2.06017234099408,1
0,"A",0.842870741774907,0.654466941631374,0
1,"B",1.07205842329801,0.0584669426217396,0
1,"B",-0.0914119259102472,0.381979059012125,1
1,"B",1.8197844134193,1.18172548464876,1
0,"A",-0.387130998015608,-1.07988715788585,0
0,"A",0.0724916951013059,0.11687990046304,1
0,"B",-0.287504271360859,-0.473297538231785,0
1,"A",0.0139369492435183,1.20062313557183,1
1,"A",-1.0211089013286,-0.240005704856784,1
1,"A",1.72139451430053,-2.05282091879462,1
1,"B",-0.586001305009265,-0.295681779754915,1
0,"B",-0.94547018889937,-0.462142884457017,0
0,"B",-2.21842964074271,0.599006721161443,0
0,"A",0.447921395102056,-2.95005170215593,1
1,"B",-0.516375041433193,-1.09447401760174,1
0,"B",0.526392098232567,-1.05346684198993,1
0,"A",0.575797029503231,-1.22424928283365,1
1,"B",-0.257862520993586,0.540589837489649,1
0,"A",0.0177073319948805,0.116783954333591,1
0,"B",-1.37805651586565,0.192680612306531,0
0,"A",0.684096110420391,-0.183867157050328,1
0,"B",-0.23086843244473,0.347638839610757,0
1,"A",0.0275788477512525,0.589173665270925,1
0,"B",-0.757760670472172,-0.0154555646969973,0
1,"B",-0.419849460544101,1.37895018844155,0
0,"B",0.367118800156308,2.39213737868525,1
0,"A",-1.74423552868884,-0.697313423683679,0
1,"B",0.556350236628982,1.00719635762667,1
0,"B",1.8437678103083,-1.01119472657117,0
0,"B",-2.06062599059435,-0.311096102700686,0
0,"B",0.732695584928652,1.57091985160533,0
0,"A",-0.323929089083724,-2.55151198007243,0
0,"A",-1.11391868481645,0.185707259047338,1
0,"A",-0.750135410988382,-0.394057793797753,0
0,"B",-1.95076581650221,1.29066463016218,0
0,"B",-1.41399529568963,0.0995696010870826,0
1,"B",0.757229086982977,-0.241091276388099,1
0,"A",0.45277487662876,0.375932888142362,0
0,"B",-1.73315541411768,0.296767418711742,0
0,"B",-0.518536445866243,0.178796385389286,0
0,"A",-0.931895984045193,-0.0244959677950958,0
1,"B",0.767679755018632,-1.14946607720529,0
1,"B",0.203858186123519,1.59424231541918,0
1,"B",0.0974826231455239,-0.912458023944424,1
1,"B",-1.80695631066821,1.21409255673559,0
1,"B",0.483662748334605,0.500965150618545,0
1,"A",0.90237227272176,1.67349457567726,1
0,"B",0.138514860077675,-0.172662278155371,0
0,"A",-0.237660366933139,-0.242066800486093,0
0,"B",-0.0266417135189895,-0.33830338486887,0
1,"A",-0.120939356754384,-1.16405772899467,1
1,"A",1.39958871143174,0.00642167506147334,0
0,"B",0.0114075530156887,0.357524667610293,1
0,"A",0.340674567649408,-1.39006328362107,1
0,"A",-0.19996645999012,-0.438454223642079,1
0,"A",-1.25285062654122,-0.212924013455915,1
0,"B",-2.4036709416277,1.35941406496894,1
0,"A",1.00629885965909,-0.688874327975405,0
1,"B",-0.49053587212708,1.27035259852107,1
0,"A",-1.91432464322735,-1.27273507058005,0
0,"A",-0.688140159293161,0.921865285143355,0
1,"A",-1.54010147402315,1.47744587719303,1
0,"B",-0.276477912709657,0.817697052244301,1
0,"A",-0.851505039759675,-0.0374397681277074,0
1,"A",0.174670317076156,-0.107190936416022,0
1,"A",-0.298600703764254,0.0535708232597691,0
1,"B",-1.29664365411997,0.307301857278895,0
0,"B",-0.269827582596951,0.798939652058016,0
1,"B",0.150589271216187,0.307696973081385,1
0,"A",-0.062949099559257,-1.41607431943567,1
0,"B",-1.90220005536184,0.383500004653926,1
1,"A",0.15920047346177,-0.39254127116034,1
0,"B",-2.03420072247568,0.344198877765652,0
1,"B",-0.768514894999168,-0.646123696256269,1
1,"B",0.404616019539975,2.15751953648283,0
0,"A",1.03880014866946,0.215841177078828,0
0,"B",-1.03940993027925,0.490542543364305,1
0,"A",-0.525048721784606,-1.31587813905539,1
0,"B",-1.44817161114519,0.482464992957676,1
0,"B",0.136813248498327,-0.328999573824332,0
1,"A",1.73838526592796,-1.37796119956331,1
1,"A",1.51387528558851,-0.39440748689973,0
1,"B",-1.25990591447848,1.32881246416416,1
1,"B",-1.5848725426709,0.609401910256425,1
1,"B",-0.0626635409008297,-0.298688930358444,0
0,"A",1.25001383503163,-0.373613880312425,0
0,"A",-0.392674945298046,-1.45662459719619,0
0,"A",-0.935835079430745,0.121040969485946,0
0,"B",-1.49120544786306,0.0615881203618593,0
1,"B",0.178417079997965,0.0288557299557542,1
0,"B",0.447982654575231,0.322579390823711,0
1,"A",-1.12150799005047,-1.06264687817934,0
1,"A",1.00801104926942,1.97605267584842,1
0,"A",0.352087946019055,-1.3484308758193,1
0,"A",-0.827601462315951,-0.363563388300132,1
0,"A",-0.533461879485036,-0.39004207963755,0
1,"A",-0.188981614194329,-1.91247236440129,1
1,"A",1.5224429369685,-1.02247714622992,0
0,"B",-1.14746292046261,0.234608793743021,0
0,"A",-1.45184833338805,-1.16471778295153,0
0,"B",-1.33226299139189,0.49911476103358,0
0,"B",-0.495809610621726,0.802866000329961,0
0,"A",-0.470620624263891,0.329741624808396,1
1,"A",0.382494177373119,0.644386738192111,0
1,"A",0.977306252007669,1.08743612214175,1
1,"A",1.08098959586119,-0.530434033294473,1
0,"A",-0.0539611160195496,-0.30797449819549,1
1,"B",-1.48918775608505,0.98690210010312,0
0,"B",-1.19057482510266,0.473566646672163,1
1,"A",0.303667631980293,0.213061473048433,0
1,"B",-1.45580550517994,0.973219016608667,0
1,"B",-0.932417256686324,0.511680633022662,0
1,"B",1.35977344091007,-0.934189614628107,1
1,"A",1.16440509699275,-0.44954501311497,1
0,"B",-1.2006188744397,0.877805986653484,1
0,"B",-0.457972449765759,0.135743793236065,0
1,"A",1.64528201566526,-0.840855295349361,0
0,"A",-0.855607942446507,-0.656621254950229,1
1,"B",-0.243800242042494,0.440408754342409,0
0,"B",-1.27416058206482,-1.22059766584884,1
0,"A",0.673721918245634,-0.216234477262748,1
0,"B",-0.968692206453128,-0.766051892788928,0
0,"A",0.842650927317609,-2.172667838643,1
1,"A",0.586672592135106,0.71814526485327,1
0,"A",-0.946471146590248,0.464598932461776,0
1,"B",-0.877552447125174,-0.219052865677396,1
0,"A",-0.969128380143351,-1.55236606235943,1
0,"B",-1.46540018168099,0.775389061490591,0
0,"B",0.220543709802002,-0.870233827278765,1
1,"B",-0.0433704465985198,0.118754721725291,0
1,"B",0.429702495934249,0.306999718451713,0
1,"B",0.784538859353309,0.991863579942366,1
1,"B",-0.126867608812276,0.285333585090491,0
1,"B",1.6442495941762,0.140884874780351,1
0,"A",0.359866907151013,-0.43958811157602,0
1,"B",-0.323876995876885,-0.257588800383919,1
0,"A",-0.894009930597712,-1.74961953755134,0
1,"B",0.918113206537122,-0.137696082307985,1
1,"A",1.22974576062979,0.718626527711803,1
1,"A",0.559129887222231,1.10796954251956,1
1,"B",0.490448894174621,-1.68379880695174,0
1,"A",-1.31517665594856,-0.511088019853753,1
1,"B",-2.70553146365944,2.5072711388428,1
1,"B",0.15166877302872,0.754299620612959,0
1,"B",-0.601428807424313,0.12250086642808,0
0,"A",-0.257899332997998,-1.58809372969649,1
1,"B",-1.54681009932081,-1.262404940891,0
1,"B",0.183851297029513,0.264623318785108,0
0,"A",-0.937374181027526,0.60634235630046,1
1,"A",0.333614038824435,-1.43034734592268,0
1,"B",-0.65453391659824,-0.19027685981617,1
0,"B",-1.37688483865064,-1.53537632072557,0
0,"A",0.436078256543921,-0.20423510617298,0
0,"B",-2.83831874407855,-0.971252833888299,1
0,"B",-0.346151417764275,0.190374557157972,0
0,"A",0.126908867152851,0.1921287946366,0
0,"A",0.0682476846666223,0.32508874396087,0
0,"A",-1.14243834498992,-0.00584166654582235,0
0,"A",-0.43011812608169,-1.47911160826705,0
0,"A",1.58474624855708,-0.335382706786618,0
1,"B",-1.39461995550704,-0.701911961574955,1
0,"A",-0.275637502691903,-1.42154986865729,1
1,"A",0.327745004335698,-0.839429559936536,1
0,"B",0.679363019776321,-1.52147335749469,0
1,"A",2.13511900249691,-0.26759789797143,1
0,"A",-0.266601528362982,-0.201643380377637,1
1,"A",0.665480799058166,0.0223586419341868,0
0,"A",0.799395643627441,-0.106257028519339,1
0,"B",1.02452254897508,-0.186203849037205,0
1,"B",-2.08906008212657,0.0383553768328732,0
1,"A",1.50765065495476,-0.912580164129224,1
1,"B",-0.960458693253183,0.614128516969834,0
1,"A",1.04509115414401,-0.342039428909265,0
1,"A",-1.10729923034429,-0.0168337170549606,1
0,"A",-0.707907365549948,-0.683488756724691,0
1,"A",1.72888169439317,1.04511177687022,1
1,"A",-0.0489848031210043,-0.855367947439659,0
0,"B",-0.968105492322147,-0.193554048564551,0
0,"B",-1.74154052630411,-0.531290140870344,0
0,"A",0.441274328173471,-1.70533888653426,0
0,"B",-1.50231750706835,-0.255135076426141,0
1,"B",0.44505096845946,-0.0602740858847098,1
1,"B",0.557943775229832,0.0888916780410691,0
1,"A",2.05957501852106,0.308235968195905,0
0,"A",0.435016757402506,-1.37120460566737,1
0,"B",-2.89810838735369,1.24769148438796,1
1,"A",1.87594075499718,0.118903896525494,0
1,"A",0.727735666251442,0.191850205682985,1
0,"A",1.53854198080996,-1.02981416255873,1
1,"A",0.0124470838340747,-0.0202953723546651,0
0,"A",0.508485658609519,0.602397401913681,1
1,"A",-0.636323080486573,-0.626965127522394,1
0,"A",-0.727450842785281,-0.256105553888615,1
0,"B",0.612054942933712,1.50462739967989,0
0,"B",1.20561572543624,0.400120805763105,1
0,"A",0.560745178687713,0.414922752623118,0
1,"B",0.60469131671501,-0.0158020561804529,0
0,"A",-0.920628061441937,-0.787920149954503,0
1,"A",0.951097583357562,-0.925011822765154,1
0,"A",0.33456306077037,-1.94666908162511,1
1,"A",1.01912945888252,-1.00001870410238,1
0,"A",0.0879887045827707,-1.03916744064389,1
1,"B",0.797100052037701,-0.976668019674628,0
1,"A",1.2520648267096,0.497741878334881,0
0,"A",0.922992468421362,-1.60722909059498,0
1,"B",-0.401723558923776,1.25291373794398,0
1,"B",0.488326024254402,0.0770226878063041,1
0,"A",-1.57276473264522,-1.30749860552076,0
0,"B",-0.790519741368724,0.88294142176432,0
0,"B",-1.06362530821344,-2.2636463537393,0
0,"B",-0.17497247147416,0.511182625896768,1
0,"B",-0.919099117912967,-0.804998172507461,1
1,"B",0.609143197863774,-0.266732979058395,1
0,"B",-0.449532561500309,0.196461129037979,1
1,"B",0.0614502301600498,1.05289000684901,1
0,"A",-1.41867186493089,-0.311239461222616,0
1,"A",0.410607754078373,-0.22662428744979,1
0,"B",0.708225230837718,-1.26280576416161,1
1,"B",0.814271234300041,0.408350424230693,0
1,"B",-0.375084227408599,1.15196688382731,0
1,"B",-1.47982072477818,-0.0584835491068192,1
0,"A",1.06901088967039,-0.244386369810602,1
1,"B",-0.325841411139278,-2.25523848528493,0
0,"A",0.873646504266823,-1.71314769914837,1
0,"A",1.27364612557086,-1.62875413071374,0
0,"B",-1.0910951670879,0.283794466554585,0
0,"B",-0.434698613434903,-0.104833656737174,0
1,"A",0.471604341084667,-0.445597811403838,1
0,"A",-0.330413780985624,-0.528707180483682,1
0,"A",-0.599523226324961,-2.23141118652649,1
0,"B",-1.14468050532646,-0.847822923243003,0
1,"A",-0.726324373929117,-0.465544696566967,1
1,"B",1.0650721727517,-0.753202560496455,1
0,"A",1.13218817906878,-1.74820239890007,0
0,"A",1.63866558266406,-0.359403740098401,0
1,"A",-1.07373402439146,-1.17261075221793,1
1,"B",-1.50515648464038,0.0292896534751323,0
1,"A",0.904788539500055,-0.969722963005326,1
0,"B",0.320243679485973,-0.573138884793614,0
1,"B",-1.17474372651173,-0.800773336587482,0
0,"A",1.49998672473165,-1.27895156988772,0
1,"A",0.769173242852963,-0.0892400666737077,0
0,"A",0.3371101833567,-1.48481838874657,1
1,"B",1.18976813026088,0.56133636697371,0
0,"A",-1.43245898714904,0.273535270506921,0
0,"B",-0.730740891484157,-0.213478556362995,1
0,"B",-0.393315302343642,-0.465335841837697,0
1,"A",1.49559391067804,-0.762393584469229,0
0,"A",0.763112383363581,-0.28004492441469,1
1,"B",-1.4406446375608,1.04022598168932,1
1,"A",0.818207321971094,-0.968619536876986,0
1,"B",-1.50237742842121,0.740136692392174,1
1,"B",-0.932564934422639,1.64938938850878,1
0,"B",0.163719032242843,1.16384019870076,0
1,"A",0.336518342028823,0.859385568259734,0
1,"A",1.57886026308248,1.44285291238131,1
1,"B",0.200528437064729,0.782676979476636,1
0,"B",-0.707695733820331,-0.557796913060773,0
0,"B",1.25466773322452,-0.124770400158982,0
1,"B",0.340775727414939,-2.79290546576439,0
0,"B",2.12451864141339,1.87035019362479,0
0,"A",0.247480361443096,-0.78864659890092,1
0,"A",0.702781956572991,1.03867463166082,1
0,"A",0.246522305609584,-0.210330969484963,0
0,"B",-1.86370317792475,0.104460081033092,0
0,"A",-0.94989754282148,-0.127558143981879,0
0,"B",-0.516915236317275,1.22005944128163,0
0,"B",1.19431160817003,1.51776260131871,0
1,"A",-0.331424496298566,-1.56071154378388,1
0,"A",-0.28447940726626,0.330985569392896,0
0,"A",0.384434406229082,0.307077303254105,0
1,"A",1.63641413857939,-1.8514987538506,1
0,"A",-0.496657654306654,-1.48196154878256,1
1,"A",-0.180949643581641,1.01344074735405,1
1,"B",-1.77137108107357,-0.0319872519976368,1
1,"B",-0.843263625082034,1.83954156164454,1
1,"A",1.20189862619502,-0.0714731646113716,1
1,"B",1.05334837095364,-0.190672646802917,0
1,"B",-1.26031833535351,1.23640209456284,0
1,"B",-0.352460612050796,1.11691446074253,1
1,"A",1.24813557166145,-1.33253854069461,1
0,"A",-1.38059257443077,-1.42051745214485,0
1,"A",-0.487311689102179,-1.36891558903592,0
1,"A",0.585226844829299,1.11157236052858,0
1,"B",1.27746016724928,-0.262202484782332,0
1,"B",1.60536560428312,1.00197504744103,0
0,"B",0.0969265269830261,-1.20344353308728,0
1,"B",0.85603871291197,0.0216830127829436,1
1,"B",0.74277190041498,-0.178232284594629,1
0,"B",-0.163542670385188,0.362271754504169,0
0,"A",0.747053981476123,0.236779851814615,0
1,"B",-0.144244766311087,0.640286218214918,1
0,"B",-0.0845045465403087,0.806707167601197,1
0,"B",0.156781125791004,1.56083372946457,0
0,"A",-1.20841172854255,0.342408369468696,0
1,"A",0.891084285640585,-1.47858394518261,0
1,"B",0.00152471721454506,0.798735250107353,1
0,"B",-0.0392814589187983,-1.6459830346706,0
0,"B",-0.208827742390747,0.255018695360256,1
1,"A",0.882927633412942,0.395945121204657,0
0,"B",-2.37928589813352,0.303408339251041,1
1,"B",-0.824864024359034,0.717254456373909,0
0,"B",-0.431428279085209,-1.31393532778142,0
0,"A",0.387209795743517,-0.503207124614022,1
0,"B",-1.2436871593421,-0.527728624790352,1
0,"A",-0.267400482473304,-0.508295891659226,0
1,"A",0.199877946324969,-0.33772389271916,1
1,"B",-1.32938720165159,1.11077499706107,0
0,"B",-0.964244032026877,0.630961714660569,1
1,"A",-0.0261846230085361,0.0124969916664381,1
0,"A",1.17370893523553,-1.57470058113816,0
0,"A",-0.718081968099122,-0.132255257906365,0
0,"B",-1.62710680764102,0.185153849656091,1
0,"B",-0.894580766947875,0.525226527932197,1
0,"B",0.269200559496263,1.079799197654,0
0,"A",-0.832879828430117,-1.62118166753168,1
0,"A",0.380081095608852,-1.14974119235801,0
1,"A",0.579222124718988,-2.87116805911096,1
1,"A",0.931330458815119,-1.1332889817825,1
0,"B",-1.39804210246081,-0.608756926223468,1
0,"B",-2.00650120695117,-0.184056217975208,0
1,"B",0.817163541085464,1.01929130934243,1
0,"B",-1.08624932327323,0.533584076840638,0
0,"B",-1.89756933497827,-0.275453867830469,0
1,"A",-0.0613346992693535,0.961933947916849,1
0,"B",-1.75213809177335,1.6427760809083,0
1,"B",-0.632794483499187,0.679580582204762,1
0,"A",1.0438133762763,0.0865471982286644,1
1,"A",1.29999446878045,1.18206364899335,1
0,"B",-1.33709886955879,1.56532836514416,0
0,"A",0.904132694158163,0.347115597611631,1
0,"A",1.85050903351379,-1.49679721009126,0
0,"A",-0.337209607095923,-1.12570655396158,1
1,"A",1.68161876552235,1.93607092547946,1
1,"B",-1.74958377737901,-0.295864562426687,1
0,"A",-1.25462012722986,-1.37388890148995,0
0,"A",-1.09418551639904,-1.17443575359661,0
0,"B",-0.677603772315977,1.33756344825359,0
0,"B",-1.01519074587245,-0.241603326227096,1
0,"A",0.351927485727225,0.303071712231056,1
0,"A",1.28075025028592,-2.70906672725444,1
0,"B",-2.09549569141653,0.365463751115049,0
1,"B",-0.49559854849088,0.128608002209382,0
1,"A",2.44317254653678,-0.529334950154905,0
1,"A",0.304746446966892,-0.739528645149429,1
1,"B",1.24778426413368,0.967903330345343,1
0,"A",0.653576097675086,-1.80028818906116,0
1,"B",-1.09163736094493,2.00018218867715,1
0,"B",-1.1603484526801,-1.22609725729391,0
0,"B",-1.60524640630611,-0.0968898385713401,0
0,"A",0.40178111408032,-0.704025243238554,0
1,"A",-0.0574078919809238,0.223411251858971,1
1,"B",-1.85419256120269,1.32428520809554,0
1,"B",-0.897014266368075,0.174869929951004,0
1,"A",2.14378419898113,-0.0197283115022923,0
0,"B",-0.154022551865033,-1.72563100878097,1
0,"A",-0.769391409690868,1.27120504957069,1
0,"B",-2.79806517925366,-1.44501710846619,0
1,"B",-1.35410436148398,0.76287287986112,0
1,"B",0.790459420203863,1.47593555327746,0
0,"A",-0.0205310155946689,-1.47313049995565,1
1,"B",1.94907616559794,1.91438869041098,0
0,"A",-0.67812077775202,-0.12277057629989,1
0,"A",-0.0546887238645469,-1.86121743144023,1
1,"A",-1.23300831071705,0.287907461834784,1
0,"B",-2.50667694897892,-1.20717221364084,1
0,"A",1.20363291688993,0.52475544013325,1
0,"B",-0.203684616464212,-1.36683809675477,0
1,"B",0.241337536246543,-0.174264298249119,1
1,"B",0.236543687679207,0.512279231014567,1
1,"B",1.0803627698755,-1.35142163956793,0
0,"A",0.208670404309138,-0.311127353227385,0
1,"B",-0.323086598215921,0.482167746566561,1
1,"A",1.56595154612955,0.240646979707463,0
1,"A",1.30380022966999,-0.0498012855461625,1
0,"A",-0.445166543053325,1.90528904780113,1
0,"B",0.325611093489127,-1.07530155996194,0
1,"A",0.421225123201564,0.335676711123971,1
1,"A",1.05963307511987,-0.065679235707461,0
0,"B",-0.318932115440731,-0.248741569537629,0
1,"B",-0.167759245962918,0.0761909395798283,0
0,"B",-0.775267020636191,1.1869090906935,1
1,"B",0.351080219021146,0.110204111657068,0
0,"B",-0.0556008352018113,0.840451207386667,0
0,"A",-0.313411406184226,-1.66649007823372,0
1,"A",0.558750728084927,0.122261545124438,1
0,"B",-0.151709783842119,1.89527674408857,1
0,"B",0.277111402156243,-0.349583090922021,0
1,"A",0.875279549498531,-0.467391857692661,0
0,"A",-2.5060119878261,-0.592560996168417,1
1,"A",0.411891257154969,0.0797167544875467,0
1,"A",0.0479468333375039,1.03383694954249,0
1,"B",-0.337797252328107,-0.0920643508033436,1
0,"B",-0.506737304694874,-0.66960296306661,0
1,"B",0.260179050067653,1.6801825480518,0
1,"A",-0.180486829507957,-0.853130394859676,0
0,"B",-0.923163338786732,0.25477817408222,0
0,"A",-0.442471396428607,0.307582078994815,1
1,"A",-0.709694348900989,0.463560174887745,0
1,"A",0.744431171801872,0.185910653889205,1
1,"B",-0.207305543133907,-0.459315988320606,1
1,"B",0.613429875359708,0.770711819991608,1
0,"B",-0.204876667122783,0.880940037911522,1
1,"B",-0.313736078854359,1.53010020077842,0
0,"B",-0.709662276820317,0.903813442021556,0
0,"B",-1.35836818330885,-0.107071077222415,0
0,"A",-0.48455274798823,-1.175969806496,0
1,"A",0.850692697492637,-3.15535188315829,0
0,"A",0.940543167120104,-0.599092549489931,0
0,"B",-1.42912906426667,-0.409571510058735,1
1,"A",0.565552627420615,0.414188400497234,0
1,"A",1.05617569704252,-1.23428958574122,1
1,"B",0.39630328589479,1.20241860373682,0
0,"A",1.21053646428713,-1.11603357964794,0
0,"B",-1.98457739114707,-0.27494114543114,1
0,"A",-0.0384741608070123,0.19540970836114,1
0,"A",-0.43093948964694,-0.888586506034895,0
1,"B",0.953623744149725,1.28910783050405,1
0,"B",-1.66316958496485,-0.113816424298267,0
1,"A",1.34501623535444,0.979693346577887,0
1,"B",0.347029000636119,-1.87697396046817,1
1,"A",1.77004476477985,0.314315744014761,1
1,"B",1.1423412083399,-0.963981857728799,1
0,"B",-1.67007902056783,-0.542533676176116,1
1,"B",-0.192003838240022,1.5206004682494,1
1,"B",-1.29267789611413,2.30094130064591,1
1,"B",0.298304195821756,-1.21530360631068,0
1,"A",1.58329812601381,0.35225713532637,1
1,"B",0.0943346293251571,0.583212891489549,1
0,"A",-1.2634292944984,-0.800854251455701,0
1,"A",-0.625948885263673,-0.287716700281452,1
0,"A",-0.171553814589093,-1.02906153801154,1
0,"B",-1.47701254257051,1.27956657808215,1
1,"A",1.47934880881439,0.218494079424857,1
0,"A",-0.605357773300928,-0.872371210792333,0
1,"A",0.443507925512355,-0.0913933757263914,1
0,"A",0.331035142415194,0.00884943639982699,0
0,"A",-0.338097062263405,-0.781925006471691,1
0,"A",1.62721601458494,-0.510868766446021,0
0,"B",0.182568084411007,-1.04727693238602,0
0,"A",1.12873976267298,-1.83494684229259,1
0,"B",-1.30817288537351,0.553265348072842,1
0,"B",-0.654549372916534,0.654754188260344,0
0,"A",-0.0920941359285635,-1.53501449923143,0
1,"B",-0.236117011883191,2.49062492348974,0
1,"A",-0.232949691517195,1.24415871521188,1
0,"B",-0.932844458464336,2.70381854582845,1
0,"A",-0.637263543841609,-0.944473921754075,1
0,"B",0.115205243580522,-0.706915047067869,1
0,"A",-0.0336386235600843,-1.7458685636073,1
0,"B",0.776262385873689,-0.0458941550728338,1
1,"B",0.420501422178795,1.89272896733049,0
1,"A",0.0135285575595754,0.631811811903796,0
0,"A",-0.36827764226379,-0.612092811357617,0
0,"A",-1.25247333422641,-0.30569384789231,1
1,"A",1.32175457457202,-0.612172688186982,0
0,"B",-0.352031909110864,-0.948909971829511,1
1,"A",-0.897561368297597,-0.260057126909445,0
1,"B",-0.66713487912592,0.0949119370836801,0
1,"B",0.0888700894621708,0.488697131510665,0
1,"A",-0.226286719374516,-0.432633583881728,1
0,"B",-0.655356740075602,1.64406541839951,0
0,"B",-2.61486718429495,-0.449076418139907,0
1,"B",1.39470032536433,0.110499368706464,0
0,"B",-1.921319654011,-0.100523107504339,1
0,"A",-0.159051655038643,-2.05118182753757,0
0,"A",1.95153670418287,-0.832351758537219,0
0,"A",-0.0806018405763035,-1.70610375130259,0
0,"A",1.6630729351967,-2.43210262023601,0
1,"B",0.578783375459684,1.24985172432487,1
0,"B",-0.308710713326709,0.711498813817649,0
0,"B",1.00089521477702,-1.25002620726865,0
0,"B",-0.0441952933610126,-0.501604942373452,1
0,"A",1.0165843644228,-0.784634333896125,1
0,"A",-0.447342985737646,-1.55292900284042,0
0,"B",-1.33157070044048,0.107391688848607,1
1,"B",0.563729182585948,1.13535855133341,1
0,"B",-1.01309529930535,1.736982785173,0
1,"B",0.188312730527537,0.968564804206189,1
1,"A",0.284034979363503,-2.41172041049576,1
0,"B",-1.9013658977364,1.63511410332266,0
0,"A",0.0063144339168501,-0.876332734709314,1
1,"B",-1.82953843551091,0.56485164404145,0
0,"B",0.130190005472173,1.36855904352147,0
1,"B",0.126820939063189,1.29657053782395,0
0,"B",-1.68429729549614,-1.66485351281619,1
0,"A",-1.54232132547523,-1.3583189019595,0
0,"A",1.43609026409471,-1.80895678132819,0
1,"B",0.0346645869724079,0.276421733024761,1
0,"B",-1.25718250701446,-0.378831089794986,1
0,"B",-1.270998584943,-0.222101984204292,1
1,"A",2.18534966937256,-1.33007087225279,1
0,"B",-1.46095635854044,-0.753740285855049,0
1,"A",1.56165188853962,-0.907423031200133,1
1,"A",-1.02772368386174,0.991748524556258,0
0,"A",0.125588103743176,-1.4868772318185,1
0,"A",-0.645762942648965,-0.854542071957719,1
1,"A",-0.218083209064293,-0.679344442067581,0
1,"A",0.0834919613522537,0.19311560132765,1
1,"B",-0.300296077880541,0.0346210549554066,0
0,"B",-2.04369185153614,0.795802547203222,0
0,"A",1.14178509266064,-2.15077379188733,1
1,"A",0.606188928511176,-0.145660795791107,0
1,"A",-1.15603635585683,0.456069452473352,1
1,"A",1.56122056578994,-0.441076691993263,0
1,"A",0.266763557276909,0.73809154861866,1
1,"B",-0.563597143774543,-0.452528519771845,1
0,"B",-0.883579303477072,-0.404092076868164,0
1,"B",0.662825711882493,-1.24802488577503,1
0,"A",0.682769883126997,-1.34044978535003,0
0,"B",-2.89550764082702,0.534006951196526,0
0,"A",1.31303191636302,-0.56524085074993,0
0,"B",-1.94520053695274,0.796361067468848,0
1,"A",2.59550943387313,0.370872407018581,1
0,"A",1.42910918871126,-0.781640626388496,1
0,"B",-0.620540322979014,0.364630507676154,1
1,"A",1.35819926533428,0.208419575770506,1
1,"A",0.569994862199155,-0.763321640921039,1
0,"A",-0.465054098926937,-2.11690464690579,1
0,"A",1.51395409327404,-0.185351335241908,0
0,"B",-0.33965782167685,1.07443554436274,1
0,"B",-0.0403516150351135,0.300248835648311,0
0,"B",-2.08155045325151,-0.938031438021729,1
0,"A",0.383992167206479,-1.62964586231323,1
0,"A",-2.8307015013883,0.354051538331815,0
0,"B",-1.46089450532751,1.05417237374269,0
0,"B",-0.414696941287459,0.362704220440977,0
0,"B",-0.208711192958609,0.382957061516086,0
1,"A",1.33125225834087,-0.373749500800885,0
1,"B",-1.03665901976714,0.86789465238244,0
0,"B",-2.15171600812693,-0.581794519406126,1
1,"B",-0.557880698574812,1.15143768727525,0
1,"A",1.04484507801154,-0.52983357611888,0
0,"A",0.555566535983787,0.941210156931861,1
0,"A",0.741925280608011,-1.77348536810432,1
0,"B",-0.125595048937634,-0.0772682604112762,1
0,"A",-0.0166016748120107,-0.862152047760873,0
1,"B",1.23853872039041,0.0284996790603729,0
0,"A",-0.225231933873493,0.185506770827867,0
0,"B",-1.21181540260613,-0.257488359318084,0
1,"B",1.88552219616347,2.03959790039833,0
1,"A",-1.12373748346453,-1.82305579707396,1
0,"B",-0.846099260475826,1.18069263110486,1
0,"B",-2.29617066589318,0.654530470169112,1
1,"B",1.17438033578391,-0.0430091043828068,0
0,"A",-0.78744633001918,4.25648400184109e-05,0
1,"A",1.52205611167114,-0.569078643153485,1
1,"A",0.613408222993532,1.08243297747509,1
1,"A",-0.0587288940252579,-0.154199461930338,1
1,"A",1.70666158294005,-1.19898780210447,0
1,"A",-1.01540992375754,0.6414639699434,1
0,"A",0.714172345433684,-0.311301071498375,0
0,"B",-0.319479346332985,2.0156139138583,1
1,"B",0.955064471227827,1.19886443648076,1
1,"A",1.41888758905373,-1.9662094270174,0
0,"A",0.548702770812391,0.105234852266787,0
0,"A",0.0795207816284541,-0.306173891653233,1
0,"A",0.104255242503893,-0.109487918200453,0
0,"B",-0.463424752855507,-0.739106851969297,1
0,"A",-1.16064379565689,-0.0537264736278243,0
1,"B",-0.137857178432402,-0.280752598032869,0
1,"B",-0.552010860425422,0.877048390937282,1
1,"A",-0.483013932482161,0.667085802124183,1
0,"B",-0.85932019267421,0.473480367025814,1
0,"A",-1.40718448804408,-0.340051889585032,1
0,"B",0.460972479296317,0.280431833168398,0
0,"A",1.7896978310892,-0.698463131736057,0
0,"B",-0.0889520600451958,-0.99142712045167,0
1,"A",1.26160615440903,-0.673254007486524,1
0,"B",-1.00191023778932,1.63193828947034,1
0,"B",-0.715984505850262,1.04269187573895,0
0,"B",-0.948983874701268,0.071395138208767,1
1,"B",-0.317067786666708,0.953922914107839,1
1,"B",0.0322815195666519,1.01779220591859,0
0,"B",-1.30558796841899,0.524579343744556,1
0,"A",0.819380196764618,0.108919117573691,0
1,"B",1.33530249917743,-0.0331402877795397,0
0,"B",-0.686525574742056,1.48932724920706,1
1,"A",2.46855945443843,-0.628825591881963,1
0,"A",0.484553103705803,-2.09069093045757,0
0,"A",-1.35592215191489,-0.600131494682417,0
1,"A",0.989689383556858,-1.08174940494539,1
1,"B",0.250725792579288,-0.0575981989373422,0
1,"A",0.770553731975697,0.293478254419129,1
1,"A",-0.249379523525562,-0.516743882520142,1
0,"B",1.00744418922231,0.49714784072939,0
0,"A",-1.500505654143,-0.325383108465728,0
0,"A",0.294656979847507,-0.880638582276385,0
1,"B",-0.042405044683942,0.275134709577397,0
1,"A",-0.679760913729161,0.0609310148033057,0
1,"B",0.216918065784638,1.69444830642317,0
1,"B",0.0741247758675933,-0.0107840104207031,0
1,"B",1.06974373151505,0.401538726919105,1
0,"B",-0.297366509362515,0.919139857812191,0
0,"A",0.87459968453945,-0.227023353056917,1
0,"B",-1.48223451876597,0.847799242390883,0
0,"B",-0.0370931619951921,-1.69900009348649,0
0,"A",0.602070902486756,-0.984467969867565,1
0,"B",0.135177972906607,0.187077149088498,0
1,"B",-0.595576393421747,-0.0252481249366734,1
0,"A",1.37292704696129,0.0389536178017315,0
0,"B",-0.393495344247733,-1.53872950570797,0
0,"B",-0.841106461325991,1.13999746855756,0
1,"B",0.734547797309828,0.41202925800804,0
1,"A",2.91342167541304,-0.377943038402427,0
0,"B",1.15178204250722,-0.236266858194493,0
1,"B",2.82744956576482,-0.255329129960488,0
1,"B",0.364787702019091,1.12613635891309,0
0,"A",-1.06288535742648,-1.4926390197552,0
1,"B",0.430627006762103,0.172913685949438,1
1,"A",2.23715574720315,0.188777363249983,0
0,"A",-0.488250451236842,-1.87249976810802,1
0,"B",-0.63275715500397,0.750566413551814,0
1,"B",-1.44626880028293,2.72041746385299,0
0,"B",-1.23434034818166,-1.29143611163272,0
1,"B",-1.09204806123446,-1.47747897053825,1
0,"B",-0.719673653923553,0.757941560617401,0
1,"B",-1.1674025468479,-1.53255433296711,0
0,"A",-0.95692638197926,-1.82992043137047,1
1,"A",1.18227085118658,-0.838229938197201,0
1,"A",0.479292208482815,0.601038818586065,1
1,"B",0.340403983491552,-0.408843993033218,0
1,"B",-0.480291189908314,0.900702559998399,1
0,"A",0.49124493089108,-1.11533554157999,1
0,"A",0.37508832387139,-0.448729948342104,0
1,"B",-1.1862169319084,-0.441856027009837,1
1,"A",0.712531241791589,-1.35875274646424,0
0,"B",0.434728398034695,1.66960096809675,1
0,"B",-1.69240114011344,0.0214138722896507,1
0,"A",0.526834441505946,-0.807439760472188,1
0,"B",0.594952561803071,-1.2005079056898,0
0,"B",-1.43785146449304,0.780836018884718,0
1,"B",0.75788246702977,-1.37507975813756,0
0,"A",-0.961554653752074,-0.207129818854198,0
1,"A",1.2952966087397,2.17231128863108,1
0,"A",-1.85724865533314,-0.0642628953262901,1
0,"B",-1.04326384509201,-1.18218250790032,1
1,"B",-0.509204891736466,0.0308344711062395,0
1,"A",0.167902609087935,-0.0261422944051674,1
0,"A",0.927358927635362,-0.584516120293647,1
0,"B",0.813745126713522,-1.52233401864693,1
0,"A",0.440968906479044,-0.646085137967664,1
0,"B",1.67385791208793,0.297491318899514,0
1,"A",0.107135365642485,0.454157669400245,1
0,"A",1.67764540888826,-2.61949487234757,0
1,"B",0.580424279839446,-0.928382197622172,0
1,"B",-1.88050508342025,-0.567722348091547,1
0,"B",-0.552539086824607,1.74674541985443,0
0,"A",-0.344843030678874,-2.66729252816061,0
1,"B",0.105127816938391,-0.0194743235547976,0
0,"A",2.40990647301882,0.248992005317416,1
0,"A",-0.212219513737447,0.474983443034074,1
1,"B",-0.539677505284323,0.0308796710518725,1
1,"B",-0.483827728963459,0.136135577628558,0
0,"A",0.0346199725939596,-1.57236901048575,0
1,"B",0.353290073518275,0.3124299108231,1
0,"B",-0.365658408763073,0.655122190789112,1
0,"A",0.410883707403035,0.774726726590536,0
1,"B",1.19416465424181,-0.614690905278783,1
1,"A",-0.320036698351202,-1.00116800226625,0
0,"B",-0.996292231669596,1.34461651058762,1
0,"A",-1.21364469115399,-1.96130318168195,1
1,"B",-0.00917813670711282,1.12405707407601,1
0,"A",-8.4491815780352e-05,-1.39724407501976,1
0,"A",0.786332945444394,0.833408787596867,1
0,"A",0.296864454377722,-0.501595862927649,0
1,"A",-0.69317442935158,0.633880809425966,1
0,"A",0.628046199493681,-0.229399766509274,0
1,"B",-0.946421321119086,1.34578016811101,1
0,"A",1.13982667831618,-1.00172385315243,0
0,"A",0.377798897156625,-1.09613468010392,0
1,"A",1.28814924621785,2.82662965134608,0
0,"B",-1.49597652175162,-1.13824286810441,0
0,"B",-2.57747145158532,0.440082165507023,0
1,"A",-0.209715725620771,0.290179819577467,1
0,"B",-1.06038757602028,-1.25968909286456,1
1,"A",0.180756190285658,-0.103414002738172,0
1,"B",0.302620219182127,1.09936734043638,0
1,"A",1.88520304727781,-1.99498017706171,1
0,"B",-1.59543502908099,-0.552029990851413,0
0,"B",-0.193443699291587,-0.266801058956705,1
0,"A",1.20574807656974,-1.22403424736521,0
1,"A",-1.24388489220173,0.175936262926497,0
1,"A",0.794234752108863,-0.710710033950756,1
0,"B",-1.4669294119986,-2.04656955204948,0
1,"A",0.434479862693545,-0.949472836329511,1
1,"A",0.346701097538496,-0.287216287688616,0
1,"B",-2.73128846789181,0.992800121633862,0
0,"B",1.1539372480732,0.810320878310247,0
0,"A",-0.809991163684608,-1.85319062803052,1
0,"B",0.639001223128527,-1.21698746200347,0
0,"A",-1.00480940861877,-0.407479607572403,1
0,"B",-1.36688983344062,0.396803209343063,1
1,"B",0.404685793961098,-1.13610681850109,0
0,"A",-0.558230148804642,0.803501213476359,1
1,"A",-0.278815828738439,0.503357511084375,1
1,"B",-0.832573618460684,1.42817657323181,1
1,"A",0.172332030404829,-0.823540834951443,1
0,"A",-0.746683683057953,-0.747781472689134,1
0,"A",-0.565300509429958,-2.61737490473987,0
0,"B",-0.0103244231712565,-0.961578947194616,0
0,"A",0.905642330637701,-0.791499921533817,0
0,"A",0.0543988541239717,-0.809213412776215,0
1,"B",-1.01347391689934,-0.840437295793782,1
0,"B",-1.82649765974659,-0.594525293138871,1
0,"B",-0.618398460199381,0.819828053797116,1
1,"A",1.21514727218766,-0.768621889733696,0
1,"B",-0.653172102630268,0.727381600132065,1
1,"B",-1.34814900637797,-0.472703703200257,1
1,"B",1.34821012525716,1.42358767646993,1
1,"A",0.17500352535499,0.849670769494303,0
0,"A",-0.498715167421355,0.350544059199168,0
1,"B",-0.324055772138494,0.858894029190691,0
0,"B",-1.48863206690092,-1.87834565074679,0
0,"A",0.113677221871642,-2.36287694785433,1
0,"B",-1.43762614898797,-0.475172521476636,1
1,"B",-1.05486608848429,0.928650307660146,0
0,"A",-0.220642349054039,-0.603780452191808,0
1,"B",0.699887257776045,0.00579810958705504,1
1,"A",1.26926254328223,-0.485905855852075,1
0,"A",0.743701691012264,-0.950814939254126,0
0,"B",-1.26649342505227,0.744645281803199,1
0,"A",-0.497103257650687,0.163979554206779,1
1,"A",0.459273347242371,0.224940300717567,0
1,"A",1.14190207231698,-0.524358120963309,0
0,"B",-0.157352005796263,0.420211320451292,0
1,"A",0.34398327768145,1.88902502369885,0
1,"B",-0.602283061926059,-0.0801874156258789,1
0,"B",-2.04797534805305,-0.335094870600539,0
0,"B",-1.87345856335636,0.155457844120874,0
0,"B",0.0974572504696718,-0.402126482668413,1
1,"B",1.00653193056954,1.42363927652732,1
0,"A",-0.860057651535348,-2.23512977131826,0
0,"A",-1.25315910207065,0.232660997577142,0
0,"A",-0.397393409401758,-0.352463726618799,1
0,"A",0.239975729568681,-1.88592699415236,1
1,"B",-1.48927697851696,0.503827436583067,1
0,"B",0.151076920862977,1.84034299264789,0
0,"B",-2.52621716046775,-0.838457916886219,1
0,"B",-0.43304948205993,-0.21652421261295,0
1,"B",0.425503232377453,-0.467821192090608,1
1,"A",-0.757535174563343,-0.0737038895953978,1
1,"B",-1.90776010018604,0.761553426790876,1
1,"B",-1.68179281446466,1.68244066129209,1
1,"B",0.0261016153468234,0.0518160892471199,1
0,"B",-1.2019395548765,0.870171794954689,1
0,"B",-0.425826506592087,-2.06975320958535,0
0,"A",-0.550747681118146,-0.130052093130428,1
1,"B",-1.17089051544857,2.63548516656402,1
1,"A",1.26867158761589,-1.0891161136719,1
1,"B",-1.2538147286207,-0.0198624808904031,1
0,"B",0.454741360682415,0.0582171058935292,1
1,"A",1.02238168045402,0.708637523518746,0
0,"A",0.210537061943944,0.193502458851258,0
1,"B",0.945484191674405,2.42501390135951,0
0,"B",-0.52660931289925,0.240800056833854,0
1,"B",-0.452582263279203,0.946862470135749,1
1,"B",-0.791836789334706,0.0374115028443224,0
1,"B",0.115406147468418,0.18727759998628,0
1,"A",0.0471327985809536,0.825582170307378,1
1,"A",0.966045661682942,0.750310681222724,1
1,"A",2.49990122655557,-1.27138171826475,1
1,"A",-0.0536956961744849,-0.299777003989391,0
1,"A",-0.0743776661390665,0.639172530626333,0
0,"B",-0.520394502032634,-0.479106350204501,1
1,"B",0.505825076497875,0.532794699504943,0
0,"B",-0.579320326425031,-0.700204433540007,0
0,"B",1.37696486740715,-0.539444397438041,0
0,"B",-0.677299618925842,-0.827233846515786,1
0,"B",-0.222232553174806,0.332539596808512,0
1,"B",0.186493132663743,0.267852941482543,1
0,"B",-0.693049720200713,-1.1693986919999,1
1,"A",0.689591018906624,-1.34405152753398,0
1,"A",0.350430574515723,-0.0293157204134662,1
1,"B",-1.94849289090103,-0.786788869445754,1
1,"A",0.89685598478912,-0.590871206327151,1
1,"B",-0.0689935654223295,1.12778520913975,1
1,"B",0.149227318781201,-1.62885221162751,0
0,"A",0.0282353175757675,-0.983462447145779,0
0,"A",-0.310648115514819,-1.30689032903987,0
0,"B",-0.435220742081038,-1.94384187036574,0
1,"B",-1.43113568322558,1.36439699993897,0
1,"A",2.26025744962037,0.891061672093696,1
0,"A",1.13545388028134,1.85307217795675,1
0,"B",-0.929600481012536,-0.649280869087459,0
1,"B",0.861114403442345,0.370426484035629,1
1,"B",-1.45438698601268,0.549167267237703,1
0,"B",-1.59910323031608,0.942146736290289,0
1,"A",1.47182265035599,1.93906742143612,0
0,"B",0.601522901737523,-0.884795050145251,0
1,"B",-0.379496686266291,1.10599756514686,0
0,"B",0.510611150674745,0.646046231944724,0
1,"B",0.519630867145179,0.0495925911047943,1
1,"A",0.421428152749217,1.75578470471819,0
1,"A",1.7744876155457,-0.509218690986569,1
0,"B",0.706156765558471,-0.128050570773473,0
0,"A",-0.577599500585334,-0.165159662358637,0
0,"A",-0.206680266958038,-1.86324465479458,1
0,"B",-2.00599395023772,-0.29678289367462,0
0,"A",0.799012010229989,-0.694696414041746,1
0,"B",-1.17670292417558,0.197065963031839,0
0,"A",0.721198880882581,-1.31969431064728,0
1,"B",-0.285752153960454,0.737250002568381,1
0,"B",-0.892981355202905,-0.937262337285168,1
0,"A",0.480517639817003,0.0466552556372174,0
0,"A",2.10060255410178,-2.00947479747239,1
0,"A",-0.227793880578374,-1.45237532593593,1
0,"A",0.876230782324197,-0.809137265180247,0
0,"B",-0.0375494277801918,-0.0877368777178044,0
0,"B",-1.7290098102309,-0.15845540485089,0
1,"B",-0.906606623212606,-0.0204394578818343,1
1,"A",-1.58733346083634,-0.424175778113787,1
1,"B",-0.264241940855941,0.436405487082181,1
0,"B",-0.266926324133215,1.56279196425596,0
1,"B",0.41162627723716,0.326589175072966,0
1,"A",3.14163081789294,-0.310214150135749,0
0,"B",0.389499882366164,-0.110866314052593,0
0,"A",-1.85580057182467,-0.350503588759366,0
0,"A",1.43087148701722,-2.15314323394938,0
1,"B",-0.289480235243351,0.535931207238568,0
1,"B",0.369726875015002,1.64712699209836,0
0,"A",0.517574828917201,2.32252631908266,0
1,"B",-0.110705547765802,0.0160704098107149,1
1,"A",1.21329094670412,-0.402909729135846,0
0,"A",-0.390614357326357,-1.30972471243091,1
0,"A",1.04824985340609,-1.16463793569766,1
1,"B",0.499209844063866,0.70813153238816,0
1,"B",-1.17183003473325,-0.359350189636073,1
1,"B",0.0115784954915947,-0.149480236311656,1
1,"B",-0.182926075965516,1.44985599887829,1
0,"A",-0.442220688964215,-0.793362137985731,0
0,"A",-0.155999561360246,-1.92633486321962,0
0,"A",-1.71600177993387,-2.18430691308131,1
0,"A",-1.32582633895452,-1.62396754371354,1
0,"B",-0.265043906986151,2.39724080776151,0
1,"A",-0.693106531719705,0.20838032690854,1
1,"B",0.033081931650683,0.720746195638458,0
1,"B",0.377200573188512,-0.808203466370664,0
1,"B",0.79121721106677,0.261891063364831,1
1,"B",0.00618970297134636,0.550797926956019,1
0,"A",-0.563459372412837,0.332812134883339,1
0,"B",-1.1417446664952,0.64773155649102,0
0,"A",-0.577523304185825,-1.44453743530031,1
0,"B",-0.724170853071859,1.20147447741342,0
0,"B",-0.74526972914085,-1.35766390431857,0
1,"A",-0.379475786768248,0.151341480296428,0
0,"A",1.20415027481467,-3.09097009234808,0
1,"B",0.573487731179483,0.371211285377212,1
1,"A",0.971963368974368,-1.00520639213483,0
0,"B",0.779071709222056,0.569455661124666,0
0,"A",2.05155554833433,-0.869817393783202,0
0,"B",-1.29798994905021,0.734377512639089,1
1,"B",-0.21418097299161,0.88859784111461,0
0,"B",1.31898305791599,-1.69354462096471,0
1,"A",-0.436593674361979,1.33490773708293,0
1,"A",-0.337407623605291,0.258472092822639,1
0,"B",-0.179312797353572,1.13078528192547,0
0,"A",-1.25728934013169,-0.82346262082203,1
1,"B",-0.980646905953972,0.801359249173287,1
0,"A",-0.97410531991392,1.48035638740369,0
0,"A",-0.672577177052015,-0.655156179982141,1
1,"A",-0.594096892531171,0.943486496366489,1
0,"A",-0.124517769600452,-1.24799811977647,0
0,"B",-0.473728788573083,-0.102729441541113,1
0,"A",-0.638223517222517,0.964728260747688,0
1,"B",-0.09968564232937,0.0532558058586841,0
0,"A",0.84881866143826,-1.48459107846483,0
0,"A",0.990165894595629,-0.862191916673298,0
0,"A",1.52226894658779,0.346417794610749,0
1,"A",0.884330420393435,0.449145663316128,1
1,"B",-0.280148366230213,2.22280287634054,1
1,"A",-0.191162012042746,0.425232051196116,0
0,"B",-0.0753653152733297,0.15573675042754,0
1,"A",0.827519655917884,-0.128842440202298,1
0,"B",-0.0964959382522806,1.22282922896475,0
1,"A",-0.0187169550207629,-2.03956931194092,0
0,"B",-1.06429148610577,-0.588425500059209,0
0,"A",-0.196475738807846,-0.741928939413626,0
0,"B",-0.431782094577501,0.446929160382288,1
0,"B",-1.39504246819637,-0.633495792520872,1
0,"A",0.920456844005785,-0.720821252550191,1
0,"A",-0.650076668751097,-1.49761214132492,0
1,"B",0.267911769223575,-0.185653917112734,0
1,"A",1.28981512248177,0.214279795967809,0
1,"B",0.133788774505855,-0.0289256599177561,1
0,"A",0.0402780473732653,0.448803945043237,0
1,"A",0.404824607154671,-0.559257887210533,0
0,"B",-0.0577022220967801,0.388333215475423,0
0,"B",-1.75289042665212,-0.406041097633844,1
0,"A",1.14688703948455,-1.02592094928818,1
0,"A",-0.89348820015702,-0.859671583888137,0
0,"B",-1.00551206431231,-0.0477611323451108,0
0,"A",-0.0781371931803171,-0.85416503266281,0
1,"B",-0.546253292372239,0.899980115987238,0
1,"A",0.30442649684723,-1.58878220267784,1
0,"B",-1.34884188271653,-0.993348155484463,1
1,"B",-0.806376700745486,1.99531837892093,1
1,"B",0.0818126016349864,1.33128243265704,1
0,"B",-1.13899292781163,-0.226955606368603,0
0,"B",-1.87201348661695,-1.25388054128862,1
1,"A",1.0866197524,1.10682134298963,1
0,"B",-0.0266601445522359,-0.79797218373148,0
0,"A",0.51658757799201,-1.61448153897775,1
0,"B",-0.36247258972107,0.639442803492248,1
0,"A",-0.851874088127077,-0.0926301574996283,0
1,"A",3.43687808390516,-1.316571830173,0
0,"B",-0.995532245468751,2.38535199385116,0
1,"B",-1.81402321005122,-0.422589187675563,1
1,"B",1.05416329458825,1.19452523413019,0
1,"B",-1.13788429786177,1.19069399283389,1
0,"A",0.32193316701048,-1.42531697821162,1
0,"A",0.0922972341927115,-0.189904581911416,0
0,"B",-1.57935984421026,1.49371861402466,0
0,"A",-0.120064485276973,-0.81465394959272,0
1,"A",0.640140619558242,-1.91250784160425,0
1,"A",-0.811921071373548,0.61342284446895,1
0,"B",-0.896960217257,-1.06010802311229,0
1,"B",-0.500318397121701,0.801116744610905,0
1,"B",-1.63161339255063,1.24216877589747,0
0,"B",-0.0101953684297399,1.00406266099745,0
1,"A",0.593893141300003,-0.0798253424268047,1
0,"A",0.169371011949381,-1.17063304890089,1
0,"A",0.565967753782055,-1.88578584063734,0
0,"B",-2.54472681988443,0.543646087334575,0
1,"B",-0.0414830978012965,0.251781439472136,0
1,"A",0.721147136099634,0.361660470003683,1
1,"B",0.579890720496799,1.31079389702172,0
1,"A",0.875530281117137,-1.6850417039498,0
1,"B",-0.531105111413027,-0.485965099018988,1
1,"A",0.461976710802368,0.0429809143139074,1
1,"B",-1.66968628361078,2.09735417567715,1
0,"A",1.30504738376077,-0.924162504622756,1
1,"A",-0.356032912747607,0.214303529163386,1
1,"A",-0.24106052407079,0.736094366784742,0
1,"B",-1.71781917979382,-0.0309005661580528,0
0,"B",-0.781112832992293,-1.73135412941601,0
1,"A",2.32724586061805,0.768925319597562,0
1,"B",1.43435256185601,-0.449137013038191,0
1,"B",1.19994747332648,1.32718020784856,1
1,"B",-0.196127193569716,0.324198324741866,0
1,"A",1.55972083862282,1.65048855798889,1
0,"A",-0.679189551145088,0.0191413591172358,0
1,"B",-0.000764175641979115,-0.276493311728824,0
1,"B",0.172321672396209,0.553204014470037,1
0,"B",-2.47137602198636,-0.506850598385795,0
0,"A",2.11299986020307,-1.84930067578851,0
0,"A",-0.306831914280866,0.492698068661418,1
0,"B",-1.35170828753418,0.187219286019979,0
1,"B",-0.0706052986999346,-0.376415630368217,1
1,"B",0.387093155412972,0.941668851998167,0
1,"B",-0.244254923020511,1.93985984550302,0
0,"A",0.42241194697064,-1.46128084945033,0
1,"B",1.83480063292264,0.264572232191222,0
0,"A",-0.566748368830003,-0.698190430559586,1
0,"A",1.30782568809349,-0.511983333186561,0
0,"B",-0.0918524154647017,-0.568794393281036,0
0,"B",-0.75316829215804,0.251448420343025,0
0,"B",1.33784806410451,0.851168988138902,1
0,"A",1.26469969392575,-0.270553063438118,0
1,"A",0.532760896855689,-1.31675314089002,1
0,"A",1.14809322547047,0.662413985618931,1
1,"A",0.0287780029041063,-0.568139582720183,1
1,"B",0.58150678899282,1.53934941028628,0
1,"A",-0.390668821097463,-0.132950152353488,1
1,"A",1.2432331736123,-1.54696277805603,1
1,"A",0.388939328448391,-0.077418412697814,1
1,"A",0.857300571233916,0.7627244159006,1
0,"A",-0.171833825954976,-1.04362966049833,1
1,"B",0.374402649202746,-0.272722381385802,0
0,"B",0.796611528228022,-1.11657622103089,1
0,"A",0.688535999840373,-0.0728871761072254,1
1,"A",0.994052375462621,0.769686002627175,1
0,"B",-0.809341587363022,0.560374721733458,0
0,"A",0.749400028353048,-0.428860348620402,1
0,"A",-1.57388432793158,0.192461577453989,0
0,"A",0.210404414859735,0.195126888335618,1
1,"A",1.5040710683769,-0.595759512901511,0
0,"B",-1.32833469337302,1.22148655763528,1
1,"A",-0.570727422834165,1.03269629412008,1
1,"B",-0.540528648151318,1.14030215980218,0
0,"B",0.00577871518765394,0.440924983758092,1
1,"B",-0.31000119059612,0.534528675473518,0
0,"B",-0.68016692869321,-0.418743059624283,0
1,"B",0.538586756699207,1.23840018690657,0
0,"B",-0.414302652401329,0.932334205589545,0
0,"B",-0.762584357476741,-0.565814565057317,1
1,"A",3.07523151360371,-1.3036363063348,1
1,"B",-0.447067692464598,1.30156134373559,1
1,"B",-0.353362912983784,0.481652663411999,0
0,"B",-1.78588331083002,1.1412167624076,0
0,"A",2.82733803908942,0.249437017538821,1
1,"B",0.522922941958253,0.654813879946031,1
1,"A",2.30046304662971,-0.614075592060611,0
0,"B",-0.490313215822667,0.643398272563077,1
0,"A",1.69932517075723,-1.87363223501438,1
0,"B",-0.376448627173267,-1.15751733346563,0
0,"B",0.212908511601025,0.927432286315838,1
0,"A",-1.03190637898413,-1.35130556161302,0
1,"B",0.307161575475794,1.41798398004114,1
1,"A",1.14481548720878,-1.54390361110107,1
0,"A",0.79218861905863,-0.963625285356836,1
1,"A",-0.23876082335954,0.761556497223779,1
1,"B",-0.309717128197068,-0.641714391386298,0
1,"B",0.876148427941282,0.233386495315841,1
0,"B",-2.44236182891123,-0.92548055613584,0
0,"B",-2.14265164910973,-0.444210055242279,1
1,"A",-1.05545414996004,-0.944825821760683,0
1,"A",-0.510063424406576,0.656624341963429,1
0,"A",-1.31141384128914,0.718836249027809,0
0,"B",-0.683805489738351,0.883100489645443,1
0,"A",-0.61328329922406,-0.95823364070352,0
1,"A",0.63574468537475,-0.478904344818085,1
0,"B",0.238092288935381,0.701578462902028,0
1,"B",0.529342555557665,-0.757102897792514,1
1,"B",2.00552507213666,0.835999056652642,0
1,"B",0.770841093363806,-0.491665819512285,1
0,"B",-1.46529780937955,-0.852861004813382,0
0,"B",0.298395978975959,1.78235954991809,0
0,"A",-0.724432416543833,-0.805315443901497,1
0,"B",0.523875223427363,-0.419270350637561,0
1,"A",0.670379778746138,-0.0477593708714162,0
1,"A",1.4609252574439,-0.0599105991893661,0
0,"B",-1.55012840015864,-0.233033052508052,0
0,"A",1.10887036874703,-1.69925365539322,1
0,"B",-1.08656441458508,0.0510433744512666,0
1,"B",-1.70469027239888,0.744266307692519,0
0,"B",-1.71492456933245,-0.0675557255432668,0
0,"B",-1.34314606079874,-1.29160527358909,0
0,"B",-0.978720566566344,0.409171325824876,1
1,"A",1.77725853923331,0.713140795562484,1
1,"A",2.08956433400175,0.147200131205877,1
0,"B",-0.557303196455084,-0.34051273521173,0
0,"B",-1.79113813930486,-0.192256604921039,1
0,"A",-0.226417122868851,-1.01873503924029,0
1,"B",0.404168901821332,-0.141733503498566,1
1,"B",1.10653998360901,-1.94852703175013,0
1,"B",-0.0157831554967245,0.436561069348076,1
0,"B",-0.780613382574538,0.548251534209554,1
0,"A",0.303102011482675,-2.25074499458111,1
1,"B",0.897688774408623,0.588234524645853,0
1,"A",0.41390608010049,-0.134933702833986,1
1,"B",-1.27207729230181,-1.18996944586797,0
1,"B",-0.402040556465557,1.08267771162847,0
0,"B",-0.0362392142656973,0.00380803996478257,0
0,"B",-0.827359763026773,1.09675656242801,1
0,"B",-2.35810908205245,-0.110462388752431,0
0,"B",-0.275424186428085,-1.06586107368072,0
1,"B",0.0163809614109534,-2.22908153983292,0
0,"A",0.0905290974238555,0.538082854542515,1
1,"A",0.422550009961437,0.497074509017038,1
1,"A",-0.183764096587231,1.31435767885239,1
1,"A",-0.878326536593351,0.624272598054866,1
1,"A",0.949155216625585,-0.521495254742808,1
0,"A",-0.404295780265164,-1.30853519250486,1
0,"B",-0.28909298165244,-2.25254601719732,0
0,"A",-0.555991036375358,0.110542178265334,0
1,"B",0.314135414852742,0.699854065020683,1
1,"B",-0.523161157131198,0.648284127530043,1
0,"A",0.358765214335878,0.464045381215133,1
0,"B",-0.775642953884546,-2.07425152068367,0
0,"B",-0.769712820056686,0.733584486043745,1
1,"B",-0.39380132955989,1.41145346926464,1
1,"B",-1.36055406286765,2.50867430051988,0
1,"B",1.38140808497158,0.106858961561613,1
1,"A",2.19941700287944,0.412474315933051,1
0,"B",-0.12540713849469,-1.20644726918376,1
0,"B",-0.0226231036690274,-1.54072653006728,1
1,"A",-0.820801135493908,0.523405929560481,1
1,"A",-0.653981180688212,0.432218444303549,1
1,"A",0.425903067547394,1.20460758806603,1
0,"B",-0.570187212963224,0.575475217137331,0
0,"B",-0.292351440497541,-0.105551606915533,0
0,"A",0.0404629429123059,-1.35994173164453,1
0,"B",-0.787571564545403,-0.411573369503309,1
0,"B",0.274333367196397,0.418354885322647,0
1,"B",-0.0289384307628423,-0.122763446940277,0
0,"A",0.569631095211823,-1.24496368201533,0
0,"A",0.269294008008077,0.165850334683124,1
0,"B",1.37830830314163,-0.723326148785184,1
0,"A",1.12321096663051,-0.780321378498549,1
1,"A",1.29660826426681,0.486312569678705,1
0,"A",0.13829071036468,2.42858132375117,0
1,"A",1.38906258205894,1.63145428913533,0
1,"A",-2.26188313160212,1.50675412846679,1
1,"B",-0.316394981846101,0.334922494102038,0
0,"A",0.570223138379829,-1.26273412849669,1
0,"B",-0.27467963298686,0.413276924534341,1
1,"A",-0.230373338566478,-0.158940768482979,0
1,"B",-1.0960933136321,0.212296656512039,0
0,"B",-0.342727410249239,0.238584627703985,1
0,"A",1.38219089763296,0.250534694637647,1
0,"B",-1.10020781043806,-0.513987766752459,0
0,"B",-0.564766906225815,-0.938947431497533,1
0,"A",0.646075580575148,-0.0180435582543437,1
0,"B",-1.35958763197405,-0.304131038446063,0
0,"A",-0.0542065596979259,-0.180057363813657,1
0,"A",-0.0255684307773542,-1.18288780554444,1
0,"B",-0.556344825590045,-0.136253004091182,0
1,"A",-0.139853668270301,-2.05871455699948,0
0,"B",-1.36127900878841,2.08271059777516,0
0,"B",-1.00956718070862,0.561878918459963,1
1,"A",0.387420306653032,1.01236644673053,0
0,"A",-1.59455651155402,0.522609861214553,1
1,"A",0.270139468894219,0.611062007812707,1
1,"A",-2.0473152754033,0.172130260966893,1
1,"A",2.26581748880346,-1.02843125961818,1
1,"A",0.203270235493791,-0.763161397645926,1
0,"B",-0.921990148230797,0.815980028123214,0
0,"A",0.360343411828026,-0.829358032118586,0
0,"B",-0.120483993632121,-1.18165143131031,1
1,"A",2.1894624086979,-0.94001647130923,0
1,"A",1.0873528930598,-1.54647747105267,0
0,"A",0.260324842537682,-0.571518398966224,1
0,"B",-1.01093855117362,-0.583926628138215,0
1,"B",-1.57641900727036,1.48608572276976,0
0,"A",0.0912812263266626,-1.63723779493169,1
1,"B",-0.813589866312603,-0.086602420756432,1
1,"A",0.159807980151589,-1.56711066507357,1
0,"B",-0.787024409485269,0.346924413688441,1
1,"A",1.4258510014011,-0.916679525842064,1
0,"B",-0.0224508420619555,-0.0151073874576593,1
0,"B",0.926852822966791,1.67759955446579,1
0,"A",0.735924662178457,0.138952237123832,1
0,"B",-0.923899241051263,0.510512277336987,1
0,"A",-1.26663824443885,0.00144064756423157,1
0,"B",-1.12201896139691,-1.18254063807203,0
1,"B",0.733692328716534,1.19777210360512,1
0,"B",-0.914394037004174,-1.35201501103106,0
0,"A",1.81792474025811,-0.411946958250842,1
1,"A",0.758842426265472,-0.296802203702064,1
0,"A",0.270233234159309,-0.785754148570024,0
1,"A",0.30108673879388,0.717264377124811,1
1,"A",-0.718132951102797,-0.899613903002147,1
1,"A",1.7506303618275,-0.847350913695438,0
1,"A",1.5332724851415,-0.637845124242918,0
0,"A",-0.354742468021957,-1.26939373557386,1
1,"A",1.17950120119759,0.748876784270379,1
1,"B",-1.28195823626524,0.071357298185892,0
1,"A",-0.393995058070559,-0.506809922986997,1
0,"B",-0.0663666718616536,-0.0386700747680653,1
0,"A",-0.361335449292096,-1.87499444655088,1
1,"B",0.816919673504065,-1.94113497615639,1
1,"B",-0.148301249176765,-0.119045436293656,1
1,"A",0.987854862933562,-0.310613517251713,1
1,"B",0.320845981884132,-0.338989856933587,1
1,"B",-1.78011350939706,-0.554425325295902,0
1,"B",-1.1455197897299,0.856541943421355,1
0,"A",-1.4751758667294,-0.250368559303157,0
0,"B",-0.198672182154084,0.106848267414701,0
0,"B",-1.20555185434823,0.856629252809433,1
1,"A",0.961269470960071,-0.591809561801875,1
0,"B",-1.72724176979657,-0.378485095271189,1
1,"B",-1.43691525201755,0.382862112250271,1
1,"B",-1.2583360752985,-0.0320213802281538,0
1,"A",1.58522480539151,-0.122243551245753,0
1,"A",0.328917337049169,0.373949776202543,1
0,"B",0.0806373192945895,-1.57402440201576,1
0,"B",-1.26908475325612,1.83121399113293,0
1,"B",0.618275718729671,1.27495887528973,1
0,"A",-0.157910355843668,-0.19818052756491,1
0,"A",0.408478771050613,0.22401137743567,1
0,"B",-0.0546389870126114,0.12444150374262,0
1,"A",0.673049291153569,0.544140208353981,1
0,"B",-0.202387235968147,-2.42850912751327,0
0,"A",-0.52491874321609,-1.12784256986386,0
1,"A",-0.0373447896561137,-0.0311867748271775,1
1,"B",-0.241692640205501,1.52376878947241,0
1,"B",-0.404945160566173,0.355896371580176,1
1,"A",0.214614607379077,-0.731524711080137,1
1,"A",0.182326168077418,-0.770393253728965,1
0,"A",-0.450632690679167,-1.19701528741303,1
0,"A",0.115929843687735,-0.11851441483162,1
0,"B",1.4509193931411,0.579898501042634,1
0,"B",-1.81446965237456,1.34974226899858,0
0,"A",0.82315335831323,-1.18168948868648,1
0,"B",-1.0485493892004,-2.32331509927877,0
1,"A",1.62820869287902,-2.14492338586278,1
0,"A",0.94153057685129,0.252842087243651,1
1,"A",2.08735230232513,-1.33830820920583,0
0,"A",-1.56161874004381,0.227531588952062,1
0,"B",-1.36650315000833,-0.244161869759114,0
0,"B",-1.92993751743793,-0.0457452723572163,0
0,"B",-1.16512450970464,-1.70528655338867,0
0,"A",0.530083964490482,0.350669875735324,0
1,"B",-0.969684369247198,1.29261432799168,0
0,"A",-0.612363966485064,-0.727454962914786,0
1,"B",-0.863784619436241,-0.664688647163335,0
0,"B",-1.34429251559403,-0.115814584854763,1
1,"B",-0.477074114230954,-0.500161628783965,0
0,"A",-0.928683765492409,-1.0244921274934,0
0,"B",-2.04673987785308,-2.06801864427593,0
1,"B",1.27789286807911,1.01946406444926,1
1,"B",-0.75777515649421,-0.0750179292894921,1
1,"B",0.743396447760443,-0.479410713079956,1
0,"B",1.5604947515857,-1.14532920517436,0
1,"A",0.770068368147186,-0.242665969543631,1
1,"B",0.179178492800872,-1.21599667231714,1
1,"B",-0.68170745558702,0.702505439401474,0
0,"A",-0.601947250774074,-1.16767119384766,1
0,"B",-0.623167944501611,0.241184288562777,1
0,"A",-0.219535528933776,-1.27668653235787,0
1,"A",0.227784429594264,-0.522541389428247,1
0,"A",-2.5394864602616,0.769775077692631,0
0,"A",0.79650731136439,-2.21795312044327,0
0,"A",-1.06261636505623,-2.28985266627652,0
1,"A",2.04603750861012,-0.304384225025509,0
0,"B",-0.272910398912221,0.0357832903144298,0
0,"A",1.86003340064239,-1.57224483401433,1
1,"B",0.432950175405308,-0.722819248195459,1
0,"A",1.42033125185552,0.701126464096184,0
1,"A",0.866385717907465,0.462843078338545,0
1,"B",-0.412634327419606,0.584528440157345,1
1,"A",1.20986999530957,-0.225494227270403,0
1,"A",0.436502948413297,0.887986988650952,0
0,"B",0.0797485462779653,0.588545944475396,0
0,"A",0.855522483327857,-0.456986060467241,1
0,"B",-0.674682718531392,-0.228473382471393,0
0,"A",0.183847186174148,0.269489893124604,0
1,"B",-0.786112563554441,1.22596641547844,1
1,"A",0.77156899341565,1.99222601364086,0
1,"A",1.14425850730839,-0.0294752866136472,1
0,"A",-0.0494278291749938,-0.713177508530274,1
0,"A",1.50012357583601,-1.36583949442787,0
1,"B",-0.289463401737787,0.13085400496945,0
0,"B",-1.94847338676636,0.802200982245076,1
0,"A",0.0871941872414425,-0.449479891353095,0
0,"A",-0.341510573776692,0.287240756836739,0
0,"B",-2.57880016833633,0.184271710103312,1
0,"B",0.303992400168765,-1.34765112788385,0
0,"A",-0.549928707404114,-1.45013913119946,1
1,"B",0.203717891093188,1.37056741082709,1
0,"A",0.97048128643329,-0.0745180680051665,0
1,"A",1.86093848031042,0.939353511200506,1
1,"A",0.00287737139582539,0.184033876220097,0
0,"B",-1.20920522760307,1.95362124185163,0
0,"A",-1.42666079296329,-0.121086390379241,0
1,"B",0.125045513744101,-0.428481799847203,1
1,"B",0.739799147398315,-1.1370738262698,0
0,"B",-0.0240585660367516,0.95461068971298,0
1,"A",1.09740869446126,-0.735079155954183,1
0,"B",-1.71421329379376,0.331303182697491,0
0,"A",1.52577237166727,0.491959074532843,0
0,"B",-1.963834903729,-1.80062756259162,1
0,"B",-1.52936041996196,-0.214099440644463,0
0,"B",-1.52449292298179,-1.17616669187715,0
1,"A",1.54253396201076,-0.2585937395017,1
0,"A",0.569717526546967,-0.355341611510748,1
0,"B",0.167009357181606,-0.218183980125548,1
1,"A",-0.463812345767128,-0.968941515716266,0
1,"A",-0.260123889010968,-2.67660160237258,0
1,"B",-0.360372957238793,0.826346713086663,0
0,"B",0.995770678710168,-0.531249242126698,1
1,"A",0.650505620529054,0.230565787594616,1
1,"A",0.568767566313165,0.100889093609031,0
1,"B",1.09804103405097,-0.0843940015498917,1
1,"B",-1.56950284743725,0.476931558457314,1
0,"A",-0.228743451337292,-0.931034625143895,0
1,"A",-1.17712348039518,-1.59240266131036,1
1,"B",-0.540348292058544,1.66964593359447,0
0,"B",-1.24695893946551,-1.68823172831852,1
0,"B",-2.65170339413408,0.842720253672086,0
1,"B",-0.672037762082439,-0.208036398887298,0
1,"A",0.288972551439269,-0.908287542317346,1
1,"B",-0.949313858750959,1.34317707022954,0
1,"B",-1.64290846560433,1.8696357510097,1
0,"A",-0.52236378961116,-0.143788754095597,0
1,"B",-0.146745131583174,0.638414076932563,0
0,"B",-0.800342607141969,-0.659017128956423,1
1,"B",-0.109158854088735,0.283916654115355,0
1,"B",-1.21347435788117,-0.00679698425300676,0
0,"A",-0.386550763078245,-1.76123959141129,0
0,"A",-0.290076820644795,1.12072824320137,1
0,"A",-1.03456469794163,-0.717069996533447,1
0,"B",0.549075544257883,0.366908038535042,1
1,"B",-0.90877087404414,1.43064135210365,0
1,"A",0.901596132268354,-0.81328006747451,1
0,"A",0.127661352202831,1.39427692271202,1
0,"B",-2.05552908974975,-1.08481223461652,1
0,"A",-0.600455522016192,-0.0864929728869182,0
1,"A",0.537772474487782,0.50953812442316,1
1,"B",-0.520002876049565,-0.438189522544181,0
0,"A",-0.346327523339199,-2.21141777038267,1
0,"A",0.641185471353237,0.0909504909179869,1
1,"A",1.40930853727275,-1.16512164003881,1
0,"B",-0.476911194624952,-1.42343608345965,0
1,"A",1.40081943929038,0.351435406262962,0
0,"B",-2.23874263453047,0.61151156115401,1
0,"B",-1.60338457051675,-1.60738513742816,0
0,"A",0.394296598550466,-1.43605658914983,0
1,"B",1.10170940384303,1.92343094889983,0
1,"B",-1.42529263482713,-0.266507075207435,0
1,"B",-0.0820159251358782,1.87393613713804,0
0,"A",-0.0579996731524244,-0.659242370644942,1
1,"A",-0.259019909214029,-0.0426886269199515,1
1,"B",-0.560412449460638,-0.240533073297444,1
1,"A",1.32316183611535,-0.588357121652062,1
1,"B",0.210355791627632,-0.142678959460625,0
0,"A",-1.61301106066634,-1.97009780605582,1
0,"B",0.530072123242955,-0.672681886890818,1
1,"A",0.368522245913489,0.45508678640694,0
0,"A",1.21628745718018,-1.64471378911478,0
0,"A",0.218486099487659,-1.041270128271,0
1,"A",1.47370440171511,-0.673807145684338,0
1,"A",0.566312719188318,0.176023609695515,1
1,"A",0.369013420730135,0.141051933833709,1
1,"A",-0.120691873538916,-0.543369196083978,1
0,"B",-0.915890776546381,-1.29107091524579,1
1,"A",0.893907868831007,-2.49279608390014,0
1,"B",-0.445436434823044,-0.054725992644537,1
0,"A",0.47682103472663,-2.27460436371734,0
0,"A",-0.0497185100002254,-0.959510908655517,1
0,"B",-1.04144418329206,-0.641439281699872,1
0,"B",0.471431945084204,-1.60393657630473,1
0,"A",-0.232884471579723,-0.658993874088727,1
0,"B",0.344399919574782,-0.37085804640457,1
0,"A",0.113658019008995,-2.12050826291271,0
0,"A",-0.152158118782485,-0.264425444943398,0
0,"A",0.501158558557746,-1.13596563678972,0
1,"A",0.545480207287979,-1.50109305958239,1
0,"B",-0.838012268828714,-0.43927458810569,0
0,"A",-1.19972229285345,0.908841298000776,0
0,"B",-1.98621883403389,-0.141197467431964,1
1,"A",1.81908764536245,-0.71917625760139,1
0,"B",1.75490650523671,-0.878494410477875,1
1,"A",-0.803522745154358,0.00449090811399305,1
1,"B",-1.49996814419991,0.129211975754842,0
1,"B",0.0832376679681601,0.940504562080807,1
0,"A",-0.592097607478343,-1.32966668013203,1
1,"A",-0.788327975580843,0.367859247523286,1
0,"B",-1.66033374541106,0.231536202329794,1
1,"B",1.03419583895567,0.30312517660648,1
1,"B",0.279473306685001,-0.278720244177232,1
1,"B",0.0405591383709694,1.36333967720256,1
0,"B",0.703639349343793,-0.00449055272715704,0
0,"B",-0.60865350124367,-1.1089392538911,1
0,"B",-0.519017090482313,1.53069384874958,1
1,"B",0.596466487439523,-0.618038133209788,1
1,"A",0.37444964295214,1.5808740415689,0
0,"A",-0.403715144772816,0.217657989747841,0
1,"A",-0.42934086949644,0.247708477120323,1
0,"B",0.839024579782107,-0.721111777323136,1
1,"A",1.43805721965565,-1.06957843447648,0
1,"B",-1.3232161246278,0.317134593424987,1
1,"A",0.00766172963290651,-0.298778177053927,1
0,"B",-0.654766340970591,-0.0897508386968438,0
1,"B",0.25034914843412,0.871039067805623,0
0,"A",-0.0697739807520554,-0.131898516890842,1
1,"B",-0.699324879975631,1.66028634294128,1
1,"A",1.72055743283526,-0.155964842422412,1
1,"B",0.835239862522049,0.0726379715612109,1
0,"A",-0.130498447906447,0.853190548553606,1
0,"A",-0.669443868716701,0.0950514681333791,0
0,"B",-0.683044182561188,1.38469017452898,0
1,"B",1.24308687588506,1.06070341564791,1
0,"A",-0.142528530563168,0.0629054703424929,0
1,"B",1.1328473150992,0.0120313758701773,0
1,"A",1.2175654990639,0.820058533907323,1
1,"A",0.63912079624574,-0.464490017907744,1
0,"A",0.849579960579307,-1.79063896350154,1
1,"A",0.104450125893859,-1.36145003725637,0
0,"B",-1.92429527579193,-0.63991391177374,0
1,"B",-0.717856789419481,-0.215878735878795,1
0,"B",-0.39904000618031,-1.13873932414627,0
1,"A",-0.544220337066345,-0.316584773511607,1
0,"A",-0.361858404973547,0.286928752028754,0
0,"B",-0.349282857611096,0.81592716428078,1
0,"B",-2.07861773540838,1.59726570072715,1
1,"A",0.634829118484763,-1.37018685147021,1
1,"A",-0.76020122108723,-0.109549523223587,1
0,"A",1.67195842473755,-1.4973635922428,1
1,"B",-0.837343724865408,1.49771863927976,0
1,"A",-0.317441677681164,-1.80102290621533,1
0,"A",-0.434623780209811,-1.47781935770885,1
1,"B",-1.29827602182065,2.6836485318127,0
0,"A",-0.74090099202855,-0.266484812296615,0
0,"B",-1.7172981317093,-1.49940057592203,1
1,"B",0.387248371352128,0.149066239512004,0
1,"A",1.46054964062446,-0.620183429440942,1
1,"A",1.54772402017205,0.911124669175242,0
1,"A",1.20774700513394,-0.295501122452991,0
0,"A",0.894055239261876,-0.446860806124466,0
0,"A",0.0550779626200109,-1.16496004349978,1
1,"A",2.09937310512168,1.12504921476942,1
0,"B",-0.677635523153353,-0.0329762459732877,1
1,"B",-0.282099445245036,0.0511983932075132,0
0,"A",-0.442443650114862,-2.45339518649889,0
1,"B",0.997372176922218,0.952420327340593,0
1,"B",-1.41131313871336,0.684326890908979,0
1,"A",-1.82094893828258,0.377990404068336,0
0,"B",0.759939555183753,-0.0835616818689907,0
0,"A",-0.573779365470401,-2.14546096472297,0
1,"B",-1.14855171954128,0.699622396252428,0
1,"A",2.17208112397395,-0.226505832865261,0
1,"B",-0.70880182568163,-0.788364370066222,0
0,"B",-1.19732321343146,-0.255475135279498,1
1,"B",-1.61040232688698,0.333706094282113,0
1,"A",2.15006921510792,0.294973121530151,1
0,"A",0.835318687058752,0.661692667256358,0
0,"A",-0.519759742710621,-0.445963760110915,1
1,"A",1.2471278992179,-0.385993728018956,1
0,"A",-0.386140712987122,-1.05536387924565,1
0,"B",-0.0570127345876121,-1.05734424265752,0
0,"B",-0.477251691171808,0.381646356598436,1
0,"A",-0.491797062553908,-1.42056816269503,0
1,"B",0.0754991095006438,1.53847088189994,0
0,"B",0.91860145930806,1.30270833619279,1
0,"B",0.0183486459345753,0.0986370736433103,0
1,"A",2.48361745191873,0.839402621190595,0
0,"A",-0.968435307958841,0.323749170634004,1
0,"A",-0.320123551005575,-1.72127428810158,0
0,"A",-0.757154062478435,0.970540690835921,1
1,"A",1.00660794001743,1.31109552958541,1
0,"B",-0.39840982878653,-0.434431414871533,1
0,"A",-1.08418558880558,-0.836657856714485,1
1,"A",0.39835674061311,-0.486402386989041,1
1,"A",-0.102902073651042,1.21924418455346,1
1,"B",1.99002912379233,0.369239860003153,1
1,"A",1.08290771330213,-0.290908237579964,0
0,"A",-1.24094064597227,-1.43627885024639,0
0,"B",-0.129756955949691,0.230880514891925,0
1,"A",1.30476045274656,0.135752542190522,0
0,"A",1.35975903553025,-1.08024929396941,1
0,"B",-1.08942372630405,-0.888655786670255,0
0,"A",1.55330979967859,-1.59915241663451,1
0,"B",-0.344823502433836,-1.15202630745446,0
0,"B",0.348235603167546,-0.821103417053164,0
0,"B",-0.799530163557191,-0.885598790676466,1
1,"A",0.179017856219429,-0.683937526040425,1
0,"A",-0.660609352883079,-1.55515785604745,1
0,"A",-2.45861714564091,-0.00481702292783148,1
0,"A",0.746214313153555,-0.15547801847274,1
1,"A",-0.412897099996829,0.338357331592797,1
1,"A",1.36064676646479,0.737671753989119,1
1,"B",0.68647088484465,0.317715098083345,1
0,"A",0.382861560776399,-0.304096672458401,0
1,"A",1.01795089048239,0.798178120393872,1
0,"B",0.10461028365489,0.966397246259553,0
0,"B",-0.737625545065027,0.332398679488191,0
0,"B",-0.882642255506868,-0.289295859468833,0
0,"B",-1.95551062739231,-1.24506079703375,0
1,"A",1.9886343394932,0.0199979324964358,0
0,"A",-0.289923683877581,0.0232532409024722,0
1,"A",-0.0480830805353504,1.12551713733955,0
0,"B",-1.81447654654988,0.543195856412686,0
1,"A",-0.186772743491121,-1.51348360979714,1
1,"B",-0.374786452692716,1.55528318486243,0
0,"A",1.38454399920287,0.555564449812758,1
0,"B",-0.660161293716166,-0.455830578200615,0
1,"B",0.423071766618555,0.958726090263759,1
0,"A",0.996703562948582,-1.60579457647705,1
0,"B",-1.90265802765927,-0.266689910054252,0
0,"B",-1.29328253409722,-1.35166596003095,1
0,"B",-2.37164159139213,-0.62741918962154,1
0,"A",0.743188756617258,0.320088683676755,1
0,"A",-0.546807923962285,0.438602966841926,1
0,"B",-1.71275116927236,0.735225712965465,1
1,"B",-2.33996731104973,-0.054032786302075,1
0,"B",-1.28502441253303,-0.530396853061058,0
0,"B",-0.488702469324869,-0.641341787624454,0
1,"A",0.207305303079948,-0.0653390253628893,1
0,"A",-0.517227302856712,0.00866115540729712,0
1,"B",-0.0273873420237885,-1.58354273089044,1
0,"A",0.833004148852539,-1.37344600204499,0
0,"A",0.615998189084959,0.68330249905881,0
1,"B",-1.34141697753455,0.0703347665272981,1
0,"A",1.4401843124242,-1.00391433788439,1
1,"B",0.102291560201789,0.227899655834208,1
0,"A",-0.583055315368713,-0.224655615890263,0
0,"B",-1.21021809913001,1.47195103761772,1
1,"A",-0.274216099177286,-0.570566330531102,0
0,"B",-1.52088608492531,-0.542898889720126,0
0,"B",-2.16960194949591,-1.20065463033978,1
1,"A",0.143091882553315,-1.35519773165004,1
0,"B",-2.30755318025138,0.712464322016017,0
0,"A",0.660721559249754,0.0204980073617865,1
0,"B",-0.715662424318997,-0.685475576220206,0
0,"B",-0.602057046714688,0.745271111980973,1
1,"B",0.952166264259526,-0.78184744039206,1
1,"A",0.15307157477999,-2.15775186899513,0
0,"A",0.812561380380737,1.29272571802808,1
0,"B",-0.290824488756513,-1.88781091711052,1
1,"A",0.617668489792746,-0.255564386643639,0
0,"B",-1.69358415404101,-0.574870620782718,1
1,"A",1.81006836586467,-0.30067038329702,0
0,"A",-0.239353905418217,-0.379235383331072,1
1,"B",-0.778530786240425,-0.498878375817125,0
0,"A",0.349644478483602,-1.48880028241057,1
0,"B",-1.29460086612878,-0.269701295893639,0
0,"B",-1.62904536955371,-0.745122254454653,0
0,"B",-0.0134860785799091,0.56029459010992,1
1,"B",-0.977347434187571,0.642212845664638,1
0,"A",-1.12731307596478,-0.418733826800434,1
0,"B",-0.470667523226179,0.251107536937534,1
0,"A",-1.9703648736123,-0.623957682362897,1
1,"B",-0.170556949474275,-1.13448712377657,1
1,"B",-0.16762558105011,0.161648544669727,1
0,"B",-0.986214908776688,0.874069008045601,0
1,"B",-1.11504793260382,0.186927762827784,0
1,"B",-1.95353709290611,0.958231548639796,0
1,"B",-1.72628027305917,-0.216457249716708,0
0,"A",-0.197843249935951,-3.01531912309579,1
0,"B",-0.935026617622729,1.3471627992279,0
0,"A",0.0727456590630236,-0.9538660895228,1
1,"B",-0.876286340526298,-0.118181186884163,1
1,"A",0.287787881378972,-2.04021265511077,1
0,"A",0.607025890614312,-1.37206823983554,0
0,"B",-0.0382381434559773,-0.632737247935589,0
0,"B",1.48786157868489,0.226115664605078,0
1,"A",0.0987675148207886,0.302717613167542,0
1,"B",1.68143130186115,0.924112537475941,0
1,"A",-0.78707216218895,0.247550008081614,1
1,"A",1.30774107743308,-1.98597515260427,0
0,"B",0.381239777802859,-1.0237860393143,1
1,"B",-0.399601879705132,1.74379327013484,0
1,"B",0.116482753594304,-1.20370602829636,1
0,"A",0.33468558785623,-2.69254127084106,1
0,"B",0.766692380833492,-0.834689423158492,0
0,"A",-0.376676142581912,-0.697860670459212,1
0,"A",0.642062592240671,0.574102084778264,1
0,"B",-0.786611252616535,-1.52570880278452,1
1,"A",1.07477041328205,0.434390285387985,1
1,"A",-1.26037594145056,-0.544433788317727,1
1,"A",1.21168272752724,0.00537489007238756,0
0,"A",0.143202538490355,-0.090066098305742,0
0,"B",-1.45503755651042,0.240591825811142,0
0,"A",1.20459398893751,-0.582859127246806,1
0,"A",-0.48891900100929,-1.45865873331025,1
0,"A",-0.813465275337657,-2.43753510153637,0
1,"A",-1.44255214130692,-0.476495835934689,0
1,"B",-0.657789570440633,-1.79476191056433,1
0,"A",1.04707141591601,0.0260582774037691,0
1,"A",0.456476174941642,-0.628211002917399,0
0,"A",-0.309814135674103,0.158062626884634,0
1,"A",0.743930682539255,0.110103177127852,0
1,"B",1.24901829879461,-0.367951942008344,0
0,"B",-0.0400494868981571,-1.09078799612953,0
0,"A",0.158509963786332,-0.747163143061373,0
1,"B",-0.901437181763493,0.681025111298691,0
1,"A",0.966394862709181,-1.12592155146599,0
0,"B",-0.670828399973845,-0.494925157156848,0
0,"B",0.90759013106434,-0.284444694760573,0
0,"A",0.216979235549344,-0.431377157845594,1
0,"A",0.573124524618382,-2.12828751898751,1
0,"A",0.330195760302361,0.389403046674156,1
0,"A",0.152044050059345,-0.519601846136294,0
1,"B",-0.793467224967478,0.886999411255218,0
1,"A",0.6432560465373,-0.632936122314949,1
1,"A",1.19802742392527,1.16334909110525,1
0,"B",0.207563694324257,0.646105191651433,0
1,"A",1.55679036617821,-0.85399516290846,1
0,"A",-0.227545964173825,-0.881360070020388,1
0,"B",-2.08664224541377,0.933905369072139,0
0,"B",0.39666282261875,0.458246588753331,0
1,"A",1.12218106174401,-0.43136805768382,1
1,"B",0.00473367934411029,0.516597664541725,1
1,"B",-0.654940855959383,-0.0240076076925197,1
0,"A",-0.571038715794725,0.403140279887234,1
0,"B",-1.35638120130445,-1.28684961977234,1
1,"A",1.54063640430706,-1.23058989439415,0
0,"B",-1.34152789152648,-1.34736600253268,0
0,"B",-2.53149178670613,0.936734880655245,0
0,"A",0.513475674967016,-1.55786482375789,0
1,"A",-0.271874418644279,0.710943247848809,1
0,"A",-1.02790133024465,-0.994113533250181,0
1,"B",2.48694159825323,-0.144797672183627,0
0,"A",-1.2141014830631,1.31236579694878,1
1,"A",0.179206241272818,-0.948916016289965,0
0,"B",-1.104468786712,-0.0667386509130504,0
1,"B",1.77300387576782,0.685746050776832,0
0,"A",0.716740394850988,-0.843529697579983,0
1,"A",0.951504020510326,-0.159090372941001,1
1,"A",0.30532694739326,0.79225388371569,1
0,"A",-0.44812104837833,-0.478864095802075,1
0,"A",-1.18815692246328,1.1395967460998,1
0,"A",-0.413107336230085,-1.02793534512655,1
1,"A",0.842340267542539,-1.14163559257551,0
0,"A",0.0515146613238369,0.160017947390779,1
1,"B",0.0633353198344001,-0.859136721050717,0
0,"B",-2.14964173737255,0.884072740595942,1
0,"B",-1.15158892066881,0.676326279025868,1
1,"B",-0.531212331957949,-1.2551115998242,0
1,"B",0.415310230849001,1.08525904538007,1
1,"A",0.921145918396794,-0.7218108967852,0
0,"A",-1.20063656119623,-1.60002672786718,0
1,"B",-0.527617082477185,1.17576776454758,0
0,"A",-0.922423106911429,0.394942103798895,1
1,"B",-0.141525181462116,1.80828262605438,1
1,"B",-1.56868359839916,0.875964464514898,0
0,"A",1.58178382831004,1.417721247298,0
0,"B",-1.5978115380634,0.748765924644609,1
0,"B",-1.10186197833378,1.15963651050644,1
0,"B",-0.131241084576088,-0.85269249109779,0
0,"B",-1.1205648041908,0.499993085923609,1
1,"A",0.871041391771211,-0.227178659280693,0
1,"A",-0.0110729419794823,0.573508097543083,0
0,"B",-1.7669596672872,-0.876615323296713,0
0,"B",-2.89234056832631,-0.771556153936959,1
1,"A",-0.127021626818321,-0.747825626534114,1
0,"A",0.31504552407487,-0.307826740995651,1
0,"B",0.423892221898823,-0.887917850552976,1
1,"A",-0.905060644699524,0.997756352440087,1
0,"A",0.266009601920583,0.493598140675536,0
0,"B",-1.17064226498446,0.583147719864679,0
0,"B",-1.36980176074396,1.37578762701367,1
0,"B",-0.905724955916313,0.322108702474205,1
0,"A",0.753367451590684,-1.99998558268336,1
0,"B",-0.03436195839136,1.03422693380825,0
1,"A",2.30405527121477,1.42862212819725,0
0,"B",-1.24846881463068,-0.542909427943666,0
0,"A",0.366124847222549,0.259475692446425,0
1,"A",-0.0309860432371614,-0.812219346177017,1
0,"A",-0.167929871187321,-0.485225311226873,1
1,"A",0.512560527596735,-1.25201029448524,1
1,"B",-0.857712534932046,2.34608517903238,1
0,"B",-1.94815559803894,-0.49426681225354,1
1,"A",-0.227902428789575,0.885965158499387,1
0,"B",-1.26837630010504,0.535220473869675,1
0,"A",-0.377187557155243,-1.16494411247372,1
0,"B",-2.53034738525808,0.159627258133403,0
0,"B",-0.821002377866538,0.570471238861892,0
0,"A",0.47312525147482,-1.55073559936046,1
1,"B",-2.85897500498579,-0.382390410664356,0
0,"B",0.66982546883941,1.13953760572664,0
1,"A",1.75673975604836,-0.589831351399914,0
0,"B",0.0375898776776195,-0.651097579112828,0
0,"A",-0.882864206204584,0.283007682655314,0
1,"A",1.40936237149864,-0.941482601140173,0
1,"B",-0.577461389363232,-0.657160418363356,0
0,"B",-1.05179839054354,0.975143134020857,0
0,"A",0.524085643815217,-0.00786323728894667,1
0,"B",-0.154593555069322,-0.803902177029904,1
0,"B",-0.64567339519021,0.0585950444708274,1
1,"B",-1.06627562226902,-0.641571313236685,1
1,"B",-0.272149227597928,1.03662908199198,0
0,"B",-2.23692747298627,0.459727352008601,1
0,"A",0.284278518581941,-0.485943289199247,1
0,"A",1.19711186751603,0.215817968259978,0
0,"B",-0.405502730131061,1.7268965429829,0
0,"B",-0.0858092540204355,0.488451577729409,0
1,"B",-0.670930460635685,-1.00880235599038,1
0,"B",-1.75353445747786,-1.01800778663695,1
0,"A",0.649833966244311,-0.14407956923773,1
1,"B",-1.34105548336233,1.534869513454,0
0,"A",-1.87379748128256,-0.0807857985360604,1
0,"B",-0.758679042791673,-0.468555396825833,0
1,"A",1.30134991142897,0.946247324797731,1
0,"B",-0.648900166150793,0.417984164079782,0
0,"B",-1.14769308423721,-1.54931368442569,0
0,"A",-0.759929647632215,0.9825001787075,0
1,"A",-1.6983443369196,1.22032832204847,0
0,"A",0.681186244645981,0.992584059708136,1
1,"A",0.638537412539527,-0.245518800412865,0
1,"A",0.143457856058548,-0.753849768697798,1
0,"B",-0.825717528292796,0.0654651841782558,0
0,"A",-1.98824404847148,0.187450031458226,1
0,"B",-2.53043794085486,-0.817828316978285,0
1,"A",0.879739172754711,0.954423592398294,0
1,"B",0.0741606900977686,0.879642270359643,0
0,"B",-0.617502666641021,1.49964502548278,1
0,"A",1.18247877190897,0.762557424019746,0
0,"A",0.237163956084746,-0.941194982303635,0
1,"A",0.319976117856238,0.379781644008232,0
0,"A",-1.89191639121216,-1.11893869705475,1
0,"B",-2.76277750003371,0.540429423701099,0
1,"B",-0.282666234937434,1.18042122646444,1
1,"A",2.36573168798554,-1.43806098083794,1
1,"B",-0.776817317501483,0.313127907326839,1
0,"B",-2.18738836152772,0.514763223568169,1
0,"B",-0.157288075223697,-0.46530875606539,0
1,"A",-0.0353600720874599,0.549056560949789,1
1,"A",0.400368787583174,-1.28599366735818,1
1,"B",0.0930620641722159,-0.713959796651558,1
1,"A",-0.109165860362057,0.501216279520605,1
1,"A",0.106820995939861,-0.733462691813436,1
1,"B",0.419794110807073,1.74194528117197,0
1,"A",0.583457876565681,-0.324981686571544,1
1,"B",1.6971447895317,0.718276674887236,0
1,"A",1.33487096618407,-0.0261195872233749,1
1,"B",1.43221926878959,-1.09708441985437,0
1,"B",-0.0134756586898803,1.96824195393185,0
0,"B",-0.312293053819885,0.963739960112807,0
1,"A",-0.59403971340238,-0.572638885283484,0
0,"B",-1.73707732871705,-0.174603371354615,1
0,"A",0.511856889916597,0.610642419487771,1
1,"A",0.24328152638275,-1.32705272841497,1
1,"A",2.02742028847245,0.702345211779108,0
1,"A",2.79660421058746,-0.696116576067917,0
0,"B",-1.4203644822096,0.12695123965571,0
1,"B",0.704713951698091,0.253825628294523,1
1,"A",0.451874158961178,-0.647295099939182,1
1,"B",-0.251145732042119,0.553565645876121,0
0,"A",-1.13960733058472,-1.61408653750821,0
0,"B",1.47489173744029,-0.663265037075632,1
0,"B",-0.930796664199817,1.36499535370649,0
0,"B",-0.764553218494451,-0.820608221276976,0
1,"A",1.50206937261965,1.00914425237979,1
1,"B",-2.21206758885535,-0.0234889079780216,0
1,"A",-1.76021863092911,1.29660301429001,0
0,"B",-1.66546077297836,1.56912927411053,0
0,"B",-1.49388001616132,-0.110980932620622,1
1,"A",-0.797132523481639,0.682948064466995,0
0,"A",-1.06219561026614,0.640467735246135,1
1,"A",0.713630171133523,-1.91659004066011,0
1,"B",-1.25189648611564,-1.47036831049202,0
0,"B",-0.820303266392412,0.283958061094295,0
0,"B",0.000696428829436213,0.914085868199985,0
0,"A",0.140168379541924,-0.413208741062698,1
1,"A",1.54962771435301,0.728096721251118,1
0,"B",-1.51449280429355,-0.232420612457299,1
0,"B",0.532843903361359,-0.573371231022322,0
0,"B",-1.50967712412044,-0.334683172273727,0
0,"A",0.591895595074844,-1.30599453261194,0
1,"A",1.31756405011482,-1.32809917732725,1
1,"A",2.35552673340714,-0.647937548794075,0
1,"B",0.964572496602506,-0.0249230559031557,0
1,"A",0.703518293979034,0.741997908999316,0
1,"B",-0.0844084433243033,-0.691063821023928,0
0,"B",-1.86319744206123,1.40771254051565,0
1,"A",0.980956739208066,0.0458372262955576,0
0,"A",0.534951714882282,-1.27907527234082,0
1,"A",0.386246883603609,0.964280130996562,1
0,"B",0.275875035853731,-0.320313971108399,1
0,"B",-0.450755741123588,-0.666137680502282,1
0,"A",1.41953332064626,-2.20510002914404,1
1,"A",0.293789447847266,1.86063044262797,1
0,"B",-1.8997750316537,1.14993098148728,0
1,"B",-0.225416120117947,-1.07871381908339,0
0,"B",-0.215653420575762,1.27709376446943,0
0,"B",0.511303939996551,1.6086011858942,1
1,"A",0.234130175765758,1.07201724681452,1
0,"A",-1.80205648940682,0.175779745942613,1
1,"A",0.467161057947324,-0.45332565341487,0
0,"A",0.72538332843594,2.05513986976215,1
0,"A",-0.604380259035282,-1.26444955917793,0
1,"B",-0.905696445900368,0.146013072520146,0
0,"A",-1.3266218539426,-0.586876528276043,1
0,"B",-1.08787266536322,-0.367914460606738,0
0,"B",-2.48009289493044,-0.186159746915685,0
1,"B",-1.29078501336601,0.604729361766711,1
1,"A",1.08279643572324,-0.0326163537788384,0
1,"B",0.818724113184101,0.407676165615823,1
1,"A",0.287074245410253,-0.955791015074305,1
1,"A",0.128963008481073,-0.757924390584401,1
1,"B",0.944691920024894,-0.721705061735021,0
0,"B",-0.367159346662114,-1.26859662792029,0
0,"B",-0.803761953326106,1.31841387402781,0
0,"B",-0.016360073021719,-0.094815719777248,1
1,"A",-0.598733911609093,1.27231866514374,0
1,"A",0.0814250277824042,-0.925106226979957,1
0,"A",-1.31123875238001,-0.659924341674492,1
1,"B",-1.07829674319544,1.42035608321224,0
1,"B",-0.0924931626157697,-0.29089991474866,0
0,"B",-1.17989282716921,-0.638173460558346,1
1,"A",1.13238464513924,-0.509668618279898,1
1,"A",1.36967927314096,-0.377092156855858,1
1,"A",2.30300415850571,-0.894877121926611,1
0,"B",-1.5655139997801,-0.909820797372805,1
1,"B",-2.68883685027782,0.740277382032758,1
0,"A",0.00514449229418901,-0.374185952418191,1
0,"A",-0.720254166958651,0.708062038249458,0
0,"B",-1.4590814095071,1.78569529820353,0
0,"A",1.08662521649521,-0.630707857398142,0
0,"B",0.00505742530015318,0.879851808063114,0
1,"B",0.344197587365996,-0.201171815428504,0
1,"A",0.13873531116052,-0.264044966515981,0
0,"A",-1.79384531653832,-1.35785332498773,0
1,"B",0.315057364733999,-0.77383205474382,0
0,"B",-0.988466966949086,0.310205683438105,1
0,"A",-2.03000647514942,-0.418360526768974,1
1,"A",0.141278684994525,-1.37467870784697,1
1,"B",-0.773302944032091,1.53526484080265,0
0,"A",0.685368275849836,0.626303833489326,0
1,"A",1.07850264130741,-0.0800898788171667,1
0,"B",0.479863430766555,0.122490380026279,1
0,"A",0.683869065452693,-3.10891713151286,1
1,"A",1.10423352781372,-1.40981535638179,0
0,"B",-1.88036834323046,-0.138390065751993,0
0,"A",-0.663043484201075,0.198037915319771,1
1,"B",1.14450903590159,-0.744364224610619,1
0,"B",0.362133154389556,0.750988560228209,0
0,"A",1.1504394078101,0.111843084017489,0
1,"A",1.00215700062503,0.0710849555267226,0
1,"B",0.20345235501822,-0.819862375335978,0
0,"B",-1.1201893908198,-0.228232172316903,1
0,"B",-1.21781423710412,-0.655222189492107,0
0,"B",-1.72883041447389,-2.19769323756901,1
0,"A",-0.109350935503838,-0.736607011555817,1
0,"B",0.0118202962116573,0.443554104950968,0
1,"A",1.99740913205679,-1.56909516948343,0
0,"A",0.135836034833832,-1.15087103222277,1
0,"A",2.09544100725582,-0.92792254707903,1
0,"B",-0.772556160488012,0.429252226075335,0
0,"A",-1.62389546402337,-1.80981555001416,0
1,"B",-1.09020210126736,0.48996072102495,1
1,"A",-0.396873445509947,-0.634260203142861,1
0,"A",0.272430714257888,-1.08932849381399,0
0,"B",0.0595665661895953,1.48335706697886,0
0,"B",0.608103079647799,0.240683791098783,1
1,"B",-1.64849419029595,1.65912351517173,1
0,"B",1.43978181093761,-0.625677549604025,0
0,"B",-0.320230438268042,-0.217615625096739,0
0,"B",-2.69718966689261,1.18462058244962,1
1,"A",0.142270367227595,-1.40881274996843,0
0,"A",0.100031899892414,-1.49550692879697,0
1,"B",-1.26987689195173,1.03745271451208,0
0,"A",0.115212063414795,-0.620439992413132,1
1,"A",1.36799573306825,0.609232862784359,1
0,"A",0.482255132258154,-0.704850087476956,1
1,"A",0.604108860495836,1.3363693019861,0
0,"B",-1.14970671821318,1.17008730428715,0
1,"A",0.802903453980554,0.680456664192101,1
0,"A",0.0954186176075597,-1.30211117291505,0
0,"B",-0.585810023799716,1.15227896739275,1
0,"A",-0.129915409622614,1.38850262378946,0
0,"B",-1.38042268282865,0.278418905701997,0
1,"B",-1.70020831479108,-0.0894878253356026,0
1,"B",1.31138845662616,0.48504889102448,0
0,"A",-0.531986509276089,0.479586617563401,1
0,"A",-1.46617680876661,0.640352866451691,0
0,"B",-0.215481837507496,0.37925873590363,0
0,"B",-0.54573925966705,-0.000420183709892968,0
1,"A",0.872454263641935,-0.392288410755431,0
0,"B",-2.50403629040212,0.0227329669886018,1
0,"B",0.697561520013894,1.95539705083903,0
0,"B",-0.173496626170297,-0.705908722075341,1
0,"A",1.56521855577906,-0.776118482499667,0
0,"A",0.842121745694951,-0.339763707594707,0
1,"B",-0.101564894121605,-1.48007942708868,1
0,"A",-0.250781042490125,-1.79211282806638,1
1,"B",-0.21202366734736,0.631192729703841,0
0,"B",0.334277050308671,-1.16974461322594,1
0,"A",-2.13482774094401,0.189094595266813,1
0,"B",-1.43482392578024,2.22541274250403,0
1,"B",1.71539707365995,-0.000777481079319076,0
1,"A",0.209788466757527,-2.97364269167314,0
1,"B",-0.412840438909279,-0.4485120827045,0
0,"B",-1.41209598107957,-0.054119552817929,1
0,"A",-0.372499531692866,1.19895035542066,1
1,"A",1.058064248137,0.82112348116647,1
1,"B",0.634763219621505,-1.0352153096771,1
0,"B",1.26701082525397,1.60384934128596,1
0,"B",-1.56528081236413,1.56100966774849,0
0,"B",-2.13082144223816,0.168144933283945,0
1,"B",0.0247478356070814,1.56512067101109,0
0,"B",-0.896328577533433,-0.66104388952434,0
0,"A",-0.45190355071893,0.3369482476443,0
1,"A",0.232320372331058,-0.0690293022817316,1
0,"A",-0.435283614873999,-1.23773786806291,0
0,"A",-0.394380065308316,-1.41967022185032,1
1,"B",0.152087290120714,-1.16522998691805,1
1,"B",-0.758671951865029,-0.279567062850304,1
0,"B",-0.929255530420619,0.105973279641708,1
0,"B",0.235217183807012,-0.544278233432147,0
1,"B",0.282311295588661,1.85059353875586,1
0,"B",-2.11701414975475,0.411592467338657,1
1,"B",-0.662485164098852,-1.11602848289539,1
0,"B",-0.226012465106422,0.885978884396487,1
0,"A",-0.935985173638871,-0.980757985685221,0
0,"B",-0.8539363699626,1.75376421679386,0
0,"A",0.714684410397091,-2.45473868084075,1
0,"A",-0.739909951382272,-0.299197258591546,0
1,"B",-0.0196908699923851,-0.347728191475535,1
0,"A",-0.343180311986399,0.0509672832563068,0
0,"B",-2.0120741176501,0.893763902080359,1
1,"B",-0.404646583769963,1.16150182419691,1
0,"B",0.655557383517106,-0.117942693197317,0
0,"A",-0.240395845360528,-0.321268657022268,1
0,"A",-0.272824821084329,-2.37967365983576,0
1,"B",-0.322307336434414,0.702822592268125,0
1,"B",0.392299842367603,2.89194590673398,0
0,"A",-0.294215076021957,-0.115879934969516,1
0,"B",-1.71137078563124,0.0830809080325111,0
1,"B",0.458895267569721,-0.675238038326101,0
0,"B",-1.74703685340519,0.532147404238326,1
0,"B",-0.614933876072802,-0.0888153290052735,1
0,"B",-1.58417631335932,-0.176552782081211,1
0,"A",-0.154689796979011,-1.39574524680336,1
1,"A",2.40772731031452,-0.798819384464867,0
1,"B",-0.351400090335983,-0.295442403995306,0
1,"A",1.08055180467821,-1.11533723873502,0
1,"A",-0.36192001657702,0.50116317926597,1
1,"B",-2.15972478093592,0.801352789569486,0
0,"B",-1.47977057648251,-0.0913927172024948,1
1,"B",-0.981126043643502,0.509844488081024,1
0,"B",-0.848654873400844,1.43781789384995,0
0,"A",-0.0181391703362264,0.0507295722601164,1
0,"B",-1.88779070657727,1.60633897653097,1
0,"B",-1.88350067228332,0.746465810097037,1
1,"B",-1.29094475849532,1.01097064610171,1
1,"A",0.817464283981506,-0.778532686632446,0
0,"A",-0.271574075681441,-1.17770889049317,1
0,"A",-1.37930843340524,-2.11713159869315,1
0,"B",-1.13419199944029,-1.98283388400202,1
1,"A",1.27140707660442,0.68419658170501,0
1,"B",-1.27355748082952,-0.141479478778966,0
1,"A",1.12904402975755,-0.811963138483526,1
0,"A",0.595100774286171,-1.76365495658334,1
0,"B",-0.613949060236599,-1.41201782036058,1
0,"A",0.612859254951539,0.364466139000522,0
0,"A",0.272549233017338,-0.596388342993779,1
1,"B",0.23920422125143,0.86993088436696,0
1,"B",-0.398946343087088,-0.669407188680878,1
0,"A",-0.570303563409176,0.357074700177062,0
0,"B",0.15122230382864,0.164442223985603,1
0,"A",2.36534036649185,-1.12873906331943,1
1,"B",0.400272510188615,0.0408570412995778,0
1,"A",2.23581893199606,0.142862811178591,1
1,"A",-0.519365140613871,-0.614540093241854,1
0,"B",-0.642044640373393,-0.163439227908726,0
1,"A",1.08158472794571,-0.893149700752937,1
0,"A",-1.20364220509171,-1.56505895243181,1
1,"A",-0.312587357228592,-0.420814638015133,1
0,"B",-1.26697848932592,1.08077937892754,1
1,"A",0.568929135656425,0.902562622322234,1
1,"B",0.114305666009893,0.280865338159673,0
0,"A",0.0457946225224896,-1.0743067078385,1
0,"B",0.274689367822457,-1.47374998315772,1
1,"A",-0.0218465879435588,0.931708958357087,1
1,"A",1.28373295833114,0.0243524201398814,1
0,"A",0.0604827068968468,-2.70077443306556,1
0,"B",-0.0744197238256725,-0.877250674308667,1
0,"A",1.7665086694963,-0.405969319988857,1
0,"A",0.311056252003041,-0.0749791181934187,0
0,"B",-0.858192745828734,-0.591926670987777,1
1,"A",-0.264266933968781,-0.761853198923461,1
1,"A",3.21046909918095,0.415202252717748,1
0,"B",0.209004686114351,-1.25400609503747,1
0,"A",-0.666704626089384,-0.30481051020387,0
1,"B",-0.109749036992536,0.341136706910511,1
0,"B",0.254534344535574,0.271949238879172,0
0,"A",-0.191667774409532,-0.771435871766584,1
1,"B",-1.42241900291939,0.567630664586905,1
0,"A",-1.67746801075512,0.305297946195274,0
1,"A",1.69324359477245,-0.450944505933765,0
0,"B",-0.0475778403606359,-0.0236110353634243,0
0,"A",-0.804563699725552,0.946449495618164,0
1,"A",1.0928698980248,0.934682137319901,1
0,"A",-0.51270825203398,-1.87079646004123,1
0,"B",-0.794056923265803,-0.37962094523977,1
1,"B",-1.60324267592266,-0.0864221539831239,0
1,"A",1.74601478911866,0.366285603088262,0
1,"A",0.479235206147251,-1.92378663111756,0
0,"A",0.536594431318923,-0.76380294928379,1
1,"A",1.76978578714147,0.561306498727354,0
0,"B",-0.616749617901825,0.123729305476037,0
1,"B",1.06854451766546,-1.09643259569326,1
1,"A",-0.352737688226157,-1.2197551172451,1
1,"B",-1.46296060538145,0.201849056870779,1
1,"B",-0.378959993727183,-0.353306398473716,0
0,"A",-0.43530280922801,-1.88765810284765,0
0,"B",-1.38660162070319,-0.724339033303733,1
1,"B",-0.86922316091456,0.329340700462664,1
0,"B",-1.39319095647085,-0.236313741367485,1
0,"B",-0.42185042108799,-0.947788602070412,1
1,"A",0.473024013750557,0.551954884897314,1
0,"A",-1.49202665026105,-1.72794207794031,1
1,"A",-0.882744686172663,-0.569817706573979,1
0,"A",1.10205283871769,-1.12055232560536,1
1,"A",3.00240186198446,1.19415369858151,0
0,"A",-0.169415270839937,-0.0525220980462445,0
1,"A",0.419632363679398,0.868032850671685,1
0,"A",0.161030689687891,-0.973963438479003,1
1,"A",1.07219401545445,1.10205052796374,1
0,"B",-0.73142145061848,-1.0143322623226,0
0,"B",-0.802480636230351,1.22258187975889,1
0,"A",-0.955261557653363,-1.88667983844692,0
0,"B",-0.843554773837837,0.903617349358077,0
1,"A",0.0166236229816626,-2.24357491790234,1
1,"A",0.825117663303733,0.507103111502666,1
0,"A",-1.27286128883574,0.0312713179219731,0
0,"B",-0.413939593292969,-1.07909987566755,1
1,"A",0.356841521477409,1.81716811489344,1
0,"B",-1.48838391448261,1.43889045054934,1
1,"B",-0.134651296927416,-0.666852229111759,0
1,"A",1.11203412911791,-2.1606150192913,1
0,"B",-0.729158080148921,0.627920673617667,0
0,"B",-1.44666826986958,-1.71144393423523,1
1,"A",2.62410364509956,-2.09593931005285,0
1,"B",-0.832403344057801,2.05823362710393,0
0,"A",0.306143788621067,-0.55908120607675,1
0,"B",-1.05915440464372,-0.255627753654879,0
0,"A",-1.45298428366579,-2.04132569549689,1
0,"B",-0.658801399311432,1.84796755190825,1
1,"A",1.56282513420805,0.717870957059601,1
0,"B",-1.97458762147689,0.185705674754238,0
1,"B",0.49814245363781,0.867430097434498,0
1,"B",-0.115155145803025,2.18467346093963,1
0,"A",-0.00141925591744757,1.45325669024881,0
0,"A",0.58924810764954,0.0797368464824751,0
0,"A",-1.24813724174614,-0.0392121287301445,1
1,"B",-0.320727971291264,1.49617515295481,0
0,"B",-1.37208234528752,-2.45936342657806,1
0,"A",-1.63974275759526,-0.243189343391541,0
1,"A",-0.808945980819156,-1.15642355818387,1
0,"A",-1.40888674825112,-0.25299704512791,1
1,"A",0.485549788650387,0.147050157214014,1
1,"A",-1.536865856687,0.290104666719369,0
1,"B",-0.807651777581709,0.00535106979274647,1
1,"B",-0.878785808272602,2.37165851603186,0
1,"B",-1.2328034346151,0.912378471101562,1
1,"A",1.09295070879274,0.739420939849077,1
1,"B",0.457516867908852,0.359471349408686,1
0,"A",-0.744415681987404,0.253383942995517,1
1,"A",2.84147644058723,-0.908227753342761,1
0,"B",-1.12097773398699,1.80985652024902,0
0,"B",-0.762291225247338,-0.201130000311974,1
1,"B",0.540569924544118,1.13098003603098,0
0,"B",-0.934625960222439,0.877819140468165,1
0,"A",0.447178456170208,-0.202247702721721,0
1,"A",1.76647341437638,-0.84862727263455,1
1,"B",0.781064448846611,-0.755245108324373,0
0,"B",-1.44673865897806,1.18547265808187,1
1,"B",-1.69978325185878,0.56843718695658,1
0,"B",-0.583276518351554,-0.296364982497527,0
0,"B",-1.03437632110791,-0.857999099130683,1
0,"A",0.697670060947299,-0.624235244325679,0
0,"B",0.0887350726878783,0.707641466419294,0
1,"A",1.46762310147255,0.386187111191711,1
0,"A",-1.34726385561714,-0.759031880320205,1
1,"A",0.64476590081341,0.0597712114487904,0
1,"A",0.97696639015743,1.36966466835541,1
1,"B",-1.36607167396568,-0.0263558838290469,0
0,"A",-0.241256388108799,-0.66254194703956,0
0,"A",-2.83896827164016,-0.979812389366489,1
1,"B",0.576244108946106,0.345989269194705,1
0,"B",0.245132650412574,0.073420921022691,0
0,"A",-0.0506322184494711,-1.58531110168076,1
1,"A",-0.800498906212273,0.25126265486974,1
1,"B",-1.01517323457093,-1.10385073661141,0
1,"A",0.648460730938504,0.585921980979033,1
0,"B",0.0146769265759693,-0.225668407775161,0
1,"A",0.626811041962674,-1.45866741553342,1
0,"A",-0.986751494849253,0.0228239133534874,1
1,"B",0.443930844871757,1.56545667029299,1
1,"B",1.17868941200169,-0.903600116140057,0
0,"B",-1.21119839716095,0.672170751542236,0
1,"A",1.35937601545841,0.172630087635029,1
1,"A",2.1694300186463,-1.60926806509818,1
1,"A",1.03877966983029,0.367643737801512,0
1,"B",-0.222484857931032,-0.981672517896965,1
0,"B",-0.759310824452519,1.12851563504366,1
0,"B",-0.10722959662085,-0.110732092034221,0
0,"A",0.146432397315168,-1.24906243328364,0
1,"A",2.46742539039721,-0.0173989990284805,1
1,"A",-0.026523469197703,-0.0176738355536387,1
0,"A",0.110875206757336,-1.08793828392764,1
0,"B",-2.62100986080055,0.444875438461596,1
0,"A",-0.0988850116708364,-1.55226824759422,0
0,"B",-1.07781576568633,-0.349930569543531,1
0,"A",0.0924108585666804,-1.3152702818019,0
0,"A",-0.190591787391939,-0.285615162344186,1
1,"A",2.06969080140682,-1.77469992167961,0
0,"A",-0.93104363003276,-1.9918423992692,0
0,"B",-0.563605435045094,2.0891120661039,1
1,"A",0.259694145319036,-1.04243683758951,0
1,"B",-1.10457989399579,0.491813458323031,0
0,"A",-0.336842363103082,-0.734986063531547,0
0,"A",0.178290457714939,-2.70261586643869,0
0,"A",-0.406231446861668,-0.46110804499227,1
1,"B",-0.246726615949478,0.976743351997469,0
0,"A",-0.111774608626885,0.0602864597140527,0
1,"A",0.507133567524322,0.614339037837257,1
0,"B",-2.11360828009275,1.05660708487371,0
1,"A",0.522593565875641,0.482444698413099,1
0,"A",-0.108345525363586,-1.55115360058027,0
0,"A",1.02420801785789,-0.45026682518366,1
0,"A",1.7479682733252,-0.106048350114355,1
1,"B",-1.79002587456472,0.308962744072792,1
1,"A",0.0610691847076286,1.8179701164937,1
1,"A",1.02129260076488,2.29596902058845,1
1,"B",-0.0455267902836464,-0.25558426034235,1
0,"A",1.08733617271025,0.898436487047232,0
0,"A",-0.193081480920073,-2.29433377597366,0
1,"B",1.22779198434619,2.16593609298545,0
1,"A",1.12877386104113,0.627229784745935,0
1,"A",1.12307246950589,0.454473221517347,1
1,"B",1.03105931656152,1.27793933187403,1
1,"B",0.697055928992019,0.57325477206009,1
1,"B",-0.88067513339147,1.8309535022838,1
1,"A",-0.856293121502933,1.00214622459493,0
1,"A",0.963243630520404,-0.832876678736901,0
1,"B",0.953207968925482,1.16513321325676,1
1,"A",1.60293456943299,-1.0571262740386,0
0,"A",1.30320990346202,1.38666575421731,0
0,"A",-0.177147974507489,0.495075768202433,0
1,"A",1.78634631694511,-0.982678986455523,1
1,"B",-0.104049929577,-0.132749838963911,1
1,"A",1.56655455289332,-0.234641858188532,0
0,"A",-0.551803712016788,-1.20550316265091,0
1,"A",-0.268885485941857,-0.646174800496412,1
1,"B",0.0719728187412823,-0.179522166019678,0
1,"B",-0.56682853487718,0.311410798341175,1
0,"A",-0.942198124246531,-2.49921235325982,1
0,"B",-1.56967866913285,-0.452605752835094,1
0,"B",-2.40601569408632,0.438303656362206,0
0,"A",-0.259023181431229,-0.312421461195901,0
1,"A",-0.0115910713538155,1.8338721886942,1
0,"A",-0.203002850084765,-2.12874894242331,1
1,"A",0.0418043658465073,-0.0812781193012392,1
0,"B",-2.15443341876792,0.899406135394782,0
0,"B",-1.60593484725914,1.04487401194425,1
0,"B",0.274964486183314,1.45307548823632,0
1,"A",-0.181607032044518,-0.440318193996481,0
0,"A",-0.644099808849242,0.0750738431805508,1
1,"B",-1.25562989105213,3.0209675234078,0
0,"B",-1.86838898253974,1.14690061717111,0
1,"A",1.58740244535836,-0.635173428823467,0
0,"A",0.258287385600096,-1.60815228588367,0
0,"B",-0.885060733112096,-0.892486935723837,0
1,"B",0.117375411508684,-0.129080875407033,0
1,"A",1.35484531449777,-0.335630457244753,0
0,"B",-1.126463302267,1.45331636413459,1
0,"A",0.552242465956497,-1.96756068104322,0
1,"A",0.795475143664613,0.848648461048997,0
1,"A",0.336237211748181,0.164724810151922,1
1,"A",0.818036530120199,-1.76518233275797,1
0,"B",-0.793528231795557,-0.2663807297769,0
0,"A",0.0781918649151216,0.270401459404489,1
0,"B",0.295850734552314,-2.07298214258725,1
1,"A",1.17646595126943,0.847697658055072,1
0,"A",0.0469066245372853,-0.447873683788102,0
0,"A",0.715464589670426,0.552689839610788,1
0,"A",0.228471001649844,-1.26986869299306,0
1,"B",0.431720562643838,-1.04133256816149,0
1,"B",0.358178483591241,0.646207126415374,1
0,"B",-0.728534342366294,0.149473465817826,0
1,"B",-0.60351417070237,0.935721223262023,1
0,"A",0.424896709080666,0.426819644359328,0
1,"B",-0.366542583122283,0.505860024479052,0
1,"A",0.711770090511182,-1.91217751794624,0
1,"B",0.305236194396762,-0.0210083663529342,1
1,"A",0.899195355473289,0.186604724162252,0
1,"B",-0.406527431052041,1.11325277186558,1
1,"A",-0.8443481160432,0.873723507255499,1
0,"A",0.905306718708426,0.600996167728958,0
0,"B",0.0043067943877968,1.49964994430285,1
1,"A",0.802086005803199,-1.24192146733214,1
0,"B",-1.95747469082508,-1.811607111971,1
0,"B",0.291369819787733,1.29790484454404,0
0,"B",-0.0709960197763216,1.30777677102696,1
1,"A",-1.60535817723716,0.108235022850599,0
1,"B",0.719629684379829,-0.479887499945666,1
1,"A",1.17887839026471,0.558574667281699,1
0,"A",-1.14363884519593,-0.188733073796083,0
0,"B",-1.77456116670033,-0.588930974605259,0
1,"A",1.42507191930483,1.83774122788783,1
1,"B",0.981392371872504,1.48154927862798,1
1,"B",0.566207738073,-1.04320188785653,1
1,"B",-0.213058268889063,1.06763380515773,1
1,"B",-1.32951722017221,0.658941606512597,1
1,"B",-0.428741146394068,-0.358768727904275,0
0,"A",0.56156012373377,0.827163434850026,1
1,"B",0.0461910144011153,-1.17006630088842,1
0,"A",0.083842908888633,-1.46236564829953,0
0,"B",-0.0996429576559779,0.782078234275749,0
0,"B",-0.579862484506837,0.774297311118705,0
1,"A",2.30352153987118,0.833005993648079,0
0,"B",-1.60895441714217,-0.0280329120315988,0
1,"A",1.17193466970701,-0.385382396449472,1
1,"B",-0.544242412990592,2.07348636680134,1
1,"B",-1.25560146418103,-0.520754782956516,1
0,"B",-0.841416119685791,1.6596815762356,0
1,"A",1.52201171320525,-2.07685983399414,1
0,"B",-0.285171845881063,-0.883450030421405,1
0,"B",-0.565332532846469,-1.74500865111129,0
0,"B",-0.671439757670578,2.03363866521864,0
1,"B",-1.79819098302685,0.555671424254969,0
1,"B",-0.333112696756171,-1.00615098519803,1
0,"A",-0.407132347924357,-1.54552945469904,1
0,"B",-0.708951119813924,-1.35679986831381,0
1,"A",0.433740097831966,-0.318297667695597,1
0,"A",0.841594308402267,0.0129695131076,0
1,"A",1.08084731059953,-0.0667975999551235,1
1,"A",0.0987960453558781,-2.51781709941465,0
1,"A",1.08588624561949,0.728980966561803,0
0,"B",0.126992579990312,-0.442169636774176,0
0,"B",0.546028537711802,-0.02713526595304,1
0,"A",0.924545957118176,-1.24734006148582,1
0,"A",0.86148370823325,-1.39357057530917,1
0,"A",0.474716092931499,-1.429239152895,0
0,"A",0.00697164906718956,-0.548484882995894,0
1,"B",0.525321665525491,1.56963607757248,0
1,"A",-0.376478673141778,0.122321282190185,1
1,"A",0.629801490549981,1.12224887727571,0
1,"A",0.81738384620223,-0.935931628490098,1
0,"B",-1.00518486883161,-1.09586012891031,0
1,"A",-0.561511010192646,-1.37474433384329,1
0,"B",-0.109442670629404,1.56831446338876,1
1,"B",-0.263812968793882,0.904496243313915,1
0,"A",-0.677339612028077,0.608076704684849,1
1,"A",1.09829487001885,0.637972405003903,1
0,"A",0.540206653937187,0.174791880577145,0
1,"B",-1.11845496344672,0.550557308754222,0
0,"B",-1.58556112103544,2.42197716268613,0
1,"A",1.89040475894565,0.998229226228119,1
1,"A",-0.106735284927045,-0.616303979121434,1
0,"A",2.54917879228359,-1.12579752963929,1
1,"B",-0.711557577421649,0.773140012477711,1
1,"B",0.364099154733975,-0.0443164397148589,0
0,"B",-0.374211621547183,-0.723153282126957,1
0,"A",0.229649596144869,-2.38021029677734,0
1,"B",-0.420280446601608,0.323104850978072,0
0,"B",-0.85051398372384,-0.900822882949837,1
1,"A",1.3682942636274,-0.0204247598719328,1
1,"A",1.75421972368955,-0.263856021992664,0
0,"B",-1.66590013969845,-0.442489711041778,1
1,"A",0.815179444050992,0.860358479029856,1
1,"A",-0.0746457322923105,0.584201930990852,0
1,"B",-0.38666176837929,-0.65179398259507,1
1,"A",-0.767182874919566,-0.260442225735015,1
1,"A",0.275694085745115,0.00700882304816941,1
1,"A",-0.466402701740797,0.741052094973424,0
1,"A",-0.265910998039187,1.14808429646209,0
1,"B",-0.79956867459189,-0.654412730856869,1
0,"A",-0.773738860618757,-0.747595805622842,0
0,"A",0.666184074057674,0.886860689898649,1
0,"A",0.0745952536361954,-1.69474167036667,0
0,"A",0.731776159815158,-1.55721752098907,0
1,"B",-1.92416724002562,3.03944215794477,1
1,"B",-0.178706611727586,2.09162560744136,1
0,"B",-0.937555990986883,-0.109556745104888,0
0,"A",0.954228963169362,1.6819725186949,1
1,"B",-0.966761057047335,0.214400100268225,0
0,"A",0.415073913682965,-2.50092408031112,1
0,"A",1.04825385469791,0.266432033942984,1
0,"A",0.918276534978773,0.832801484304214,0
1,"B",-0.659339301221644,0.135577181961534,0
0,"A",-0.798094936369778,-1.74512695600666,1
1,"A",0.621772241948326,-0.0196832759430839,1
1,"A",2.26765520393408,1.20266069233584,0
1,"A",0.55268280723323,1.3112041152344,1
1,"A",0.30344584308402,-0.234263806004998,1
0,"A",0.447411758516779,-1.42761330045091,0
0,"A",0.443235070896338,-0.766473919364272,0
1,"B",-0.585640733475479,0.567485520165647,0
0,"B",-0.669851197819142,-0.218889758952313,0
0,"B",-1.17088862758904,0.998614698317165,0
1,"A",0.217609376406571,0.262980134040386,1
0,"B",-0.542319000077762,-0.172318040156892,0
1,"B",1.97089431907165,1.38382189779803,0
0,"A",-0.841372337791198,-0.706963496955051,0
0,"B",-0.885975244093332,-0.799304826968669,1
0,"B",-0.817280104402073,-0.11551014308978,0
1,"B",1.43976945067039,1.1272242047587,1
1,"A",0.0486018046810226,0.399528591885541,1
1,"A",1.44227718985494,1.15654792206354,1
0,"A",-1.0632966557116,-1.33831527145542,1
0,"A",-0.552742346005216,-1.70301383356839,0
0,"B",-2.45160014743196,0.472876872390024,1
1,"B",-0.475395955503362,0.915063913631773,0
0,"B",-1.92749755267913,0.0163213893181569,1
0,"B",-3.91611285015304,1.24075539500374,0
0,"B",0.39882281526523,-0.223988582527723,0
0,"A",-0.583935191651569,0.14882997617598,0
0,"A",-0.698924558747728,-0.194008473320863,1
1,"A",-0.478329525562367,-0.0385833028478406,1
1,"A",0.414224438372729,-1.17189859756426,0
1,"B",-1.09852186823594,0.328444702600764,0
0,"B",-0.819488723050991,-0.736478547168257,1
0,"B",-2.58665964810678,1.94578626317447,0
0,"B",-1.22769873322218,1.0175300750272,0
1,"A",0.856406722665964,0.717030966629297,1
0,"A",-0.656652219763819,-0.870454249895176,0
1,"A",1.70011351084709,-0.0175635190262211,1
0,"A",-0.298782431667534,0.129377096603347,0
0,"B",-1.50170913993731,1.52231147808365,0
1,"B",0.0887426229361401,0.430596987239951,0
0,"B",-1.40898243182907,-0.949941414936369,1
1,"B",0.942019191338532,-0.396656546267037,0
1,"A",-1.20836092658609,-0.921827901770502,0
0,"A",1.03939757270319,0.24127868159582,1
0,"A",1.06605877448169,-0.521422753050255,0
1,"B",0.290517784095392,-0.797115248116565,1
1,"B",0.304775850626127,0.347198863003263,0
1,"A",-1.13267548980453,0.966612301642368,1
0,"B",-2.0963758404459,0.606315830656066,0
0,"A",0.878771124888335,-0.987120124133662,0
1,"B",-0.702317545961267,0.440659011953,1
1,"A",0.71615191221093,-0.785451291961959,0
0,"B",-0.453564747890038,-1.86635691000283,1
0,"B",-0.646167317985443,0.198394226191075,1
0,"A",0.702819016714675,-1.51012058847619,1
0,"A",1.12627428931008,-0.508969221775184,1
0,"B",-0.38406620927933,0.96830332982868,0
1,"A",0.667691382799508,-0.316072601929311,0
0,"B",-1.67892567558196,-0.0100715473518251,1
0,"A",0.552946850756849,-1.42153531389605,0
0,"A",0.0115530478971086,-2.07991451226325,1
0,"A",-2.54556469115185,-0.672217200648291,0
0,"A",1.43297205591269,-1.26815669376955,1
0,"A",1.27401179449586,-1.43565359087731,1
0,"B",0.748077708056692,-1.41202951419571,0
0,"B",0.274291280143394,0.00950234767700742,0
1,"B",1.08066259618735,0.675695129496295,0
0,"A",-0.0468600362551274,-0.350879423213,0
0,"A",0.20802160866838,-0.985975589790454,1
0,"B",-1.18089272761952,-0.468857325644052,1
1,"B",-0.130244353600773,-0.506979115809558,1
0,"B",-0.446247509572826,0.130031532294053,0
1,"B",-0.7106288302914,1.43987256174859,0
0,"A",1.40100251218151,-1.29481675649455,1
1,"B",-0.73156706200677,-0.147901111688263,0
1,"A",-0.451782224795008,-1.2691874648128,0
0,"A",1.26387734405247,-1.2173962375928,0
1,"A",1.91604957576407,-1.06840949976173,1
0,"B",-1.55040187390064,0.731975438714583,1
1,"B",1.61507510038935,1.51704704605107,0
1,"B",-0.483295740034386,1.79436153397016,0
1,"A",1.38377608944988,0.522990597536084,0
1,"A",0.105134245259682,-0.12446707454857,1
0,"B",-0.630686250192762,-1.52076146955618,0
0,"A",1.15598651699523,-1.2046243409599,1
1,"A",0.269306378786604,-1.35709554187928,1
1,"A",0.885236655613747,0.454263880634074,1
1,"B",-0.702987175457107,1.9833787410676,1
1,"B",0.465265067814955,0.156710102937047,1
1,"A",0.486897930353477,-0.424383699671363,1
1,"A",-0.219800276346769,-0.0516635857499076,0
0,"A",-0.19092145688231,-0.12557860523812,1
1,"A",0.40083263170149,0.0261176518300774,0
1,"B",-2.06689427623065,-1.1475028104997,0
0,"A",-0.587069812452699,0.330845709558875,1
0,"B",-0.325201835947172,0.496271522430403,0
0,"B",-3.29589712285196,-0.507892981623368,0
1,"A",-0.348057509634816,0.225798035187319,0
1,"B",0.505336230257816,0.289348507481517,1
1,"B",-1.25215753521337,0.937993070781589,1
0,"A",0.710577123107023,-1.56258679172276,0
1,"B",-0.123007778607348,1.15180186197111,1
1,"B",-0.371948978639136,2.08185853412415,1
1,"A",-0.125983888745661,0.308649428402233,1
0,"B",-0.732877451872882,1.03954901355894,1
0,"B",-1.17071628065548,-1.71407406996147,1
1,"A",1.52521411568352,1.47935284978744,1
1,"B",-0.545667874259658,0.659928589520132,1
1,"A",1.12760685257338,-0.970817309968969,0
1,"A",1.30632575514242,0.873251240550725,0
0,"B",-0.799840480470446,1.33513849303148,0
1,"A",1.60039094581288,0.505799650430645,1
0,"A",-2.06861489584546,0.622644018568033,0
0,"B",-1.83236346239347,-0.480870297921215,0
1,"B",-0.978194696068065,0.866151344487225,1
1,"A",0.248088677110574,-0.416668165354328,1
1,"A",1.98975923218611,0.186243309660717,1
1,"A",2.36282368178745,0.329647559593532,1
0,"A",0.297004802412386,-0.273394092899771,1
0,"B",0.180514810780546,0.515145884104382,0
0,"A",0.290806335169859,-2.23454302301102,0
0,"A",-1.40717466936755,-0.930025977809328,1
1,"A",0.19700506375213,-0.376392232539823,0
0,"B",-1.07657693482834,-0.650639798929312,0
1,"A",0.142153170244409,-0.2258370123514,1
0,"B",1.57098593538764,-0.489894116378001,0
0,"A",0.366997207347738,-0.764775089107898,0
0,"A",-1.19756066250051,-0.774523737023611,0
0,"A",-1.38875135432777,-0.933515063231438,1
1,"B",0.191556305696144,-0.954517308119031,0
0,"B",-0.858375359341373,-0.136619537518132,0
0,"B",-1.65138094619988,2.05849877671527,0
1,"A",1.66158830261797,-1.42773743694525,1
0,"B",-1.89598944785653,0.0400816729012378,0
0,"A",-1.10223472752141,-1.68641024495208,1
1,"A",2.02136459939695,-0.0508518082945938,1
0,"A",0.0515924013862546,-1.72320910723566,0
1,"A",0.737443297273009,0.365950311387081,1
1,"A",3.00730611876007,-1.50121026755627,0
0,"A",-1.33866873597633,-0.0203294643153661,1
1,"B",-0.917555020912556,1.76267073183956,1
1,"B",1.26672076369294,1.48895969611437,0
0,"B",-1.459279975321,-0.522341976815476,1
1,"A",1.11588184253199,-0.102762084813725,1
0,"A",0.0332172200301243,-1.32739196319093,1
0,"A",-0.831795859839424,0.0539217253337148,0
0,"A",1.332514074992,0.675260371022075,0
0,"B",-1.65696663270253,-0.0989626146781514,1
0,"A",0.161172383852991,1.46429263022842,0
1,"A",0.0510700787105302,-0.323213339423234,0
1,"B",-0.974616534322614,0.0123918791312608,0
0,"B",-2.01761147114972,0.528849989256682,1
0,"B",0.197025079591067,-1.927640556376,1
1,"B",-0.28464364773195,0.450349183170075,1
0,"B",-0.216482803477917,-0.741151386868143,0
0,"A",0.515672718825312,-0.90959931790329,0
0,"B",-1.34701225038647,-0.657524115485174,0
0,"B",-2.22716124934966,0.522837803668922,1
1,"B",-0.145858120606397,1.2483112289769,0
1,"B",0.0451134835384627,-0.434911502329278,1
0,"A",-2.18073300673412,0.173261169253053,1
1,"B",-0.697281944385676,1.96099995207636,1
1,"B",0.677360155637823,1.36099906712409,0
0,"B",-1.15849433683696,0.176590017957416,0
0,"B",-0.794677128813395,-0.126082096899259,0
0,"B",-0.506777158630284,0.506141874074914,0
1,"B",-0.666871587384086,1.86222820278189,1
1,"B",0.662274723494718,0.39306756238244,0
1,"A",0.0165785752621753,1.44664409300622,1
1,"B",-0.838621367972814,0.451854018745137,0
1,"A",-0.134581582682649,-0.893551025920743,1
1,"B",0.918913946813412,0.179139378759282,0
1,"A",1.17683719290684,-0.805795024731857,0
0,"A",-0.021048434437107,0.27860459964369,0
1,"B",-0.954746232111926,0.236879650861347,1
0,"B",-1.55097150496271,0.682107353303538,0
0,"B",0.170731007726456,-0.484480061712344,1
1,"A",2.52948120264162,0.555818697453956,0
0,"A",-0.645991161261288,0.501423349367156,1
0,"A",-0.230230592427139,0.926745677769156,0
0,"A",2.21722288721951,-0.487371101201837,0
1,"B",-0.416378418376478,-0.089618084553423,0
0,"A",1.30227607572056,-0.56752190415554,0
0,"B",0.495473917223991,1.31332588064022,0
0,"A",0.371576939846671,1.09280470532324,0
1,"A",0.351314945512542,-1.28214821608297,1
1,"A",0.449165966367432,-1.66744152688837,1
1,"A",0.864420784723272,-0.0211682967980883,1
0,"B",-1.07296217775572,-0.259700638829705,1
1,"A",1.95211188045859,0.956226122254381,1
0,"A",-0.867527172226243,-1.9609717974735,1
1,"B",-0.960332600118201,0.938071460746405,0
0,"B",0.142661637186066,-0.0286745786874372,1
1,"B",0.368449816401586,-0.827106538399935,0
0,"A",0.325639517214457,-2.60748514992389,0
0,"A",1.0689669574799,-1.18406847129148,1
1,"B",-1.44557540740601,0.645728051091625,1
0,"B",0.341730391866985,-0.1584942663696,1
0,"A",0.482680860264986,0.974644833114388,1
0,"B",-1.89030370218509,-2.11239217200002,0
0,"B",-1.1432760587626,-0.320380299584798,1
1,"A",-1.59748968806134,-0.319412030632586,1
1,"B",-0.634948757876799,-0.70882249117971,0
1,"B",-1.33977750420369,-2.23872826197625,1
0,"B",0.712130572570733,0.0167705037167975,0
1,"A",-0.412279714813119,-1.67110769338676,1
0,"B",-0.509864686063423,1.06028294588588,0
0,"A",-0.0586371213236985,-0.47312570713404,1
0,"B",1.70567978721667,-0.306095572343205,0
1,"A",1.17498236483376,0.220534813818102,1
1,"B",0.194200569958259,-0.370206675645766,0
1,"A",0.0625727348798217,-0.590486169200547,1
0,"B",-0.628609300941293,-0.776277818735315,1
0,"B",-0.539395019151938,-1.03012038414895,1
1,"A",0.381057557633313,0.463534116292717,1
0,"A",-0.003979739822147,-2.75866609870239,1
1,"B",-0.282124342846675,0.859228296947681,1
1,"B",-0.153571716919176,2.18541037083861,1
0,"A",0.0346297428995774,-1.47264739575377,0
1,"B",-0.884555638746358,0.352188326277771,1
1,"A",2.26707722554736,0.520095419231506,0
0,"B",-0.803600912012145,0.567764445112466,1
1,"A",0.644038922035375,-2.15387672392593,1
1,"B",-0.789275901968103,-0.224553456480041,0
1,"A",-0.820932145559357,0.502355287295577,1
1,"A",0.515765784111614,-0.448779888241497,1
0,"B",-1.5394979004527,0.454966299260297,0
1,"B",-0.847104842273889,1.35464231110393,1
1,"B",0.657975837043378,-0.189389430049733,1
1,"B",0.315848362745433,0.852607845016214,1
1,"A",0.665969639164498,1.04666979635838,1
1,"A",2.1090475170384,-2.49429876847325,1
1,"B",0.162121545850666,0.283567671276128,1
1,"B",0.208680942703253,1.81450524010389,0
1,"B",-0.443278242589391,2.19162192462028,0
1,"A",-0.52834430921903,-0.0558346240429434,1
0,"A",0.779778442784095,-1.05907882883744,0
0,"A",-0.334970554306192,-2.10570892232821,0
1,"A",-0.122046227048191,-0.851519003658438,0
0,"A",0.837093626682788,1.4283475656288,1
1,"B",1.05656223563496,0.378571684303909,0
1,"B",1.11900237447923,-0.260374721528584,1
0,"B",-1.83156247214376,0.432799264864956,0
1,"A",0.351891433073227,0.621061791596691,1
1,"A",1.87201109491888,-0.363471740821534,1
0,"B",-0.57897436990721,-0.472021103716312,0
0,"A",-0.717751258232229,0.500692889872068,1
0,"B",-0.085081587544426,-1.80595104562853,0
1,"B",0.880845270330307,1.10029441628409,0
0,"B",-0.574097648674758,0.716519145578707,0
0,"B",-1.83854477931291,-1.0019978467916,1
1,"A",0.219499498734177,0.768040878708223,1
0,"A",-0.284238196814349,0.441332914469463,0
1,"B",-1.00828269106016,0.599929894117472,0
1,"A",1.77115119542572,-0.289606896206296,1
0,"B",0.117936176116281,0.0488931818669452,0
0,"B",-0.420413545390767,-0.937548283761232,0
1,"B",0.566042806414962,-0.277430874172527,0
1,"B",0.788275450689486,1.6722887694731,0
1,"A",0.409828793731968,0.480254885753771,1
1,"B",-1.04889255485887,-0.630554152104811,0
0,"B",-0.0234148080542778,-0.771767733701351,1
0,"A",1.39064397442099,-1.23706812237552,0
0,"A",1.63546924300365,0.770372430658875,1
1,"A",-0.0666271246530741,0.88124123270652,1
1,"B",0.651634534292138,-1.23366229329573,1
0,"A",1.03512787724222,-0.921669094220363,1
1,"B",2.12575727428195,-1.04224997113184,0
0,"B",-2.57591987167241,-0.631736546412862,0
1,"A",0.961984314018975,-1.03257927331663,0
0,"A",-0.0175644720145474,0.104218817723566,0
1,"B",-0.523009340385008,0.408749538683654,0
0,"A",-2.006644855493,0.483567002002606,0
0,"A",-0.00140544424696248,-0.0155819296493132,0
0,"B",-1.42622131483323,0.418824097067646,1
1,"A",0.488093496668904,0.339725242364931,1
1,"A",0.371842255945558,0.523000605012787,1
0,"B",0.715529131007711,0.0557235671503708,1
1,"B",-1.86408581906876,0.526553604001966,1
0,"B",0.060169505936838,-0.719398809417864,1
0,"B",-0.0432763629019195,-0.874232819693895,0
1,"A",0.0890395660985335,-1.85361922156112,1
0,"A",-1.20910961709079,0.115360175030656,1
1,"B",-0.474999344875509,2.02212549677613,1
0,"B",-2.31094609702017,-0.436081181001315,1
0,"A",-0.97139615901998,-0.77192383201795,1
1,"A",0.831851285637398,-0.537569944702392,0
0,"A",1.22967080781442,-1.40994321418632,1
1,"B",1.89081641071142,0.184882818183643,1
1,"A",-0.511115619313432,0.191192462890421,1
0,"A",-2.09948340573053,-1.54931919852467,1
0,"A",-0.0380673715494722,0.482072137882956,0
0,"A",-0.140056360547433,0.528662684098904,1
1,"A",0.422360505134344,0.335903238814653,1
1,"B",-1.95878003639631,0.105969628844228,1
0,"A",0.416536736371732,-1.40964828576083,0
1,"B",0.773550103223986,0.0617803632551573,0
0,"B",0.736289054400966,1.0164163813025,0
1,"A",0.439360149429412,1.67078156220729,1
1,"B",1.48409142903543,0.444546028559955,1
0,"A",0.913109980622033,-1.47837279978996,0
1,"A",1.53314587625508,-0.808608918790164,0
0,"B",-0.922094441250314,-0.715798063710308,0
0,"B",-1.9735967181501,0.517201029630564,0
0,"A",-0.0899790989357505,-0.825562999909511,0
0,"A",0.255031699570532,-1.44645973825243,0
1,"A",0.813005519810137,-0.505992462858244,0
0,"A",0.691067065016577,-1.21672635992636,1
0,"B",-1.19037035932364,1.14778878250192,0
1,"B",-2.11535105301868,0.869904083819775,0
0,"B",-1.12403610883495,-0.0910617554736481,0
0,"A",-0.612224205738782,-0.957835607515331,1
1,"B",-1.85891387624777,1.55563392515919,1
1,"A",-0.63466284325938,0.208566341467222,0
1,"B",0.258182941207141,-1.24299287224246,0
0,"B",-1.77915013126876,0.610222908638083,1
1,"B",1.00665800624921,1.35260658791609,1
0,"A",-1.426545209712,-0.2364510793534,1
1,"A",0.121783019588036,0.452472774708006,1
1,"B",-0.0688565572373535,0.794126841235258,0
0,"B",-0.879327533105917,-1.29673376530476,0
1,"A",1.36545177164292,1.07116526223545,1
0,"B",-1.84689935274756,0.948920727434027,1
0,"A",0.271808020348565,0.566995890289785,0
0,"B",0.102276126931776,-0.381724116901184,0
1,"B",-0.272099362827915,1.17644809137645,0
1,"B",0.648959627749206,1.26698881533174,0
1,"B",-0.480592086382252,0.111955509101312,1
1,"B",0.398202835756939,0.372227517678208,0
1,"A",1.12172826292417,-1.51127846202189,0
1,"B",0.245813592322568,0.311908630372024,1
1,"A",1.01364958948663,0.655199656774344,1
1,"B",0.230611953068798,-1.17492351445849,1
1,"B",1.13216334449345,0.817302940579786,1
0,"B",-0.515596336979326,-1.70310229259613,0
0,"B",-0.920315844618328,-1.67740163599229,1
1,"A",1.74871742925397,0.274532055008184,1
0,"A",-0.124642001223712,0.620825719522668,1
1,"B",0.108144345228563,-1.55268439094466,0
0,"A",1.07231462665401,0.116162399568042,1
0,"B",-1.56333891940938,-0.0305095661237145,1
1,"A",-1.07428525992659,2.31195518993221,0
1,"A",0.351576098182147,0.176343929301782,1
0,"B",-0.821634345625055,-0.0713699752148754,0
0,"A",0.710475266511307,0.756671388516025,0
1,"A",0.415785974996926,-0.00482871448827621,1
0,"A",-0.909267583596317,1.24683279726282,0
0,"A",1.51396910477201,-0.855912205276945,1
0,"B",-1.48716316324269,0.751573401912808,0
0,"B",-2.37100750072058,-0.234115132860021,0
0,"A",-0.350573332659118,0.104808046351382,1
1,"A",1.44231469094478,1.34388256805106,1
0,"B",-1.49164197586356,0.285287017774922,0
1,"B",-0.991033296285518,-1.00126729050212,1
1,"A",1.19900813212122,0.444408404460159,1
1,"B",0.0137604859801007,1.19470716031277,0
1,"B",-0.463912713262005,0.271805628836049,1
0,"B",-1.95364655947189,-2.02848511170464,1
1,"A",0.709944596152274,-1.15818432191702,1
0,"B",-1.23323565296221,-0.784680186578005,1
0,"B",-0.725049048258994,1.13926423682117,0
1,"A",1.16785094600185,-1.71749803852362,1
1,"B",0.53366785940557,1.44584439674531,1
0,"A",-1.69771965018621,0.0637224043349952,1
1,"A",0.473628354093015,-0.296667570539165,0
0,"B",-0.91397784269782,0.275672445017374,0
0,"A",0.119621653888082,-1.56264715066202,1
1,"A",1.94989485252431,2.26669587930227,0
0,"A",2.24927997406382,-0.615666086659862,1
0,"B",-1.0228942432144,-1.57417784265203,0
1,"B",0.36493707085238,1.31207734120753,0
1,"A",-1.02759824669694,-0.983070891804746,1
1,"B",-1.77543525451521,0.624561829050155,1
1,"A",2.06565456514192,-0.537498327169852,1
1,"A",0.0289087916017766,-0.633229943589488,1
1,"B",2.07576806967267,-0.137385370968333,0
1,"A",0.00207428777720892,0.34502802277839,0
0,"A",-0.859976076005311,0.802480090684644,0
1,"A",-0.892179566119278,1.73268757885075,0
1,"B",0.670277093572021,0.521595880762237,1
0,"A",-1.43428037866886,-2.05563500033471,0
1,"B",1.58223141280331,-0.304856040003455,0
0,"A",-0.221820167299308,0.088343411084905,1
1,"B",2.04775320526652,1.35932268241845,1
0,"A",0.868149305125603,-0.134712894775575,1
0,"A",-2.10664618292546,1.61404380469327,1
1,"A",0.244635491123821,-1.17872616574102,1
1,"B",0.0556607158308944,1.23575125485795,1
0,"B",-2.43508548015861,-0.484057433966397,1
1,"A",2.45301686508744,-1.04315803200153,1
0,"B",-2.63826329679634,0.298838265608588,0
0,"B",-1.50458157812574,-0.124178048645366,0
0,"B",-0.562298447887546,1.76896322329333,0
1,"A",0.146011189684985,-0.677493546371501,1
0,"B",-1.36084052045654,-0.332152723467737,1
1,"B",1.43219504200083,1.85233283548466,0
1,"B",-1.39112699355757,2.13192516808398,0
1,"B",-1.39599192656972,1.92496384980824,0
0,"B",0.433098670921574,0.740403961995532,0
0,"B",-1.09993271103028,0.806538157052766,1
1,"B",-0.441087286219434,0.269358468173886,1
1,"B",0.195114853138495,0.00283849637824773,1
1,"B",-0.889041694499734,0.669748835361594,0
1,"B",-1.59281195958702,0.261669541118838,0
1,"B",0.557598448183677,-0.918344003126992,0
0,"A",-1.66761344303197,-1.092725465025,1
0,"A",0.950736818693274,-0.816080528994259,1
1,"A",-0.00723895128895097,0.913496232885542,0
1,"B",0.966997916997364,0.582446760992068,0
1,"A",1.997676128009,-0.41273067128716,0
0,"B",-1.49494190804792,-0.134136178891392,0
1,"A",1.60515488094641,-1.32259067430575,1
0,"A",-1.05661454498668,-0.0962406355652958,1
1,"B",0.721638495757582,0.181424192338495,0
0,"A",-0.139847938553401,0.833453875967455,0
0,"B",-0.130929819854207,1.67614951619833,0
0,"A",-0.331604700096735,0.122949031409697,0
0,"A",-1.30525775656225,-2.29273151903712,1
0,"B",-0.53986166705934,-0.391517684478672,1
1,"A",0.745290141810572,-0.610760744093137,0
1,"B",-1.4266009354196,1.5859926099058,1
0,"A",-0.273932534345109,-0.955662653003964,1
0,"B",-0.231440687007916,-2.36539792303468,1
1,"A",-0.368234935927931,-0.121729449872774,0
0,"A",1.17477197358315,-0.360758995972423,1
0,"A",-1.39514245987612,0.438379024562089,1
1,"A",0.874148833085442,-0.24543697476225,0
0,"A",-0.490891660026695,-1.82625803514531,1
0,"A",-0.858564117393001,-0.920193256984254,1
1,"B",-0.106863885162797,1.02018455524747,0
1,"A",1.58014460069275,1.88054290156774,1
1,"B",-1.4890495023624,2.68120002928479,0
0,"B",-0.713355631285371,-0.607104892747023,1
1,"B",-1.34800817045687,-1.52883223186271,1
0,"A",1.36936548781443,-2.77554219650794,0
0,"B",-0.28004057822946,0.206924493339812,1
0,"B",-0.322294958373636,-0.441728070667956,0
0,"B",-1.48207055618846,0.51448168612772,1
1,"A",0.369920234740281,-0.349269414565508,0
1,"A",-0.232660796435808,-0.354558480362564,1
0,"B",-0.298508400632696,-0.399239336070508,1
0,"B",-0.738784995774524,-0.532543446653275,0
1,"A",-0.395116388898147,-0.330623960514698,1
1,"B",-1.56159976666249,0.023491786528613,1
0,"A",-0.13572104734379,-0.787412404450311,1
1,"B",0.362402943886417,1.48512944309765,0
1,"A",0.18913182911771,0.546994595954041,1
1,"B",-0.762608461417657,0.736547817423818,1
0,"A",-1.31872523130408,0.0014228485086778,0
0,"A",-0.110519095327899,-1.6995248512826,0
1,"A",-0.810229720667614,0.541638527272507,1
1,"A",0.190344416457503,1.78317685407442,1
1,"B",0.367990189229483,0.450094559267044,1
0,"B",-0.800490656137309,1.17003751628543,1
0,"A",0.127655562787771,-0.837563092111727,1
1,"A",-1.09968662750633,0.836612868589408,0
1,"B",-0.345544942924708,0.17506715870289,1
0,"B",-2.68468728211163,1.37822174150202,0
1,"A",1.74076281296856,1.28843926143207,0
1,"B",-0.0193407479048431,0.234408982850859,0
1,"B",0.540367773851846,0.564931457434221,0
0,"A",-1.30391822593581,-0.901882942492882,1
1,"A",0.767216125540272,0.607074787900161,1
0,"A",-0.178651670549068,-1.19201313049271,1
1,"B",0.237028367518692,0.100617678229836,1
1,"B",0.423045408473335,0.989029624528111,0
0,"A",0.176637655848659,-1.87112912211975,0
1,"B",-0.0813203015022642,-0.248504136439678,0
1,"A",-0.759743039895356,0.0825573107138647,1
0,"B",0.742481667626251,0.0505818841122981,0
0,"B",0.316652652824157,-0.0567655079977593,0
1,"B",1.01785372580033,-1.11542448402549,0
0,"A",-1.55847252424035,0.114025365788869,0
1,"A",0.913867593600757,-1.11077668179378,1
0,"A",0.17879203770271,-1.38238188697436,1
0,"A",1.27969739861662,-0.530312208697587,0
1,"B",-1.20924102305425,0.107910136857438,1
0,"B",0.253456566066368,-0.208274027335076,1
0,"B",-0.315324159337022,-1.3379691696982,0
1,"B",-0.369106023880908,-1.06650279767948,1
0,"A",-0.311392235514101,-0.941234852613539,0
1,"A",-0.0357477899581765,0.761319243958368,0
1,"A",1.17427370528379,-1.81199623881097,1
0,"A",-1.12843059169457,0.163693493759368,0
0,"A",-0.276680918253776,-0.272612580954247,0
1,"A",0.0719311239372731,-0.155693827500598,0
1,"A",2.29731625987798,-0.285834221398199,1
0,"B",-0.407212042662502,-2.08947018796916,0
1,"A",0.0709270825952092,0.742114338938579,0
0,"A",-1.19476808628534,-1.52480716111216,1
1,"B",-0.246715462851902,-0.0859133301752222,1
0,"B",-0.812594435196234,1.5679427240001,0
1,"B",-0.296136948306776,-1.08069216276867,0
1,"A",1.30132268217853,-1.33866193257265,1
1,"B",0.890346929182234,-0.0816966806181588,0
1,"B",0.564814543838456,0.842071313590618,1
1,"A",-0.0966454932639222,-1.73369912517162,0
0,"A",-2.04050853472879,-1.9379073954294,1
0,"A",-0.700277698222872,-0.645934313977461,0
0,"B",-0.32099969127877,1.34838981951217,0
1,"A",1.85835601448747,-1.15436074603526,0
0,"A",1.6697855057476,-0.84228125056187,1
1,"A",0.422199186365385,-1.14718397778801,1
0,"A",2.81512933914581,0.295015597001615,0
1,"B",1.05511184406636,-0.931534554377072,0
0,"A",-0.973081583586848,-0.414395838773081,1
1,"A",1.10053202415182,-1.1316591984931,1
0,"A",-2.23892367598526,-0.549771768892784,0
1,"A",1.36216833243742,-0.920354029575915,1
0,"B",-1.34919162914587,-0.838419366606848,1
1,"A",0.977293319644055,0.651989328999728,0
0,"B",0.768722988324223,0.150959837511789,0
1,"A",0.106001629030553,0.203057849816505,1
0,"B",0.211235479859215,-1.42264129693342,0
1,"B",-0.614176760130099,0.240885573283028,1
1,"B",-0.242156851399548,1.27427010985651,1
1,"B",-0.0928772596810541,-0.0719908037331119,1
0,"A",-0.440858104513791,-0.127730196892198,1
0,"B",-0.949489662683761,1.18527814187167,0
0,"A",0.419589639623224,-1.39398889618092,0
1,"A",0.733528160791412,0.60478184157533,0
1,"A",1.0540940097671,-0.913236480614263,1
0,"B",-0.531890699333269,-1.0026810053556,0
0,"B",-1.72618338497394,-0.782367832685046,1
1,"A",2.55564139955342,-0.735628224708564,1
0,"A",0.974087216078394,-1.22449224544246,1
1,"A",0.648367450634563,0.20630401760116,1
0,"B",-1.45464457564996,0.626868996474613,0
1,"A",0.849130808944044,-1.01528710606422,0
0,"A",0.765814112700354,-0.591729198404721,1
0,"A",-0.918663788840816,0.678692423794702,1
0,"A",0.965115675750028,-0.594254716500243,1
1,"A",0.884227106924669,-2.45599638910118,1
1,"A",-0.201448855026613,-1.15536888726561,1
1,"A",1.0667701731808,-1.01479169346558,0
0,"B",-0.750140213197687,1.35162413224591,0
0,"A",1.92944712163547,-1.59048721922758,0
0,"A",-0.137305909571615,-1.51096650153053,1
1,"A",2.20749925939501,0.65952560246236,1
1,"A",-0.0389716226818871,-2.86670958780295,1
0,"A",-0.115822053776548,-1.27052414203555,1
1,"B",-0.0862649152363043,1.65891042885981,1
1,"B",0.305464554096975,1.40083842520152,1
1,"A",1.76087784707765,-1.17997683382661,1
0,"A",-2.71489180374528,-1.54851400298057,1
1,"B",0.962867266273119,1.04076506253374,0
1,"A",-0.548921653157312,0.306560460711315,0
1,"B",-0.540662560841769,0.681172024297021,0
0,"B",0.00928295824337055,1.22398976079426,1
1,"B",1.58240383012031,0.105812744714224,0
0,"A",1.23794290798879,-1.17573461723454,1
0,"B",0.00613395795085936,-0.378823864590824,1
0,"A",-0.902610944819068,0.159161338295848,0
0,"A",-0.0390309241372184,-0.202581571157264,1
1,"B",0.947988916568598,0.282734404737908,0
0,"A",0.377889253033862,-1.34851881459826,1
1,"A",0.541691254968475,-0.165418223751717,0
1,"B",-1.43197993091631,-0.0392526506740838,1
0,"A",1.13107759565955,-1.54033378802109,1
1,"B",-1.02179990143554,0.337891987939032,0
1,"B",-0.717237016240919,-0.254758948261803,0
0,"A",0.757143032643558,0.0918528353543573,1
0,"A",0.163308973260753,-2.48834873391332,1
0,"B",-1.22489143108825,0.306867805537781,0
1,"B",0.124076347049547,-0.381051456265814,0
0,"B",-0.882090691877683,-0.926572888289177,1
0,"B",0.25862765894915,-0.617424199197683,0
1,"B",0.147336246853676,-0.431806487620168,1
1,"B",0.144459409320716,0.861031621500723,1
0,"A",0.0422222436001997,0.254556933420964,1
0,"A",0.278497586456349,-0.0430002847708101,1
1,"A",1.82876598381055,-0.807543215956863,0
1,"B",-1.11494659051901,0.606879435291799,0
1,"A",3.12829683043088,-0.814811851278877,1
1,"B",-0.645168646370599,0.732054328683936,0
1,"A",1.1604770599707,-0.545947002695222,0
0,"A",-0.0418734442981857,-0.215203782876305,0
1,"A",2.27526265749011,0.415332091993571,0
0,"A",-0.145714298196489,-0.796100165123683,1
0,"B",-0.731225184046661,0.530819061187908,0
1,"B",1.55018153396248,0.681408546990402,0
1,"B",-0.913225294171077,-0.680075848902338,0
1,"A",0.864991308518793,0.873600654851241,1
0,"A",0.878206766303887,-0.34541035116457,0
0,"B",0.455558264763005,-0.808918769095292,0
0,"A",0.389538540986159,-2.6086268556404,1
1,"A",-1.18686231350917,-0.763789005035883,1
0,"A",0.393412126021962,1.22335473448981,0
1,"A",0.875289385200498,1.22484711227624,0
1,"A",1.84557837146292,-0.94804024059473,1
1,"B",0.191790728680406,0.250023873917617,0
1,"B",-1.95605675260457,-0.074363552038363,0
1,"A",-1.03242422529132,1.68086125374258,0
1,"A",-0.235539037887335,-0.529004732341421,0
1,"B",-0.057014003658714,1.75317499163123,1
1,"A",-0.0722211536871477,-1.98223606024037,0
0,"B",-0.738596805422497,2.02865088128659,1
1,"A",0.983255616659823,1.40528149605322,1
1,"B",-2.0333033520212,2.1987840247985,0
1,"A",1.26803354562212,0.0412062989933673,1
1,"B",0.455496131891192,-0.220658990813121,0
0,"A",-0.665061091518746,-1.69671401660416,0
1,"A",-0.850555697338936,0.171301334752664,0
1,"B",-0.0109699668890369,1.00103848708501,0
1,"A",1.79344875456035,-0.744974304157395,1
1,"B",-1.54680930971348,-0.528825784921283,1
0,"B",-0.691926249084699,0.0844267023165,0
1,"B",1.17975059590068,0.0706180715185977,0
0,"B",-0.480792935721252,0.643315272584999,0
0,"B",-1.21507095206258,0.647088301294738,1
1,"A",0.899824204782183,-0.830280510620611,0
1,"B",-1.32463720465973,0.971113119800156,0
1,"B",-0.10310066778102,-0.523417476542426,1
1,"B",-0.221967876608404,1.1919298192816,1
0,"B",-1.50168141399591,1.3467994447279,0
0,"B",0.0926235898224932,0.363283496441111,1
0,"A",0.0737393030682941,0.584945256788447,1
1,"B",-0.442159115744521,-0.261401568500868,1
0,"A",-1.28551386798595,0.334912906036031,1
0,"B",-0.867831472386167,-0.696686201838723,0
0,"A",1.26584089183541,-0.383354078805432,1
0,"B",-0.31204977109604,2.14133298849899,0
1,"B",-0.438566618344048,-0.406929837460603,0
1,"A",0.474569539788954,0.619700151701788,1
0,"B",0.135543527268028,-0.474911689276073,0
1,"B",-0.269630193329057,0.478432531757459,1
0,"B",0.770726259005601,-0.990459015178726,1
1,"B",-2.06871122736904,0.742086635529002,1
1,"A",-0.633510964362698,0.913795133803275,1
0,"B",-0.256799010757055,-1.58225468447577,1
1,"B",1.52514089566407,0.859914617219859,1
0,"B",-0.568438035033049,-0.633030556614886,0
0,"A",-0.616562819687148,-0.785010779684015,1
0,"B",-2.10943981934542,-0.4389757623108,0
1,"B",-1.36395715259216,0.781191092249996,1
1,"A",0.936607988884933,-0.601938661434029,0
1,"A",0.923309057479512,-1.05816898970843,0
1,"B",0.886401923194605,-0.519156658933773,1
0,"A",1.67104624905246,-2.50347023244937,1
1,"B",0.116993158982154,0.367982716581625,0
0,"B",-1.50535701012242,1.53587958413703,0
1,"B",0.117077747671382,-0.0473824871748177,1
1,"B",-0.884628368823811,2.53535891362238,0
0,"B",-1.9998279591418,-2.14345873428492,1
0,"A",-1.21014228836157,0.230836229460777,1
1,"A",1.96573316091165,0.652422156245242,0
0,"A",2.43045445337704,-2.03104986323632,0
0,"A",-0.373049972150566,-0.481434538313926,1
0,"B",-0.0181973652453726,0.592578483324015,1
0,"B",-0.773672781203688,-0.573529698695377,1
1,"A",0.720150806426232,1.99755294491771,1
0,"A",-0.155647784771095,0.0304699518735501,0
1,"B",-1.1398858978688,-0.191630518031973,1
1,"B",-0.396946543021095,0.307596436401793,0
1,"B",0.629670800012035,-1.51417253437474,0
1,"B",-0.43543833628196,2.27514589511614,1
0,"A",-0.404745815343908,-0.333058152670996,0
1,"A",0.200077684804937,2.30410328662347,0
1,"A",2.07363451001907,0.111114060384133,0
0,"A",0.195618750860215,-0.477339057258438,1
0,"B",-0.397675471695717,-0.446894808555964,0
1,"A",-0.0820094544752674,-1.31439969509382,0
1,"B",-0.116860707959758,-0.845301839669286,0
1,"A",1.5144151836081,-0.102467880064215,1
1,"B",0.452098297384237,1.62665658005376,1
0,"B",-0.385137959395413,-1.31636760839451,0
1,"A",1.29803580206936,-0.807730876722839,1
1,"B",-0.600546336579941,1.39162881721738,0
0,"A",-1.7398974973671,-2.64902145323738,0
0,"B",-1.2528548981364,0.426753100554988,1
0,"A",-0.0628180180120462,0.76597084161984,1
0,"A",0.155625129626214,-0.562416713664,1
1,"A",1.57207669026792,-0.917742959707191,0
0,"A",0.0917818602971235,-1.53361444631161,1
1,"A",1.22592069275535,-1.43087963906275,1
0,"A",-0.435684155121346,1.53965863424148,0
1,"A",1.166702409097,0.609074428133513,1
1,"B",-0.941118490200102,0.553469405033387,0
1,"B",0.63088192655684,1.35048154297955,0
0,"A",1.35563050093131,-1.0875118239206,1
0,"A",-0.285625359848885,0.91274357507818,1
0,"B",0.809940617961891,0.112382446506338,0
1,"B",-0.138483871164665,-1.52908996276671,1
0,"A",-0.312191931443952,-1.15151141803177,1
1,"A",1.14037370986696,-0.747580063464001,1
1,"A",0.354049104605259,-0.64397755416666,1
1,"B",-0.242120642671456,-1.39942168791849,0
0,"A",-1.31855219359319,-2.27701834857511,1
1,"A",0.418651100435478,-0.108900336091932,1
1,"B",-2.25384763275453,1.08645043172158,0
1,"B",-0.453347403655166,0.589665175368544,1
0,"A",0.630423198790889,-0.786999911972656,1
1,"A",1.05739993541212,1.21729930885747,0
0,"B",0.0960705897946762,-0.799751988871189,0
1,"B",0.107129262098973,-0.429448517622969,1
0,"A",-0.280544008496251,-0.337521763793393,1
0,"A",-1.90234833918743,-0.143742119633571,1
0,"A",-0.769919083902684,-0.789241350401291,0
1,"A",0.149551928822898,-1.77204845387687,0
1,"B",-0.731000527993079,-0.75031891077079,1
0,"A",-1.06050433859575,-0.385258515423673,1
0,"A",0.352854322819798,-1.34947810329049,1
1,"A",-0.355552958494302,-0.286708003215821,0
1,"A",1.45866376551082,-0.841755258049771,0
0,"B",-1.61051060799516,-0.471588884569164,1
1,"B",0.728081727107647,0.609385018413898,0
0,"A",0.0273045205847857,0.129173313304187,0
1,"A",0.123360474244218,0.649269407311652,0
0,"B",-1.53370669408303,-0.126971887564905,0
1,"A",1.61936478535636,-1.04927394022776,1
1,"B",-0.610126506593501,0.789200300179948,0
0,"B",0.294213588264147,-0.325285132862089,0
1,"B",-1.5075824469335,1.13127071253077,0
0,"B",-1.35770510219739,-0.936234506811288,1
0,"A",0.656154286214735,0.92289407907156,1
0,"A",0.467158154719216,-0.408092044045117,0
1,"A",-0.606200648074509,1.61285995716589,1
0,"A",-0.18900228567181,-1.86295235848375,1
1,"B",-0.382083909048428,0.627325652365339,1
1,"B",-0.30394508210201,0.631122686697175,1
0,"B",0.143529240180307,-0.415582358641093,1
1,"A",0.625970099717013,-0.532925074145312,1
1,"B",-0.873766080265377,1.2855602511546,1
1,"A",1.80226829967968,0.451543194718997,1
0,"B",-2.57961035265055,-1.18351183471687,1
0,"B",0.119066883094131,0.506137591068213,0
1,"B",0.700483205920488,-0.760997940186694,1
0,"A",-0.737979560857826,0.752483985241928,1
1,"A",-0.85267362546668,0.807066505339954,1
0,"B",-0.519601332475631,-0.40146186585598,0
0,"B",1.43465987385623,0.61888358978071,1
1,"B",-0.747190776486854,0.853925150323796,0
1,"A",0.371580279597927,0.604392687341435,0
1,"B",-0.195770168791449,1.12863275528744,0
0,"B",-0.37673275268352,-0.216537176996377,1
1,"A",0.132357383948295,-0.809287829841265,0
0,"A",0.0214359022992249,-1.26216638362315,0
0,"B",-1.42099764883525,-0.525896479092356,1
0,"B",-1.41275281756943,-0.0697770688700921,0
0,"A",0.699909180839995,-0.849152961463871,1
0,"B",-1.45770729610853,1.1347382599058,1
1,"A",1.34268587672024,0.0643784367129614,1
1,"B",-1.07443841290788,0.447931783858042,1
0,"A",-0.66225143935853,-1.0212457229488,0
1,"B",2.01055229675786,-1.70689719747937,0
0,"B",-1.77084843998005,0.929669800269228,0
0,"A",0.0989690030138951,-1.22286613299319,1
0,"A",0.153935402261724,0.79207182674142,1
0,"A",0.63255674362215,-1.44984755881877,0
0,"B",-1.46146505390613,-0.195883554495831,0
0,"A",0.18914356236387,-0.27095698408948,1
1,"A",-0.254351568723362,-0.284821330144682,1
1,"B",-1.35247947908123,1.27105021192201,0
1,"B",-0.362531401722787,-0.316301849634489,0
1,"A",1.55821432394334,-0.804021125705551,1
0,"A",-0.71446018483343,-0.78760117020883,1
1,"A",1.88076241174317,0.199872437826682,0
1,"A",0.978627166359512,0.313606544751426,1
0,"A",-0.244544241914461,0.524931751626159,1
0,"A",0.900163318284634,-1.38300957299984,1
1,"B",-1.37274205857086,2.60264224460376,1
1,"A",0.687531591303365,-0.131776225810982,0
1,"B",0.349070291138932,0.540085101004849,0
0,"A",0.781879716604406,0.365199186907359,1
1,"A",0.510935559330221,0.00148391525947122,0
1,"B",-1.47532688895323,0.607013033063028,1
0,"B",0.0502698487974695,-0.176856068593676,0
1,"A",0.111380031817228,-1.19985205833923,0
1,"A",-0.28329600749868,0.125671614610331,0
0,"A",1.56431029506459,0.0739789576484637,0
1,"A",1.16505986950109,-1.06183959149089,1
0,"B",1.02434571917399,-1.13019483061884,0
1,"B",1.47328292429701,-0.390016728962137,1
1,"B",-0.946266978655091,0.996118164796902,1
0,"B",-0.711447203416716,-0.859402846498989,1
1,"A",-0.0418411747646125,1.50895481735974,0
0,"A",1.20988675114481,-0.909606428138375,1
1,"B",0.624151511157632,1.02455901770323,1
0,"A",-0.539010068086599,0.421989830530652,1
1,"A",0.214425089583502,-0.534127617956878,1
0,"B",-0.351956653714607,-2.24368386299183,1
0,"B",-2.81936343327911,0.139539662916635,0
0,"A",-1.4868914887384,-1.9934597630833,1
0,"B",-0.334409336505261,0.161639096096857,0
0,"B",-0.787074277276381,2.46715440787936,1
1,"B",0.327747579216777,0.904362788908459,0
0,"A",-2.15096857561513,-0.431171646459431,1
1,"A",1.5148580711287,-0.843824930811109,0
0,"B",-0.543898786248751,-1.30493039767426,1
0,"A",1.32639782769634,-1.69505102988698,0
1,"A",1.16520776455902,0.38720029376701,0
0,"A",2.0880851273379,0.769140533144675,0
0,"A",-0.399906332397296,0.311875336242652,0
1,"A",1.02548644510046,0.623227323395411,0
0,"A",-0.436330410345406,-0.565432226192217,0
1,"B",1.47038119051785,0.293585621873421,0
0,"B",-1.84873997024284,-0.0515825734150621,0
1,"A",-1.18172137965375,0.560803427036043,0
0,"A",1.1754738324232,-0.474945228983209,1
0,"A",-0.297709073197813,-1.23378215001013,0
0,"A",0.602782249877048,-0.887684028968993,0
0,"A",0.413437978825481,-3.17844045810723,1
0,"B",-0.646103230315704,-0.14470560552455,0
0,"A",0.516249675318787,-0.386809994926039,1
1,"A",0.365161284093575,-0.432557363760085,1
0,"B",-0.347328005710915,0.753763196884121,1
1,"A",1.4430293694878,-0.680610635170116,1
1,"B",0.00882856781947605,2.95823314104576,0
1,"A",-0.0171799729276567,2.14091243659368,0
0,"B",-1.28524376884746,0.301720431337299,0
1,"B",0.674682255483866,1.94087491837993,1
1,"A",0.611358770078762,-0.844441862900548,1
0,"A",0.936320801732666,-0.289773414023534,0
0,"A",-1.14359990104475,-0.258324361966597,0
0,"B",-0.484896467053283,-0.191895609991466,0
1,"A",0.912977392484648,-1.09660603272259,0
1,"A",0.137092232631674,0.657639115223471,1
1,"B",-1.57968800894133,0.306744438698219,1
1,"B",-1.00570922917227,0.825337161326149,0
0,"B",0.58836559860851,0.661023164170725,1
1,"A",-0.100224876505546,-2.55454567135373,0
1,"A",0.291751646584834,-0.508417069554692,1
1,"A",0.964989772540825,0.299435864333217,0
0,"B",-0.767611394838203,0.321584587766324,0
0,"B",-1.92411123773518,-0.141515673995232,0
0,"A",0.147367707295015,0.0462001934378119,0
1,"B",-0.68845840351914,1.31938394452682,1
0,"A",1.21854189286204,-2.31656056737545,0
1,"A",-0.0149549666988683,2.31475016348958,0
0,"B",-1.29214298342276,0.480235757356333,0
1,"A",2.00710375329869,-1.51482419473005,1
1,"A",0.193325886386801,1.47860954244092,1
1,"A",0.217506307309194,-0.640565259667685,0
1,"A",1.00531162883036,-0.709892932237472,0
0,"B",-0.923445486469862,0.723645816012565,1
1,"B",0.326431801723569,1.75423354701514,1
0,"B",-0.948103587376649,0.395609757190212,0
1,"B",0.0654972872769159,0.00592507896638531,0
0,"B",-0.192194845787613,-2.02283829957679,0
1,"B",-1.63195130892587,-0.073911025572224,0
0,"B",-0.398707537123419,1.28468878127281,1
0,"A",-0.173962996036531,-1.49579495657171,1
0,"B",-0.655096260829319,0.192722944102462,0
1,"B",0.777877771727149,-0.518440744083525,1
0,"B",-1.5894872649398,-1.44824039010324,1
1,"B",-0.0810866668221294,0.186798860938862,1
1,"B",0.548985046888386,0.374818992852916,0
0,"A",0.350251999222063,-0.783191157548999,1
1,"A",0.875910808858606,-0.449800200626978,0
1,"B",-0.753729724000954,-0.0973200109575234,0
1,"A",0.576892606449805,0.782500520476545,0
1,"B",-0.349076907754913,-0.563456815401629,0
0,"B",-0.301007061519071,-1.39008591602175,0
0,"B",-0.866217014690001,0.345567659241684,1
0,"B",-0.208070387084898,0.29884924960833,0
1,"A",1.56607310188646,0.104942987594092,0
0,"B",-1.81046733850009,-0.86715160608827,0
1,"B",0.577688672897369,-0.201171032130446,1
0,"A",-1.21318290612276,-0.562582510666719,1
1,"B",-0.00611192643324771,0.603694592863673,0
0,"A",2.46056231846543,-1.33392578567479,0
1,"A",0.33327322106138,-0.101651711921061,1
1,"B",-0.307727392372808,-0.520988408362926,0
0,"A",-0.300282224862328,-0.0733573846899259,1
0,"A",-2.12713691596714,0.330420602913328,1
1,"A",0.61702445754317,-0.218940061295257,0
0,"B",-0.24190582300984,-0.596229022940881,0
1,"A",-0.708773612861139,-1.40409353280256,1
1,"A",2.53673353418961,0.908003940225012,1
0,"B",-0.990631615327832,-0.502993342757532,1
0,"A",-0.389419901920556,0.277923175002359,1
0,"B",-1.31608193446667,-0.653390266148573,0
1,"A",0.13286041549723,-1.82640272441607,0
1,"A",1.09799340955947,-0.808418184615776,0
1,"B",0.542011067675847,0.750018145486198,0
0,"A",-0.0792775309267699,-0.13249266909631,0
1,"B",-1.42230221357588,0.779632404083797,0
1,"B",0.726622820185825,0.575999240342216,0
1,"A",0.389552807664608,-1.9524349917399,0
1,"B",0.905202382300079,1.6008483508896,0
1,"A",0.473908013727093,-0.907989759470076,1
1,"B",0.170831309241465,1.36693103406901,1
1,"B",-0.44291465528711,0.151578041253174,0
1,"A",0.0822086332474524,-1.01841189452528,1
1,"B",-0.894486437648828,0.274968840931449,0
0,"B",-1.2727036210981,-0.133780041808874,1
0,"A",0.731360418221012,-1.16623053478839,0
0,"A",-0.0959640331588245,0.190088855273676,1
0,"A",-0.37937432974915,1.07354703310258,0
1,"B",-1.30421575910841,-0.231051720546368,1
0,"A",-0.13612999588254,-0.197729237355515,1
1,"A",-0.77507769641045,-0.0739805547439893,0
0,"B",-0.389805901304202,-1.25247052969638,0
0,"B",-1.1948296886002,-0.927118657724802,0
1,"A",1.27293338908614,1.05246868420514,0
1,"A",1.49477117837745,-0.108669905312888,1
1,"B",0.178960686342725,1.04147766870835,1
1,"B",-2.61038611055674,1.52332820270422,1
0,"A",1.15989455145041,-0.951124061531325,0
1,"A",1.0868371547522,-0.0268110313296321,1
1,"B",1.29264663698307,1.03728114044359,1
0,"B",-0.272026123416286,-0.286052663664997,0
0,"B",-1.73693098836912,-1.99123098139631,1
0,"A",-0.2012174435389,0.534112021984392,1
1,"A",0.582357233457471,0.305330528349676,1
1,"A",-0.276047456284299,1.98453469694919,0
1,"A",1.12161157418336,0.724039529043117,0
1,"B",-0.418911968868069,0.794245051139161,0
0,"B",-1.53163504465138,0.469756650762011,1
0,"B",-0.83043414756071,-0.309399968609246,1
1,"B",0.423197969057259,1.22211844085433,0
1,"A",0.156443878456276,-1.42346876804029,1
1,"A",1.98860314262769,0.442526277976931,1
0,"B",-0.674985772631474,-0.145944367554351,1
1,"B",-0.893509136496544,0.419220705252722,0
1,"A",1.90169732772849,-0.369108919832278,1
1,"A",0.721376465033749,0.185319125072388,0
1,"A",0.0967325458233121,-1.04479495297178,1
0,"A",-0.637317223376397,1.05964524970984,1
1,"A",1.04172161659678,-0.313170743781563,1
1,"A",1.16458081971124,0.487724248696056,1
1,"A",1.93458783788807,-0.146051347354928,0
1,"A",1.77084472288269,-0.996371612610218,1
1,"A",-0.279195572505483,0.108847200373643,1
1,"B",-0.125816324504344,-0.776670962103611,1
1,"B",-0.57633405454575,-0.0138441979440295,0
0,"B",0.513087651033643,-0.944195950256874,0
0,"A",-1.37416010003648,-1.0122857499594,0
0,"A",0.841399451559414,-0.362256359465388,0
0,"B",-0.539055353096883,1.43577441732941,1
0,"B",0.455185175643973,-0.765111338138594,0
1,"A",0.206965817485252,0.459156745703584,0
0,"A",-0.3593445173075,-0.993424253952405,0
0,"B",-1.28542443987302,-0.142414938764139,0
1,"A",0.36137622547112,0.438396842155215,1
0,"A",-0.668018080978898,-1.74468878494599,1
0,"B",1.0417487099761,0.0127170318097401,0
1,"A",0.547683484940969,0.177295188230451,0
0,"A",0.493362485795434,-1.57803424607813,1
1,"A",0.922732012616939,0.625490164175922,1
1,"A",-0.0600702872532344,-1.67099809275559,0
0,"A",0.540539976959394,-0.689969731666308,1
0,"A",0.132394973121166,1.19043404548294,0
1,"A",0.482741419119302,-0.687597177407223,1
0,"A",-0.14465235107242,-0.343082076657504,0
1,"B",0.429474248084764,1.37795426706097,0
0,"A",-0.921113280742482,0.336067899845932,1
1,"A",-0.346618783144808,0.609835939554828,0
0,"B",-1.37979047518342,0.490884980207881,1
0,"A",-0.958328926438972,-1.09891324713351,1
1,"A",1.91201515270952,-1.41880643074765,1
0,"B",0.436027807190157,-2.30433664067661,0
0,"A",-0.278301435135662,-1.37619085297115,0
0,"B",0.493608901255067,0.931490251670595,0
0,"A",-0.482644081537404,-0.979014805990445,1
0,"A",0.340829727876073,-0.317017842420808,0
1,"B",0.452011314133017,-0.980442147287309,1
0,"B",-0.975466938858136,-1.07169406075559,1
1,"B",0.177825139826503,1.41247316385226,1
0,"A",0.24754737294495,-0.198815731615851,0
1,"A",0.0667448188235269,-1.0966807100861,0
1,"A",0.426164586174167,0.326550469905052,1
0,"B",-0.797745202106232,0.73021766461504,0
0,"B",0.225576739306407,-0.318104229244001,1
1,"B",0.927450172012886,0.314164015781877,0
1,"A",-0.219875459140066,0.331561430546624,0
1,"B",0.0418106099288119,1.48123517984569,0
1,"B",0.282519621796826,0.488326706356757,1
0,"A",-0.278390036474262,-2.47206019414847,1
0,"A",-1.70465870169058,-1.77058052720117,1
0,"A",-1.00840009370094,0.219655165987818,1
0,"B",-1.44208847282398,-0.545904987426423,0
0,"B",-0.630931886101864,-0.696526359311597,0
1,"A",0.549408423888387,-0.803731207652581,1
0,"B",-1.34181714541889,-0.419405709241146,1
0,"A",0.352307340982091,-2.2251214528703,0
1,"B",-0.12562404287761,0.281531375421086,0
1,"A",2.53726100352511,1.02597708479106,0
0,"B",-1.07003713779668,-0.585101709119051,0
0,"A",-0.643209478100336,1.02397392980249,0
0,"B",-2.18223613215927,-0.512691732505838,1
1,"B",0.214161781949508,0.666489230909099,1
0,"A",0.654864506610461,-0.727503831262956,0
0,"A",-0.325196523432423,-1.44471997865987,0
1,"B",0.276916291627162,0.584017989169622,0
1,"B",-0.38361606409274,1.06491693611198,0
1,"A",1.2871393911463,0.1827607034133,1
1,"A",-0.427595305034949,-0.709173452955695,0
0,"A",-1.33900558578914,-0.012455269627019,1
1,"A",-0.322271903941319,-1.89572489811292,1
1,"A",0.404432257538081,0.0363129126800461,0
1,"A",1.89628421919887,0.605920204262178,1
0,"A",-0.29428390088051,0.0361439163240718,1
1,"B",0.828186015842169,2.07136844622461,1
0,"A",-0.0368988374407315,-0.0792068929317257,1
1,"A",2.36091167334825,0.56755379116751,1
1,"A",1.09225375446982,0.70148374668074,1
1,"A",0.855870408962805,2.23645609291318,1
1,"A",-0.244762383293968,1.32762491626529,0
1,"A",-0.117371522674944,0.3583413941124,1
0,"A",0.69025074734802,-1.29733895082003,0
0,"A",0.666754988659319,-1.48813116787094,1
1,"A",-0.0117192342831486,-1.03046909863396,1
1,"B",0.671166045158746,0.544101748098112,1
1,"A",1.73357366447069,1.11903298004371,1
1,"A",1.24152064683556,-0.202421661778813,1
1,"B",-0.611231156705227,-0.209489610321246,1
1,"A",1.00801166887384,0.156615721999515,0
0,"B",-1.3452495805044,0.0410000132986036,1
1,"A",-0.285360350163146,0.267335109094144,1
1,"A",2.04100697758439,-0.570887292203997,0
0,"B",0.88203530477285,0.674537650015505,1
1,"B",-1.66947218712772,0.0838783245174344,1
1,"B",-0.330684025165356,0.485197748624256,1
1,"B",-1.79337763706704,1.02205208342338,0
0,"A",-0.76950868001263,-0.00370603288378096,0
0,"B",-1.69736483929181,1.28079733740947,0
1,"B",-0.346439424043605,-0.427835274914184,1
0,"A",0.0687887437607925,0.834050468769165,1
1,"A",0.00060270152233477,-0.432156462729832,1
0,"B",0.498209578520634,0.617003890637305,1
1,"B",-1.55136112316807,1.37690566801411,0
0,"B",-1.18012670990095,-0.92131347132287,1
1,"B",-1.54775576743755,0.0104373435173506,0
1,"A",0.749016199826593,0.0128615636963251,0
0,"B",1.07691151924684,-0.709285040867443,0
0,"A",-0.55893836068982,-0.485037315122612,1
1,"B",-1.23758496227013,0.952744229213174,1
0,"B",0.552688763804774,0.30749011445723,1
0,"A",-1.45055378730125,-0.999750456933075,0
1,"B",1.67147914287313,-0.50993477559021,0
0,"A",0.0758451434606862,-0.279320454020335,0
0,"B",-1.71914317259268,-0.473309276041125,1
1,"A",-0.23033174713523,0.666268786464094,1
1,"A",-0.0675563306823991,-2.27385612913886,0
0,"B",-0.851621083981677,-1.04218390848223,0
1,"B",-0.727494794495826,0.915972637689152,0
0,"A",0.265052202107001,-1.23993780719048,1
0,"B",2.68696823382035,0.197809412059343,1
1,"B",1.15140769037302,0.689649463466482,0
0,"B",0.634091423537468,0.603714608153982,0
0,"A",-1.42448273337093,-1.45778539662889,1
1,"B",-0.511772488041146,0.747231075661473,0
0,"A",1.14665213775886,-0.763051013743399,0
1,"A",1.21357655046549,-0.419386605617684,1
1,"B",0.196891046151314,-0.805647355504131,0
0,"B",-2.36086755599357,0.446759282282556,1
0,"A",-1.51758465495858,-0.0115408202638047,1
0,"B",-0.750086019322506,-0.103602270254329,0
0,"B",-1.01360936693976,0.901076398098688,0
0,"B",0.768917523782458,1.20720831554095,1
0,"A",0.432806335770648,-0.0196472773008941,0
0,"B",-2.25135893998687,1.48383045395066,0
1,"A",0.533024133864049,-0.786458568357276,0
0,"A",-0.136739901974234,-0.819616277506539,1
1,"A",1.00257346269434,0.231295778642247,0
1,"A",0.537939791797059,-1.4052246539677,1
1,"A",-0.918205052018614,0.865289069407736,1
1,"B",0.0079672257542317,-0.403544488411201,1
0,"A",-0.187024052647173,-0.612024534113534,1
0,"A",-0.250629356905759,-1.1674017236182,1
0,"B",-0.788674951038054,0.560071043354597,0
0,"B",-1.00514990135376,2.1355123069065,0
0,"A",0.851563051977457,-0.296836932249823,0
0,"A",0.551244569975282,-1.73777693841312,1
0,"A",0.287822446751659,0.380894186652266,0
0,"B",-0.425246384284328,-0.563946952283477,1
0,"B",-0.176857879074063,-0.470051885918264,1
1,"A",-0.595405669578057,-0.420608490648002,1
1,"B",-0.202198120775333,0.753883285128034,1
1,"A",2.21078835118999,-0.366744157068329,0
1,"A",-1.06077316548726,2.1242079635051,0
1,"A",0.0869271525180442,0.045720704807089,1
1,"B",0.0509644772955852,-0.289975122397953,1
1,"A",0.967443761419173,0.212074657848645,1
1,"B",1.15778691940806,-1.19026722075535,0
1,"B",-0.689989754703113,0.545281139481475,1
1,"A",1.82126847902565,-1.75264818261797,0
1,"B",-0.865140406203371,2.31699095620954,1
1,"B",-1.18962243210269,1.6110132682621,0
0,"B",-1.21961996047362,-0.812331740812966,1
1,"B",0.953165476019299,-1.57024205884902,1
0,"B",-1.78618584495487,-0.92466733820446,1
1,"A",-0.0343128833921185,-0.629322455898555,1
0,"A",1.09032573839003,-0.8477999534865,0
1,"A",1.10706455763194,-0.0998532034171053,0
1,"B",1.18341846466894,0.758492151482044,0
0,"B",-0.0676406897627113,0.101252831318906,0
1,"B",0.875305246787746,0.335438807441961,0
0,"A",-0.0257890420606428,-0.127557471738157,1
0,"B",-3.45670872207989,-0.461900375354771,1
0,"B",-2.61714448442156,-1.54966362106574,0
1,"B",-1.94537607561819,-0.0145685362611483,0
1,"A",-1.35287904015542,2.25964914673026,0
0,"A",0.00921776165347132,-1.79308529755657,1
1,"B",-2.83952099920218,2.42225293080017,1
1,"A",2.4375405340758,0.328431507549112,0
0,"B",-0.446405771460725,0.877450013824127,0
0,"B",-1.50074678079272,-0.676526865771222,0
0,"A",0.0123277363947638,-1.16782503087703,0
0,"A",-0.279942906421092,-0.671319604160884,1
1,"B",-0.437562676468401,0.434640978298445,1
1,"A",0.629842625697526,3.05795810893097,0
0,"A",-0.439447558850568,0.267113772482646,0
0,"A",1.3445860454059,-0.480704946959085,1
0,"A",-1.48996214508223,-0.598121237996411,0
1,"A",1.74209286202388,-0.62372097752766,1
0,"A",-0.171928637997842,-1.3773652753899,0
1,"A",1.57784312273236,-0.478011435413349,1
0,"A",0.86159615249891,0.956115379889731,0
1,"A",1.28106796614674,-0.48815970671972,1
1,"B",-0.144155539623197,1.20267388549573,0
0,"B",-0.999669418945617,-1.54068632327131,1
1,"A",0.0340288480915436,0.766183373505407,0
1,"B",-0.575848054415416,0.798282714992479,0
1,"A",0.764937101827448,0.51991195224374,0
1,"B",-0.256652316802032,1.39439213122854,1
0,"B",-0.558563354662512,1.51206356222266,0
1,"B",-0.396494152665122,0.861903036456065,1
0,"A",0.389511544341831,-0.769775708062083,0
1,"B",0.133308642447179,-0.959050729965863,1
0,"B",0.662768849814409,-0.519019936631063,0
0,"A",0.989481652216589,-1.68223568564313,1
0,"A",-0.310797449672355,-0.607249333300712,0
0,"B",-0.823801792666506,-0.138912406303859,0
1,"A",1.08089487803724,-0.419475386554652,0
0,"B",-0.398025982324091,0.0600610965717105,0
1,"B",-0.692946959623525,0.0508003789316926,0
0,"B",-0.966861172509299,-0.414163092314803,1
1,"B",0.132273117428842,1.02593693814813,0
0,"B",0.0512760165240199,-0.0722448861898186,0
1,"A",-0.297503483438492,0.872614771257689,1
1,"B",-0.782144163623008,-0.220926311659179,1
0,"B",-1.13601243837477,0.151572963561681,0
0,"A",0.0136583409838579,-1.44195724829875,1
1,"B",-1.8877876654324,-0.594058805641435,0
0,"B",-1.097651288585,1.0377227075275,1
1,"B",-0.333505413022727,0.354504944310704,0
1,"B",-0.269660592393009,1.0634077261288,1
0,"A",0.206208122666142,1.06666056409066,1
0,"B",-0.543916120921884,-1.57012767782831,1
1,"A",1.96202394069336,-0.542672524475634,0
1,"B",-0.0805391387663321,0.112025955771763,1
1,"A",-1.55107371074331,0.770830853185986,0
0,"A",0.0966818256082394,-0.291803014154915,0
1,"A",-0.144205383326948,-0.697853145681253,1
0,"B",-1.02260396045798,-0.0877927737527849,0
0,"A",-0.554708701304565,0.0113721191236972,0
0,"B",0.795533598261714,-1.31732856673913,0
1,"A",1.54567897635977,-0.170598650568264,1
1,"A",0.304399769748464,1.67807113062236,0
1,"A",1.0043585272958,-1.0707962558889,1
0,"B",0.319492617484885,0.74021017687105,1
1,"B",-0.179498247088012,0.51634199732209,1
0,"A",1.09242503990489,0.262504223309794,1
0,"A",-1.54946859607145,-1.85668523780235,1
1,"A",0.30220282540128,-0.367258022113863,0
0,"A",0.397292194730051,1.16114535380452,0
1,"B",0.232970476450614,-1.16468815665165,0
0,"B",-0.729490260363554,0.336989474273688,1
0,"A",0.137444324561088,-0.667297315492025,1
1,"A",1.12724270728817,-1.25473081244015,1
0,"A",1.37407547458679,0.157765278782934,0
0,"A",0.863466771224393,-0.832073703844613,0
1,"B",0.189806063434125,-0.641248126561264,0
1,"A",2.47158234917796,0.221832307629074,0
0,"B",-2.26922090893844,-0.949149202557322,1
1,"B",-1.37432226394638,1.01094086805389,0
1,"A",1.19232967255045,-0.605327757423898,1
0,"A",-0.335455197750291,-0.704953156020206,0
0,"A",0.531144946534781,-2.2383700126132,0
1,"B",-0.811215413533624,0.605366914823561,0
1,"B",-0.610127821465492,0.764606453416661,0
1,"A",0.927898010279963,0.255360961702051,0
1,"B",-1.04682543683335,0.588132979539219,0
0,"A",-1.6212243273742,-0.282453432596249,0
0,"A",1.50560462620083,0.0412441020602472,1
0,"B",-0.198496746248155,0.256362767403965,0
1,"A",1.10545035500505,-0.670579437787208,0
0,"A",0.732467818358331,-0.279905244944267,1
1,"A",-0.520581318630702,0.560335320608169,0
0,"B",-2.79852216521516,1.07301736636699,0
1,"A",0.863180005224235,0.803627110046664,0
0,"A",0.785599720988767,0.454969342944873,0
0,"A",0.999896893124973,1.07483517598538,1
1,"A",0.965315878113512,-0.0144955475911703,0
0,"A",-0.213565888888919,0.798286558110085,0
1,"A",0.426414391110126,-1.62620777981751,1
0,"A",0.780970557494703,0.108983553476369,1
1,"B",0.701787756714126,0.580097206982985,0
1,"B",0.106598390608525,2.17444827845399,1
0,"B",-0.559567119667585,0.714108618172412,0
1,"A",3.14276619701285,0.853011121624414,1
1,"A",-0.483048680392237,0.161176636089194,1
1,"A",2.04349282361731,0.905386205372613,1
1,"B",0.79423908161324,0.722793563109158,1
0,"A",-0.957993446223717,-0.636641273987721,0
1,"B",0.0198403314362854,0.83618843585995,1
1,"B",0.031922228343276,1.63151457831948,1
0,"B",-0.922963918403945,-1.09789440441548,1
0,"B",-0.6246040347734,-0.817340292929581,0
1,"B",-0.517659454151832,0.473154664174818,0
1,"A",-0.350825083709583,-0.127273737234927,1
0,"A",-1.96813170851708,-1.39359081951662,1
0,"B",-1.18343993969598,0.171995480562431,0
0,"B",-1.25248541075328,0.81868627761937,0
0,"B",-1.14553025120452,-0.0551455790319198,1
1,"B",-2.46685687526798,1.27512704076774,1
1,"B",-0.782583607494331,-0.678382689580743,1
1,"B",-1.56538030398643,0.461682145898922,1
0,"A",0.593476052327864,-0.00465714298700126,1
1,"B",0.609561794435512,0.128892594776309,1
0,"B",-2.09609033072727,0.667604140503115,0
0,"A",2.60507153898867,-0.573611970261648,0
0,"B",-0.81421300146686,1.18249999828776,1
0,"A",-0.704885809705271,-0.854297578782114,1
1,"A",-0.789229560913894,-0.450387132213818,1
1,"A",-0.5963028513946,0.602591114460819,0
0,"B",0.423385426685797,-0.0968863433085475,1
0,"A",0.313943251264924,-0.340661636210697,0
1,"B",-1.04463502989272,2.48250787562218,1
0,"B",-2.7229277869101,-1.48354781763921,1
1,"A",1.13559802029637,0.683569847441861,1
0,"B",0.103559234071454,0.721266912744649,0
1,"A",-0.853469598241121,0.0279252211393473,0
1,"A",1.64423702298374,-0.04858204811621,1
1,"A",-1.28047039892428,-0.242850537471794,1
0,"A",-0.896926694096604,0.221924664342517,1
1,"A",0.683786840647653,-1.24921662258271,0
1,"B",1.33462823783567,1.20817049145923,0
0,"A",0.524299932358901,-0.842339309464175,1
0,"A",-1.42940634881984,-1.43686155079571,0
0,"A",-0.00899270964421978,-0.296413692310663,1
1,"B",0.153588480204645,1.08673287126125,1
0,"A",-0.0688252343297076,-0.77054497102985,0
0,"B",-1.32310711508386,0.263573626447772,1
1,"B",-0.638351670614844,0.201404507776434,0
1,"B",-0.238385728636391,-0.0825832062281709,1
0,"B",-0.306600436738079,-0.813837470226911,0
1,"B",-0.745878297823266,1.55077628811155,1
0,"B",-0.309715434882475,1.15460947884505,1
0,"B",0.295490576038028,-1.29306476442985,0
1,"A",1.38969743120627,0.57179952299557,1
1,"A",0.94610911146677,1.02564879254622,0
1,"A",0.102627994340164,-0.0536012908796027,1
0,"A",-0.870597156234358,-0.683618810024856,0
1,"B",-0.550354092393766,1.45440657629162,0
1,"A",0.62736109790624,0.683555413659269,0
0,"A",0.892046351074963,1.22363491421623,1
0,"B",-0.834348397338778,-0.00712176331447936,0
1,"B",-0.971222481660444,0.348412501737797,1
0,"B",0.0331960249934471,0.239322651348701,0
1,"A",1.68032400806742,0.59692857560193,1
0,"B",-0.258215238096114,0.779087566823059,1
1,"B",-2.37926797105544,1.82381291743994,1
1,"A",-0.375251275675777,-0.64314350743969,0
0,"B",-2.31248938712763,-2.0255880885535,0
1,"A",1.80026742379807,1.54896977806956,0
1,"B",-0.356518125137878,2.19627331767732,1
1,"A",-0.517182253826408,-0.492588881874603,1
0,"A",0.945620771563835,-1.04287011455971,0
1,"B",0.0126466916218194,-1.05560630076901,1
1,"B",-0.4854606359717,-0.279254424756171,0
0,"B",2.2625262060858,-0.27499957006311,0
1,"A",-0.0716182437180079,-0.224560114098713,1
0,"B",-1.95753670597976,0.692930930023202,0
1,"B",0.830807931713662,1.10670949912497,1
0,"A",-0.370810241190768,0.295210092093938,0
0,"B",1.45719326648296,1.40991006368018,0
0,"A",1.16938472532806,-2.65135238556141,1
0,"B",0.250501716743353,-1.39334902041352,0
1,"A",1.63931271462989,1.52348128319651,0
1,"A",0.396981551313321,0.508371788547883,1
1,"A",0.964712882715425,-0.84413304761003,1
1,"B",1.22497143352838,-2.35860410109594,0
1,"A",0.216898423799146,0.127359087559127,1
1,"B",0.142938660398737,-0.629855197272805,1
0,"A",1.87506594084209,-2.57291769610863,0
1,"A",-0.630511841694725,0.306395974042981,0
0,"B",0.607056860328316,1.13556489491312,1
0,"A",0.360586509018723,0.31911117333114,0
0,"B",-1.56070067894254,-0.40102503950332,0
0,"A",0.737443514918101,-0.602366235572488,0
0,"A",-1.81619041832561,0.618372671733075,0
1,"B",1.07137786769698,-1.28625039292418,1
0,"B",-1.27509858432607,0.186998402090011,0
0,"A",-1.32320201578476,-1.56851628389356,0
0,"B",-0.894556510558486,0.302576091806945,1
1,"A",2.1552731147087,0.26694307809154,1
0,"A",-0.510490131444364,-0.361020650768635,1
0,"A",1.19283972214067,1.17816302438711,1
0,"A",0.441414623950262,-1.13796212403321,0
1,"B",0.508587944991529,-0.0959375155957831,0
1,"B",2.1225275534711,-0.258587231665994,0
1,"A",-0.827001640457554,-1.07905262064659,1
1,"A",0.547976880472455,-0.0685406072837551,0
0,"A",-0.555808944601566,-0.43127247881699,1
1,"B",-0.409873015131666,0.557087568823578,1
1,"B",-1.34871657899703,1.45631849468012,1
0,"A",0.196951741225199,-1.23402192506504,1
0,"B",-1.53655307055214,-1.4333842323817,0
0,"B",-0.911990206214697,-1.17818548191469,0
0,"A",0.401787120250976,-0.0348358059783882,0
0,"B",-0.800583831146792,0.360974025840283,0
0,"A",1.43219773135704,-3.0373669577516,0
0,"B",0.40195808788681,-0.960594880741804,1
1,"B",0.375496429589853,0.0199026253359241,1
1,"B",0.307433847159167,0.419304620514693,1
0,"B",0.752627764723273,-1.55459946326082,1
0,"B",-0.388108369670303,-0.749961031712025,0
0,"B",-0.708851566134945,1.36608650249528,0
0,"B",-0.298429713163146,-0.747295744152281,0
1,"A",0.0794546104704738,0.405143497390494,0
0,"A",-1.79348412779245,-0.720592657697038,1
1,"B",0.745656864783789,0.260670218445893,1
1,"B",0.83522233845221,-0.451179549140724,0
1,"A",0.242364850247782,-0.465088596905038,0
1,"A",-0.242205265381443,0.780056934716036,1
0,"B",-0.259863526944194,-1.59692156586625,0
0,"B",-1.68917348933352,0.0781844955297114,1
1,"B",1.66457013706111,-0.251978712970985,1
0,"A",-1.45044994307446,-0.228099945946645,0
1,"A",1.14832030972113,0.984322196723819,1
1,"B",1.16378337793939,2.28019175445645,1
1,"A",1.43068165563257,-1.8168989588322,0
1,"A",0.686588855794782,-0.921225448398134,0
1,"B",1.39136139692172,1.70757982474211,1
0,"B",-1.63559025775966,0.114025241706149,0
0,"A",0.39686458620651,-1.05478213688944,1
1,"B",-0.761433055543199,1.14303707358854,0
0,"A",-0.26864805255666,-1.44814707130772,0
0,"A",-0.734322689148546,-0.529084820158134,1
1,"B",0.0851515174807966,-1.1712110955359,0
1,"B",0.85105526323385,0.564097626052695,1
0,"A",0.127781568435985,-0.650488417844758,1
0,"A",0.035799611913272,-0.323607757260578,1
1,"B",0.754336654669396,1.94189510906445,0
1,"B",-1.70461294688674,-0.726124050000275,0
0,"B",-0.520678199400389,-2.41670255309156,1
0,"B",-1.26372834689228,0.548321763122706,1
0,"B",-0.502326536498664,0.056208540127767,1
0,"B",0.518467318304397,0.288112270405286,0
1,"B",-1.09606585775001,-1.1624507173158,0
0,"B",0.202141103484495,1.30839871380862,0
0,"B",-1.10794220530578,0.263093750671972,0
0,"A",0.0493750246936019,-1.14488071487627,1
1,"A",-0.418563533135427,0.30561892231625,0
1,"B",-0.0822233162746199,0.512229533227444,0
0,"A",1.47210457915144,0.142180570811649,1
1,"B",1.6476315987552,0.63702964528971,1
1,"B",-0.0923696363053104,2.18931200047583,1
1,"B",-1.77432367418763,0.0525201243419199,0
1,"A",-0.356965820635895,-0.651961811266,1
1,"B",-1.18993963625419,0.990454533059969,1
0,"B",-2.45093621558106,0.568379910069243,0
0,"B",-0.297528087453051,0.427658667967162,0
0,"A",-1.00078680932398,0.74446597987075,0
1,"B",-1.25981990041028,0.518363684303806,1
1,"B",-0.792532815132813,0.723664513552633,0
0,"B",-0.625950331825537,0.278935256491854,1
0,"A",1.6888385897402,0.676250483796633,1
0,"B",-0.6368024461085,-0.228004165531799,0
1,"B",1.15617687547757,-0.505896557632035,1
1,"B",-0.620841836279465,0.388247127731968,1
0,"A",-0.0590242333562518,-0.4632689600778,0
1,"A",1.19356446043459,1.30715002065413,0
0,"B",-0.239107297092582,0.409426593810006,1
1,"A",-1.10598773392009,-0.431979900771703,1
1,"B",-0.227763339906526,-1.15812142069679,1
0,"B",-0.311826699778884,-1.22840929886632,0
1,"B",-0.0396482745983989,0.662114308276142,1
1,"B",-1.5690878033198,-0.14323549077522,1
1,"A",-0.890340157503821,0.0740938606445783,1
0,"A",-0.934061511844905,0.0183215173831637,0
0,"A",-0.391828891169933,-0.759034781985916,0
0,"A",0.598344752145884,-1.54018483436769,1
1,"A",-0.237166530397158,-0.247420602861409,1
0,"A",1.49427071608322,0.367513401924374,0
0,"B",-1.48464487918739,-0.564187105994607,0
0,"A",-0.7673605687189,0.280465828933099,1
0,"B",-0.16098242268822,-0.96894640836794,0
0,"B",-0.512508697926448,0.229491035805647,0
0,"A",-1.24924970679345,-0.943921402628391,1
1,"B",-0.619494407622408,0.582246253175226,0
0,"A",0.296223580656053,-1.04874518550991,0
1,"A",0.211179353679879,0.944082327667083,0
0,"A",1.40255390567292,-1.39412291065537,1
1,"B",0.556022576600513,2.04243673148253,1
0,"B",-0.652049210465849,-0.0307965131094423,0
0,"A",-1.14449623181862,0.204610675931753,0
0,"A",-0.480357063247975,-2.91166562733679,0
0,"A",0.542937640545793,0.173946893967181,0
1,"A",1.32843377386762,1.00294558346351,1
1,"B",-0.735932426759702,0.312455826562331,1
0,"B",-2.31538094953167,0.923132546559017,0
1,"B",-0.403175239663128,0.849841201753983,1
0,"B",-0.60551886990683,0.401941988934543,1
0,"B",-1.78469440401881,1.37647648087134,0
0,"B",0.382119897458532,1.02783598924748,0
0,"A",0.888870372642054,0.705077003444091,1
1,"A",0.956533076535552,-0.280315594012837,0
1,"A",1.73733182995204,0.267075391760126,0
0,"A",1.53921926898609,-0.499705870204675,0
0,"B",-1.52504825189506,1.77385628278715,1
1,"A",0.838338270639028,-0.42138402271253,0
0,"B",0.919012433168349,-0.683889621172978,0
1,"B",0.295919516942597,0.584554184321167,0
0,"A",0.752229927814997,-0.270734914195177,0
0,"A",-0.337742648140023,-0.768117770523563,0
1,"B",-0.180390081911367,0.315881808309213,1
0,"A",1.41567681248907,-0.225459385767497,0
0,"B",-1.54816739832961,2.81952442328914,0
1,"B",0.638763508167254,2.00295076907285,1
1,"B",0.550506679247903,-0.560207189384058,0
1,"B",-2.36075106990098,0.837646247365184,1
1,"A",0.340938078463991,0.316250466056479,0
1,"B",-0.57168529871511,2.13607090050109,1
0,"A",0.222003296736499,-1.54129295925479,1
0,"A",-0.965306423500936,-1.03325015598822,1
1,"A",1.69188777765039,0.910403810643615,1
1,"A",0.327158015936255,0.939868164110849,0
1,"A",-1.87953942160831,0.13261998440892,1
1,"B",0.16837519680058,0.538575723916304,1
0,"B",-1.77142513317044,0.471764164953692,0
1,"A",2.36509771953456,-0.516062424430409,1
1,"A",0.0714248682867688,0.374882116562587,1
0,"B",-0.242753779230873,-0.844581867501594,0
0,"A",-0.558611458215019,-1.56734973520525,0
0,"B",-1.24420817496414,-1.13831684392054,0
1,"A",1.34587758589674,-1.3056645662866,0
1,"A",0.588189715714264,-0.131287410200644,0
1,"B",-0.628665339179803,1.43488955741127,0
0,"B",-1.62957880725226,0.794212286560007,1
0,"A",0.852486028100956,-1.46117565490763,0
1,"B",-1.21186040615073,-0.310452034118122,1
0,"A",-0.0795516056259178,0.750618291837603,1
0,"A",-1.88299183089453,-1.37778081550362,0
1,"A",-1.05939521577459,0.361793568775223,1
1,"B",-1.04191709907121,0.500504842899935,0
0,"B",-1.51820700847815,-0.658197382614209,0
0,"B",-1.73961204068439,0.501450861209325,1
1,"A",0.561940871684758,-0.331588842455915,0
1,"A",1.66717233364442,-0.328619819538028,1
0,"A",0.456611472331141,-0.773307186496272,1
0,"B",-1.03568511259834,-0.556046964901018,0
1,"B",-0.192305889566083,0.717913372015804,0
0,"A",-1.80800798952693,-1.08041065576284,1
1,"A",0.931897353446083,0.44683641563019,0
0,"A",0.49227405903902,-2.65803051757806,1
1,"A",0.399637316541797,-2.07191902302297,1
0,"A",2.10599537223331,1.07500252165414,1
1,"A",0.527122150615575,0.760243291355078,1
0,"B",-0.237394906578846,-0.222895002028466,0
1,"A",0.590743114135339,-1.54179850979432,1
0,"A",-2.03587303792081,-1.11706035522422,1
0,"A",1.38195898297025,-0.692200530288341,1
1,"B",-1.16583575429952,1.67054425784321,0
0,"B",-1.33355988353341,-1.52665873347927,0
1,"B",-1.35681300698888,0.229546084802513,0
0,"A",-0.794089525468183,-2.65326660924596,1
0,"A",2.0855768186141,-0.857433577828889,0
0,"A",-1.08108295131977,0.143628250358995,0
0,"B",-1.48931502674688,-0.977426366504155,0
0,"B",-0.03094206126663,-0.903235601048392,0
0,"B",0.532832766450295,-1.03295206420883,0
1,"A",1.42829947468831,0.490433125061548,1
0,"B",-1.21166079943972,0.495900797423479,0
1,"A",-0.664073797502337,0.45686267261664,1
0,"A",-0.172473288324746,-0.173664466795006,0
1,"B",-1.26656895056822,0.179794452801349,0
0,"A",0.864105792982401,-0.218002735938196,0
0,"B",-0.784771868584562,-0.654364409630193,1
0,"B",-0.184275360733551,-0.563422046418536,0
0,"B",0.585485326421548,-1.53896952505843,0
0,"B",-0.584872735534673,0.637326749726131,1
1,"A",0.792954747496304,-1.59797939380101,0
1,"B",-0.584481321403975,0.904592375150379,0
0,"A",0.646856339470677,-1.71105230713747,0
1,"A",-0.920567106370939,-0.0720405703093885,1
0,"A",0.560089263224689,-2.02369004424707,1
1,"B",-0.658608346636008,-0.572760317625063,1
1,"A",1.10974893112481,0.136916813912531,1
0,"B",-2.22938227448137,0.730399247886687,0
0,"A",-0.783969392681675,-1.6183724764446,1
0,"A",1.68307991370208,-0.745641337140954,1
0,"A",0.0554918684616304,-1.20410693349466,1
0,"B",-2.43759082733564,0.458474195762093,1
1,"B",-0.526037187411585,0.829810329928437,1
1,"B",-0.150519816768391,-0.145886533397948,0
1,"B",0.141538899156441,-0.0146265188570261,1
0,"A",1.19344202307874,-0.52019367659572,0
0,"A",0.843893423508677,-2.10189361438804,0
1,"B",-1.05112179491728,0.516602771831912,1
1,"A",1.73557822461109,1.8744463510648,1
1,"B",-1.46248101674653,1.903102550897,0
1,"B",0.381166964931367,-0.97661105498011,1
1,"A",0.0434827417705361,0.264529536047684,0
0,"A",-0.0866881790516829,-3.61646119175886,0
1,"A",1.70243677293976,0.816271848940476,1
1,"B",-0.857938765794995,0.338808501419292,1
1,"B",-0.691218992099676,0.0887373069306773,1
0,"B",-0.260150334657603,0.786355215076413,1
0,"A",0.546826164846082,-0.389900852069158,0
0,"A",0.674021877873058,1.51035651001101,0
1,"A",0.0790651737067047,0.122292212524737,1
0,"A",1.35902113783331,-0.918148625722793,1
0,"A",-0.0410804626970782,-1.63955490216923,0
1,"B",-0.0248339752546798,-0.912314502873917,0
1,"B",0.326926319309822,0.273170580601572,0
1,"A",0.44698212458061,-0.861718220382564,0
0,"B",-2.54116875165992,0.0992584883522193,0
1,"A",0.947480031894727,-1.30220494700016,1
0,"A",-1.27048317984224,-1.81576406476621,0
1,"A",0.641713745512704,-0.716232102261888,0
0,"B",0.378258771405937,-1.11478524678246,0
0,"A",0.19987083010589,-0.822520105490764,1
1,"B",0.688510517047057,1.09912966730068,0
1,"A",0.993784979571218,0.318425388715428,1
0,"A",0.62813316817514,-1.10410742562096,1
0,"B",-0.25811964419245,-0.895291271770041,1
0,"A",1.00822189827896,-0.404202769889564,0
1,"B",-1.08488677861389,1.36099321842892,0
1,"A",-0.879804343057545,0.487028646740943,1
0,"A",0.293614917478066,-2.44198721426988,1
1,"B",0.19163366798882,1.28887295010265,1
0,"A",-0.375073582448979,-0.538768422799504,1
0,"B",-0.267393720816517,-0.260201850910805,0
0,"B",-1.65539939750776,-0.114855893362857,1
1,"A",0.513585798408757,-1.93580574240944,1
0,"A",-1.17816773468088,-1.05341637208836,0
1,"A",-0.49332538620974,2.16301250581963,1
0,"B",0.484569745600533,-0.0074218773627126,0
0,"A",-0.670050284504905,-0.61182724301025,0
1,"B",-0.281029244894764,0.674691142332029,0
0,"B",0.526101375136534,0.553441918005647,0
1,"A",1.00406394358403,-0.385705427477641,1
0,"A",-0.390982139976923,-0.638288882011167,0
0,"B",-0.488377095867109,0.223910481710565,0
1,"A",1.17378320239648,-1.24909189345477,1
0,"A",-1.12984594530276,0.220024133198303,1
0,"B",-0.782549680317964,0.521528291248006,0
0,"B",0.574335361060063,-0.48293389599475,1
0,"A",1.61736138675194,-0.424226795567731,0
0,"B",-0.885118976505848,-0.0464262914564693,1
0,"A",-0.848753691754529,-0.365682511469936,1
0,"A",0.44755583198783,-1.43669960124931,0
1,"A",0.609064781556421,0.510468344152301,1
1,"A",0.510164012418782,-1.87241699210912,0
1,"A",-0.601338936836631,0.270066013178262,0
0,"B",-1.32846496283481,0.315413402170396,0
0,"B",0.0302698644437456,1.20882122230869,1
1,"A",-0.424046052154307,0.0972540169752788,1
1,"B",0.389160503907085,2.46266185089482,0
0,"A",-0.470151227129168,-0.825352447214619,1
1,"A",1.19557858473179,-0.0022736736356368,1
0,"A",-0.0727642571967085,-0.841523170925477,0
1,"B",0.182796273277078,-0.316621605093613,0
0,"B",-0.0797856092614349,-0.372998370064973,0
0,"B",1.11505144455907,-0.82369028383318,0
1,"B",-0.767124336183101,0.371603282063705,1
1,"B",0.0299387158593575,0.258720089130133,1
0,"A",1.04722912786636,-0.640524687371377,1
0,"B",-1.422317034597,0.0846220203988411,1
1,"B",0.813818955064774,0.670974585195654,0
0,"A",-0.589833681344087,0.175123070294454,1
1,"B",-0.335781007996606,2.18677678771351,1
0,"B",-1.54496353480522,0.188330248960492,0
1,"A",-0.72748464574477,-2.2465559963417,1
1,"B",0.569260692424457,-1.36107330077867,1
1,"B",1.14310927940981,-0.323627862178522,0
1,"B",-1.24672633040677,2.49252958378413,0
1,"B",1.77279393617277,-0.236296103699732,0
0,"B",-0.708783201794537,0.947591803371733,0
0,"A",-0.0504768096483844,-0.247625202225193,0
0,"B",0.260398265274806,-0.722059028627416,0
0,"B",-0.067508558683286,2.03150601226442,1
0,"B",-1.13095252599862,-0.410288164024059,1
0,"A",0.899060164974075,-1.38711660554356,1
1,"A",-1.2232312188267,-0.474923857498896,1
0,"A",-1.14537467494274,0.553643276722585,1
1,"B",0.63975558409976,-0.39142327380029,0
0,"B",-1.19021145011913,-0.634326510155095,0
1,"A",-0.589092922111375,-0.357980934435479,0
0,"B",-1.33093966670015,0.369021637460501,0
0,"A",-0.562887109797755,-0.216268042289029,1
0,"A",0.592462884628097,-0.352404868893091,0
1,"B",-0.841960408180617,0.813089636410266,1
1,"B",-1.26689837996822,0.030179638930778,1
0,"B",0.127290435936154,0.571293389366943,0
0,"A",0.773770294148664,-1.87728959919976,1
0,"B",-2.00423901956551,-1.48935093726008,0
1,"B",0.563647981767557,0.643295058165983,0
1,"A",0.447598474283528,-1.43046775562998,0
1,"A",-1.10584472861836,-0.423793451648919,0
0,"A",1.87170243969515,0.560199451773481,1
0,"B",1.17462647506826,-1.62317379153657,1
0,"B",-0.0794762577552933,1.9125532675567,0
0,"B",-0.907224789186779,1.03153329811709,0
0,"A",-0.315103766757395,-0.2275748219395,1
1,"B",1.85046512650898,0.0109757229676268,0
1,"A",1.43301805398294,-0.238693805624518,1
0,"B",0.00519042664185099,0.278159269721248,1
1,"A",2.78872111854458,2.37113413131626,1
0,"B",-1.33404671252603,1.51998373269548,0
0,"B",0.593062153806255,0.698599459388319,1
1,"A",2.66927766607592,1.70365015704657,1
0,"A",0.0904803423164938,-0.35553482246967,1
0,"B",-1.53687165517446,1.99318552545971,0
1,"B",-0.231386850271222,0.0493189999302902,1
0,"A",-0.499918913835033,-3.17558284273919,1
0,"B",-0.407172914171655,-0.191263052969921,1
1,"A",2.00344867303683,0.395598472884536,0
0,"B",0.163266670994746,-1.53755278700065,0
0,"A",-0.108133104884513,-0.208026155419637,1
0,"A",0.913034625462259,-0.767433689027228,0
1,"A",-0.675625866576021,0.826851848772463,1
1,"A",2.71372755608595,-1.56919024917278,0
0,"A",0.753773657719417,-1.96605719733608,1
1,"B",-0.439695990126683,0.418735024877999,0
0,"B",-1.14559919895678,0.0407179500649834,0
1,"B",1.0159221969303,0.698087366352748,0
0,"B",0.688757710218936,-2.14928110881633,1
0,"B",-0.322614501033125,-1.55381429826093,1
1,"A",0.397825310917242,-1.11134222691429,1
0,"A",0.828093185998888,-1.54908524788493,0
1,"A",1.16319570351608,-0.0410773330904281,1
0,"B",-0.961165223329495,-0.209116299879882,1
0,"B",-0.586177945089829,1.0197547703574,1
0,"A",-0.604192621157404,-1.39336032957671,1
1,"B",0.943813267590654,1.01401084546051,0
0,"A",0.803739075380612,-0.408717364926865,1
1,"B",-0.191530376623718,1.18191666767733,0
0,"A",2.05342605247776,0.0892536745884552,1
1,"A",0.696082588185996,-0.381053095151503,0
0,"B",0.0750022856021298,-0.69054536398617,0
1,"A",-0.558899980579166,-0.502405268845045,0
0,"A",0.683668362341639,-2.67998875131821,1
0,"B",0.0230784291216715,-0.4071745934545,0
1,"B",-0.183050146175085,-0.650962296554727,0
0,"A",-0.653461277614983,-1.32805885656853,1
0,"A",-1.42301759314789,0.0153343943203348,1
0,"A",-1.89703441923373,-0.128201978292773,1
1,"A",-0.0938655162107243,1.00025323429674,1
0,"B",-0.969993996457758,0.0817569355052288,0
0,"A",1.10506293848196,0.109249298840907,1
1,"A",-1.09650533015793,1.43806608156544,0
1,"A",-0.161203339235555,2.04788010107678,1
0,"B",-1.03033497017204,-0.671932799385446,1
0,"B",0.141089413743196,-0.135212241398427,1
0,"A",-0.586973981951207,-0.965190180726495,1
1,"A",1.04848649142416,-0.839616042933281,1
0,"A",-0.719675753855252,-0.987047096068634,1
0,"A",-0.972972462264766,-0.597501828667536,0
1,"B",-0.518132766839501,0.643055734395984,0
1,"A",-0.0187005569812304,-0.33816193842978,1
0,"B",-1.90351898327925,0.639239722328313,0
0,"B",-1.44289187064088,-0.116253350568737,0
0,"A",0.0320467591162407,-1.48601285051102,1
0,"B",-0.739623147490023,-0.0958507618573353,0
0,"B",0.093254721618058,0.0723451740756861,0
1,"A",0.0624653112648527,-1.33414875872743,0
0,"A",1.47257688397001,-3.46570938112024,1
0,"A",-0.829575067318828,1.77962632921121,1
0,"B",-0.945150358026203,-0.61170791533464,1
0,"A",1.65286019551154,0.490029235096739,0
1,"B",1.90043616896098,-0.0500274330007747,0
1,"B",-0.345180869258431,0.350410963463036,1
0,"A",1.35180636515747,-1.08387425522156,0
0,"B",-1.35421801006994,-1.18368245692146,1
0,"B",-0.68936905599919,0.00758595933722109,1
1,"A",0.298882260271747,-1.1194870037307,1
1,"A",-0.0147973693046549,0.514938260145685,0
0,"B",0.186596173017559,0.878819438681498,1
0,"A",0.311267038736937,-2.29216577787378,0
1,"B",2.26326853966239,0.647398396737638,1
0,"B",-0.507111876851217,-0.79850923261859,1
0,"B",-1.20861749643168,0.642967344536852,0
1,"B",0.0508228098549862,1.69054671083441,1
0,"A",0.485614653484184,-1.3306548133529,1
0,"B",0.348597534882206,-0.315426115028083,0
1,"B",-0.551552516149126,-0.262278389743701,1
0,"A",0.188716846280828,-0.718329472265159,0
1,"A",-1.08902189907968,0.762510753551422,1
0,"B",0.0694174954897605,-0.0748026666539431,0
1,"A",-0.975491803551108,-1.74427504425739,1
0,"B",-1.44615844461098,1.16332606107629,1
1,"B",0.858267002968828,-2.44305238331569,0
1,"A",1.5358008570962,-0.602063359262813,1
1,"A",1.40924574875658,-2.06656003507626,1
1,"B",1.43013820254962,-0.338556027689016,0
0,"B",-1.31863410497599,-0.154146658311917,1
0,"B",0.359864582948317,1.39375170913727,0
0,"B",-0.451363526889536,-0.213923285401424,1
0,"A",-0.0221178345030003,-0.121452754441909,1
0,"A",0.422045230290098,0.329919972845585,1
0,"B",-2.46926044605783,-0.938909790099153,0
0,"B",1.47019661274748,-0.622581356999034,1
1,"B",0.854576912505361,-0.85877344879753,1
0,"A",1.09465771231891,-0.702298643400306,0
0,"B",-0.030229731561096,-0.102475327787255,1
0,"B",1.5572120854649,1.19019760167214,0
1,"B",0.805673328111393,-0.165957936056243,0
1,"B",1.568560687098,-0.237463541557418,0
0,"A",1.9412571152874,-1.5143573958846,1
0,"A",0.546939074610555,-0.0547755180623624,0
1,"B",0.011975667165529,-1.02063200184943,0
1,"B",1.9613631923692,1.27099453497337,1
1,"A",1.72310241390015,-1.60545142750954,1
1,"B",-0.836041473772331,1.51226061648903,1
0,"A",-0.988569030247376,-1.0453356089219,1
0,"A",-1.26878243448867,-0.0703162250445179,0
0,"A",1.34147085275194,0.685188048855937,1
0,"A",-1.71190181278185,-0.259397007454172,0
0,"B",-2.42956055547203,0.864896251981979,0
0,"A",0.735402901398088,0.561608211146986,0
0,"A",-1.22808634783883,-0.704628442202661,0
0,"A",-0.0228456250819849,0.62310679074273,0
1,"B",-0.72738950542837,1.15520395157892,0
0,"A",0.352463028866524,-1.32910271908601,1
1,"B",-1.44634124638336,-0.292522633538194,1
1,"B",0.285291250543873,1.18178824572788,1
1,"B",-0.640305809860739,0.938905422603473,0
1,"A",-0.807424740032386,0.546129976217789,0
0,"B",-1.49191627644193,0.657955866555571,0
0,"A",-0.195339337062187,-2.14240991687641,1
0,"B",-1.00884733211568,-0.228386881014399,1
0,"B",0.0738985673980603,-1.28390241873177,0
0,"B",1.17651524562902,-0.617296950350217,0
0,"A",-0.110170467971265,-0.00747158098105788,0
0,"B",-1.66137305432361,0.797552961062825,1
1,"A",0.628769000910476,0.337031441011522,0
1,"A",1.19595726919597,1.30588020258637,0
1,"A",0.445837086703848,-0.807646744092717,1
1,"B",0.305169421585645,-0.998819976209655,0
0,"B",-0.839798493429272,-0.507669053501358,1
0,"B",-0.621059132497629,1.17786721319435,0
1,"A",1.94012383655544,-0.145603253014549,1
1,"B",0.362869524144045,0.45551369428619,0
1,"B",1.02722197160928,-0.869453154078123,0
1,"A",-0.240650685130851,0.748303440569685,1
1,"A",0.846650906639529,-0.217111745412144,1
1,"A",-0.118055363745078,0.201695584234068,1
0,"B",-0.192992975662202,0.660579255792705,0
1,"B",-0.386007071865611,0.380386834597679,0
0,"B",-1.34730956499027,-0.160944935803235,0
1,"B",-1.60797929461518,1.78241794927723,1
0,"B",-1.85362676101792,1.35945600151807,1
1,"A",0.525423670874343,0.916911783908257,1
0,"B",-1.08691353734224,0.0606470476320797,1
1,"A",-2.4112881005738,1.24323685343724,1
0,"B",-1.11819490701836,0.202312085832444,0
1,"B",1.15854666295187,-0.0752351281465058,1
0,"B",-1.39124924036761,-1.76276942784102,0
1,"A",-0.567779878912033,-2.6660824992023,0
0,"B",-0.769005570053131,-1.09339125281493,1
0,"A",0.769990678667274,-1.58744177968239,1
1,"B",0.470797161083252,-1.88399372242242,1
1,"A",0.774897294189037,0.16828575124245,1
0,"B",-1.77323871246097,-0.325993685259636,1
0,"B",-0.627509378841723,1.12667533035567,0
0,"B",-0.268489649576606,1.08768151500157,1
1,"B",-0.499638473460388,0.124626119880038,1
0,"A",-0.893123851025103,-0.993570731078599,1
0,"A",-0.406765657670713,-0.350491138909974,0
0,"A",-1.43100542763523,-0.422164788784451,1
1,"A",0.802035921001529,0.872758651744551,1
0,"B",-1.310329313276,0.289750769085368,0
1,"A",-0.0851103174499561,-0.923554084675557,1
0,"B",-1.8457985405625,-0.72801957308966,0
1,"B",-0.994477206255836,-1.09155225503532,1
1,"B",1.27652349916231,0.74932153495021,1
1,"A",0.68734736681025,-0.126273357111042,1
1,"B",1.53949737445056,0.833077939925315,0
1,"B",-0.329492288626296,-0.329784887389647,0
1,"A",1.30458598123145,0.136870566815883,1
1,"B",-0.0579788637871649,-2.19832048173635,1
0,"A",0.703741686693233,-0.33750710175946,0
0,"B",-0.476004112703284,0.218632092281148,0
1,"B",0.991387032620193,-1.55610960674271,1
0,"A",0.601765387501874,-1.63890326022578,1
0,"B",-0.644039223004211,1.06848517339873,0
0,"A",-1.05473391985121,0.308284408988003,0
0,"B",-1.17632577667815,-1.10564900957845,1
0,"B",0.457421380202845,-0.505586359834527,0
1,"A",1.617088453316,-1.20429941571723,0
0,"A",0.438799660355239,0.0324371042022258,0
0,"B",-1.07675203766808,-1.12617129724853,1
1,"B",-1.25647204092466,0.519062383150802,0
1,"B",0.43275916086781,0.972831815558832,1
1,"B",-1.23777596328144,0.478793136409202,1
0,"B",0.258467655563442,-0.734540350520831,1
1,"B",-0.225779978518654,-0.177602535565865,0
0,"B",-1.91622002312775,-0.510811273911512,0
1,"B",0.400324450356434,0.836263495988164,1
0,"B",0.141129342412657,0.190395645989084,0
0,"A",-2.33856320050776,-2.02308188455619,1
0,"A",0.067332391568543,-2.9190455360834,0
0,"A",-1.07445175572867,-1.68782095844594,1
1,"A",0.786699779083778,-1.21789200050316,0
1,"B",-0.0108979725779682,-1.13725811458803,0
0,"B",-1.78446481852194,-0.143604640580557,0
1,"B",-1.515996876467,0.050860828462742,0
1,"A",0.963933039995767,0.0253364125242892,1
0,"A",0.502229535256768,-0.605105374193471,1
0,"B",-0.190822922689385,-0.911495920109054,0
1,"B",-0.14396273979005,2.34282242291429,1
0,"B",0.519203523248587,-1.79874565718056,0
1,"A",2.39331006358117,0.381283429783133,1
0,"B",-0.790130118257236,-0.334844248015952,0
1,"A",1.44517741609504,1.69997700029933,1
0,"A",0.0967462266722618,-1.61604227595389,0
0,"A",0.109124410100581,-3.81072960001272,0
1,"B",-0.585178089585458,0.0716013839514013,1
1,"B",-0.950647980881966,0.219586326177312,0
1,"A",1.49317792796303,0.250253297315471,1
0,"B",-2.98113946279818,0.361400058697337,0
0,"B",-0.246930973859675,1.30542337099443,0
1,"B",-0.183060578856303,2.62183802412404,1
0,"A",-1.09185029667439,1.06325524121945,0
1,"B",-0.216488495611474,0.358356594666893,0
0,"A",0.245346673149075,0.272969816433823,0
1,"B",-0.488823593967938,0.736401832138645,0
1,"A",1.21979273754431,-0.599183864520179,1
0,"A",0.855584917632531,-0.966769371281323,1
0,"B",0.196101577497122,-1.64520381728782,0
0,"A",0.354130771491554,-1.70981217794772,0
0,"B",-0.931827977226195,-0.762679305664322,0
0,"B",1.56689042784703,-0.599795673985401,0
0,"B",-0.917769997120531,1.16811628061453,0
1,"A",0.0100007646647581,0.0715920446537299,0
0,"B",-0.318302166797069,1.81654455248606,0
1,"A",-0.103341287913879,-0.606044650605261,0
1,"A",1.65736497606449,0.10389187754198,1
1,"A",1.56651904694724,-1.37581555149347,1
1,"B",0.520554320871783,1.56383452185497,0
1,"B",-0.344335597931115,1.13117696712187,1
0,"A",0.650340364301934,-0.412641623900021,0
1,"A",0.00888216726709223,-0.876411982762098,1
1,"A",-0.106592034672557,-0.811351365755603,1
1,"B",-0.717158327632817,0.226347997245024,1
1,"A",1.40352318646846,0.174457982499815,1
0,"B",0.0249288521025214,-0.260296704594581,0
0,"B",-1.13456659510247,-0.247853642791583,0
1,"A",0.515846922310847,0.986152355607609,0
0,"B",-1.36732110051248,-1.10197059242563,0
1,"B",0.39043881180303,-0.969751324261974,0
0,"B",-0.0832937299752733,-0.297342492082324,1
0,"B",2.05463076828334,0.091274977781455,0
1,"A",0.721395112235246,-0.903308517956858,1
1,"A",-1.20063563511235,-1.54948582541061,1
1,"B",-0.019278873976652,-0.493097122737271,0
1,"A",0.664993711757986,-0.527220317350027,1
0,"B",-1.71940910780562,0.081963679529871,0
1,"A",0.819509988486772,1.00296168481591,1
1,"A",-0.393818812634518,0.667806216163635,0
0,"B",-0.720347121368719,-1.62571497603956,0
0,"A",0.214176024004397,-0.641145009083139,1
1,"A",-0.0791764369089296,0.112596413910737,1
0,"A",0.29124788368004,-0.111070949370069,0
1,"B",0.89595791782813,1.23727417927181,0
0,"A",-0.495952778305997,-0.315073672714077,1
0,"A",0.529689066478089,-0.87048796395002,1
0,"A",0.0923450424080003,-1.0005025284217,0
1,"A",-1.32263434988394,0.960482415350809,0
0,"B",-1.0107845509454,-0.49261412109734,0
0,"B",-0.870601237857532,1.08566440802561,0
0,"A",-0.446856805130711,-0.129865364336012,1
0,"B",-1.12073906650237,-0.238993626658597,0
1,"A",1.41102420686041,1.71780875673646,0
1,"B",0.497482616086992,0.739942379763974,1
1,"B",-0.665719317352209,-1.11943964282118,1
0,"B",-1.43465687807495,-1.36492970296761,1
1,"B",-0.0461136771954127,2.20433549233592,1
0,"A",0.481695990457111,-2.83005041233961,1
1,"B",-0.754741511844144,1.68307127955021,0
0,"A",0.798509213537017,-0.903628937539023,0
0,"A",-0.984087432626962,1.19234624075594,0
1,"A",-1.44989013522103,0.586460920663896,1
1,"B",-0.875071468095027,1.80950474347547,0
0,"B",0.0695093314018419,1.80630290911029,1
0,"B",0.104729954315461,-0.119162060662167,1
1,"B",-2.46325856688721,0.482220987558768,1
0,"A",-0.839299538260273,-0.50288080270855,0
0,"B",-1.03692442240965,0.480467241733366,1
0,"A",0.403646786704376,-1.72017077663221,0
0,"B",-0.23413154191911,-0.505383595088449,0
1,"B",0.278837637565319,0.962735642830018,1
0,"B",-0.987135326243342,-0.864290273258262,1
1,"B",-1.1474466129575,-0.207753647648603,1
1,"A",0.256921249842678,1.85008882394062,1
1,"B",0.714359311870107,0.332962044127202,0
1,"A",-0.04088081420051,-0.307241497949337,1
1,"B",0.937760444725942,2.3337487304159,0
0,"A",0.243846514310326,-1.21018936528216,1
1,"A",0.711407742637062,0.658950471117488,1
0,"B",-1.75140850322146,-1.29972323924538,1
0,"B",0.986731758174463,-0.0456461543885653,0
0,"A",-0.653472244181503,1.09501522873412,1
0,"B",-0.497823873993599,0.203462296135505,1
1,"B",-0.560535860563936,0.337099555097885,0
0,"A",0.0561376803462278,0.262487488305594,1
0,"A",-0.731180931106428,-0.37054622439797,0
1,"A",-0.99557950151701,-1.28325969207114,0
0,"A",1.42056559948178,-0.631331170004459,0
0,"A",-0.726950564061434,0.685397129527398,0
0,"A",0.487345791099531,-1.81037075792491,1
1,"A",0.866525427583502,2.16525411813897,0
0,"A",-0.841132518916587,-0.341106290340739,0
0,"A",-0.0471615438199111,-0.087359493677603,0
1,"A",1.67649210118298,0.851052061552057,0
1,"A",-0.278987746012609,0.461593612702365,1
0,"A",1.73613606136075,-0.758636014353634,1
1,"A",1.07757268799553,-1.02404283702043,1
0,"A",-0.451695292669373,-0.247830106812895,1
0,"B",-1.01163141073334,-1.47571818770873,1
1,"A",2.04619131379834,-0.0932967298264307,1
1,"B",-1.58132678141115,0.973037322594734,0
0,"B",-1.48085437861273,-2.42302519117223,1
0,"A",0.0853711161370429,-2.60194484976065,0
0,"B",-0.436167525066136,-1.39731025226533,0
0,"B",-1.55658717256916,0.673972438168122,1
0,"A",-1.07855663695993,-1.00725217074363,1
0,"B",-1.92788043487981,-1.03282267685521,1
0,"B",-1.47493233679318,-0.215890292136058,0
0,"B",0.113137683949846,-0.404200677127753,1
1,"A",0.432255694382019,-1.64328911659352,1
0,"B",0.393182794225901,-0.0202763629718323,0
0,"A",0.0848163818390053,-0.977416392556195,0
1,"A",0.772430654702566,0.893047211580041,1
0,"B",1.66882652953411,1.27646064234116,1
0,"B",-0.309315825712617,-1.97179133572155,1
0,"A",-0.182145069004627,-0.450889502161647,0
1,"A",0.900750277037157,0.0545265198370931,1
1,"B",0.425580556345305,1.82539316811484,0
1,"A",-1.04556856838064,0.606356112904629,1
1,"B",-0.798445124807402,1.1068391403858,0
0,"A",1.73136106356422,0.647169842708511,1
1,"A",0.144302380706504,1.81327403290063,1
0,"B",-1.457768328952,-1.38818932416092,1
0,"A",0.797971601565181,-1.13180827907427,0
0,"B",0.305251342979649,0.647226913280341,0
1,"B",-0.344275425820091,0.169860758508506,1
1,"B",1.585477285486,-1.1712555339094,0
0,"A",0.703824179912591,-0.891809079527093,0
0,"B",-1.53662089067585,-0.149561924353912,0
0,"B",-2.21070826125021,-1.47419349602283,0
0,"B",-1.16830676526245,-2.21573449557025,0
0,"B",-0.343499374791633,-0.784147933976161,0
0,"A",1.04965186308756,-0.105666238568954,0
1,"A",2.1659518140843,-0.115002026652949,1
0,"A",0.422238692562566,-0.547233868782358,0
0,"B",-0.260147866543552,-0.758463724215393,0
1,"A",0.781620928820893,-1.12870345565595,1
1,"A",0.419103791981976,0.177774108548876,0
0,"B",-1.49490576919084,-0.0444568799448672,1
1,"A",1.7171994982544,-0.0758156810471601,0
1,"A",1.61553525599635,-0.670017975306847,0
1,"B",-1.78885367792984,-0.587287092446237,0
0,"B",-1.87366525546343,-1.3570227586743,1
1,"A",-0.366971181983463,-0.125935067674302,1
0,"A",0.287036819834507,-0.33409979785937,0
1,"A",-0.829987004115677,-1.79095046290989,1
0,"A",0.927482235347161,-1.77393723827017,1
0,"A",1.01718375792229,-2.22142849878543,0
1,"A",-0.112108171124473,-0.526755494603908,1
0,"A",0.762572160516489,-0.828315635546836,1
1,"A",-0.732217631401836,-0.243104273276837,0
1,"B",0.3085560279158,0.243517524447214,0
1,"B",0.723601179902779,1.25202779657875,0
1,"B",0.178404256277505,1.54376621175831,1
1,"B",-1.14146438677216,1.59811333876823,1
0,"A",-0.72649732651072,-1.6166933264516,0
1,"B",-1.08392765906638,1.04191598473397,0
0,"A",-2.26571012512658,-0.116071222789118,0
0,"A",-0.810988734517077,-0.447958090031959,0
0,"A",0.139289098128095,-1.18335922635034,0
1,"A",-0.925773386393344,0.40302019027194,1
1,"A",2.25984568375966,0.9833727034276,1
1,"A",-0.670103533665426,0.565023326072874,1
0,"B",-0.530212058522707,-0.45742497137587,0
1,"B",-0.316103178110111,-0.203420812495319,0
0,"A",-0.141554810382887,-0.880443824026977,1
1,"B",-0.203186748531089,-1.50174308886991,1
1,"A",0.943259747259957,-2.26034149304654,1
1,"B",-0.519981153774531,-2.33386288214525,0
1,"B",-0.565605094957511,0.740745076773004,1
0,"B",-1.52520054331628,-1.42027843378543,1
1,"A",1.28207641691085,-1.35867585549643,1
0,"A",0.717073701758969,-0.794502374993903,1
0,"B",-0.613726411495866,0.139273849329885,0
1,"A",-0.234642090597048,-1.22387006682869,0
1,"A",1.76341155743079,-0.0623770150234699,0
0,"A",1.06177923845174,-1.016900104459,0
0,"A",1.01059136621027,-1.87389748694291,1
1,"B",-0.227854183729596,0.551329408500463,1
1,"B",-0.408688948129094,2.45392852330445,1
1,"A",-0.104892963543646,-0.39502393599655,1
0,"A",0.403625962220478,-0.545407155423525,0
1,"B",-1.27611188141717,-0.898810086862949,0
1,"B",0.148917200125882,2.53870054209651,0
0,"A",-0.873206118078145,-3.01537814881125,0
1,"B",-0.162317066800873,-1.05113414498161,1
1,"A",-2.12437997493035,-0.0621844661904574,1
0,"A",0.861825071624995,-1.40288013489111,1
0,"B",0.169343783992381,0.118119630617315,0
0,"B",-1.54390330094131,0.00955773093691561,0
1,"B",-0.979303905432526,2.31317305407352,0
1,"B",0.645726659185486,1.46719716285615,1
1,"B",0.379357413949379,1.04681286420249,0
1,"A",-0.380878957909248,-0.565871419320687,1
0,"B",-0.8897552542422,0.261031425067906,1
0,"B",-1.80960839560148,2.44308347364816,0
0,"A",-0.422713334845278,-3.30067523578169,1
1,"A",0.265712514849115,-0.414468851430163,0
0,"A",-0.972291465770083,-1.34738878105989,0
1,"A",1.1765309814074,-0.256337289061944,1
0,"B",-1.79932274504171,0.916695748285278,0
1,"A",1.83150463241551,0.624673321886941,1
0,"B",-1.16414413027922,0.272036747308039,1
1,"B",0.132402100322831,0.390866097884052,1
0,"B",-0.490002596555365,1.2627002789802,0
1,"B",0.276352179047509,-1.17381350591057,0
1,"A",0.626749339400304,0.88286383796501,1
1,"A",0.492921397041921,-0.126550139143044,1
1,"B",-0.326613049020504,0.590022141612572,0
1,"A",1.72307856249382,-0.937483606114429,0
1,"A",1.08556852590087,0.17657331424905,0
0,"B",-2.43170280912384,-0.675916075837411,0
1,"A",0.670765436140722,-0.0693408582860198,0
0,"A",1.74878855642589,-0.677714297753107,1
1,"B",-0.816820164433481,0.00194556947304131,1
0,"A",-1.05987388391124,-1.8506159938327,1
0,"A",-0.308090789897601,-0.424254935962045,1
1,"A",0.667014441470396,-0.343039117757772,1
1,"B",-0.691723300638759,-0.313908832641782,0
1,"B",0.0763683530597504,-0.525614802924798,1
1,"A",0.462931684688016,0.541571867593454,0
0,"A",0.0867108645597663,-0.856692614991751,1
1,"B",0.0821937677373216,0.938926087926445,1
0,"A",1.15337074118669,-0.113098431106288,0
1,"B",-0.354460043133509,1.00448690036746,0
1,"A",-0.171173754316035,-0.0504604590564495,0
0,"B",-0.514273383618321,0.643729442962576,0
1,"B",0.407547447914104,0.168496314115874,0
0,"B",-1.69391567961331,-0.658155327282314,0
1,"B",0.653383169383957,-1.25481503440182,0
0,"A",1.04192710177253,-2.09847965912586,1
0,"A",0.0264184966403658,0.114238023172128,1
1,"A",0.778960356171577,0.242416003907327,1
0,"B",-1.33955906147848,0.768414620564634,0
1,"A",1.65645497742284,-1.11188191930414,0
0,"A",0.461464870234387,0.22332967218753,0
0,"A",-2.18762533486694,-0.202906192383918,1
1,"B",-1.83187182056929,0.171480733850728,0
1,"A",2.93774263578887,0.959962387575053,0
1,"A",1.27648017796793,-0.385350630911422,1
1,"A",1.52695828687387,0.263199481433619,1
0,"B",-0.365226336089982,-1.22745000792283,0
1,"A",1.01675053175529,-0.938503373741129,0
1,"A",0.0140900111731129,0.827279546973227,0
0,"B",-3.079673876814,0.846416864276777,0
0,"B",-0.0600983401064375,-0.419314078224717,1
1,"A",0.622799757947821,0.21991645965652,1
1,"B",-0.301777384593256,0.731182207627167,1
0,"B",-0.855836517298375,1.05413865759433,1
1,"B",0.0260713950191235,0.328802468522567,1
0,"B",-1.02591722651543,0.781949546441513,1
1,"B",-0.290335068975022,0.500971034474673,1
0,"B",-1.20801961140367,-0.696990041016274,1
1,"B",0.725233161263238,-0.713339339493478,0
1,"A",0.0503150135531797,-0.020548965316411,1
1,"A",-0.433266326184132,-0.512012615236621,1
0,"B",-2.67972619922149,0.909753605559875,1
1,"B",-1.69052159066406,0.27175220754945,0
0,"A",-0.00941647875472479,-0.756745366320972,0
1,"A",1.29195776867811,0.57643337843095,1
1,"A",-0.500163812725381,1.56325112217444,1
0,"B",-0.70838123385913,-0.56795116106839,0
1,"B",-0.187925201324742,-0.0656281644007013,0
1,"A",0.383650783196123,0.522477440549341,1
1,"B",-1.64766526349763,0.463509098677064,0
1,"A",1.40647327168809,-0.235994914200954,0
1,"B",-1.53910150594067,1.04290215971712,0
1,"B",-0.616819632850225,0.364925046013059,1
1,"A",0.726671249588099,-1.4077943495526,1
0,"B",0.0370527590215701,0.93117340919368,0
0,"B",-1.03216933962044,-0.463215573388475,0
0,"A",-0.19229729410547,-0.281234820944704,1
0,"A",0.513492928483708,0.987789808878406,1
0,"B",-2.46136676163951,0.0109129859094929,0
0,"A",-1.07222698119945,-0.38585342384998,0
0,"A",-0.916511454165367,-0.719314855848228,1
0,"A",-0.283273186614427,-2.77097762072316,1
0,"B",-1.0210663952436,2.65169741416095,0
1,"B",-0.0701999828558108,0.0148903284254452,1
0,"B",-1.18839520022905,-0.953392177558248,1
1,"B",-0.618005977224758,1.0056532764425,0
0,"B",0.0406932409916944,-0.393249514049223,0
0,"A",-0.966895052759334,-0.031789953500609,1
0,"B",-0.888046410212101,0.86372850861419,0
0,"B",-1.99686417336087,-0.246484004327843,0
0,"B",-0.567807173868888,0.567207531182484,0
0,"B",-1.10104960626628,-0.514790004872482,0
0,"A",-1.09001188857644,-0.639509563194676,1
1,"A",-0.23869857210109,-0.386862570442857,0
0,"B",1.58274035510191,-0.890687799002238,0
0,"A",-1.16241098387353,0.405316621277846,1
1,"A",1.66732442222419,-0.503127482701364,0
1,"B",0.437180641625287,-0.137044295032258,1
0,"B",-0.517635885522503,1.06723714055931,1
0,"B",0.125188196527516,-0.277234083430006,1
0,"A",0.155609655238798,-0.35713657681863,0
0,"A",0.212867223147668,-0.501647771928469,0
1,"B",0.822357761781952,0.207809211152948,0
1,"B",-1.61112918660356,0.906081180847749,0
1,"A",-0.148236788149221,-0.182503398662806,1
1,"B",-0.847981055548316,-0.980058645390299,0
0,"A",1.17249362391075,0.906970548365209,1
0,"B",-2.734174033495,-1.81192520449007,0
0,"A",-0.614450929038676,-0.52037087383823,0
0,"A",0.503267554046645,-0.85094997053123,1
0,"B",-0.203112544519575,1.26592111331679,1
0,"A",0.275303442232596,0.976306910940334,1
1,"B",-0.0489071867388717,2.06217224069678,0
1,"B",-0.82374974856966,1.36919887850002,1
1,"B",0.163170845884169,1.60101085805687,1
1,"B",-0.760856317982548,1.72914177592409,0
1,"A",-0.0815740540296705,0.348924021223762,1
0,"B",-1.16214251969153,-0.216726083658006,0
0,"A",-1.72106414532981,-0.328521961822235,1
1,"B",-0.564761663748123,1.72417438560152,0
1,"A",1.2329599596743,0.139097629214416,1
1,"B",-0.789060784889951,-1.50218042468769,1
1,"B",-0.867654781360876,1.88713543171461,1
1,"A",-1.99587228194827,-1.71799959317871,0
0,"B",-0.404302727265884,-0.00651525108112427,0
1,"B",-1.28030490566849,2.88763531330966,1
0,"A",0.371013413972256,-1.2080386904535,0
0,"A",-0.767737524248602,-1.53715387445563,1
1,"B",-0.882252259725825,1.58350160726526,1
0,"B",-2.6459259971122,0.661910699771156,1
1,"B",-0.683440890597343,1.82873949061434,0
1,"A",1.53983469664766,0.544050850670165,0
1,"A",0.213860266964096,-1.22844219743302,1
1,"A",2.06628628154575,-0.371499380524913,1
0,"A",-1.20253188229666,-1.57737133786044,0
1,"B",-0.471066502668855,0.642009615882414,0
1,"A",-0.658222335481537,-1.15094596393075,0
1,"B",0.228054250427355,1.06262751376342,0
0,"A",-0.640742578405007,-0.613250078336507,1
1,"B",-1.66959756825276,-0.48896194010179,1
1,"A",0.0151827470161902,1.08470771424846,1
1,"A",0.125951354015145,-0.663665804250934,1
1,"A",0.734651949683225,0.813344061706906,1
0,"A",1.25061252669266,-0.0410860790794565,1
0,"B",-1.08802873708572,0.961352134801143,1
0,"A",-0.945454138942758,-0.341061717604922,0
1,"A",-0.427207799246131,0.160589074055597,1
0,"A",-0.315987536977676,2.09499559087705,1
0,"A",-0.778158946595908,-0.679204498527059,1
1,"A",0.589505703626246,0.308126767021527,1
0,"B",0.73337657252481,-0.179551012850742,0
0,"B",-0.728969206147437,-0.365782124117457,0
1,"A",1.95929224466413,0.68078194917153,0
0,"A",0.847327205436909,-1.0351617352424,1
1,"A",3.82073949234355,-0.508842897237623,1
0,"A",-0.897624900029164,0.907609876760725,1
1,"A",-1.23699884271969,-2.48721061107624,0
0,"B",-1.467432253744,0.810235425371101,1
0,"B",-0.563504383910353,-0.705464242985896,1
1,"A",-0.359654377569549,-0.83650011263287,0
0,"A",-1.18803557254284,-0.564486111315976,0
0,"A",-1.39412598909197,-1.15289435938796,1
0,"A",1.94384957121759,-0.182764789480662,0
1,"A",1.48437420999251,-1.33234389088284,0
0,"A",-0.870833897653329,-0.657633891994644,1
0,"B",0.147165642817866,0.333029241091142,0
0,"A",1.27435426368286,-0.0216399853705929,1
1,"B",-0.540225339091318,0.72239254371358,0
0,"A",-0.0146955829164769,-0.413305040773388,0
0,"B",-0.260869384004577,0.875565613509271,0
1,"B",0.8462544338844,0.0918888727170016,0
0,"A",0.38310161107692,-1.07198371139738,0
0,"B",-0.0450860853793353,-0.0345291115958,0
0,"B",-0.0855622466065251,0.617291724092398,0
0,"A",1.17579637970721,-1.1066317707362,1
0,"B",1.55036748496154,-0.373262891263563,0
1,"B",1.13023200623792,1.14665997908995,0
0,"B",-1.43526493371209,-1.04014662215023,0
1,"A",0.442323421058754,0.392781632109402,1
0,"B",-1.62326158462152,1.11850402938877,1
0,"A",-0.121399343301892,-0.457274715199396,1
1,"A",1.71002577129263,-0.673403140018753,0
1,"A",0.786748881143149,0.739546520131619,0
0,"B",-1.55106169139337,-0.414618124353932,1
0,"B",-0.27394489236026,-0.432588740654539,0
0,"B",1.02146501196657,0.0316663182246642,1
1,"A",1.57436764827549,0.863837303679238,0
0,"A",-0.166158244080478,0.330395237755774,0
1,"B",1.30240572002205,-0.580755567678932,0
0,"A",-0.0436852979776757,-1.49610837016629,0
1,"A",1.87342639522059,0.94240891559012,1
1,"B",-0.923415853710759,0.569714964528475,1
0,"B",-1.14238620275932,0.207377421016958,0
1,"B",-0.874009080508762,-1.60277592165527,1
1,"B",1.05753352222286,-0.495763318252136,0
1,"A",0.853096229945917,1.34084957973903,1
0,"A",-0.103194489283793,-2.77704333448224,0
0,"B",-0.705149002609755,-0.275018590465396,0
0,"A",0.0231905530943595,0.675454821377461,0
0,"A",0.578470132836691,-2.43753248075743,0
0,"A",0.516664087304674,-0.935944121219039,0
1,"B",1.20457471571253,-0.276908046276189,0
1,"A",2.15401673677218,-0.190835446653624,0
0,"B",0.925733039209372,-0.759572721684708,0
0,"A",0.105802386828117,-2.18967527738453,1
0,"B",0.465156154312628,0.456534926555361,1
0,"B",0.359355304755305,1.77753235040587,0
1,"A",1.2703625793894,-1.60741519582675,0
1,"A",-0.152265516822827,0.887683320583877,0
0,"B",-1.12858399521878,-0.908027988673995,1
0,"B",0.953859793511202,1.24007176070507,1
0,"A",-1.31904347170124,-1.22620826901905,0
0,"B",-0.889761969340686,-0.603193636255367,0
0,"A",-0.317231112479041,0.371958808514599,0
1,"B",-0.837801743058456,1.34362690592347,0
1,"B",-0.886804207211655,1.23597339631427,1
1,"B",1.08313081670174,-0.202906146691641,1
0,"A",-0.338489384964265,0.0704329237905858,0
1,"A",0.255707596183764,-2.30668021899493,1
1,"A",0.726359044626708,-0.657304974465773,1
1,"A",-1.32208255184111,0.200832110564676,0
1,"A",0.297112212710808,-0.480637331614412,1
1,"A",1.01535622538569,0.266687575794885,1
1,"B",-0.0833567530357828,0.635680350759013,0
0,"A",1.21450764709398,1.37757406417554,1
1,"B",0.432803606318955,-0.616271401549112,1
0,"B",-0.0815518480122577,1.21908882645584,0
1,"A",1.9498067504386,-0.446737966303177,1
1,"B",0.0412342993735715,0.385352854718963,0
1,"A",0.992623727149898,-0.662899892414193,0
1,"B",0.785691961312281,1.19900512058234,0
1,"A",2.69115696895342,0.599366029624714,1
0,"A",0.126593928933559,0.0941066418939516,1
1,"B",-0.641722180067092,1.16784680694438,0
0,"B",0.0230516945903048,-0.0551460887024119,0
0,"A",-0.537574898243735,-0.0857344895266336,1
0,"B",-1.11825355358795,0.297839115798277,1
1,"B",-1.33819790437596,2.11696361238346,1
0,"A",0.173167003204586,-1.03855581199349,0
0,"A",1.90841195287875,-0.211883909134942,0
0,"B",-2.12468489491485,0.18846549271335,0
1,"A",0.787443674119364,0.430107369911967,0
1,"B",-0.685416383365634,0.870696069916575,0
0,"B",0.316896867860059,0.611157645974398,0
1,"A",1.77004611664384,0.40216028314017,1
1,"B",-1.00721190050812,-1.69324166893583,0
0,"B",0.824439575973719,0.309964151898653,1
1,"B",0.787266475179068,0.583982202745352,1
1,"B",0.630590005912638,1.72657068937652,0
1,"B",-0.959145863171872,2.05760443760321,1
1,"A",0.609973297735016,1.12340242624973,1
1,"A",0.207872626780659,0.0836808505728704,1
0,"B",-0.94422975857994,-1.10677945557511,1
1,"B",0.936292589781437,1.42011782168709,0
0,"A",-0.306289371328822,-0.96785186989477,0
0,"A",1.09961981861488,-0.65088177689698,0
1,"A",-0.296391509821533,0.328687284240278,1
0,"B",-1.51661776189449,-0.369271264031995,0
1,"B",-1.13138183704931,3.57726927055663,1
0,"B",-1.63081314839434,0.406372770962011,1
0,"A",-1.56446132431616,-1.11898224981053,1
1,"A",-0.207902725420468,-0.66977797624883,0
0,"B",-1.4112996527205,-0.677003647438278,0
0,"A",1.27739861789485,-1.91013050135303,0
0,"A",0.784442722165073,-0.389567155984796,1
0,"B",-2.06376941219755,-1.43902759587769,0
0,"B",-0.788205993567777,0.0256064906726066,1
1,"A",-0.375151872400971,0.206457693687404,1
0,"A",0.121853680956525,0.570558667603563,0
1,"A",1.09283272661091,-0.894713149724368,1
0,"B",-0.483162893217587,-0.707344201454988,0
0,"A",1.69864060764194,-2.25831485702989,0
1,"A",0.201257217807696,-0.0312090818278269,1
1,"B",0.295070260359737,-0.479973420379441,1
0,"A",1.38503640420816,-1.84375148832082,1
0,"A",-0.00167245628770352,-1.39037835843712,1
0,"A",-0.906937811015954,-1.23611898505135,0
0,"A",-1.0212506984794,0.297327411626096,1
0,"B",-0.714423259007946,-0.0261164221102804,0
0,"B",-0.372464107952975,-0.566769248086688,0
0,"B",-1.39478082226124,1.64391355848069,0
1,"B",0.0519148600809,0.50095275865659,1
0,"A",1.17282970384537,-0.288791343121376,1
0,"B",-1.41125979445338,-0.38238589588662,0
0,"A",-0.27735165482669,-0.000105927236589642,1
0,"A",-0.274413400572194,1.20274268011376,0
1,"A",2.03807439970104,-0.373308635687537,0
1,"B",-0.838679070312681,0.453093260581085,1
0,"A",0.894657821213428,-1.64072742941707,0
1,"B",1.23615144350579,2.65702061866096,0
0,"B",-0.314311155153784,1.79272266197835,1
0,"B",-0.223762069474794,-0.4755742296902,0
0,"B",-0.7081337107184,0.291749161319125,0
1,"B",1.08487709351221,0.557568385628757,0
0,"B",-0.0347909356436663,-0.443307449847486,1
0,"B",-0.750843560999984,-0.412006433016784,0
0,"A",-1.02049845838435,-1.13956195923529,1
1,"B",-0.454338840806126,1.36804782500095,1
1,"A",0.509070601606559,1.18760285781107,0
1,"A",-0.869386656099801,-1.15869094154332,0
1,"B",-0.273673508640782,1.03338619423694,1
0,"B",-0.0456061691355145,1.87167136984014,1
1,"A",0.492936276610645,-1.326098143701,0
0,"B",-0.733820891770021,1.02062576248978,0
1,"B",-1.26565630159949,3.34535972556555,0
1,"A",-0.330952270164644,1.10572310877054,0
0,"B",-0.574080506320632,0.0255781560737682,0
0,"B",0.191449108411334,0.35819608258268,1
0,"A",-0.79704342403132,0.0167715897328036,0
0,"B",-0.455206781284728,-0.182668349517012,0
1,"A",0.835975550727476,1.95783715634336,0
1,"B",-0.0270821617282541,-2.03732063873126,1
0,"B",-1.91779533375518,0.58617583226568,0
0,"B",0.0937814963742539,-1.48272874284678,1
1,"A",0.765015361683088,-0.141807975991098,1
0,"A",-0.502116018033983,-1.20856518065249,0
1,"A",0.225240624367675,0.689560803129869,1
0,"A",1.0908441302416,-1.00543907676568,0
0,"B",-2.29196298073468,-0.564421623099677,0
0,"A",-0.115982948618317,-1.08571688343607,1
1,"B",-0.300914802696435,2.08268630086987,0
0,"A",-1.2772045326526,-1.73613460583217,1
1,"B",0.308517908449557,0.953366877650154,0
1,"B",-0.291119859394103,0.106000081815197,1
1,"B",0.181091066707378,-0.436141902900481,1
0,"A",-0.453047023054005,0.397385570346903,1
1,"A",1.35260313820093,0.206931637979156,1
1,"B",0.959528858193177,0.477479767518246,0
1,"B",0.878025384267043,-0.774653468823989,1
0,"A",-1.42875939694405,-1.7050023158273,0
1,"B",-0.0887807337928415,0.363456723748962,1
1,"B",-0.886394189753338,1.21500624482557,0
0,"B",0.135586631163002,-0.240944847793726,1
0,"A",0.0317232589122023,-0.296950613857566,0
0,"A",0.892060438680816,-1.1234714985058,1
1,"A",0.544520362454845,0.880737872043814,0
1,"B",-1.8436817821257,-0.503752317752748,0
0,"A",1.40820532132433,-1.92166033889938,1
1,"B",0.993013508219451,0.270715134313605,0
1,"B",-0.230440846841209,0.0753568648160387,0
1,"A",1.9377816799876,-0.245521412940905,1
0,"A",0.33572896258831,-1.36840393988107,1
1,"B",-0.480176217328963,-1.27411794270459,1
1,"B",-0.656800560106914,0.0151833749008697,0
1,"A",0.930907893048009,0.643101843491421,1
0,"B",-1.08127467506457,0.282196744677882,1
0,"B",-1.44650947582549,0.688130818251418,0
0,"A",1.66275615431823,-0.940071749888878,1
0,"A",0.0233460022060015,-0.607462559451067,0
0,"A",-1.71175453896297,0.0976785004735084,0
1,"B",-1.59931784483312,2.13363691781112,1
0,"B",-0.155215313362778,-1.46461991486714,0
0,"A",0.173173767714136,-0.336818631947319,1
1,"B",-0.761556623404265,1.71967085220453,0
1,"B",-0.285600765179281,0.400423058194469,0
0,"B",-1.92123669679053,0.703894822937977,0
1,"A",-1.15993529115807,-0.494169315428097,1
0,"B",0.214639698715155,1.2454199113114,0
0,"B",-0.812941372597345,-0.772796514303953,1
0,"B",-1.04540777207818,0.617135697351164,1
0,"A",-0.841796699631689,0.543111212373283,0
1,"B",-1.23715578607581,-0.117214912612027,0
0,"A",-0.0277947794952854,-1.20252974145642,1
0,"A",-1.17206234236297,-0.463758107177121,1
1,"B",-1.5435837638161,0.797007444605428,0
1,"B",-0.243472294993141,0.75760126198187,0
0,"A",0.859692004446736,-1.41329107291328,0
1,"B",-0.48632356302136,0.621601918902249,1
0,"A",0.227964612431128,0.257183005130999,0
1,"A",0.067804046570428,0.479365841004146,0
0,"B",-0.739137339407016,0.0816508848970599,0
0,"B",-1.19499885007777,0.440000361928474,1
0,"A",-0.345453843841676,-1.05477040185097,0
1,"B",-1.56026528824232,1.64902596395147,1
0,"B",-0.343512712505237,1.95173509140871,0
1,"B",-0.77944501506585,-0.172298291161869,0
0,"B",-0.991691621121552,0.771593694640978,1
0,"B",-0.736545951521151,0.54295625446712,0
0,"B",-1.08800811158864,-0.487897963915525,0
1,"B",0.257276767312369,-0.833887445572319,1
0,"B",-0.777374810840525,0.844081744666509,0
1,"A",0.479805583375899,-0.962896494044677,1
0,"B",0.867697073585481,-1.1072921234857,0
0,"B",-1.43637424020922,0.0263645879986487,0
1,"B",-1.46437032631359,1.7850277658349,0
1,"A",-0.895757707573154,-0.0967173181767509,1
0,"A",-0.797708403728353,0.229154391359901,1
1,"B",-0.276178094927364,1.62637496701617,0
0,"A",-0.296547690866947,-0.412992542578046,1
1,"A",0.117010657340319,0.541910756198316,0
0,"A",0.308878276386743,-0.0493334309000361,0
1,"B",0.0436905221106076,0.916435773651742,0
1,"B",-1.71041332116935,0.104058860848663,1
1,"B",0.833461009391956,-0.0622817596720984,0
0,"B",-2.30005793994213,0.797612125911784,1
0,"A",0.742975793918599,-1.17027702365428,0
1,"B",-1.81354848608691,-0.430372616531906,0
1,"B",0.221629034632905,0.545441813233983,0
1,"B",-0.0414062250933877,0.119111819532613,1
1,"B",-2.35623438198761,1.41980994690566,1
0,"B",-0.664167798513509,-0.800960406603198,0
0,"A",1.60983886506482,0.0445757744803502,1
0,"A",-0.187988116768799,-1.52627590717192,0
1,"A",-0.458145524814782,0.798260427724344,1
0,"B",-1.66679419513632,-0.353962097363409,0
1,"A",-0.109256741486801,-1.87016944230506,1
0,"B",-0.0256530325606655,0.161231223153438,1
1,"A",-0.314624573136332,-0.432980409440565,1
0,"B",0.12503471796079,-1.12692760648943,0
1,"A",0.223898580819556,-0.746760887781023,1
1,"A",0.649800181101452,-0.0997145076455945,0
1,"A",1.95799561405131,-0.158820059442796,1
0,"A",0.190969035974105,-2.07202053937916,0
0,"B",-1.0764566748205,-0.852314869854845,1
1,"A",1.45889987649594,0.964922314349109,1
0,"B",0.0142888351068402,0.101770971476909,1
1,"B",0.93495243288825,-0.560086272389442,0
1,"B",0.235721758669721,-0.426966431056582,1
0,"B",1.10229882304637,1.19382579343275,0
0,"A",0.0377470269564434,0.524303655264124,0
0,"B",-2.09775723274305,-0.113517289135778,0
0,"B",-0.176064206556261,0.808335145591452,0
0,"B",-2.76719695380352,0.247387773999646,1
0,"A",-0.818879011576339,-1.72475459889098,0
1,"A",-0.121926210515131,1.39522580203533,1
0,"B",-1.99748159875487,0.568694649085872,1
1,"B",-0.336641907464341,0.166800636964601,0
0,"B",-0.0627592849331493,-1.63187229138214,0
0,"A",1.12536318153029,-0.481587706651621,0
0,"B",-0.764194108045191,-1.05518107352165,0
1,"A",-0.903066612040685,1.24250332554337,1
0,"A",0.366134677433391,0.682613881347646,1
1,"A",1.38033655588652,0.656692196636867,1
0,"A",0.637395841177443,-2.50090225706073,1
0,"B",-0.90659770093749,1.51315428455923,1
1,"B",0.18897554219608,1.35101991188506,1
0,"B",0.578858318777698,0.666317543690518,0
0,"A",0.274035228178045,-0.910629082969721,0
1,"A",3.18793194541043,0.0573299521183089,1
0,"A",1.02911578588733,-0.910704413151226,0
0,"B",0.970809695325014,0.509125285796699,0
1,"B",-0.125655432725639,0.382449303404686,1
0,"B",-1.29594553852553,0.224082101209987,1
0,"B",-1.16981229306607,0.466923324504984,1
0,"B",-1.26065710827782,1.71294740714571,1
0,"B",-1.36786043241874,0.181007868271414,0
1,"B",-0.505832860509711,2.12348143811863,1
0,"B",-2.15251620680277,0.959579692712362,0
1,"B",-0.867820778077394,0.772364135622012,0
1,"A",1.3330307586059,0.647115222962989,0
0,"A",0.100260547822565,-1.97937065246651,0
0,"B",-1.57702466463678,-1.8371479553704,0
1,"B",0.182138770604873,-0.0568927593781893,0
0,"A",-1.01070999650004,-0.4421924962431,1
1,"B",-1.12725927337621,1.36377251035915,1
1,"A",2.50065403780917,-0.35217653255403,1
0,"A",0.886459200958894,-1.27704390046823,1
1,"A",0.873443390037737,-0.776667446331457,1
0,"A",1.32807589855588,-0.828213827770474,1
1,"A",1.16931948042557,0.667304339674316,0
1,"B",-0.508700111412023,0.935169667532276,1
0,"A",-0.112795522475941,-0.800718452566159,1
1,"B",-0.448177859806664,0.863805889470542,0
0,"A",0.273976599199442,-0.97905391448454,0
0,"B",-0.401912390070422,-0.128271628602695,0
1,"A",-1.16564479625627,-0.252873934507939,1
0,"B",-1.19214889321044,-0.919575560358427,0
0,"A",-0.230890528335395,-1.42194841692571,0
1,"A",1.52328140958252,-1.999490334332,0
1,"A",0.2344013932886,-0.929605879421152,0
1,"B",-1.20137284729222,0.450637735703069,0
0,"A",0.997146445742082,-0.783613559807115,0
0,"B",-1.71364197239518,0.101525551116974,0
1,"B",1.532921578347,0.578834704180787,0
1,"B",-0.798610002365167,0.622437539366491,1
1,"A",1.43920428886392,-0.213825183741808,0
1,"B",-0.968368896854385,1.67486796275522,1
0,"B",-1.63173534340758,0.129382207294408,1
0,"A",0.0847879961006608,0.200048484841117,0
1,"A",1.19559964097184,0.54682288930959,0
0,"B",-0.723843106454722,-1.64166454173533,1
1,"B",-0.20296916428973,1.54907113741658,0
0,"B",-1.50686986651463,-0.359258293956779,0
0,"A",0.627659444220406,-0.656068896739186,0
0,"A",0.222842238916438,-0.778147111554571,1
0,"B",-0.188353356662269,0.0199494244666889,0
0,"A",-0.26741914275446,-2.40723327323493,0
1,"B",-0.173857306092571,1.34910431882818,1
0,"A",0.383936652952414,-1.2378103330277,1
0,"A",0.511871492714323,0.0883052556050873,1
1,"B",-0.000102023986892741,-0.709174203762518,1
1,"A",-0.324276548940694,-0.247618886474766,1
1,"B",0.706382488594948,-0.613002687074205,1
0,"A",-0.670613247413707,-2.31901220970499,0
0,"B",-0.535068826504646,0.273173701688879,0
1,"B",-0.213773970249612,1.4394631327748,0
0,"B",-2.35762555724886,-1.21748939678099,0
1,"A",-0.409849378067473,0.406911051112355,1
0,"B",0.074975599552904,-0.0209045964357268,0
1,"B",0.370298668289876,2.63653011589611,1
1,"B",-2.75310670475242,0.135634430685729,1
0,"B",-2.17594635661218,0.371136652049472,0
1,"A",0.489184425446717,-0.872013868885916,1
1,"B",0.541087434536572,-0.274065573170901,0
1,"B",0.507129135750309,0.300862857391101,1
1,"A",0.931957743053416,0.205354025375891,1
0,"A",0.943789238396085,-0.66075631114916,0
0,"B",0.357898514632535,-0.960675171717867,1
0,"B",-1.42876110329585,1.70297249931985,1
0,"A",1.13712735213792,0.0146322485658393,1
1,"A",1.5341601690059,1.41867181659412,1
1,"A",0.99148784150645,-1.23904923951641,1
1,"B",0.701767589393476,-1.45798612593912,1
0,"B",-0.793637973947051,-1.1550089460444,0
0,"A",-0.0633568515812844,-0.896417554728919,0
0,"B",-0.370966175502134,-0.54270441432399,0
0,"B",-0.853442025213545,-1.16979468283519,0
1,"B",0.78859848476921,1.47226092852359,1
1,"A",-0.354538899622353,0.967004475490003,1
0,"A",0.00219762517898098,-1.88179201590843,1
1,"B",-0.72091882858717,0.981715465637641,1
0,"B",-0.0205726285593283,-0.00464244595343313,0
1,"B",0.38935830970249,-0.301702084028143,1
1,"A",0.53737814421787,0.688210820803746,1
0,"A",0.38289674396038,0.198540384776024,1
1,"A",1.30801079224019,-0.189245205572791,1
0,"A",-0.484838840574178,-0.819442619638541,1
1,"B",0.0210209084176838,0.236826477538477,0
1,"A",-0.227905830436993,-0.839751683213149,0
0,"A",1.73574744669567,-0.651317293033179,0
0,"B",-0.378860406345101,-0.797978641518924,1
0,"B",-2.91246017539406,1.92777929184422,1
1,"B",-0.072000650911982,-0.211654850054439,1
1,"A",0.521133281312064,0.793175534180299,1
0,"A",-0.484279163041681,0.972011975458869,1
1,"A",0.639649425229088,-1.7257500686993,1
1,"A",0.758174592957408,0.409633213853389,1
1,"B",-0.732046435137736,-1.27494767602565,1
1,"A",0.878244042897551,-0.248001661832728,1
0,"A",0.837506772846593,0.093261778393865,0
1,"A",0.743502219633936,0.090384306060272,1
1,"A",1.54051266928916,-0.163917131929938,1
0,"A",0.066088532530842,0.426575018928679,0
0,"A",-0.695846577473337,-0.214790550139573,1
0,"B",-1.35477488998529,0.073985610292768,1
1,"A",0.422541392821891,1.12328629794899,1
1,"B",-0.222298899679399,0.0199167264855843,0
1,"A",-1.06219537445002,0.304972286405719,1
1,"A",0.71823970942203,-0.699386793115297,1
1,"A",0.209081052277808,2.37239326799156,1
1,"A",0.734689979940352,-0.357566370299881,1
0,"B",-0.822093210982593,-1.22562266341971,1
1,"A",0.0833650643188622,-0.295397985785195,0
0,"A",-0.0118854005999993,-2.44829452562718,1
0,"B",-1.8344446867062,0.195826108786557,1
1,"A",-0.730570755895137,-0.667094947163509,1
0,"A",0.937048045123386,-1.58487753273292,1
0,"A",1.25887991040705,-0.253112179916545,0
0,"B",-0.340898532472302,-0.578270326538373,0
1,"B",0.623219224738209,0.76020717639825,1
1,"A",0.581244116495593,-0.838362803977437,1
1,"B",-1.19448573607674,1.79911152282432,0
0,"A",-1.1681342577322,0.181874957022773,1
0,"A",-1.26461656198728,-0.265248129252163,0
1,"B",-0.728203817093436,-0.857350679068112,0
0,"A",0.0289345430802744,-0.804711450130664,1
1,"B",-1.3976023522853,-0.0500996338083533,0
1,"B",-0.268928269816347,0.894950355153396,1
1,"B",-0.537635068290236,0.562190140282131,0
1,"A",-0.0731888196402974,1.67890316900787,1
0,"B",-1.66241453483578,-1.419083228831,0
0,"A",-0.271453523712203,0.947276672518813,1
1,"A",0.315855696706553,-0.693852828220082,1
1,"A",-0.286241467129725,-0.541261326536774,1
0,"B",-2.16946098274914,0.185177796131486,0
0,"A",0.660812770582766,-1.05002556140976,1
0,"B",0.1229030147687,0.681929152543348,0
0,"B",0.442100598179432,0.0130457484842456,0
0,"A",0.285473442356111,0.535069805955488,1
1,"B",0.50290947540359,-0.578921956011349,0
0,"A",-0.927398871364381,-0.00869110184382177,1
1,"A",1.50705728882935,-0.218685929269902,0
0,"B",0.370978029706882,0.434746339269323,0
0,"B",-0.28482254293139,-0.539342941030527,1
1,"A",-0.35290852837183,0.396340303781683,0
0,"A",-1.15712697902573,0.0701331202364493,0
0,"B",-0.261096602960785,-0.790963955205489,1
0,"A",-1.11409887414801,-1.65336067426293,1
0,"A",-0.260589264260143,-0.184176068611164,1
1,"B",-0.562016107041249,1.60689046961669,0
0,"A",-0.421037009623678,-1.30805272722729,1
0,"A",0.22309854855732,-1.72014821440995,1
0,"A",0.403628798344742,0.178476739574041,0
0,"B",-1.64020823205953,0.684129314381297,1
0,"A",-0.470618191476952,0.484046549014428,0
1,"A",-0.0589374702639002,-0.551956359131466,0
1,"B",0.108674600945343,0.177415636777613,0
0,"B",-0.406546814171715,-1.60525183559725,1
0,"B",-1.34497038917465,1.12897361601211,1
1,"A",1.15998373200201,-1.52395536440525,0
0,"B",-0.716267734702316,1.97954598978396,1
1,"B",0.513610398789011,1.33627914961564,1
0,"A",1.06232706370472,-0.823228392456152,0
0,"B",-2.25728870188188,0.92191174006636,1
0,"A",0.50258186184286,0.00301995936917143,0
0,"B",0.294644861327434,-0.238129173439106,1
0,"A",0.535359701573843,-1.86852085474765,1
0,"A",-1.60078030895311,-0.917873438088861,1
0,"A",0.264255613096978,-1.20203741240906,0
0,"A",-0.872326431041176,-0.12829784072889,1
0,"B",-0.199471993915348,0.571324854292991,0
0,"A",0.318368934778925,-0.687801151535163,1
0,"A",-1.09885448573708,0.160068973087999,0
1,"A",1.61740955728758,0.210045248202307,1
0,"A",-1.52900809894273,-1.00969048506832,1
1,"A",0.256133561134591,-1.44465406543914,0
0,"B",-1.67949860893251,-0.828521917528552,0
0,"A",0.895056920077564,-2.64003576961961,0
0,"B",-1.59643974365454,1.14718037674897,0
1,"A",0.323184278515119,-1.17262629996118,1
0,"B",0.23184615975838,0.434968354710051,1
1,"A",-0.220277119097221,0.357623892100539,0
0,"B",-1.53293012783536,1.09248802698081,1
0,"B",-2.80862274993692,0.349153180221152,0
1,"A",1.84739308104545,0.7192227548066,0
1,"A",0.448406516533016,-0.887324870475114,1
1,"A",0.295853103206336,-1.17008278560911,1
1,"B",-1.65206512480551,-0.345236437783187,0
1,"A",0.0753374294953872,-0.860652586403515,1
0,"A",-0.915625325719514,-1.83738183981583,1
1,"A",-0.775485065222294,-0.602125970239105,1
1,"B",-1.47599350545091,1.31446244758911,1
0,"A",-0.00573131491665368,-1.00907719252856,1
1,"A",1.82948588213002,-0.166799843824091,0
0,"B",0.69747744175357,-0.442720784277283,1
1,"A",0.992815200198425,-0.182746272620947,1
0,"A",-1.01493253767609,-0.0955316116544694,0
1,"A",0.475904977561405,-0.442216611198505,1
1,"B",0.362815037437667,1.66866942999686,1
0,"B",-2.03368409858541,-1.80088397927415,1
0,"B",-0.098419582292409,0.335217640965311,0
1,"B",-0.591319777521125,1.06313238635015,0
1,"B",0.251426300621348,-0.121744478204752,1
1,"A",-1.36733021405388,-1.63330017819157,0
0,"A",1.46979427522113,0.169206049052564,1
0,"A",0.793164592319721,-0.360381802471851,1
1,"A",1.15620833914773,0.27130679573607,0
1,"B",-1.2304398746789,0.857511884158659,1
1,"A",0.0590055824430849,-0.310085964281193,1
0,"A",0.76602457802446,-0.0720684817881408,0
1,"A",0.775279408609764,2.0503591672699,1
1,"A",-0.117747717742074,-0.224355452142784,1
1,"B",-0.583964239266136,1.85412552492245,0
0,"B",-1.48018946121213,-1.74186296455013,0
1,"B",0.221633365138069,1.25823101336184,1
0,"B",-0.632600979876217,-0.735395816849937,0
1,"A",-0.246773818199688,-0.299582529982108,0
1,"A",2.60956918062006,0.753912973779556,1
1,"A",-0.326412432039228,-0.4606686348135,1
0,"B",0.247567355133577,-1.83403467578979,0
1,"B",-1.87592034594894,0.733433302186288,0
1,"B",-0.776078100138132,-1.57877084113734,1
1,"B",1.02883296429157,1.03558981172453,1
0,"A",-0.0199537366381466,-2.25434812861948,1
0,"B",-2.09640230609488,1.48636751687589,1
0,"B",-1.56291110970558,1.79848532964032,0
1,"A",-0.292016735569284,-0.683713676106502,0
0,"A",-0.726712812867456,0.0918542929771433,0
1,"B",-0.159121568560217,0.366546890827377,1
0,"B",0.896657469603014,1.40062599704011,0
1,"B",0.209132344199495,1.74964818437256,1
1,"B",-0.0379932697761178,-0.14439763796412,0
1,"A",0.604348980906923,-0.615215232735019,0
0,"A",-0.618722454005354,-1.06289511218564,0
1,"B",0.852729977566152,0.232822047037807,0
0,"B",-2.75251653360724,-0.34558796919697,0
0,"A",-1.14258048983575,0.178628384418027,0
0,"B",-1.24250220569847,1.2631102582745,0
1,"B",-1.62352600507356,-0.479187345503039,0
0,"A",-0.623685169128372,1.23902704632705,1
1,"B",0.262752331027513,0.656790314437182,1
1,"B",0.863727582398756,1.32195383873618,1
1,"B",-2.1621359807289,1.83208417668039,1
1,"B",-0.316623855190877,1.63527238681133,1
1,"B",1.17466020405327,0.7870298518708,0
0,"A",1.00870512513411,-1.59588280013236,0
1,"B",-0.818535461991831,0.864797397791203,0
1,"A",0.574288188550983,0.883214665383571,1
0,"A",-0.45927914074391,-0.918546620426626,1
1,"B",-0.478145365906664,0.994724639931388,0
0,"B",-0.289224566532485,-1.32161284687662,0
0,"B",-0.413312744781399,-0.127534881414284,1
1,"B",-1.57348091603267,0.40582415881034,0
0,"A",-0.085321124813286,-0.22670051911689,1
1,"A",0.513677367335801,-0.349495691991279,1
0,"A",-0.391918266075315,0.38470168451676,1
0,"A",0.89318622381665,0.784088711162206,1
1,"B",0.00201845645881427,-0.0953294281790097,1
1,"A",1.59014064171378,0.797383898729196,1
0,"B",0.551898577638914,-0.786514628386062,0
1,"B",0.00930197062210958,-2.13158223349091,1
0,"B",-0.853291885674226,-2.33892910544501,0
1,"B",-1.04502236433135,-0.644287583565511,1
0,"B",-0.247052732099105,-0.215529619001062,0
0,"A",-0.486418514626221,-0.347407082943645,0
0,"B",-1.31072849870759,-0.459906117637104,0
0,"A",0.784415670663765,0.40522416706985,0
1,"B",0.62117629518891,0.627738454922887,1
1,"A",1.89042095631561,0.784846657879991,1
0,"B",-0.0991176404387575,0.332499473166138,0
0,"B",0.645215225834583,-0.396847830939764,0
0,"B",-1.54656184429914,0.627502212911312,1
0,"A",0.3439875876285,0.68936054878552,1
1,"A",1.35864452488046,1.96636673027942,1
1,"A",-0.825277547458572,0.538290394254681,0
0,"B",-1.39192928782201,-0.0610140346684696,0
0,"B",-1.4447719069732,-1.083920618986,0
0,"A",-0.813563354725635,-0.152214145217297,1
1,"A",0.0241134096062348,-0.548819419672281,0
1,"B",0.315986041223945,1.25075434648166,1
0,"B",0.048679815024109,-0.0994761951502388,0
1,"B",-0.23406266888217,1.66427154041486,0
1,"A",0.817417750977143,0.315866568178027,1
0,"A",0.0611034505519853,-1.34120120098242,0
1,"A",-0.00811071191584467,-1.89172541135026,1
0,"B",0.288789716110724,-0.638962577414294,1
0,"A",0.553112781686669,-1.21123042791888,1
1,"A",-0.430261337409779,1.1189464470519,0
0,"B",-1.1422271911936,-0.726216072085967,1
0,"B",-1.24953509151585,1.8446375147302,0
1,"A",0.892267059981277,-0.568223359974779,0
1,"A",0.265656913961295,0.303966553778223,0
1,"A",-0.174503493829246,-0.163556796368717,1
1,"B",0.389647858172952,0.07163155465321,1
1,"A",0.203300366836221,1.50348395604779,0
0,"A",-1.26654154759647,-1.4106195047288,0
0,"B",-0.635731171635108,-0.342094414868717,1
1,"A",0.659619634882364,1.09477985899468,0
1,"A",1.08596370869837,-0.928848792704904,1
0,"A",-0.45897537521511,0.323765370484505,1
0,"A",-1.51334902769153,1.02684434124405,0
1,"A",0.671046434561299,0.322213684653179,1
0,"A",-0.213468234137668,-1.79409922689997,0
1,"A",1.63085254342096,0.722606061022639,1
0,"A",-0.556468895586411,-1.43696656633542,0
0,"B",1.72972423640037,0.635429505632161,0
0,"B",0.959547977263608,-0.244424587849121,0
1,"A",1.59997332979097,0.0592135116082642,1
0,"B",-1.07207301408711,0.0745022494712759,1
1,"B",-1.58962040114069,-1.47222028732849,1
0,"A",0.170406728329875,0.565650207294229,1
1,"B",1.1631321305639,0.439385497198673,1
1,"A",-0.421276315634147,-1.35566523946343,1
1,"A",0.589708863436471,-2.14514348107289,1
1,"A",1.01472067979643,0.19120580091577,0
1,"B",-0.475949103322475,1.23865418807641,0
1,"A",1.53596194063603,0.347872370289756,0
0,"B",-0.00402725899044509,-0.470945176831899,0
1,"B",0.527617047477924,0.129787969145433,0
0,"B",-0.947657500852714,1.11169637826946,0
0,"A",-0.952034023927843,-0.795687819540319,1
0,"A",0.370668056270468,-1.59835677969875,1
0,"A",0.281778693624347,-0.774997023141384,0
1,"B",1.53264448099001,1.66156785346472,1
1,"B",0.0237520047284152,1.4064268547645,1
1,"B",0.769862255474551,2.0598168095172,0
1,"B",-0.101366758755792,0.731040272569087,1
1,"B",-0.527125810078406,-0.813743350329322,1
1,"B",-0.600874201649261,-1.03932536418803,0
1,"A",2.40749266661369,-1.77626798993191,1
0,"B",-1.96873322808822,1.09986394698516,1
1,"A",1.21361459651116,0.91491095600703,0
1,"B",1.20111697967688,-0.277525939636789,1
0,"A",0.302131741160444,0.209962634198586,0
0,"A",-1.48853490606934,-0.0533979947091817,1
0,"B",0.884564033963856,-0.35679796509393,0
1,"A",-0.892183947049773,-0.833526410775393,1
1,"B",0.402765711912942,0.0438688031881308,0
0,"A",0.877183792020575,-2.6306304185593,0
1,"A",-0.088840461673423,1.22676384024327,1
0,"B",-1.79537381592555,1.71087268553291,0
0,"B",-2.26130219490954,0.201150750567368,0
1,"B",-2.34855029965442,1.45771330769729,0
0,"A",-0.182328614539916,-0.103007353231199,1
0,"B",0.0929806681033405,0.100089809739311,1
0,"A",0.265093009781397,-0.668677278817065,1
1,"B",-2.5266007416413,1.68129065486033,0
1,"B",0.614922269721758,1.09285165912893,0
1,"B",-0.611106088735829,2.13793063893693,0
1,"A",-1.18646309384118,0.669030441561158,1
0,"B",-1.29822823918247,-0.522249816197348,0
0,"A",-1.13801732851036,-2.15654752741697,1
0,"A",-0.463212774326449,0.14590795693104,0
1,"B",0.862543581911399,-1.05988508570204,0
1,"A",1.07648728140324,-0.777096935364055,1
0,"B",-0.414761473802089,-2.40883828045466,1
1,"A",1.62721468643494,-0.241828938893528,1
0,"A",0.776026287978117,-1.36481467411326,0
0,"A",-0.262473124330034,-0.863157803371508,0
0,"A",-0.767124677986975,-1.389616601452,0
0,"A",0.52853119212614,-0.799022043814621,0
0,"A",0.0286547397918899,-1.10069917655273,1
0,"A",0.830407056074358,-1.66071827467306,1
0,"A",-0.729844578774034,-1.04668895870507,0
0,"B",-0.860596307480086,0.153345152990936,0
1,"B",0.156535111440552,1.39565696339948,0
0,"B",0.434315893390901,-0.144521506952694,0
1,"A",1.01335305600561,-0.142905136386375,1
1,"A",-1.2521316430544,1.41207503732524,1
1,"A",-1.67180422927918,-0.491034826889347,0
1,"A",-0.0019424455013341,-0.6659839355675,1
0,"B",-1.15287424826199,0.0593362369546766,0
0,"A",1.50070087067797,0.0462597587039858,1
1,"A",1.41410908780344,-0.0256150193042558,1
1,"B",-0.625004295145665,-0.534718301894085,1
1,"B",0.0517710357702896,-0.0314562225801846,0
0,"B",-0.0963379602258048,1.30377452053976,1
1,"B",0.381615914969222,-0.851343578328503,0
1,"A",0.493779158970168,0.403518835194976,0
1,"A",-0.201891258601674,1.02225039993174,1
1,"A",0.695401999314966,-2.8325613789326,0
0,"A",-0.214767023930707,-1.95721640506955,1
0,"A",-0.517628421681167,-0.53983926998363,1
1,"A",0.873015785618222,0.65092559039303,0
1,"B",0.3894883161877,-0.399028628872722,1
0,"B",-0.0949313883821434,0.287611435544333,0
0,"A",0.866494230571111,0.429275780957292,1
0,"B",-1.15878641336774,-1.06085401092846,1
0,"A",-1.82802767369336,-2.41175094482544,0
0,"A",-0.83371795493336,-0.705570323403856,1
1,"A",-1.67678320139041,-0.739968475490128,1
0,"A",0.152665321490352,-0.184684546241843,1
0,"B",-0.327739631052705,-1.43059298699307,0
1,"A",0.967234833004549,-0.851040054565971,1
1,"B",0.990899158755049,0.105507445058562,0
1,"A",-0.0744088885803644,-0.711505268164266,0
0,"B",-2.18649511628301,-0.511988061199134,0
1,"A",1.12556916413033,-0.540620634193879,1
0,"A",-1.67664891925311,-0.420601345753438,0
0,"A",-0.940236803283987,-0.449143388786547,1
0,"B",-0.0962789698421943,-0.644943597911348,0
0,"A",-0.536816023710937,-0.525971519615213,0
0,"A",-0.19467133833604,-1.96520682469053,0
1,"A",0.845867139973337,0.736406577028654,1
1,"A",-0.183671951766133,0.100150189441267,0
1,"A",2.63355482918351,-0.476421866396172,0
0,"A",-1.78600182858255,-0.879890177384439,1
0,"B",0.1909253158419,0.211948899420986,0
1,"B",-1.11680058137068,0.462348773280678,0
1,"B",-0.673641081242205,0.703981841078172,1
1,"A",0.926116150631886,1.31337384594684,1
1,"B",-0.682368619967267,1.32636634394482,0
0,"B",-0.975385203677525,0.717455437351425,0
0,"A",-0.00386623852593115,1.77663006277964,0
1,"B",0.679579335204503,0.957176433477604,1
0,"B",-1.19540627024572,-0.936708205937649,0
1,"B",0.847825334600506,0.29790977502373,1
0,"A",-1.54224383530974,1.28596703658427,0
0,"B",0.355551357438901,2.31741506616209,0
1,"B",-0.456997335126704,-0.321020583064393,1
1,"A",-1.12529865105836,-0.399652262888867,0
0,"A",-0.110762816895239,-1.30382472713282,1
1,"A",-1.11681358453495,-1.94797590477433,0
0,"A",1.34679767618538,-2.76769881196208,0
0,"A",-0.740917164995617,0.305908061481142,1
1,"B",0.377565145353773,-0.522904743762575,0
1,"A",0.44635775225159,0.357090474387642,1
1,"B",1.85811278853625,-1.19809342844105,1
1,"B",0.451157708895776,0.942202713119745,1
0,"B",-0.279916991981227,-0.129219936174024,0
1,"A",1.37046705086676,1.9842283997053,0
0,"B",-1.0705025749031,0.805506614853953,0
1,"B",0.206285610600709,0.988114584924089,1
0,"A",-1.05583302393063,-1.93618259175315,0
0,"B",-0.514601183655228,-0.621867973861492,0
0,"A",1.1184105057083,-0.79368136208159,0
1,"B",-0.871802585115226,-0.0417816395876326,1
1,"A",0.502766978739019,1.12740006853799,1
0,"B",-1.58046980187302,-0.135058577031037,0
0,"A",0.615084588177861,-1.63718949492652,0
1,"B",-0.209134946102603,1.06684945119209,1
1,"A",0.296835277521495,-1.08911663854593,1
0,"B",-1.77395324554373,-0.209588072183884,1
0,"B",0.756927749182598,1.19363429523213,1
1,"A",2.07348860408876,0.954716880543114,1
1,"B",-0.0358356558855908,-0.798599991766221,1
0,"B",-1.72711849032523,-0.524099834408551,1
0,"A",1.26551270903802,0.0931455080534429,0
1,"B",-0.165287750592768,0.215868637316116,1
0,"B",-1.03014011940498,0.435503003523417,0
1,"A",0.0334529980687212,-1.56057059735604,1
0,"A",1.05930044776503,-1.85267009088577,0
1,"B",-0.796890847892648,-0.354281850386717,1
1,"B",-0.764910643165322,-0.238770326521839,0
0,"B",-1.2697602218627,0.849022978406533,1
1,"B",-0.343376569234461,-0.304587715132256,1
1,"A",0.327641646155827,-0.0429292796217332,0
1,"A",1.49006954982167,-0.0832914649023679,0
0,"B",-0.290802191054517,-1.13547980014116,1
0,"B",-1.4907862771541,0.0326812233705815,0
0,"B",-1.89590127083935,1.22814256037467,1
1,"B",-0.634254078499289,-0.231389245335372,0
0,"A",-0.0917878284116625,0.754322609642238,0
0,"B",0.586014012667443,-1.13703832864476,0
0,"B",-0.651124733279225,0.254666570187035,0
0,"A",-1.01518659357058,0.559938730972885,0
0,"A",-1.51652450066647,-2.53512255342627,1
0,"B",-0.58271661686952,-0.188491545330841,1
0,"B",-2.10230410651639,-0.300062188670509,0
1,"A",0.834112932243415,1.29543369341087,0
0,"B",-0.530288155437133,0.236435498861604,1
1,"B",-0.878188055710832,1.27555706013217,0
0,"B",-0.336240204697419,1.60968870399735,0
0,"B",-1.02977460190487,-0.0204343619463025,0
1,"B",-1.42287225839846,0.125341967247613,1
0,"B",-0.700453209696672,0.873495987930297,0
0,"A",-1.24010691059831,0.0616904264723814,0
0,"B",-0.932953104869947,0.111812917660355,1
1,"A",-0.93484070745723,-0.124862803616628,0
1,"A",-0.694866962874745,-0.0748366257957285,0
1,"A",2.25173227361866,-0.744843312247944,0
1,"B",-0.32618659719859,0.655374751552011,1
1,"A",1.34061859380545,-0.764802301642965,0
0,"B",1.33094677853045,-2.82474043731027,0
0,"B",-1.11959199559074,-1.46935439626093,0
1,"A",0.453455947424572,0.995716517349409,0
1,"B",-0.897606914123934,-0.138261567249173,1
0,"A",-0.188681758968849,-0.720012143397959,0
1,"A",0.910076634421706,-2.95446676421401,0
0,"B",-1.81807643543532,-0.848363360397267,0
1,"B",0.105775487383658,0.427613999156611,1
1,"A",0.270332229197362,-0.923743898038591,1
0,"A",-0.602343487025375,-0.230775541685252,1
0,"B",-1.96610793826192,-0.0805048685349515,1
0,"A",0.911460757132979,0.91137699850885,0
1,"A",-0.697903364180202,0.94780456036738,0
0,"B",0.685412926423399,-1.70247122782986,0
0,"A",-1.38603403137548,0.871886619390279,1
0,"A",0.450658033311877,-0.854536690834302,1
1,"A",0.00613546668907389,0.279981918580661,1
1,"B",-2.11183524219739,0.982857208603814,0
1,"A",0.975521907158063,-0.611146314038037,1
0,"B",-2.0125845845711,-0.192101540295881,1
0,"A",1.00174775502987,-1.12817404304624,0
1,"B",1.96773975723668,1.54018405910411,1
0,"A",-0.892941686926544,-1.7803219996169,1
0,"B",-1.05625130606918,-1.55324801270839,0
0,"A",0.322237759320902,1.53850568610132,1
1,"B",-1.2259847465793,1.22774182263783,1
0,"B",0.58873599155437,-0.637211190408755,1
1,"A",-0.459041587429161,-2.172958456988,1
0,"B",-0.22469636762956,-0.926889362252473,1
0,"B",-1.42671836947594,-0.557339564120683,0
0,"B",-1.74415396804085,-0.157788155820659,1
1,"B",-0.721118131537967,1.78969734905118,1
0,"A",-0.376330948858532,-0.730775601213017,1
0,"B",-1.324525223422,-0.0121027269078257,0
1,"A",-0.0190870983229888,0.0272813271792535,1
1,"A",1.36134050892673,-1.48981353970204,1
1,"B",-1.29656696051478,0.982086426574121,0
1,"A",0.722220835255831,-0.924581622295714,1
0,"B",-0.682549176528099,1.41522354871315,0
0,"B",-0.246854306885434,-0.914689606972114,1
1,"B",-1.91201973624793,0.392072054258712,0
0,"A",1.16742453719807,-0.689726875557619,1
0,"B",-0.590984450188939,-0.395300778427255,0
0,"B",0.665483465086715,0.56632752816772,0
1,"A",-0.0880251121749283,-0.172325508527534,0
0,"B",-0.513821862713107,-1.29564072815121,0
0,"A",0.102047899458578,-2.35307269607522,1
0,"A",-0.589226334675575,0.492315371026511,1
1,"B",-0.184741596235548,0.933999745433,0
1,"B",0.0705741217162937,2.32940854023418,0
1,"A",-0.504681234069327,0.579632839186691,0
0,"B",-1.45379365521175,-0.277495563569002,0
1,"A",-0.174490632522279,-0.952401501723553,1
0,"A",-0.130646243880735,-0.0447328270930821,1
0,"A",-0.531379073266455,-0.133488119089726,0
1,"B",-0.131864388643973,0.516081517174506,1
0,"B",-0.443351891993631,1.1224909974767,0
0,"B",-1.44187118462257,0.770825656364703,0
0,"B",-2.70044590767096,-1.13490572895025,0
1,"B",0.854024746655266,0.583308044627488,1
0,"B",0.783902613913682,-0.995949371047814,0
0,"A",1.05404625217687,-0.752382718830642,0
0,"A",0.493874689917689,-0.522598812775518,0
1,"B",-0.642057905998566,-1.05337909100096,0
0,"B",-1.73371782234732,-0.00508710847129243,0
1,"A",0.284797483458544,-0.0155229761033218,1
1,"A",0.529949330671934,-1.28989056469813,0
1,"B",-0.0373106961941686,0.905437839588707,1
0,"B",-0.435714637133678,0.265962659057068,0
0,"B",1.05522972894234,0.201077602028724,1
0,"A",-1.1587500079734,-1.0531799027068,0
0,"A",0.314085827746722,0.646037003516677,1
0,"B",-0.318888696914525,-0.75443793253806,0
1,"A",0.883528859741725,-0.166367585771672,0
1,"B",-0.23898819827236,0.759267245825249,0
0,"A",0.42079861990174,-1.14269579871044,1
0,"B",-1.10023391629414,-0.699570732948359,0
0,"B",-0.439227624387272,-0.637926832028066,0
1,"B",-0.578696613879018,0.553082828708409,1
0,"A",0.94077238127671,0.190678472942632,1
0,"A",0.84082853996418,-0.180774237732471,1
0,"B",-0.2671568721361,0.180268745150381,1
1,"A",2.10078578112418,-0.048369085722906,0
1,"A",-1.31218315089105,-0.50583281360384,1
0,"A",0.120022550606039,-1.0464572904034,0
0,"B",-1.67594837920615,-0.311085746200956,0
1,"B",0.349759800148155,-1.43058166940849,0
0,"A",-0.0569552335835796,0.221948470648623,0
0,"A",0.210550115905813,-0.732156432023604,1
0,"A",-0.462267586225626,-0.578963826642395,0
1,"A",-0.0215320902354524,0.954190242112479,0
1,"B",0.497041745271199,-0.245950035594897,0
1,"B",-0.138069732313958,0.855407599967585,0
0,"A",-1.60263544281424,-0.961019541977232,0
0,"B",0.394249785767366,1.88291127269916,0
1,"B",-0.0942646642876769,0.619248096943113,1
0,"A",0.281115863658614,0.707824127458987,1
0,"B",-1.59733881738988,-0.128766117098042,1
1,"B",1.56495392203171,-0.0414911310869748,1
0,"A",-0.79991407347697,-1.8284246149154,1
1,"A",-0.00385560064727558,0.819176394369398,1
0,"B",-0.81262234581961,1.06968832937396,1
0,"B",0.210799805325028,0.721660498547793,0
0,"B",-1.21499902875751,2.49789348372359,0
1,"A",1.2466778359488,-0.703293210327408,0
1,"A",1.73287197226863,-1.10640151799409,0
1,"B",-0.877334864689233,1.87666184437363,0
0,"B",-1.3988834216538,0.54639546517717,0
1,"B",0.747604499762785,1.39991012734348,1
1,"B",-0.621117153407473,0.954265820225383,0
1,"A",0.939035205402556,2.10990576426456,1
0,"A",1.05216572576874,-1.10926914687724,0
0,"B",-0.129784080404377,0.416786382911897,0
1,"A",0.450779593528976,-0.961436314754781,1
0,"B",-0.548152812721377,0.789774967076159,0
0,"A",-0.386300417991945,-1.35014773434204,0
1,"B",-0.51177044968162,-1.02243594353385,0
0,"B",0.0723740867695168,-0.679432637245626,0
0,"B",-0.98483085354764,-0.806564632346721,1
1,"A",-1.09168752569696,-0.592372510350488,1
1,"B",0.0272218760962919,0.304428212275418,0
0,"B",-1.78656474536923,-1.27512656816642,0
0,"A",-0.83569244544788,-1.11170424137368,0
0,"A",-0.167362685153294,-1.32580459398174,0
1,"A",2.64229642493879,0.172776210341012,1
0,"B",-2.06578449613041,-0.693498923040111,0
0,"B",-1.57913907360745,1.10570702833286,0
1,"B",0.138457605577157,-1.40807852101209,1
1,"A",1.17527374663341,-0.244051150573899,0
0,"A",-0.998846058731264,-0.374799860922071,0
1,"B",1.51696797097507,-2.36568912483252,1
0,"B",-1.53597208803962,0.502831476287551,0
0,"A",0.264454103085073,-0.891887168814514,0
1,"A",0.0868235507766334,-0.00166268438116918,0
0,"A",-1.33786057426534,0.850049571671965,0
1,"B",0.494384495221039,1.27211708952426,1
1,"B",-0.259318423989315,1.2193932452466,0
1,"A",0.593841139963275,1.38463118435901,0
1,"A",0.00506876892592595,-1.87806294553017,1
0,"A",-0.466287336043158,0.908241925615311,1
0,"A",-0.579050312512419,-1.19759075599596,1
1,"B",0.0414512589480204,1.02438836956309,0
0,"A",-1.44919966480122,-0.201571525132778,0
0,"B",-0.940014525336383,1.53663261430715,0
1,"A",0.479389917158394,0.0104682720581983,1
0,"A",-0.671021994945221,1.11265260372464,0
0,"B",-2.1380425061708,1.68867666358806,1
0,"B",-0.786680577511534,0.919197229493762,0
0,"B",-0.312181085267676,-0.85709699609884,0
0,"A",0.511333896308251,-0.131386132518286,1
1,"A",0.669474720068486,1.48295288692908,0
1,"B",-0.585184150299687,-0.141507890749355,1
1,"B",0.670615439791361,0.230294072522933,0
0,"B",-0.532877289423055,-0.0989265273866146,0
0,"A",0.0578416453821671,-1.56965835204405,0
0,"A",-0.945990615238261,0.765539623882851,0
0,"A",-0.838955251165155,-0.159139964007685,0
1,"A",0.692702485358236,0.594137336133247,1
0,"B",-1.52335096025995,-0.245742892909052,0
1,"A",-0.149205475373131,1.07657055282048,1
0,"A",1.83725690733355,1.26739688932039,0
0,"A",-0.88561919711285,0.986261826161554,0
0,"A",0.0191346771599477,-0.0137113939061674,0
0,"A",-0.864677849231217,1.23177653456722,0
1,"A",0.113561377081533,2.25315732032986,1
0,"B",-0.739501496608223,1.37245645346703,0
1,"A",0.703666287988142,-0.125566956318163,1
1,"A",-0.609537445158811,-0.795204811319484,1
0,"B",-0.285822289840871,-1.35851038078903,0
0,"A",-0.0751482180446354,0.925844101301499,0
1,"B",-0.305985592368418,0.231219515551276,1
1,"B",0.91573075163294,0.120700504808812,0
1,"A",0.0105984926998896,0.68732297871694,1
1,"B",-0.421096532658497,1.91138648993501,1
0,"A",-0.471180852248495,-0.0814518302967398,0
0,"A",-0.542139126415264,-1.72499104100865,1
1,"B",0.831590885404031,1.88740309917791,1
0,"A",-0.168088865075024,-0.466105249277447,1
1,"B",0.13611094137496,0.374503782608255,0
0,"B",-0.808400192077972,-1.35956597047133,0
0,"A",1.06716611285899,0.411094703827833,1
0,"B",-2.53308959872624,0.948866103153473,0
1,"A",0.279018187006789,-0.935432801939779,1
1,"A",-0.116594389590407,0.236283176300242,1
0,"A",-0.0779636775926719,0.205497116405842,1
1,"B",0.218802225175295,0.442521208197244,1
0,"B",-1.43816205595646,-1.1436021140563,1
0,"B",-0.752393782888276,-0.787381702308491,0
1,"A",-0.0399270545246648,0.203466724092834,1
1,"A",1.12997765103167,0.881909482686838,0
0,"A",0.545199418616913,-0.482645814181657,0
0,"A",0.233214186640173,-1.41116775983811,0
1,"B",-0.343752550955352,-0.297597929832244,1
1,"B",-1.89392511109772,0.911623237115813,1
0,"B",-0.278053734864763,-0.801631988540013,0
0,"B",-0.502123098022845,0.76924001833871,0
1,"A",1.07513859224029,-1.60399872344335,0
0,"A",-0.273376486090153,-0.700616939703501,1
0,"A",0.246533194176774,-1.19505185738579,1
0,"A",2.11351633443857,-2.16012721416508,1
0,"A",0.114775379435963,0.0964968264806544,0
0,"B",-1.4899446360074,-0.823217304411361,0
1,"B",0.46903379652451,0.529017635732867,0
0,"B",-1.13007696942992,1.71406032077381,0
1,"B",-0.0330594786395675,1.16459555075154,0
0,"B",-2.03319758277621,0.399128285509713,0
1,"B",0.854525744018292,0.147129806165666,0
0,"A",1.08446898157148,0.281791565892722,1
0,"A",-0.383028253102888,0.820111581376213,1
1,"A",-0.365066906527697,-0.047424494991924,1
1,"B",-0.768575496652682,0.498132891645049,0
1,"A",-1.62829948079226,0.552395468229425,1
0,"A",-0.570794239748426,-1.61478574137936,1
0,"A",0.348853278343582,-1.53279178194305,0
1,"A",0.202478881519831,1.41897650366645,1
1,"A",0.453828510155275,0.177789202025927,1
1,"B",-0.424677978963216,1.17275576471062,1
0,"B",-0.56601283515936,0.0455133433308912,0
0,"A",0.616209669452529,-0.236570747558883,1
0,"A",1.31623273909427,-1.02828311285889,0
0,"A",0.537747235169776,-1.26069396969544,1
0,"A",0.936553816737475,-0.883755499919182,0
1,"A",1.302121374997,0.317307426879476,0
0,"A",1.29775982634213,-0.596136756259136,0
0,"A",-0.113792507484997,0.21166060354864,1
1,"A",0.451959094545327,-0.906416535666607,1
1,"A",0.862885095021913,1.14202754193741,1
1,"B",-0.835390541301221,-1.34457476635574,0
0,"A",-0.370901050698517,-0.973893604757062,1
0,"B",-0.54116559909509,0.821843838764772,0
1,"A",1.21100684849816,-0.887656224527623,1
0,"A",0.688574939161831,0.492060035424568,0
0,"A",0.803306266652274,0.0463708267128332,1
0,"A",-0.527766719975993,-1.42304326258189,0
0,"A",1.13610592533961,-1.86661769015658,1
0,"A",1.51884083251532,-1.77718526726491,0
1,"B",-0.0279803822638938,0.708018533512522,0
0,"A",-0.723262293003289,-0.861392116497822,0
0,"A",-0.49112095133573,1.51511576110991,1
1,"B",-0.0760015781555156,1.40452588977986,1
1,"B",0.78714257216708,0.804190248914663,0
0,"B",-1.10630829058259,-0.253021685370821,1
1,"A",1.88756665785032,1.17527832791492,1
0,"A",0.628952216574516,-1.02475273811735,1
0,"B",-1.99185960498914,1.17335179063402,1
1,"A",1.53216696717111,-0.994068237969975,0
0,"B",-0.977838782535756,0.465233340299643,0
1,"B",-0.747119344594573,0.696591765149876,1
0,"A",1.50244649856934,-1.1295919267242,0
0,"A",0.187511734657854,-1.50174823658645,1
1,"B",-0.926721610216533,0.701459206094557,0
0,"B",-0.14144451304482,1.68552923972767,0
1,"B",-0.515977327665727,-0.521373711443166,1
1,"A",1.48739615033389,0.890297841436932,1
0,"A",0.711140216500121,-0.607526501107051,1
1,"B",-1.01105406392714,0.61679405589213,0
1,"B",0.76469724620388,-0.485542394129956,0
1,"B",-0.657566893201884,2.12256750187807,0
0,"A",0.623703259618781,-1.39585678929135,1
0,"B",-0.73869881265975,0.438566720261466,1
0,"B",0.182366268132682,0.3716657235218,0
0,"B",0.867806029474685,-2.68769851382754,0
0,"A",2.74040516897352,-0.229050882006491,0
1,"B",-0.478114352465972,0.968327993768353,1
1,"B",2.22385188398848,-1.1575566079757,1
1,"B",-0.491060316921908,0.624681583696603,1
0,"B",-0.17939394096888,-0.198184636771785,0
1,"A",0.525067252003574,-1.04528922539563,1
1,"B",-0.998299371501121,0.170919279309383,0
1,"B",-1.01205342792555,1.07441418718969,0
0,"A",1.13993639521027,-2.00081671656504,1
0,"B",-1.15237461642078,-0.69321282552643,0
0,"A",-0.0369358819319494,-0.968574382690872,1
1,"A",0.0817725459417832,-0.49205750236899,1
0,"A",0.255423831125817,-1.80197671033397,0
1,"B",0.533760614427861,0.094534479463001,0
1,"B",-0.358633593775773,-0.998629426317556,1
0,"B",-0.665206559571809,-0.567072025095915,0
0,"B",-0.914947738553614,0.544666705274662,0
1,"A",-1.41857383466087,0.00762820536213016,0
0,"B",-1.41779852744168,0.476430775382078,0
1,"A",0.938079717774642,-0.506065828963598,1
0,"A",-1.02251900534217,-1.64033780707305,1
1,"A",0.15246317032834,0.391869809358003,1
1,"A",-0.960295557210918,-1.01702947562943,0
1,"A",-0.0215725503385666,0.547789148503631,0
1,"B",-0.0980739683216915,0.209837573327744,0
0,"B",-1.05379479663823,-1.19191160022875,0
0,"A",-0.796449180300624,-0.338565446817468,0
1,"A",1.94358955472154,-0.499953367608679,1
1,"B",-1.74291755515286,-0.0692384102995189,1
1,"A",1.21720816024127,-0.231327952353236,1
1,"B",-1.98122046398846,0.894397163188992,0
1,"A",2.41897518685193,-0.468134531587844,1
1,"B",-0.763923530136583,-0.262802367654946,0
0,"B",-0.0480277143755931,-1.27042784653113,1
0,"B",0.24015247932414,1.37799801015655,1
1,"A",0.767374490857568,-2.38132935524358,0
0,"B",-0.126139537795427,0.050428002528755,0
0,"B",-0.797476130298168,-0.15109669249794,0
1,"B",-0.907454242528496,0.253772533291457,0
1,"A",-0.740818308764736,0.00801207048275926,0
0,"B",-0.977249345355983,1.13719113855254,0
0,"A",-0.178195930873105,-1.24428484097112,0
0,"A",-0.278820310086651,0.741458644305017,1
1,"A",0.57309337362704,1.01785547157984,1
1,"B",-0.279762318418952,0.884473512368925,0
0,"B",-1.13409318696188,0.07933510081193,0
0,"B",-1.00660975161985,-1.31877818061569,0
1,"B",-0.307497745764504,-1.79936831064528,0
1,"A",-1.37586222542931,-0.108856029702756,1
0,"A",0.934971758918323,-1.2680851870129,0
0,"B",-0.611215559482083,-1.68866683245827,1
1,"B",-0.156238664129671,0.164582851302073,1
0,"A",0.434303117172147,0.0201056435487233,0
1,"A",0.209108279099537,0.858069955026655,0
1,"B",-0.546550298439203,-0.490280274962115,1
0,"A",0.867143934383328,-1.50909176242088,1
1,"A",0.915631714097054,-0.982308448166932,1
1,"B",0.139573735228724,0.854241708010591,1
0,"B",0.28819228630912,0.10237974866086,0
1,"A",-0.848041225016579,-2.09612218526778,1
0,"A",-1.01724884633038,0.238762010205329,0
0,"A",-0.606004987194281,-0.550740026359633,1
0,"A",0.390505063251307,-1.26041372711484,1
0,"A",1.21169680547794,-1.14172220559211,1
1,"B",0.183431839578999,2.41476035112705,0
0,"A",-2.05897891300247,-0.510560598179876,0
0,"A",0.393114519578212,0.395582535408831,1
1,"B",-2.2299098267071,0.00277782739795759,0
1,"B",-0.884995024297053,0.0677118471139666,0
0,"B",0.900785567939587,0.120636091001148,0
0,"A",-1.6956188096958,0.238233060311518,1
1,"B",-0.547462372215454,1.20856277535061,0
0,"B",0.318813637574375,-0.134700752739149,1
1,"B",-0.396405182658837,1.35666892964289,0
1,"B",0.178221053036485,0.548802949353434,0
0,"B",-0.192811320081262,-0.440985520815539,1
1,"A",1.43515520091802,-0.74469410300632,0
0,"A",-0.222090365639216,0.851992411600175,0
1,"A",1.15145376480308,-0.158313329061594,1
1,"A",1.35992509318226,-1.56466225739641,0
1,"B",-0.807701798360051,-0.793212659054829,1
1,"A",1.51655957437868,-1.75471501459507,0
1,"A",0.848745755454437,0.845033561842181,1
1,"A",0.475956424116832,0.335533326757465,0
1,"A",-0.583526197762219,-1.60842770247081,1
1,"B",-1.02984954492015,-1.53955727518938,0
0,"A",0.524556915276706,-1.74275110193302,0
1,"A",0.0169768012615982,-0.613790458739718,0
1,"A",0.340830880005985,-0.445855522116083,1
0,"B",-1.20319807681727,0.390552338400793,0
1,"A",0.836503475740477,-0.863255810725506,0
1,"B",-0.658009398405151,0.857231994072963,1
1,"B",-0.641319423021669,1.2273353483035,1
1,"B",0.420822957057238,0.100517554710083,0
0,"A",0.288426460025367,-0.840292229185107,0
0,"B",-1.12201036701389,1.07415107478655,0
1,"A",1.00914296334243,-0.125390379184832,0
0,"B",-2.45653389987788,0.880589368197742,0
0,"B",0.802690134799998,-0.246970010540581,0
0,"A",-1.09660859436394,-1.63380290701844,1
0,"A",0.172705002660164,-0.757685435459533,1
0,"B",0.886332370656703,0.122166515465787,0
1,"A",0.643366584617227,0.987667608505057,1
1,"A",0.871270123039284,-2.3205884254527,1
1,"B",-1.63629867407281,0.56884185506081,1
0,"B",-1.50520724539625,-0.709543006223018,0
1,"B",0.77827198591141,-0.343116653439101,1
0,"A",0.00191584979571752,-0.968990428833762,1
0,"B",-1.19119235780609,0.495291250808872,1
0,"A",-0.884992975002487,-0.407993058551035,0
1,"A",0.834631855109069,0.490684856394335,1
1,"A",-0.893064702966698,1.18882356231595,0
1,"B",2.45265711258736,0.463047947403688,1
1,"B",-1.92611567473037,0.855967752541989,1
1,"A",-1.05289121362987,0.8478408476764,0
1,"B",-0.328138942348044,-0.249181572693737,0
0,"A",0.183566096161126,-1.38430944056374,0
0,"B",-0.473394071368018,-0.637500637026853,1
1,"B",-1.73748624920948,0.386737979318119,0
1,"B",-0.181176657106926,-0.120681266034064,1
1,"B",0.573390053642366,-1.12225707117401,1
1,"B",-2.20085337335366,-0.544715078481821,1
0,"A",0.120605345348106,0.443524345213524,0
0,"A",0.507460822744192,-1.95591792118464,0
1,"A",0.664615249335145,-0.241612310232896,1
0,"A",1.48612396993598,-0.558148961826593,0
1,"B",-1.72657579017091,0.452371566245988,0
1,"A",1.95466746336991,0.226652561371906,1
0,"A",0.00396170663664924,-1.26352436206843,0
1,"A",0.795423618679719,-0.205158571899959,0
1,"B",-2.07333430179534,-0.213559493026585,0
1,"B",-0.452434721030193,1.12000703928237,0
0,"A",0.166198960140637,-1.21882606751148,1
1,"A",0.225037784256982,0.368246588139404,0
0,"B",-1.70050065394475,-1.8424119554855,0
1,"A",0.357374359024981,0.714823828459813,1
0,"A",-1.97809296442353,-1.32499744574014,0
1,"B",-0.452096574676885,-1.48151592358568,0
1,"B",0.881454219681657,0.100570446468281,1
0,"B",1.06583991025967,-0.49321061838979,0
1,"A",1.81688196741135,-0.712951921901768,1
0,"A",0.881349325202712,-1.97099045938607,1
0,"A",0.471582185282804,-2.81761191893183,1
1,"A",0.622508387832534,0.604444550916991,1
1,"B",0.245636920066683,-0.384051123474611,1
1,"A",1.03786651160023,-0.526787664074505,1
1,"A",1.22640250823597,-1.53897915947508,1
0,"A",-0.0329659782134272,-0.736037270508896,0
0,"A",0.645825189030118,-1.17899972884172,1
1,"A",-0.765692069685159,-1.6909272776081,1
0,"B",-0.596496276806987,0.054381950662486,1
1,"A",0.478189436512087,-0.469646481705923,1
1,"B",-0.166768032021862,0.521119485151956,1
1,"A",0.344307131138111,-0.264027453719258,0
0,"A",0.152544242594947,-1.20584622559179,0
1,"A",0.866867355659835,0.305313344358652,1
1,"A",1.23541003585997,-0.547884850058219,0
1,"B",-0.42002152706101,1.76004940041447,0
0,"A",0.298174216369632,0.604580359420655,0
1,"B",0.286981709078379,0.0149967795209937,1
1,"B",1.35415095210175,-0.530455422422752,0
0,"B",-1.94651357065128,-0.658917451765961,0
1,"A",1.51081724545324,-0.202808187251099,0
0,"B",-1.19028415338096,0.0254285902054955,0
0,"B",-0.788969487878169,0.880902517420846,0
1,"A",0.0779445466821875,-1.35283706216665,1
0,"A",0.823582273781367,-0.220911501088789,1
0,"A",0.994251625959906,-2.04404935101892,1
1,"B",-0.327772654865041,1.01687466251782,1
1,"A",0.297082808725685,0.380993224948638,0
0,"B",-0.694963064219648,-0.067590280565683,1
0,"B",-2.2212888384919,-0.848248335674888,0
0,"B",-2.2185810328741,1.85908839614894,0
1,"B",1.04048929568096,1.40786253769734,1
0,"B",-1.64983447505982,0.19975797538666,1
0,"B",0.0883174234637432,-0.0783777671930803,0
1,"A",-1.79007109378155,0.300816853960716,0
1,"A",0.766902375506105,-1.11212406948195,0
1,"B",0.823686251017254,3.07750945216286,0
0,"B",0.200928353499509,-0.685286538029905,0
1,"B",1.34293802548656,0.31895400634111,1
0,"B",-1.31629005735149,-0.947028308751009,0
0,"A",-1.19598530662932,1.97474147017974,1
0,"B",-0.652820840576481,-1.00796318350608,0
1,"B",-0.163263036420521,0.340163488365131,1
0,"B",-1.41162299056045,-0.416730184386137,0
1,"B",0.857729233187954,1.27060510157941,1
1,"A",0.990598867691644,0.856363578144898,1
0,"A",0.230024553480046,0.598188336216258,1
0,"A",0.218953130708202,0.487343385322649,1
0,"A",0.420338920530522,-0.548254659326941,1
0,"A",1.7228011978006,-2.02176190081481,0
1,"B",-0.146687308882109,0.434737261693151,1
0,"B",0.353214149371676,-0.133868501391282,0
1,"B",1.36137266569052,0.516309789617622,0
0,"B",0.243396196418559,-0.432421811833702,0
0,"A",0.421221521710835,0.47251660546804,1
1,"A",1.98348523995994,0.365892191031675,0
1,"B",-0.424807307222175,-0.399051085497797,1
0,"B",-2.22888843958927,1.62108354182604,0
0,"B",0.0461394702408605,0.572652434865071,1
0,"A",-0.651788392438152,-0.20663506494922,1
1,"B",-0.623933676962024,-1.28000743916951,1
1,"B",0.794477576871682,0.227590748190734,1
0,"A",0.395595439204381,-2.35674918344553,1
0,"A",0.0564339883909693,-1.2398457897392,0
0,"B",-0.452771357545042,-1.59337157476177,0
0,"B",-2.02221047274206,0.75888742900423,0
1,"A",-0.239193400673475,0.853310677086369,1
0,"A",-0.0952277894677572,1.06069750869145,1
0,"B",-0.811019552991376,-0.5558686525434,1
0,"A",-0.191044623041516,0.193729694867857,0
1,"B",-2.25894169095809,-0.31556989275628,1
0,"A",-0.544718695466785,-0.465544778062455,1
0,"A",-0.0962146983314991,-1.04343527589736,0
0,"A",-0.887205107142788,-1.40764337903833,0
0,"A",-0.821532425743726,-0.83872112320576,0
0,"B",-0.665481391120847,-1.13766156178925,1
0,"B",-1.91237381626487,1.21686645286228,0
0,"B",-1.52840799144033,-1.59378942248148,0
1,"A",-0.438254987447459,0.208737588113398,1
1,"A",0.691513175414898,-0.467130197177206,1
0,"A",0.917397916038438,-2.77589570461461,0
0,"A",-1.04400649162996,-0.87555984924174,0
0,"B",-0.326642407435542,0.377425296645546,0
0,"A",0.207699846309253,-2.22534186166426,1
1,"B",-0.414843878373277,0.139536215093468,1
1,"A",0.181398822570469,0.413785645579735,1
1,"A",0.77835450578785,-1.92955382280854,0
1,"A",-0.322134664458958,1.81203478340502,1
0,"A",2.32248765158479,-0.881180676290419,1
1,"A",0.083349965004064,0.43719960127558,0
1,"B",-0.491916512237781,-1.18454639225688,1
0,"A",0.591692162261745,1.69408997977861,0
1,"A",0.873143131905917,-0.860963456489942,1
0,"B",0.0934279176756375,0.568008730795277,0
1,"B",-0.111602722790913,0.325855459900829,1
1,"A",1.19779332357815,-0.0552820570184867,0
1,"B",0.492062840766606,-0.290633973486842,0
0,"A",2.66004597991403,-0.0903764477631327,0
1,"B",0.497630715058813,-0.204943790267892,0
1,"B",-0.433040799043685,-0.143217029401778,0
1,"A",0.535917289315963,-1.11765819040574,1
0,"A",-1.22839645062106,0.870592363114797,0
1,"A",0.412559273875404,-2.1742853897779,1
0,"B",-0.379366434538234,0.393229574781435,0
1,"B",0.757699464967785,-0.670013218139533,1
0,"B",-1.41912142130727,-0.0988522578383165,1
0,"A",0.397665793267193,0.621996658721134,0
0,"B",-0.542339175102151,-0.820223757043012,0
0,"A",1.18047468049426,0.647016636391527,1
1,"B",0.178975557336698,0.396020224763238,1
0,"B",-0.866403631970164,0.187328912430606,0
0,"B",-0.835000953777918,-0.561960134980561,0
1,"A",0.0492286038400476,0.962910102138286,1
0,"B",-2.49960956737133,0.414843151846835,0
1,"B",-0.0871882081853603,0.714768273330164,0
0,"B",-0.00539381363136526,-0.927753024992963,1
1,"A",0.611773262417385,-2.35664601604485,1
1,"A",0.36889071828381,-0.752992012506813,1
1,"B",-1.60789729696398,-0.467075942811171,0
0,"A",-0.126447155500306,-0.0527873978670721,0
0,"B",-0.325792632102438,-0.559718858773141,1
0,"B",-0.876838017569655,-0.947939494144738,1
1,"B",-0.947941561209951,-0.796365945928427,1
1,"A",0.809570493308871,-1.39551918464287,0
1,"B",-0.279474325074359,0.42723066202717,1
0,"A",-0.179025785270133,-0.0861772212069181,1
0,"A",-1.16781756872542,0.331689369653565,1
1,"B",-1.00845060078646,-0.150541815902537,0
0,"A",-0.740253330066385,-0.595997601719977,0
0,"B",-3.1435416790341,-1.62800738264309,1
0,"A",0.761604459647719,-0.749065452779478,1
1,"B",-0.643574335834307,-0.76649948011835,1
0,"B",-1.97544787354239,-1.94019328454632,1
1,"A",-0.733538468243097,1.28357442929433,0
1,"A",0.637228326448214,0.00115796410950408,0
1,"A",1.36576314385165,0.326313268129069,1
1,"B",-0.673283422822568,1.43337548983937,0
1,"B",0.340274909510588,-0.352784951437292,1
1,"A",0.377013234896364,-0.126869776914217,0
1,"A",2.11098840489573,0.343727020485576,0
0,"B",0.212029032317173,-1.73469267315905,0
0,"B",-0.0786424932173753,1.66672351567306,0
1,"B",0.128397192989306,0.879898032531453,0
0,"A",-1.0506318480444,-0.926909744448062,1
0,"A",1.37137960019643,-2.38771631467371,0
1,"A",0.719647164637361,-1.38146622093427,1
0,"B",-2.63001953921993,0.84072726660076,0
1,"A",1.09756878875244,-1.26806827883921,1
0,"B",-0.853718413975344,-0.949805722082595,0
0,"B",-0.663609099880921,-1.83275561619918,0
0,"A",-0.812105803103273,-1.92327465057732,1
0,"B",-0.911728243398385,0.997900827831756,0
0,"B",0.015084776869787,0.849761724638971,0
0,"A",0.659950871453259,-0.1542979292957,1
1,"A",0.648000558648541,-0.630354210387262,1
1,"B",0.44062949222273,-0.880230685707275,1
0,"A",-0.13029081464312,1.23772829441966,1
0,"A",-0.392462556491325,-0.443757189189237,0
0,"B",-1.50645220542869,-0.468990484262091,0
0,"A",1.47669558014548,-2.32364954794147,1
0,"B",-0.58904176502253,-0.684328039824974,1
1,"A",1.62708437537247,-0.317829390771422,1
1,"B",-0.60734586736232,-0.199619939741755,1
0,"B",-1.62818803091411,-1.36028177874924,1
1,"A",1.17923840353104,-0.746551541384908,1
1,"A",0.0484102225755997,0.751136751663786,1
0,"B",-0.876683947843646,0.558876148495049,1
1,"A",-0.524083560052781,2.10018462430014,0
0,"B",-1.62986754730609,-0.829649866164359,0
0,"A",-0.719147579632738,-1.00305067381059,0
1,"B",1.66758877295231,0.547787235646172,0
1,"B",-0.908097281296524,0.871821938168475,1
1,"B",0.498169344176039,-0.13228134413301,1
1,"B",0.824368973605196,-0.131231483618265,1
0,"A",-0.14942316472919,-0.555999560170177,1
0,"B",-0.744438755462668,0.609616854025283,0
0,"A",0.907756165763516,-1.65593714396265,0
1,"B",0.353533579063203,1.42285157607332,0
1,"B",-0.467917304476305,-0.202364067059623,0
0,"B",-1.86246461275786,0.122880060464721,0
1,"A",1.78343348382865,-0.0795187799934906,0
1,"A",1.67020638248918,-0.146954670354352,1
1,"B",-0.745129939504173,0.523039527763959,0
0,"A",-1.3252668807516,-0.657335681634464,0
0,"B",-0.530933705010116,0.0541196325798644,0
1,"B",-1.08369764525443,0.606176038662722,1
1,"A",0.201927098233837,-0.689898411754511,0
0,"A",-1.39791267948042,1.09375161479867,0
0,"B",-1.4149765355168,-1.39565209878232,1
0,"B",-1.60621959436263,1.26044731164713,0
0,"A",1.77225956018922,-1.58508170136081,1
1,"B",1.98758965276273,-0.471425851386786,1
1,"A",1.01660481246797,0.390616164119022,1
1,"A",0.825425454839988,-0.724280708342329,0
0,"B",-0.0100789916265178,0.422695159751536,0
1,"B",-0.110579779021139,2.35881230781938,1
1,"B",-0.280957992037145,0.144785828389302,0
0,"A",0.334580930179492,0.0321281950583678,0
0,"B",-1.12711950085658,1.07035904426375,1
1,"A",1.57942907510449,-1.49467786005667,0
1,"B",-1.29129218470545,0.716236239383925,1
0,"A",-0.547167254710383,-0.150554026987646,1
0,"B",-2.00079574744549,-0.381056323035419,0
1,"A",-1.69373285643374,0.194386832573951,1
0,"A",0.264638462817141,0.32041663886797,0
0,"B",-1.36646039709005,-0.216279528516357,0
1,"B",1.43654838758535,-0.389691981797441,0
0,"B",-0.345057732663066,1.3207101724247,0
1,"A",0.0229974445955414,0.699759919743831,1
0,"B",-1.3563248971099,-0.072981343979858,0
1,"B",-1.14103438648801,0.316953346426857,0
0,"A",0.363262108381221,-0.18557918994474,1
0,"B",-0.028605904889998,0.698706310888078,0
1,"B",-1.03441184737984,1.47990439634352,0
1,"A",0.431497817717434,0.405824496877888,1
1,"A",1.22594274518028,-1.80831890090754,1
0,"A",-0.62261249545611,-0.841518773619622,0
0,"B",-1.43637527581855,-1.60493376951929,1
1,"B",-0.750192836260423,0.613016621196011,0
1,"A",0.759964200184297,-1.35306959047663,1
0,"A",-0.532524626544784,-0.46071075505782,1
0,"B",-1.94435705179699,0.0258486125267831,0
0,"B",-0.387759850079401,-0.645715211761377,0
1,"B",0.363884987912974,-0.528649031682508,1
1,"A",0.723022075415955,-0.217989177424744,1
1,"B",1.89732505161041,0.249169521326192,1
1,"B",0.431414152674802,1.03491582900124,0
1,"A",1.09973578731464,-0.875198565720808,0
1,"B",0.511496923707455,2.69316608248746,1
1,"B",-0.561657515630315,-0.121290435800913,0
0,"A",-1.82965726586213,-0.857023589800715,1
1,"B",-0.571807531778986,0.516941800047958,1
1,"B",0.484525184050306,-0.0499087028770366,0
0,"A",-0.123062708004701,-0.427768517267117,1
0,"B",-1.40660265206534,-0.324185693394716,1
0,"A",-0.118051503308764,-0.0943314089310306,1
1,"B",-0.0830558792892263,2.04165703623848,1
0,"A",0.431644891617088,0.219962899802798,0
1,"B",-2.28828828034159,-0.641270097806785,0
0,"B",-2.58757649467249,-0.268791285452302,0
0,"A",-0.629695796167394,-0.996079608948587,1
1,"B",-0.0935324534505808,0.278724315409434,0
1,"B",-0.325354627657711,1.86708768256662,1
1,"B",-1.42961000679867,-1.19332173387253,0
0,"B",-1.5022442762809,-1.60653423778978,0
0,"B",-1.02733784235514,-0.362026319987321,0
0,"A",-0.721981633499475,-0.222827449499641,1
0,"A",-1.16518576410097,-1.65969789076206,1
0,"A",1.05351605816273,0.20322258979249,0
0,"B",-1.38985853880844,-0.139717988106351,1
0,"A",0.200023411081134,-0.662118220735814,1
1,"A",-1.03634515899953,-0.629328498038186,0
0,"B",0.70434181432765,-1.48669235705889,0
0,"B",0.371205351311683,-0.61382474775075,1
1,"A",1.28984939881799,-0.204537198960855,1
0,"B",-0.695684423114582,-0.537259303220443,1
0,"B",-1.22537143536226,1.86407613313417,1
0,"B",-1.0329978449597,2.44909424733577,1
1,"B",0.977809607787665,1.2958444034152,0
0,"B",-0.835704373508869,0.449722237786014,0
0,"B",-1.57229474533277,1.17915255049135,0
0,"A",-0.0713647660099561,0.25850679506676,0
1,"A",1.36310764711261,0.859608928717697,0
0,"A",-1.8210010085307,-1.19522587927011,0
0,"B",-1.07876123824712,-0.0251089258118378,1
1,"B",-0.521699795887196,-1.00499526912957,0
0,"B",-0.149241350677277,-0.476612413040252,1
1,"A",0.656158538987654,-1.50822764650347,1
0,"A",-1.3726194863393,-1.09191522739808,0
0,"B",-1.11594870290518,-1.61142711845188,0
0,"A",-0.0726836925017635,-0.446706003328884,1
1,"A",1.43749349274507,-1.91452731594234,1
0,"B",0.878244006347627,0.874432441939947,1
1,"B",-2.28540561085084,1.79237313030262,0
0,"A",0.677719949914083,-0.768212314414654,0
1,"B",0.235969483322027,0.658592191784811,1
1,"B",0.817915723284933,-0.339058828882129,0
0,"A",-1.04612402188624,-1.56188754990081,1
0,"B",-0.18454771005249,0.142091698017897,1
1,"A",0.803124032183235,-0.729020246736074,1
0,"B",0.0448222199466223,-0.0936194763635407,1
1,"B",0.445389312589135,1.55373325929978,1
1,"B",-0.450463263890944,0.323393458614591,1
0,"B",-0.839317498731629,-0.0779315970113081,0
0,"A",-0.289278447257208,0.55346724700692,1
0,"B",-1.06148867843189,0.150238107026846,1
0,"A",1.24172296470491,1.00741891804408,1
0,"B",0.0886369362319581,1.09335252810584,0
1,"B",0.874503763180732,1.19090758868001,0
1,"A",-0.366542662761883,-0.126122235499534,1
1,"A",-0.045362595392716,0.860736584515662,1
1,"A",2.34172734137204,-1.49924592097084,1
1,"A",-1.03642231399893,2.08809611574864,0
0,"A",0.784861765348285,-0.329876759012792,0
0,"B",0.143262528028739,-0.960063594706986,1
0,"B",1.08757586757152,-1.0527505567114,0
1,"B",0.430371456297952,0.186925436653977,0
1,"B",-0.522622040053322,0.307939764893931,0
0,"B",-0.34685566531826,-0.581486260258627,0
0,"B",1.63516291364115,0.843427829487323,1
0,"B",-1.73435674485553,-1.23320386291793,1
0,"A",0.776479593929013,-1.20284578206179,1
0,"B",-1.23383640979355,2.06058784943664,1
1,"B",-0.175332251263463,0.415814478840907,0
1,"A",0.742840840627411,0.521059152713785,1
0,"A",0.105869426399818,-0.698371328468143,0
0,"A",-0.93498758092418,-0.265376795893396,0
0,"A",0.466063946345794,0.0792619144597897,1
0,"B",-0.967721281050777,0.0689035511801477,0
1,"B",-0.826619543279983,1.54353372925658,0
1,"A",2.00589873620826,-0.554995994793046,1
1,"B",-0.730958182228494,0.186966159701219,0
0,"B",-1.30446339905723,1.15891019211795,1
0,"B",-1.14687076211052,-1.2656543004097,1
0,"B",-0.662269527012786,0.788560210955395,0
1,"A",0.810706177622479,1.31689165975882,1
0,"B",-0.654022234794382,-1.25009543600046,1
0,"A",-1.53714540386183,1.06182125730438,1
0,"A",-0.418021166482661,-1.01362157976741,1
1,"B",0.0589051516837223,0.036979464270444,1
1,"B",0.158289828336643,0.243441002428311,0
0,"A",0.646075674424359,-2.89132578529806,1
0,"B",0.633212181465384,0.00781491720077762,0
0,"A",0.267002829471894,-0.616040314450995,0
0,"B",-1.70644124968941,-0.709107631369227,1
0,"B",-0.0813084787773675,-1.45186837900781,0
0,"B",1.08560391922577,-0.767690575993359,1
1,"A",0.0877564269382455,1.57707559892345,0
0,"B",1.12522215405921,-0.780887428927812,1
1,"B",-0.433908713192664,-0.526563409996085,0
0,"B",-1.96792645957643,1.68096283614048,0
1,"B",-0.772801683656427,1.02438490252889,0
1,"B",-0.588250443817637,2.09947970584399,0
1,"B",-1.49306143964223,0.280935319380587,0
0,"B",-2.59044149744276,-1.54310242542719,1
1,"A",-0.706748748367539,-1.39400696166876,1
1,"A",1.32792658685472,0.167069819202331,1
0,"A",-0.269127807688668,-1.1009680459759,0
0,"A",1.24192135313254,-0.205658953851158,0
0,"A",-2.33758030903018,0.929040040144116,0
1,"A",-0.661480061971585,-0.843550950992686,1
0,"B",-1.52000045122242,0.314469793926363,0
1,"B",-0.121919659102698,-0.473337927414665,0
0,"B",-0.442635509953443,-1.98102214313414,0
1,"A",0.335494144393705,-0.00851039330216152,1
0,"A",0.325346966234068,-0.598067921757063,1
1,"A",-0.0945017172633155,1.07332121193355,0
1,"B",-0.335417852573541,-0.0852823869596703,0
1,"B",1.59458822372375,0.0422607329690848,1
1,"A",1.69152318201588,-1.60196267360345,1
0,"B",-0.597212272434054,1.53617204167281,0
0,"B",-1.67763075696134,-0.715217651816488,1
0,"A",-0.107573593824612,-0.578920408415899,0
0,"A",-1.1287142790064,-0.250067795683302,0
1,"A",1.87847429199423,0.0647543166559587,1
1,"A",1.20185675651907,-0.309822124299392,1
0,"A",-0.266101056074737,-0.179504941215339,0
1,"A",0.189691164649614,0.137622826174506,0
0,"A",-0.0879881181744654,-0.109071376939638,0
1,"B",-2.0340946986584,-0.129887143875561,1
0,"A",-1.04497155891333,-1.61401847751202,1
1,"A",0.486491303522496,-0.337196514159441,1
1,"A",1.10861169311944,-0.163000737435155,1
1,"B",1.557045422364,0.930510386423195,1
1,"A",0.752140104385879,-1.12762408905689,0
1,"A",0.60100341687538,-0.337103005293633,0
0,"A",1.65108281749703,-1.36510824658626,1
0,"B",-0.0990257450596966,0.62244159152215,1
1,"B",0.854827953243479,0.318721576041105,0
1,"A",0.994900438886762,-0.0363324560666879,1
1,"B",0.822460984445254,0.662186329172211,0
0,"B",-2.31190905313084,2.05612003407776,0
0,"B",-1.67407205613934,-0.544531666811766,0
1,"A",0.903507307082656,-2.16544675298422,0
1,"B",0.597645322693971,0.900429790555041,1
1,"B",-0.641432179043777,2.44583078050424,0
1,"B",-0.176542866917566,0.682204380852556,1
0,"B",-1.29775794362027,1.45687074886911,1
0,"A",0.803681592461075,-0.019418794760607,1
1,"B",-0.0482022242904907,0.117015179091836,0
1,"B",-0.989748709300552,0.924002904651949,1
0,"A",0.111619747023572,0.75129067234387,0
0,"B",0.00656520163428165,1.43882589813444,0
1,"A",-0.647509203472556,0.167463982087016,1
0,"B",-1.87551897816113,0.603861937295269,1
0,"B",-1.24038407507865,1.46993688941945,0
1,"A",3.1121114982305,-0.54500380482453,1
0,"A",1.60665413165613,-0.450680891036389,0
0,"A",-1.92481895640582,0.0219011991497963,1
0,"A",0.486419602519498,-1.35518816389662,0
1,"B",0.371643872433221,-0.314882630984703,0
1,"A",0.310506393635262,-0.422837117224682,1
0,"A",0.270219254490952,-1.73713611125178,1
1,"B",-0.142414111370791,-0.977295177562224,0
1,"B",-1.2061359583907,-1.87431072910521,0
1,"A",0.532864356405278,-2.10502722663845,1
0,"A",-0.00730577469769977,-1.4384673566069,0
1,"B",-0.699903956858358,1.96608937369411,1
0,"A",-0.146470963551942,0.393397417541935,0
0,"B",-1.21075103048459,-2.1567576589138,0
0,"A",0.643823055433145,-0.843451341340375,1
0,"A",-0.899448957278343,0.661302129835163,0
0,"A",-0.0156594028247156,-0.257894823831079,1
0,"B",-1.25548969097166,0.817954480890234,0
1,"B",-0.220878423577984,1.20653829751128,1
0,"A",-0.626736582261416,-0.50661342083283,0
0,"A",0.976298434318411,-0.608012650245796,0
0,"A",0.638072542153037,-1.77258199963209,0
0,"B",-1.17187619537159,1.57473296281494,1
1,"A",1.20513704804497,-0.101846964182473,0
0,"B",-0.922833743108618,0.144200400071185,1
1,"B",0.513168600170625,1.76035615206685,1
1,"A",1.14618292528144,1.47304474562273,0
1,"B",1.50152510877308,0.973982809984992,1
1,"A",-0.00208338639038225,0.278329733734543,0
1,"A",-0.494455272205557,-0.621157810801667,1
0,"A",-2.18983607617945,-1.02433535388703,0
0,"B",-0.426824757386541,-0.435910363565365,1
0,"B",-0.160865861821189,0.287698942530066,0
0,"A",-0.775355898674492,0.485715252183931,1
0,"A",-0.610859039688385,1.50527277585204,0
0,"A",-0.0765677193523084,-1.40131462526733,1
1,"A",0.978183415751998,-2.13256335424206,0
1,"A",1.55499447787512,-0.617612883595406,1
0,"A",-0.521497323656504,-0.870234352622382,1
0,"B",-2.09885716771784,-1.92179579675418,0
1,"A",0.900957287249764,-0.33852873251111,0
1,"B",-0.059990918170393,0.780622468207453,0
0,"B",-0.853740000596083,0.705997135846526,1
1,"A",0.585369153940414,0.339671805313582,0
0,"B",-0.549347785691869,-0.195680555674254,0
0,"A",-0.3320630129827,-0.390922913776403,1
1,"B",-1.10042644732118,1.78136581433842,0
1,"B",0.39718102554417,0.985769586074853,1
1,"B",-0.28814987515445,0.945622700365169,1
1,"A",1.89523765664224,-0.418098083033351,1
1,"B",1.18361991676855,1.16854847800108,0
0,"A",-0.321103649595106,-1.11213778975308,0
0,"A",-0.493080621835595,-1.20376522047184,1
1,"B",0.27341373386108,0.861130899609235,1
0,"A",-0.463588429575513,-0.987380007940025,1
1,"A",1.27377322500269,0.221433309694436,0
0,"B",-0.0954982783184081,-0.79393962853543,0
1,"B",0.382576413961011,0.0795531589448231,1
0,"A",-0.830814939623418,0.394416407822335,1
0,"B",0.235223194240583,1.17606449131136,0
0,"A",-0.78028150227621,-0.215091360196645,1
0,"A",-1.8544558925239,0.505292082566808,1
1,"A",-0.184394850739905,1.15444717428871,0
1,"B",-1.0336016098624,1.35435348389545,0
1,"B",-0.540305123853484,0.627703184408624,1
1,"B",0.389050759135549,0.740486438099887,0
1,"B",0.983300796962895,0.260561022450335,0
1,"A",1.64327409322526,-0.577750282627318,0
0,"A",0.799427670574067,1.44091331013382,1
0,"B",-0.705720177313474,0.982429228898375,0
1,"A",0.199047133411599,0.676404920543155,1
1,"B",-1.26384413172324,0.554465216704829,0
0,"B",-0.208795211286913,0.607795098618648,0
0,"B",-1.48744693060159,2.12705606821428,1
0,"B",-1.90760509308772,1.09804438523012,1
1,"B",-1.87356026554228,1.51213692662451,0
1,"B",-0.146164071759092,-1.09203715179625,1
1,"A",0.256839873368582,-0.433815185787012,0
1,"B",0.32072909596296,-0.422037542345882,0
0,"A",0.282625509923345,-1.09457156474811,1
1,"B",-0.682329358387793,1.05795478519583,1
1,"A",1.33532408072863,0.325820608237716,0
0,"B",-1.47630530439648,0.346966503986548,1
1,"B",0.873651045150244,1.03460122173896,0
1,"B",0.25680517771469,-1.47982390476709,1
0,"B",-1.75779507344432,0.134273115252299,0
0,"A",2.00351839135373,-2.85429377886296,0
0,"B",-0.500183314503727,0.793545159338613,1
1,"B",-0.721966378925391,-0.0132751101409704,1
0,"A",1.94169536311814,-2.30890810490293,0
0,"B",-0.695475605994166,0.835518794683045,1
0,"B",-1.07010503928841,-0.0481898146296207,0
0,"A",2.05704656537487,-0.624755493602448,0
0,"B",-0.855431843471499,2.32958457968024,0
0,"B",-2.31178451529741,0.798183052056544,1
1,"B",-0.152028533445367,0.525400320710088,1
0,"A",-0.755196535932384,-0.431639411019928,1
0,"A",-1.68633068581273,-2.78240691671692,1
0,"B",0.129386529850964,1.75267324922436,0
0,"A",-0.254895477099001,-1.68180944813612,0
0,"B",0.758317507018728,-0.732010742809518,1
1,"B",0.234525749813659,-0.0238746606478784,0
1,"B",-1.87100006602726,0.583404135697222,0
0,"B",0.448297802080025,-0.170843229857818,1
1,"A",1.60117761757012,2.06520137634544,1
0,"B",-1.42870510814913,-0.537969578798865,0
1,"A",0.0549352542193324,0.478771641901151,1
1,"A",-0.0781845375696635,0.274499542820734,0
0,"B",-1.64628629217934,-0.654603546349329,1
0,"A",0.775646221307848,-1.09938096439603,0
1,"B",-0.366242333876498,0.0697990237276203,1
0,"A",0.709249046172491,-1.75862801490125,1
1,"A",-1.02386514022194,-0.830316397302779,0
1,"B",0.613779295915021,-0.255796822683087,0
1,"B",-0.974748263276746,1.67272602478022,1
0,"A",-0.144667284359067,-0.0755787465703169,1
1,"B",-1.29720891327568,1.79014274346186,1
1,"B",0.00433030137026735,-0.254795089586379,1
0,"A",0.195251540696552,-0.0738340529615401,0
0,"B",-0.306893039248995,1.01463119741029,1
0,"A",-0.724188969116588,-0.945821872204394,0
1,"B",-0.966888200450949,0.155543269546245,0
1,"A",-1.00817459746051,0.585945413220725,1
1,"B",-0.244184085032922,0.0497417315374991,1
1,"A",0.869620628858343,-0.0665842668069666,1
1,"B",0.068837685529324,0.140884425038798,1
0,"A",0.609923451076883,-0.418614171799998,0
1,"A",1.99744529022211,-1.00936092102387,0
1,"A",0.738596497537779,0.500629814906264,1
1,"B",0.218336592475793,-0.380255725661407,1
0,"A",0.40692170069625,-1.31941491986282,1
0,"A",-0.9734401338148,-0.0651364765041846,1
1,"B",1.02465424106978,-0.702865975005018,1
1,"A",-0.54556022213524,1.20254701974818,1
1,"A",2.50189353524637,-1.59296241246222,1
1,"A",-0.927663370657081,-0.133820870374774,1
1,"A",1.81678862037051,0.80503658578016,1
0,"A",-1.1535754062707,1.12888142801741,0
1,"B",-1.03334604936125,0.473801229194875,1
1,"A",-0.0334016131921036,-0.289259291027129,1
0,"A",0.414619149726359,-0.392803780302075,0
0,"A",1.73730545976553,-2.0416923543022,0
0,"A",-0.740597293409036,-2.10536508205427,1
0,"B",-3.10963243771646,2.0949324566584,0
1,"B",-1.61203267912288,1.69828091175636,1
1,"A",-1.49335826000021,-1.09034725603561,1
1,"A",-0.793273357320273,0.337740691296844,1
0,"A",-0.379059371743171,-1.24311073231361,1
1,"B",-0.830230383244204,0.958831836338947,0
1,"B",-0.0935986691991458,-1.71737056578046,0
1,"B",-1.74357485595586,2.08512589702753,0
1,"A",-0.207288690675076,-1.27665111269866,1
0,"A",0.0990760464914918,0.453532577740574,1
1,"B",1.15814705339474,0.531486032912235,1
0,"B",0.127996012905247,0.974909643373153,0
1,"A",0.693027112053164,0.0234904659067992,0
1,"A",0.48845958490745,-0.226470102934147,0
0,"B",-1.85231272199319,-1.30916199161086,0
1,"B",-0.651347890904913,-1.18779489730708,1
1,"B",0.0264065459363402,-0.756074352332514,0
0,"B",-0.845911363198507,0.340301392412384,0
0,"B",-0.757834007997001,0.417527433507371,1
1,"B",0.543953248392256,0.860595970413403,1
0,"A",-0.61473719958213,0.121967483840863,1
0,"A",-0.865427337545073,-0.386284338372401,1
0,"B",-0.0906069748170867,-1.22184364562858,1
1,"A",0.300506256870862,-0.319549109420885,0
1,"B",-0.90010804212643,-0.676989825411993,0
0,"A",-1.21973086237282,0.412363570352145,1
1,"B",2.58106777084701,0.456899960124781,1
1,"A",-0.353294637558001,0.4082835078595,1
0,"B",-0.808048201204678,0.607435279866511,0
0,"A",0.195379601923151,-2.08751015786166,1
1,"B",0.919033504415721,0.0893675544800929,1
0,"A",-0.606114995942006,0.333679163255442,0
1,"B",0.47137129676249,0.258833267246451,0
1,"B",0.89144670866087,1.14269000349165,0
1,"A",2.00471145954889,-0.196598637956829,0
1,"B",-0.223641388638133,0.115527480557147,0
1,"A",1.04350466449545,-0.859060295072974,1
0,"A",-0.777663992436501,-1.5734659070436,0
0,"A",0.342577900851168,-0.132582514575175,0
1,"A",-0.0804224483999712,-1.78451744713845,0
1,"A",0.311425655566812,-0.899225553370084,1
0,"B",-0.0603410787868811,-0.771702489504529,1
1,"A",1.27998701341607,-1.9824550098547,1
0,"B",-4.6660100243412,-0.985004228875187,1
1,"B",-0.752892109600771,-0.480024825598518,0
1,"B",0.12372542178873,-0.193929974319269,0
1,"B",-1.5310630288792,1.42118327903349,1
0,"A",0.0490573884863145,-1.54786817826293,0
0,"A",-1.1343437417416,-1.17385936806304,1
0,"B",-0.303655685249193,0.711164241196576,1
1,"B",-1.60758335903165,0.186762202995546,0
1,"A",1.5580736835449,0.12721168779228,0
1,"B",0.754924655622115,1.94169977137132,1
1,"B",-0.63503169552539,0.860577976404902,0
1,"A",-1.17247842922332,-0.273878107851278,1
0,"B",-1.00572443473274,0.756408944505451,0
1,"A",1.45784309572537,0.638094294842194,0
1,"B",-0.56440840549272,-0.715389656227014,1
1,"A",0.508584992290705,-2.5931372845275,0
0,"B",-1.28103569023768,-0.621392074113008,1
0,"A",-1.20462703403511,-0.803147634147326,1
0,"A",-1.42312531867329,-0.270853017115622,0
1,"B",0.211642207014252,0.787424149920612,1
1,"B",0.731464727708996,0.0692960390452982,0
1,"A",-0.193007166910015,0.798469133708347,1
1,"B",0.810191575729127,0.857662762100889,1
0,"A",-0.129421391630656,-0.692234155095955,0
1,"B",0.245331000319454,0.637811167981489,0
1,"A",-0.699786959345539,1.18990430212512,0
0,"B",-2.81459225917153,1.41632165893779,0
0,"B",-0.727942566053627,-0.155350414092128,0
0,"B",-1.3595953829132,0.733299925820325,0
0,"A",0.689512886490287,-0.706099961456107,0
0,"A",-0.67164687104751,-0.456340163329157,1
0,"A",-1.00223801947212,-0.773195712628471,0
1,"B",-1.04810657228643,0.969805111324537,1
1,"B",0.386681707713613,0.227395935646571,0
1,"B",-0.811471493380229,0.00414356836136237,1
0,"A",0.0635372618610708,-1.7775536978635,1
0,"A",0.042118366405656,-1.573760965132,0
1,"B",-2.0278124052094,0.887408471710407,0
1,"B",0.149237034099987,0.662796978866919,1
1,"A",0.891520680786249,-0.664342637590131,1
0,"B",-1.62320595743321,-0.625972275450551,0
1,"B",1.14908373824193,0.818510654454382,1
0,"A",-0.667372784589437,0.486479459706801,1
1,"A",0.515704849849543,-0.313561506971772,0
0,"A",-0.461618763792653,-0.165150098368252,1
0,"B",-1.17690512952273,-0.733814489899427,0
0,"B",1.13423264589986,-0.209948080378871,1
1,"B",-1.40553050850358,-0.123320275492434,0
1,"A",-0.309912789950822,-0.023298622159439,1
0,"B",-0.355618403001604,-0.0675408803354143,0
0,"B",0.55991072720671,1.44166374065494,0
0,"A",1.74889908009092,-0.0918854240832787,0
0,"A",-1.20584045005939,-0.0655096348658676,0
0,"B",0.521284613950022,0.675534796886818,1
0,"A",1.02171175221746,-1.11781942397445,1
1,"B",-0.0632159259601839,0.631491761157838,0
0,"A",-0.0117041739045779,-0.721548469592804,0
1,"A",1.3269892861101,-0.740018557676478,0
0,"B",0.467424840179077,0.860264139785388,1
1,"B",0.565680638516944,0.938619958696658,1
1,"B",0.0375991167481649,1.90028533957965,0
0,"B",0.941595648127002,-0.283871059944282,0
0,"A",0.181142282144281,-2.12219225133222,0
1,"B",0.00747281858015392,0.372825007177103,1
0,"B",0.439567167211287,-0.342757313135935,1
1,"B",-0.587458515342521,-1.23181453875196,0
0,"B",-3.01296873672082,-0.828985908900519,0
0,"A",0.750170353009068,0.973503950228335,0
0,"B",-0.282708672984575,0.00505764800894051,0
1,"B",-0.83724426072176,0.568255858190612,1
1,"B",1.25723124759935,0.0372408444654538,1
1,"B",-0.483076481566607,1.16252776485338,0
1,"B",0.42666479941267,1.7189192843206,1
1,"A",0.672391492606756,1.48699315768476,1
0,"A",-0.297924120419592,-1.3573700282437,1
0,"A",0.851872950013639,-1.31308461432502,1
0,"B",-1.04069273394584,-1.7288711577809,0
1,"B",-0.663587789466807,-0.761204107846815,0
0,"B",-0.072189015129803,-0.669831252573711,0
1,"B",-1.11396503577419,0.612321159611306,1
0,"B",-1.93613605135649,-2.28993334219153,0
1,"A",0.866821301540895,-1.09765315333061,0
1,"B",0.773554327609467,-1.62331890775713,1
0,"B",-2.11371813505292,0.260696024969459,1
0,"A",-0.729786245398151,0.858282873433479,0
0,"A",-0.0945272913941454,-1.22238413015859,1
0,"B",-0.803374388683053,-0.00136451777218988,0
0,"B",-0.000274286296998716,-1.23901561655527,0
0,"B",-0.588298376059538,0.0378839376781708,1
0,"A",-1.01082604626886,-1.37033199952649,0
1,"B",-0.256487677895643,-0.421783571760539,0
1,"B",0.545242985781086,0.35862771572201,1
0,"B",-1.28683568654651,0.151633380482409,1
1,"B",-0.737269966593919,1.78152875908004,1
1,"A",-1.01032290723886,-1.55068327303934,1
0,"A",-0.0413165280477419,0.265054495687642,1
0,"B",-1.5612308748216,2.63667283892456,0
0,"A",-0.891191200022029,-0.511405382792052,0
1,"A",0.55396424875982,-1.53081258404326,1
0,"B",-0.759302550790127,0.684843632893069,1
1,"A",0.225051103628396,2.04260040934183,1
0,"A",0.13029456502784,-0.0302693610125465,0
1,"B",-2.10262805181055,0.351915428640641,1
1,"A",2.85558112695198,-0.0165566659234522,1
0,"A",-0.0193548644404701,-1.16112236105989,1
0,"B",0.0121630506162597,-0.112719811754889,0
0,"A",0.358003651524407,0.0471524883676072,1
1,"A",0.840646861383625,0.197954746104393,1
1,"A",0.202767257507614,-1.4369399947404,0
1,"A",0.738922681282627,1.71874415135243,0
0,"A",-0.351625863114285,-2.63789642589118,1
1,"B",-0.983133054120177,0.278434530489234,1
1,"B",-0.125805956780418,0.196832243820388,0
0,"B",0.258756930309972,-1.49157878370912,0
0,"A",-1.65288810776748,-1.3052857545553,1
1,"A",0.520234185672846,-1.82447047947173,1
0,"A",-0.425052346643727,0.627833170088293,1
0,"B",0.833836212724201,-0.402033972338411,1
1,"B",0.132530315136211,-0.489446388883726,1
0,"A",1.06617455738427,-0.493424614194966,0
1,"B",-0.741824892552358,0.0501592843504912,1
0,"A",-0.204571990113785,-0.209379385443199,1
1,"B",-0.475752991877352,1.82364043752887,1
1,"B",0.266807368410107,0.654335338746709,0
0,"A",0.842834903262129,-0.836877777886094,1
1,"B",0.431962525579746,2.34801310774554,1
1,"A",0.0395548101842988,-2.4654954085431,0
1,"B",0.730597600312934,-0.435537477477445,1
1,"B",-1.51506078610078,-0.135631486570028,0
0,"A",-0.211327691622833,-1.39393290476882,1
1,"A",0.59256829174139,-2.20025144286488,1
1,"A",0.927436432236419,0.0915189342907494,0
0,"A",-1.24842166829241,0.00285638055643045,1
1,"B",-1.81450014298032,1.7491819881681,1
0,"B",-1.51092002209503,0.353525954044686,1
0,"A",0.908274388442673,-0.633303590652277,1
1,"A",-1.13100977676125,0.356296198558687,0
0,"B",0.285946109920285,-0.870893308149468,0
0,"B",0.200802399916481,0.20998379342363,0
1,"B",-0.47103814720293,-0.383998287382462,1
1,"A",0.548579773664415,0.23331572463753,0
0,"A",0.800409548320342,-1.06185070156981,1
0,"B",0.624091833046749,0.657882258790909,1
0,"A",0.803012875602942,0.15669057192331,0
1,"A",1.35089198042176,0.246941536294055,0
1,"B",-1.66558185442035,0.880780883537935,0
0,"B",-1.00647286722495,0.792919949413235,0
1,"B",0.957352541764864,0.982247687149741,1
0,"A",-2.08635334419294,-1.42368585076707,1
0,"B",-2.31557057006954,-0.410688276748892,1
0,"B",-1.42107340260281,0.12159208998967,1
1,"A",0.193028503709433,0.629252590524625,1
0,"B",-1.00850504609124,1.62919608003478,1
0,"B",-0.576055343354513,-0.0483239634662072,1
0,"A",-0.291838810742295,-0.921523866712086,0
0,"B",-2.07315252249735,-0.117593751507955,0
1,"A",0.816645566526911,-0.0632232638424984,1
0,"A",-0.432447883320518,-1.41951823299677,1
0,"A",-2.46908891252918,-2.10526505221341,1
1,"B",-0.0856604062224941,1.34875048925795,0
1,"B",-1.27119862317382,1.10361717473706,0
1,"B",1.03559753629972,1.016476991426,0
0,"B",-0.35955381836963,0.289617693940131,0
0,"B",-1.12320930199998,-0.403096554586983,1
0,"A",0.193119190411888,-0.191133228954934,1
0,"B",-0.970738218147007,-1.48526408638388,1
0,"A",1.15719887752084,0.686273045525451,0
1,"A",0.610230747308345,-0.972400530975575,1
1,"B",0.913814751633794,1.14917101132421,1
1,"B",-1.80746818200054,0.0289023090382768,0
1,"A",-1.21649276539697,1.73227496352745,0
0,"B",-1.1072408472772,-0.708760940014976,0
0,"B",0.458044448602625,0.775334153987088,0
1,"B",-0.258101939949085,1.1723297069415,0
0,"A",0.688386610126399,-0.361001957325405,0
1,"A",0.0771120540538906,-1.21732996674249,0
0,"B",-0.327041946167858,-1.11489402859294,1
0,"A",1.43609974191393,-0.315810899001384,0
0,"A",0.133522976892384,-0.765278509177281,1
0,"B",-0.243769947573691,-1.19929901851804,1
1,"B",-1.55120864572132,-0.450676452889474,1
0,"B",-1.88453925980076,1.55457945722636,0
0,"A",1.35124856356917,-0.760538937934072,1
1,"A",0.234134816251864,0.374840239931759,0
1,"A",0.388167817614875,-0.862372497836508,1
1,"B",-0.204393343875326,0.847635573369825,0
0,"B",-0.774036224962933,-0.968476407020303,1
0,"A",1.66033551663482,-1.89285629817825,0
0,"B",-1.79252229012172,0.035876600869931,1
1,"B",-1.60853278211391,2.26392183671502,0
0,"B",0.206402032935287,1.22947427451781,0
1,"A",-1.08019177192281,0.633856107983365,1
0,"A",0.505143065008164,-2.76228763318346,0
1,"B",-1.09648598511966,1.51968615343124,1
0,"B",-2.13422997823848,1.05063230418686,1
1,"B",-0.722236570526257,0.357397852296053,0
1,"B",1.13920785276499,-0.253369326419116,0
0,"A",0.761049172211181,-1.74787964465038,0
1,"B",-1.37447787103277,0.595245533003872,1
1,"A",1.04743381472408,-1.06622668141976,1
1,"B",0.0517293028220219,0.289502823592287,1
0,"B",-1.24245672069849,0.096032429089025,0
0,"A",-0.108365995704385,-0.0457508863728079,1
0,"B",-0.499844318402033,-1.08928927234491,0
1,"B",0.783813505603453,0.248320401402653,1
1,"A",0.277990439272004,1.1241920135842,0
1,"A",0.202211531363752,1.45604164436899,1
0,"A",-1.71157034354156,-0.238079217068031,0
1,"B",-0.265214228471519,1.03304583882239,1
0,"A",1.45483710674649,1.87243496617528,1
1,"A",-0.227060903172051,-0.483506823751852,0
1,"A",0.604108405308528,-0.0961225346992525,0
1,"B",0.473860916547359,0.250253579426867,1
1,"A",-0.0871353537583056,-0.380006405371222,1
0,"B",-1.56872109915645,-1.2026085305196,1
0,"B",-0.28086241992727,0.769648857987031,0
0,"A",-0.0691968827115349,0.90966718906226,1
0,"B",0.0464158169764526,-1.56945163217002,0
1,"A",0.636805757422472,0.0685655839801442,1
0,"A",-0.917385360083009,-1.07061482680365,1
0,"A",-0.582672477626274,-1.59564215191031,1
0,"A",-0.890090771648498,1.4533633962034,0
0,"B",-1.9132635297535,0.302476745138636,0
0,"B",-1.00467581167344,-2.17422454184026,1
1,"A",0.377389609052011,-1.0916086340543,1
0,"A",-2.13898824183962,0.597151819820077,0
1,"A",2.19595366273068,0.892707240775623,1
0,"B",-1.89613067292605,0.518286820135535,0
0,"B",-0.0572866681873593,-1.41956526298036,0
0,"A",-0.399236003507261,-1.26555331354159,1
1,"A",2.64905620825732,-1.44619234242541,1
1,"A",0.111837300374833,1.90766603286808,1
0,"B",0.518137389714672,-0.552966372251822,0
1,"A",3.43713820576887,0.869411557512327,1
0,"A",0.606584907790116,0.793219582246455,1
0,"A",-0.0856196398011803,-1.75346368258999,0
0,"B",-2.10127020493048,2.09383643863323,1
0,"B",-0.149937267410218,1.04243160204841,0
1,"A",1.54893859097586,-1.11496183158431,0
1,"B",-0.474492210398976,-1.82151021065591,1
1,"A",-0.373105523182735,-1.28210178969324,1
1,"B",-0.811969515188922,0.200337593055529,1
0,"B",0.296185748843261,-1.542135466999,0
1,"B",0.373659642148926,1.7678664859935,0
0,"A",-0.543770720502028,-1.24356999305999,0
0,"B",-0.625374495531642,0.272466751411337,1
0,"A",0.768036844262249,-1.56442835743976,1
1,"A",1.71314411534875,0.731665886775453,1
1,"A",-0.655045836473598,-0.453250973696323,0
0,"A",0.229998662128646,-1.07219308941492,0
1,"A",0.381996689760747,-1.55828403445152,1
0,"B",-2.64961202959549,0.128285563159682,1
1,"B",-0.626556308371189,0.281427886573583,1
0,"B",-1.60369813217263,-0.321659764012746,0
0,"A",-0.510197336859306,-0.568109505720117,0
0,"B",0.0393560983283547,-0.332517451368537,0
1,"A",0.943970213321851,-0.311318588617327,1
0,"B",-0.170707385864073,-2.46283300747863,1
1,"A",0.980700897112727,0.126702174973724,1
0,"B",-1.79380253474391,-1.01306029415816,0
0,"A",0.153977459298637,-0.10278294661909,0
1,"A",-0.334006797998793,-1.65263414821891,1
1,"B",0.394009137835165,1.89290853054208,0
1,"A",1.17997620174945,-1.14912551139994,1
1,"A",-0.247443908883281,-1.60146720252644,1
1,"B",-0.967540329497787,1.30984912126027,1
0,"B",-1.52393102621033,-0.0824855148123003,0
0,"B",-1.94350215139909,-0.0301811298930676,0
0,"B",-0.4400851512595,0.43092604633786,1
0,"A",-1.02869200632303,1.39454991283772,0
1,"B",0.557367104460823,0.122948090062416,1
0,"A",-0.050554352531084,-2.61342378483021,1
0,"B",-0.289207133917802,0.174717610413238,0
1,"A",0.531365505014995,-0.863058499572694,0
0,"A",0.831448101645281,-2.21225949860345,1
0,"A",-1.67862142400063,-2.61346184669705,0
0,"B",-2.23197219661277,0.324031841158777,0
0,"B",-0.416919831524903,0.883836203020072,0
0,"B",1.05446000861748,-0.777786794336754,0
1,"A",1.58473008344682,0.776840517604627,1
0,"A",-0.0588821854595481,-1.18792774795821,1
0,"A",-1.4181830440561,-1.43477804070908,0
0,"B",-0.723281353499304,-0.290771771531325,0
0,"A",0.557637182951041,-0.966565338882918,0
1,"A",0.384621445638718,-1.59497974742995,1
0,"A",0.550603918184648,-1.13365301241635,0
0,"A",-0.296197528776389,0.661852530300649,1
0,"A",-0.754168178448648,-1.73142307107044,1
1,"A",1.01972178844814,-1.19448894484726,1
0,"A",1.10488500629403,-1.1079198468411,1
1,"B",0.0877170381632754,0.679606945645866,1
1,"B",0.628095468952987,-2.16952917279401,0
1,"A",-0.390195989324576,-1.0572356890868,0
1,"B",-1.16609354119111,0.693553577783355,0
1,"B",-0.543638782124503,2.39886558018791,0
0,"B",1.48788657641688,1.55634636322902,0
1,"B",-1.23915577831156,0.808227456262284,1
1,"A",1.04223098802797,-0.775042981662067,1
0,"A",0.418026610254923,1.0975182427429,0
0,"A",0.842020659747235,-2.8813183381058,0
0,"B",-0.979604623581622,-1.32556253670422,0
1,"A",0.150809228467966,-2.27001058239671,1
1,"A",0.111329901021602,-0.139488316687697,1
0,"B",-0.343766414527614,-2.01782788602913,0
0,"B",-1.61249362323247,1.51741310390259,0
1,"A",0.169532433424303,-0.398482090502572,0
1,"A",2.50456818229302,0.383046618220553,1
1,"A",0.663247577010133,0.733578975406136,0
0,"A",-0.611259594741249,0.138954314787872,0
0,"A",0.0383748181875075,-0.319108387384422,1
0,"B",-2.46560741448858,-2.18185112501525,1
0,"A",0.751408697469567,-1.52752693883805,0
0,"B",-0.739808203225213,-0.744802264708091,0
0,"B",-0.986489150856118,1.10576548418691,1
0,"A",0.0310201162219045,-0.0372836547793859,1
1,"B",-0.537874726552828,0.283149188424989,1
0,"A",0.467438342817942,-0.906052393302821,0
1,"B",0.511917355939122,1.05611191606934,1
0,"B",-1.82020447522065,0.30764631749106,1
1,"A",-0.510721682152218,1.14992482811177,1
1,"B",0.0204377737760744,0.398294902546915,1
0,"B",-0.419359273017106,-0.26480201889984,1
0,"B",0.0505843517653242,-1.47265927873006,0
1,"B",0.954267346882624,0.259506662790626,0
1,"B",-0.696704775534738,-0.119572684639978,1
1,"B",-0.673867341467471,0.703560312802789,0
0,"B",0.592179769645274,-1.08760602813715,0
1,"B",-0.31846054271942,0.637671754102095,1
1,"B",1.46335668194612,-0.429313199089049,0
1,"B",0.99803921371499,-0.674963795400481,0
1,"A",0.573528084183466,-1.05967114090676,0
0,"B",-0.599776185674893,1.61437299884574,0
1,"A",1.57624179893337,-1.33995106005944,1
1,"B",-1.74504434465011,1.62108378905361,0
0,"B",-0.627291822406319,-0.245488881634633,0
1,"A",-0.347551513257982,0.819243944060273,1
0,"A",-1.39926283802931,-0.00603439744756729,0
0,"B",-0.576139839609836,1.43975552798296,1
0,"A",-1.29893199958845,-1.18766308988,0
1,"B",1.0670850122358,0.294546557128248,0
1,"B",0.377359804086734,-0.252763585858276,1
0,"A",0.79333548097183,-0.957895388407436,1
1,"B",0.248214385824415,1.31698895060013,1
0,"A",-0.363118692878754,-0.810301962828415,0
0,"B",0.193398208101593,0.401596816650023,1
1,"B",-0.913806766558467,0.838738471727548,1
0,"B",-1.32576163921159,1.8523961480194,0
1,"B",0.0663501246709031,-0.697678155344828,1
0,"B",-2.5248599359353,-1.48150275586671,1
0,"A",1.5242021122221,0.164452212595146,0
0,"A",-1.34051725463072,0.991489655645521,0
1,"A",2.69528663828891,-0.853231832961832,1
0,"B",0.0825872907385335,1.20152741116132,0
0,"B",-0.608058574884116,-0.830537187973551,0
0,"B",-0.218475933983726,0.184516701512317,0
0,"A",-0.692325690568079,-3.17248303158265,0
1,"A",1.99941981209262,-1.29000248890308,1
1,"B",0.105134272647499,0.596065261591522,0
1,"A",2.13718655727207,-0.121555677802331,1
0,"B",-1.84679232375045,-0.718278101324855,1
0,"B",-1.19714837927178,-1.87285493536397,0
1,"A",0.288229919361692,-0.763250996527717,0
1,"B",1.09013029117067,0.122929666985106,0
0,"B",-0.245826240926539,1.04035395397579,1
0,"A",1.11488083867786,-0.985634333344381,1
0,"A",1.46692306429445,-2.75277792860423,0
0,"A",-0.550436780900763,-0.858107966297049,1
1,"A",-0.209237115348143,0.838076375061292,1
0,"A",-0.375103359380487,-1.49742834932893,0
1,"B",-2.09660268823148,-0.155944439619009,1
1,"B",0.842067957823695,0.216266469093839,0
0,"B",-0.252672999094234,-0.503219940191068,0
0,"A",-0.887125845003575,-0.967933590302399,0
1,"A",0.798104723567734,-1.41196257231032,1
0,"A",0.689224332408388,-1.47687663108334,0
0,"B",-1.45088477106697,0.705335676925719,0
1,"A",0.107604361855428,0.210121183989486,1
1,"B",-0.0190053522319256,0.142339805814358,1
1,"B",0.882148114060186,-0.206464301783365,0
0,"B",-1.89219360553212,-1.33264735887034,0
1,"B",-0.894432988253546,2.27655844055743,0
1,"B",-0.50088825753226,-0.95427074216316,0
0,"B",-0.198205807424057,-1.37798079508289,1
1,"B",0.422678458523466,1.58553795049119,1
0,"B",0.722408880049472,0.403976850651597,0
1,"A",0.210731020349887,-0.732747066257007,1
1,"B",-0.910320108192209,0.766107467464513,1
0,"B",-0.0790511121449214,-1.00247646731285,1
1,"B",-0.362532232199223,0.319996065816491,0
0,"A",0.447385605578718,-2.17291063421032,1
1,"A",-0.591599248302429,1.18562006173261,0
0,"A",2.00333646703533,-2.44041123523626,0
0,"B",-0.195322834069119,-0.397252194812443,1
1,"A",-0.205152665978695,2.04245397282062,1
0,"B",0.173887949094919,-1.77080182662373,0
0,"B",0.28696972854726,0.0642310686992815,0
1,"B",-1.17506533748471,-0.674764653628465,1
0,"A",0.187787438984241,-1.79005559618416,1
0,"B",0.00339186560480353,-1.52455843318037,0
0,"A",1.04089113598597,-1.35750133376739,1
0,"B",-1.53264849073755,0.904485718197211,0
0,"A",0.353842074168735,0.0265705766206442,0
0,"B",-1.1842142549737,0.614030828586221,0
0,"B",-0.410540136071245,-0.264068917648559,0
0,"B",-1.24045492993368,2.10264373373499,0
0,"A",-0.0660987890084382,-0.940514620014606,1
1,"B",0.135472623741914,-1.75900992964695,1
0,"B",1.46254303548942,0.891356414566534,1
1,"B",-0.133199039494935,-1.603707030087,0
1,"A",2.90828690939202,0.127862960252826,1
0,"A",-0.832778538689955,-2.65025680907524,0
1,"B",-1.33100315856758,-0.409954985749043,0
1,"A",0.730179713087741,-0.603553509224777,1
0,"A",-0.346679245470005,0.249719772051713,0
1,"B",-1.10023426352487,-0.396894965043708,1
0,"B",-0.933553315620288,0.502600383682032,1
0,"A",0.0511854336411348,-0.134277430297175,0
1,"A",1.48662362515333,0.311549455527676,1
1,"B",-0.691509536812637,-0.316765998719427,1
1,"B",-0.977910366933911,0.106874016456352,0
1,"B",0.199672759713253,0.019309104394044,1
1,"B",0.0997312828739255,-1.54812362357822,1
0,"A",-0.975087644954167,-0.405428958035232,0
1,"B",-0.633393384029122,0.852850876683678,1
1,"B",-1.03559457118034,-1.40646779539794,0
1,"B",-0.057905187121578,-0.292329359679859,0
1,"A",0.213968455338351,-0.413706675001014,1
0,"B",0.100490871858991,-0.937923621277508,0
0,"A",1.13011446455305,-0.359898294313336,1
1,"A",0.393228749605327,-0.181855656214245,1
0,"A",-0.673078481414408,-0.317242985430369,1
1,"B",1.06037829800523,-0.32804344831891,1
1,"B",0.420085501086434,-0.57311337947511,0
0,"A",0.512405751176275,-0.54614558942756,1
1,"B",0.359890517028724,1.05931437114295,0
1,"A",-0.878116166082023,-0.376319577894253,0
1,"A",0.200223122227015,0.102401513565573,1
0,"B",-0.788992761312814,-1.76774415552211,0
1,"B",0.53476905149321,0.969164826334983,1
1,"B",0.15606099634762,-0.0835714123093673,0
1,"A",0.718281290565332,0.069671528788096,1
0,"A",0.763663776874432,-0.169390095533319,0
0,"A",1.24872672151305,-1.94282784963387,1
0,"A",-0.789782536542623,-0.408606229066005,1
0,"A",2.10013147459969,-0.120296054274409,0
1,"B",0.890800879822076,-0.312907636522762,1
0,"A",0.603976111846234,-1.37183898940496,0
1,"A",0.565137814190653,-0.406662911051728,1
0,"A",0.771773314229282,0.0363913178684425,1
1,"B",-0.795189901203673,0.53554355988737,1
1,"A",-0.322751359547259,-0.118070360078409,1
1,"B",-1.08155925469325,-0.727553634577167,1
1,"B",1.53253766811,-0.0204431105206208,1
0,"B",-1.44977692457073,-1.10550252068609,0
1,"A",0.246177798921988,-0.116256901349077,0
1,"B",-1.17592695390127,0.508235314836418,1
0,"A",-0.0632319421839442,-0.341416006729721,0
1,"B",-1.11448826672351,-1.31094217396413,1
0,"A",-0.122047763725365,-1.92738574852527,0
1,"A",-0.17131131530612,0.0198927242143091,1
0,"B",-1.60747149752961,1.28995951594719,1
0,"B",0.185728469655899,-0.0495459001452083,1
1,"A",1.10571994934464,-0.245650100139116,1
1,"B",0.0490898916364783,0.195548970682667,0
0,"B",0.132450704377574,1.07723193214432,0
1,"A",-1.16025663547225,0.3967481678391,1
1,"B",-1.59446512662909,-0.129295473613631,1
1,"A",0.25027588664089,-0.811583610761444,1
0,"A",-0.0627566869773839,-1.19083853962182,0
0,"B",-1.53529716304105,1.46925096378193,1
1,"B",-0.78460213358329,-0.284856089581458,1
1,"A",-0.0123462300208609,-1.74543409184813,1
1,"B",-0.516481414802856,1.48967320671496,0
1,"A",-0.00445691816291216,-1.05496256199028,1
1,"A",-0.196830633604582,-0.819228744157513,1
0,"B",-0.678186913929927,0.170740600229718,0
0,"B",-0.105400212165665,1.93507402464849,0
1,"B",-0.805697416938728,-1.82441607294966,1
1,"A",-0.921893097263521,-0.971101182152067,1
0,"B",-0.556089910127206,-1.6499692039517,1
0,"B",-1.10229692193562,0.160731874342886,1
1,"A",1.34466512174128,-1.18766547534133,1
1,"A",0.240131768219349,-0.15111669948087,0
1,"A",0.842488957467333,-0.990356684308622,1
1,"A",-0.0751634708075617,-1.10925617539118,0
1,"A",0.926376823557772,-0.533567708524462,1
0,"A",-0.543042978882276,-0.00441925609074628,0
1,"A",3.34593489967875,1.27220204250907,0
1,"B",-0.681130180856602,0.00785386767137375,0
1,"B",0.166736995006106,-1.05248281217769,1
0,"B",-0.32206836771337,-0.356466744318477,0
0,"B",-2.06168277240995,0.808851916521649,1
0,"B",-1.54405477127134,-1.04557396873654,1
0,"B",-2.57535561654805,0.863963428791014,1
1,"A",1.85591213187617,0.0120122402382168,1
0,"B",-0.687021982373203,0.712202839215393,1
0,"B",-2.98822071528029,-0.529920940303225,0
0,"B",-0.530027012634812,0.351245318946711,1
1,"B",-2.3766982002801,-0.982194309038937,1
0,"A",1.74900270498033,-1.23918939565983,1
0,"B",0.341805613167693,0.828632985713639,0
0,"B",-1.33260929331974,1.10840116030079,0
0,"B",-0.466730346336696,0.125435993687999,0
1,"B",0.579328396871408,0.00598886296375131,0
1,"A",0.59014503198461,0.834363497506895,1
0,"B",-1.33375893594839,0.81511242084017,0
1,"B",-1.15198690243102,-0.219130079010681,0
1,"B",0.315310642488381,0.00715623544221827,1
0,"A",1.12386320758502,-2.31761575475191,1
0,"A",-0.914874123426525,-0.974858183932117,0
0,"A",0.375353387900566,0.182187876786005,0
0,"A",-0.921781514641576,-0.826322698960533,1
0,"B",-1.27754436984544,0.617016549951589,0
1,"B",-0.436960760559467,0.0595282546859461,0
0,"B",-2.8183149966285,-0.58889903645763,1
0,"A",0.903415595207702,-0.59532611310092,0
1,"B",0.0745125466758403,-0.38304930970203,1
1,"A",1.80031594108463,-0.811301364279367,0
1,"A",0.399868649249277,-0.710923204976667,1
0,"A",-0.919344642466761,0.0522554989620513,0
0,"A",0.145771716988498,-1.96218957997801,1
1,"B",0.477675882891628,-0.646844286764408,1
1,"A",2.1455646615351,-0.688577499126634,0
0,"B",-0.867018798898034,0.845969700245865,0
1,"B",-0.638786226965665,0.212553112236221,0
0,"A",0.384018022720704,-1.50698013340605,1
1,"B",0.043022976082545,-0.173272217969082,0
1,"B",-1.58814042503027,0.310577433436739,1
0,"A",-0.485241363405912,-2.02333318889013,1
1,"B",-1.84674552954226,-0.216995234286605,1
1,"A",0.512815358423133,-0.450319626169188,0
0,"B",-1.17949950347985,0.501873846188304,0
1,"A",0.542035523098771,0.39912710675994,0
1,"A",1.37104441525432,-0.903773770065058,0
0,"B",-2.58731368116684,-0.187620085419708,1
1,"B",0.413954321427804,-0.0629384600031879,0
0,"B",-0.0624299281929467,-0.781475337949651,1
0,"A",-0.191543663106726,0.183559650441691,1
1,"B",-0.54683840123942,-0.212182655052055,1
1,"A",0.101202131904347,-1.25139949424483,0
1,"B",0.26779749524615,0.737728950296622,0
1,"B",1.29593083340943,1.36432488615865,1
1,"B",-1.61944024053657,-0.461441617979871,1
1,"B",-1.05208862702634,0.107846286830563,0
1,"B",0.450439904567518,1.03083001643564,0
1,"B",0.201677909351889,-0.578245109424474,1
1,"A",1.56544912503951,-0.566243262498821,1
0,"B",1.07786984892224,0.105619292798177,0
0,"A",-0.567589000756039,0.575501338407819,1
1,"B",1.51335144497664,2.01355757399069,0
0,"B",-0.943567642028874,-0.624046530744454,1
0,"B",-1.23076957308243,-0.426983020741594,1
0,"A",0.906562162596576,-0.0364577428537048,1
1,"B",-1.08667064437268,-0.673052389497765,0
1,"B",-0.531214226770833,0.846320198182572,1
1,"B",1.3459821438243,1.36438205145437,1
1,"B",-0.891952962680144,0.440037821794447,0
1,"B",0.132119319796962,-0.214841928620198,0
0,"A",-0.0543557264010684,-1.06921121083236,0
1,"B",-1.35475580073672,1.13730618766012,0
0,"B",-0.612042070171318,-1.039503613421,1
1,"A",0.264561521270243,0.354398798175905,1
0,"B",-0.839636517377019,0.4818895399312,1
0,"B",-0.555842084651002,-0.618897126876057,0
1,"B",-0.946239138552784,-0.560875286743272,1
1,"A",0.928976370237336,2.1420497724565,0
0,"B",-1.35587546314923,0.675273092275946,1
1,"A",-0.0305137015123255,-1.29731652052808,0
1,"A",2.35198850937536,0.751872131810704,0
0,"A",1.18768654001976,-2.08163834090325,0
1,"A",-0.67376437818397,-1.28327678018533,1
0,"A",-1.85717717123194,-0.864177902747441,0
0,"B",-1.10330892978903,-0.677776779070929,0
1,"A",-0.347542549895223,-1.93374398118455,0
1,"A",-0.0719043950405838,1.62999845006677,1
1,"A",0.535345277374486,-0.27422702671635,1
0,"B",-1.41548929982055,-1.14440695801588,0
1,"B",-1.10932348796703,0.0153241034530677,0
1,"B",-0.00929277807401091,0.405114652148481,1
1,"B",0.273817196214461,2.55010972543093,1
1,"B",0.436380441614896,0.912748326522951,0
0,"A",1.03957201909911,-2.90019337067268,0
0,"A",-0.271189039052756,-2.45898629361003,0
0,"B",0.112909634903022,-0.0196172882388014,0
0,"B",-2.50135962044173,-1.17283406335799,0
1,"A",2.44926885553344,0.883649943494432,1
0,"B",-0.29167260072799,0.145110347884021,1
1,"A",0.0656221021449811,1.13147480429537,0
0,"B",0.904367425387643,-0.723816376359027,0
0,"B",0.536597417545665,1.48778289701096,1
1,"B",-0.599083554260075,2.41084792944352,0
0,"A",0.00352802956069309,1.26399464606791,0
0,"B",-2.06783717671901,0.802005658238899,0
0,"A",-0.187903210759456,-1.37828276657047,0
1,"B",-0.0994518569414685,-0.138507027606793,1
1,"B",-0.57297009423076,2.34855259257903,1
1,"B",-0.801726723358124,0.515495316680933,1
0,"A",-0.230425144597473,-1.23722671435147,0
0,"A",0.0989981174794583,-1.67803222850981,1
0,"A",-1.58862357822731,0.165463157098992,1
0,"B",-0.81480421565748,0.671538809033877,1
1,"A",1.09575212674749,-0.720505266576686,1
1,"B",-1.59997341615398,1.20304799614193,1
0,"B",-1.72537319258324,-0.639848484708785,1
1,"B",-1.38418760192104,0.116220922112828,1
0,"B",-1.8584222045568,-0.106977760068069,0
1,"B",-0.745915990034669,0.143430265468506,1
0,"A",0.0422102933126581,-1.03516556406248,1
0,"B",-1.46243602337862,0.163056305860593,0
0,"B",-2.20905170670478,-0.158745998709638,0
0,"B",-0.313181309335424,-0.0988604382132127,0
0,"B",-0.720432114716971,-0.553932986201533,0
0,"B",1.2381838082308,-0.263919097668254,0
1,"B",0.468416481050105,0.0156446586118766,1
0,"B",-1.7487112567979,-0.551551057151109,1
0,"B",-0.732474670436954,-1.50447891942211,0
1,"B",0.580123471450245,-1.02295862164858,1
1,"A",2.4341912166311,-2.88017957730191,1
0,"A",-0.343664388783974,-0.0523972475991727,0
1,"A",-0.127339014887707,1.24044317736166,1
1,"B",0.135420735192841,-0.293615117454836,0
1,"A",1.50520679299104,-0.238421827404178,1
1,"B",-1.60234447140872,1.38686238044763,1
0,"B",-0.861748121692628,-0.852236041132818,1
0,"A",0.0881879252557854,-1.32275402479873,0
0,"B",-1.3076437273981,-0.926578082011318,1
1,"B",-0.43166117257215,0.060182243468716,0
0,"A",0.20856536381886,-0.307707007076298,0
0,"B",-0.771084733055072,0.583031351464834,0
1,"B",0.370343047666093,0.196660007985298,1
1,"B",-0.850456467779129,0.0343407700829316,1
0,"A",-1.03342890206968,-1.24160766674963,1
0,"A",-0.0954276241628374,-1.07040507698566,0
1,"B",0.926721638698423,-0.175273693452706,1
1,"B",0.852355543898424,2.31991685965928,0
1,"A",0.179349630435207,-0.557363449121976,1
1,"B",-0.596142317002753,-0.691642060083826,1
1,"A",1.36514283637319,-0.0860262168645412,0
1,"A",-0.140443207479584,-0.672482925417048,0
1,"B",-0.120258431397132,0.918209737479328,0
0,"B",-1.53911715830899,1.28973362796128,0
0,"A",-1.98245810697473,-0.137793412041827,1
1,"A",0.60184352041538,0.937750122624133,0
1,"A",0.144385963496714,1.60971394848439,1
1,"A",-0.454814827418149,0.12661367518019,0
0,"A",0.0995381543000429,1.20131249909468,1
0,"A",-0.585550043022795,1.26473705656743,0
0,"B",-1.82081335489243,-0.668678716840464,1
1,"B",-1.17742345885064,-0.731864926399042,1
0,"A",-0.0377398833054362,-0.455862538001375,0
0,"A",-0.61552578016318,0.546064634586043,1
0,"B",-0.749463070532596,1.01217176695379,0
1,"B",0.698171477099645,2.17756628558112,0
1,"A",-0.333420026249271,-0.488532885318489,0
0,"A",0.699653985816015,-1.00841423288367,0
0,"A",-1.54989754314121,-0.843469357560777,1
1,"A",0.357160092236181,0.935031194839581,1
0,"A",-2.16003448250826,-1.11622501058046,0
1,"A",0.877594972435733,0.496727321004479,0
0,"A",-0.929179847724046,-1.49226909702889,0
0,"B",-1.42249255323185,-1.05905593292055,1
0,"A",1.51063882742343,-1.98881789656216,0
0,"A",-2.27771512755285,0.063388779809228,0
1,"B",0.672489594272402,1.21412153983289,1
1,"B",0.625155545873324,1.0885790789627,1
1,"A",-0.523311742663302,0.0118033461767499,1
1,"A",1.31105228601879,0.451541644029884,0
0,"A",0.70567146584482,-1.43709242357517,0
1,"B",1.37799971810597,0.551132682585146,1
1,"B",0.0827689027911667,-0.598675149238564,0
1,"A",0.847237175355337,-0.11505837853444,0
0,"A",0.314909770522675,-0.544980897929474,1
0,"A",2.26142261372692,-1.53755412471418,0
1,"A",0.910485690455255,0.411996485324222,1
0,"A",-0.593207937854236,-2.75398677374331,0
0,"B",-0.802699916393761,0.182891184309268,1
0,"A",-0.393447454462248,-0.190984358556704,1
0,"A",-0.0356512793743151,-0.760465990740214,1
1,"B",-0.360694353813644,0.837774514910074,0
1,"B",-0.56589948366757,0.99497703862422,1
1,"A",0.695331289468876,0.489221635181866,1
0,"A",-0.126851208210008,-1.21830935484214,0
1,"A",2.34840292281071,-1.88138733829038,0
1,"B",-0.591622481722079,-0.856567509224197,0
0,"A",0.499153705613839,-1.21701562042729,0
0,"B",-2.1368936210474,0.879670845607607,0
0,"B",-1.12369660793147,-1.07556137711051,1
1,"A",-0.362597128505423,-0.323376187905825,0
1,"A",0.0171374853277994,-0.348110477129041,1
1,"A",1.83415390667958,0.759779486680992,0
1,"A",0.525125986848594,-0.0410377252509747,0
0,"A",0.814473274844744,-0.616594769840646,0
1,"A",1.50211322830876,-0.372268279584257,0
0,"B",-0.903780640117083,-0.457695772464678,0
0,"A",1.51436800637158,0.277390909066115,0
0,"B",-1.29256095226593,-0.31198755632848,0
0,"B",-0.751021183262899,-0.221091800644359,1
0,"A",-1.32499173738812,-0.384532145257511,1
0,"A",-2.43257513963541,0.856540706125385,1
1,"A",0.768964603169108,-1.01069141371828,0
0,"B",-1.98851050022902,0.821250958019734,1
1,"A",1.74108574274974,-0.817388008886048,0
0,"B",0.244794173875768,1.90743368417554,1
0,"B",-0.252083619312178,-1.78552153385785,1
0,"B",-0.947237345737711,0.876301411345732,1
0,"A",-0.659503099578296,-2.14840830029521,0
0,"B",0.99216592152301,-1.0571429531728,1
0,"B",-0.12792637134005,0.760120642136449,0
0,"B",-1.35085597341873,-0.799153803832652,1
0,"A",-0.12145580708046,-1.35551116484986,0
0,"B",0.52055421542454,-0.383208678350367,1
0,"A",0.326036159305245,-1.02427738956083,1
0,"A",0.32924088196371,-0.474618637120057,0
1,"B",0.0700986350117647,-0.440141718145293,0
0,"B",-0.936878160956364,0.547048891943627,0
1,"A",0.70241490002294,1.06079922670313,1
1,"A",0.692328497168582,-0.321068177183075,1
0,"B",-1.17097976494993,-0.501755951650567,1
0,"B",-0.687800064424451,-0.320627403714229,0
1,"B",-2.76342927556152,-0.721006192655822,0
1,"A",1.56692187686454,-0.0201749126513768,0
0,"A",-0.538375396854248,0.817048667073651,1
0,"B",-0.980496013661519,0.999048803927596,1
1,"A",0.697958303124065,-0.226606443113731,1
0,"A",-2.39262968163152,-0.484391974250101,1
0,"B",0.187258761394049,-0.500061926262278,0
1,"B",-0.374295516639103,1.2816937074447,0
0,"A",0.599410272015571,-1.7699805582508,0
1,"A",-0.345004631128713,-0.0203868397703561,0
0,"B",-1.60229895269952,0.928767694519666,0
1,"A",0.196781092065839,-2.24235167333603,0
1,"B",-1.15825892677776,0.634651968373369,1
0,"B",-1.83512591812952,-0.89202942685262,0
1,"A",1.10214913343209,0.163707068145088,1
1,"A",1.50266328894225,-0.111900550632886,1
1,"A",-0.0526636353267084,0.770229784977275,1
1,"B",1.15531482606992,0.0769499084402581,0
1,"A",0.380125172590977,-1.04380230866178,1
1,"A",1.88302607435501,-1.76440973669345,1
0,"B",-1.73556391702286,0.0919558940589272,0
1,"B",1.03709532756527,-1.85508411115506,0
0,"B",0.409180902897879,0.247375331533608,0
0,"A",-0.334465550121336,-0.170197412019277,0
1,"A",1.43538034435628,0.259375040641354,0
0,"A",-0.505199532351923,-2.69787203891741,1
0,"B",-1.2718860622336,0.606832033698056,1
0,"B",-1.95992699981814,0.496270944763085,1
0,"B",-1.16208890254753,0.230861949065984,0
0,"A",-0.28182536993789,0.208513145187048,1
0,"A",0.901712207399855,-1.89370864577445,0
0,"A",-0.0896191211896298,-1.84841096940807,1
1,"A",0.423227680991163,-0.0492977706218027,1
0,"A",3.24280377520995,-0.863854343688183,0
1,"A",1.19755146540637,-0.212301995595154,0
0,"A",-0.576875228849129,-0.315943593147082,1
1,"B",-0.606721992467564,1.61525204808395,1
0,"B",-0.935129363698329,-0.856984808730151,0
1,"A",-0.131605651360537,1.20243029639975,0
0,"B",0.810941931418081,1.74045754059354,1
1,"A",-1.05915844177549,0.442417667787756,1
0,"B",-2.63990228680786,0.909208534623418,0
1,"A",-0.14661495567585,-0.173889917056544,1
1,"B",-0.0313099441284594,1.61874357175117,1
0,"A",0.956684044484425,0.652850677174667,0
1,"B",-0.801926820958946,1.50861792357924,1
1,"A",-1.31581529139347,2.3357522599052,0
1,"A",-0.14519551566562,-1.0486421853892,0
1,"A",-0.219280210964436,-1.41933771501716,0
0,"B",-0.478312860169562,-1.05618693969407,1
1,"B",-0.807002077467479,-0.362337986220447,0
1,"A",0.68632448289503,2.38693904985533,1
1,"A",1.29212996993984,1.24906791550655,0
0,"A",-1.1083387696656,-0.252157449398865,1
0,"A",-1.33059689973062,0.104630424083875,1
1,"A",2.54036431927766,0.410641664419176,1
0,"B",1.55181379410455,0.308219722123051,1
1,"B",-1.0642117894844,0.222343711109261,1
1,"A",-0.670370560249181,-0.381929861417788,1
1,"A",-0.211967836455515,-0.87173202421912,0
0,"B",0.219953943470119,0.805452031517809,0
0,"B",-2.34061858700302,0.744761035274889,1
1,"B",-1.48691712540406,1.16977008704159,0
0,"B",0.704303708185813,0.152792728894166,0
0,"A",-0.184501680433653,-0.0214690709845879,0
0,"B",1.05846773541348,0.367947431567371,1
1,"B",0.0401041453588903,-0.275387309354338,0
1,"A",1.08731359203371,-0.921836383370577,1
1,"A",1.56606412552266,-0.341142648054888,1
0,"A",-1.39502379334085,-0.414204678900745,1
1,"A",0.668417535937877,0.956187355958636,1
1,"B",0.0911767198251425,0.482912668672668,1
0,"B",-0.0758939576729492,0.706140546786672,0
1,"A",-0.170099842094395,0.683975741312857,0
1,"B",-0.106922863882196,0.313578245912108,1
0,"A",0.547879882302581,-1.51359912034919,1
1,"A",-0.574868569877957,-0.0636028886693356,1
0,"B",1.6766856653313,-0.801444828406998,1
1,"A",0.445700015103236,-0.521336169120836,1
0,"B",-0.59057523783914,0.197951696991979,1
0,"B",-1.38466114566139,0.323357021467823,0
1,"A",0.268281916995008,0.6367405992314,0
1,"A",-0.668188304072836,0.0248497441351492,0
1,"A",1.62315757004377,0.105886292280388,1
1,"B",0.186186335251744,-1.73383388081475,1
1,"A",-0.539159471531878,-0.661033041251823,0
0,"A",-0.644019622349504,-1.48872157364397,0
0,"B",0.0583767594427639,1.68570686356637,1
1,"B",-0.576049398407954,0.70251642851453,0
1,"A",0.898155392205357,0.445502913802459,0
1,"A",1.62640637008001,0.358889025365517,1
0,"A",-0.56633549362185,-0.628170843395556,0
0,"B",-0.872391745413367,-1.27901996967488,0
1,"B",-1.48834514115968,0.729116666391144,0
1,"A",0.822517541344843,-0.0196104599675699,1
1,"B",-1.80898178692842,1.77703459297384,1
1,"A",-0.0727998587904697,-0.326763118768119,0
1,"A",0.248042743597862,0.420670782876902,1
0,"A",0.479841372000872,-2.35968760491017,1
1,"A",1.89996290790136,0.999103458534403,1
1,"B",-1.14259679924793,-0.931143445569942,1
1,"A",-0.138074066024174,-1.04516527449881,1
0,"B",-1.73869133401474,1.40608932345219,0
0,"B",0.384916125227353,-0.518486164163819,0
1,"B",0.31909222535668,0.66655525660769,0
0,"B",0.0647650939787237,-1.26008638963598,0
1,"A",0.776397520134133,-2.81641002985765,1
1,"B",0.690591316455531,0.581332538418095,1
0,"A",-0.0768736306063099,-0.910129645478871,1
1,"B",-2.34587791696909,2.39135339178695,1
0,"A",0.0990611271540402,-0.890528149161052,1
0,"B",-1.30953739882308,0.679001481414453,1
0,"B",0.467970499869613,-0.348461328515932,0
0,"B",0.0330033954373412,0.389543256183706,1
0,"A",-0.390651880616758,-0.403653660489411,1
0,"B",0.017950245684477,0.920031853584334,1
1,"A",0.736939486370239,-0.163935247571644,0
0,"A",-0.356368397259368,-2.29047168180492,1
0,"A",0.0250281803791931,0.142678557128508,1
1,"B",0.661884405699871,-0.0629014019248514,1
1,"B",-1.43196076771881,-0.121958512624964,0
0,"A",-0.61021481733169,-0.441682099727255,0
0,"B",0.332546630223962,0.462063348412167,0
1,"B",-0.00665391042323504,0.138171290621014,1
1,"A",2.20086991385171,0.24417409812329,1
0,"B",-1.97043922531224,-0.772410966033549,1
0,"A",0.762258432880366,0.252374533774391,1
0,"A",-1.14343193480524,0.560061249605201,0
1,"A",1.25391721017591,-1.41760189938932,1
1,"B",-0.431721964328425,1.32939040384137,1
1,"A",1.85224220337653,1.00724655330327,1
0,"B",-1.67764781468625,-1.28477729534222,0
1,"A",0.586149539306478,1.77262961938299,1
1,"A",2.3899157136742,0.358911906866865,1
0,"A",-1.25686079046743,-0.637731171868169,1
1,"A",0.527129208204054,0.180129397498776,0
0,"A",0.602998293200983,-0.570841332365969,0
1,"B",-0.416117122860616,0.636578640547064,0
0,"A",-0.277984173150987,-1.50117878453427,1
0,"B",-1.21823295142404,0.0346805089246636,0
0,"A",0.366605668912612,0.275269505483044,1
0,"A",-0.745034497204444,-0.501432170511685,0
1,"B",-0.421893591884686,1.24775991126182,1
1,"A",0.150480047372782,-0.201397505627443,1
0,"B",-0.0617579149894041,0.505464213710195,0
1,"A",-0.0725804946865735,0.701219779198798,0
1,"B",-0.513416654310628,-0.0472912178988453,0
0,"A",0.899036031489326,-0.886580518430393,0
0,"B",-1.79682088620855,0.00670541042338574,0
1,"A",1.00443051881517,-1.09987648031659,0
1,"A",2.63979668685633,0.755599521818925,0
1,"A",0.833077105481215,2.5831087151032,1
0,"B",0.163120336536309,-1.24776236694551,0
1,"A",2.08785469959819,-0.942052658220078,1
1,"B",-2.29345050326569,0.769177646269225,1
1,"B",0.103675659031591,1.75418554538321,0
0,"B",-0.98121157395128,0.156958005486429,1
0,"B",-0.304234654310869,-1.50389651132784,0
1,"B",1.4553877016341,-0.123073344004581,1
0,"A",0.709907062424672,-2.05322011133253,1
0,"B",-3.00901498586996,0.865665061664811,1
0,"A",1.20671401585658,-0.655950077317102,0
0,"B",0.756971482479985,1.2809581500126,0
0,"A",1.22271106001006,-2.40754457025237,0
1,"B",-0.427365801695404,1.72278534639006,0
1,"A",1.04118844927694,-0.513362823654872,1
1,"B",-0.518745251964445,0.335102422578912,0
0,"B",0.413742978441783,1.26414027773973,0
0,"A",1.44851248374206,-1.27910615654242,1
0,"A",-0.170680868949771,0.110936242526681,0
1,"A",1.18169184072889,-0.0945232604136758,0
1,"B",0.430169536181789,-1.15881075407561,0
1,"B",0.782658408874909,1.5357243662162,1
0,"B",-1.09047903248038,0.373970957090569,1
0,"B",-0.713122005582813,1.0445696809424,1
1,"A",-0.727839003398035,0.113534690499748,1
0,"B",-0.53861237590409,1.02071746550268,0
1,"B",-0.570618654558391,-0.0751308685821371,1
0,"B",-1.22076569043045,-0.404729620188214,1
1,"A",1.15667939234749,-1.52695208799144,1
1,"A",-1.33677755267757,-2.21054589406386,0
0,"B",0.809135714837941,-0.864529609244653,0
1,"A",0.670334014288696,1.13301568054051,1
1,"A",0.104325921076378,0.237851976190378,1
0,"A",-1.44660231603849,-0.728017948219545,0
0,"A",0.417577837731246,-1.13173210711134,0
1,"A",0.199097796463794,-0.684853092805726,1
1,"A",1.70874394961543,-0.749205401462608,1
1,"B",-0.650415061233521,1.33292349046699,0
1,"B",0.766415720013282,1.55806452996035,0
0,"B",0.897824404355663,-0.699327983263278,1
1,"A",0.472237587096298,-1.34410223319753,1
0,"B",-1.63389353479675,-0.687945743088567,1
1,"B",-2.49493749310459,0.0165708618962639,1
0,"A",-0.401322083113055,-1.23705382312263,1
1,"A",0.444253290533249,-1.37648767748615,1
0,"B",-1.07592781730801,-0.172478230370319,0
0,"B",-0.583700270055471,-1.43443350525654,1
0,"B",0.564324147798524,-0.309036709418034,0
0,"A",-1.35859668217467,-1.15378286722936,0
1,"B",-1.12660466307761,0.90896780001897,1
0,"A",0.955485653058149,0.555443233860563,0
1,"A",1.04585045857642,0.949844531413238,1
1,"B",0.240831591260079,1.3451408115335,0
0,"A",0.358596657017918,-1.91476115725866,0
0,"A",-1.20693342856687,1.53855530619557,1
0,"B",0.551935545289768,0.107361207601,1
1,"B",-0.13189076031335,0.0908556613251231,1
1,"A",1.14835135549309,0.871971017940255,1
0,"A",0.182899725665926,-1.5482988217571,0
0,"B",-0.946328071194185,0.194050496550355,1
1,"A",-0.210433459403256,0.803243090114436,1
1,"A",0.489523822729085,-0.669706193937905,1
0,"A",-0.925611954368949,-0.089014356488999,1
0,"A",-0.164967402557814,-0.325968269643568,0
0,"B",-1.33190510152553,1.5549026823037,0
1,"B",0.00901162749875095,-0.553729346821033,1
1,"B",0.325769122190113,0.912095188602958,0
1,"A",-0.408098299014166,-0.176280061066302,0
0,"A",0.420637397762568,-2.47253420702128,0
0,"B",-1.72274373516315,0.268389628353079,0
0,"A",-0.331489914580279,1.36383560790561,1
0,"B",-0.616052374303008,0.0978695026056952,0
1,"B",-0.185704850941864,-0.7318756043056,0
0,"B",-0.228793953508049,0.144532108478508,1
1,"A",0.827913905551706,1.11883053283024,0
0,"B",-1.79510784097074,2.29567934987648,0
0,"A",-0.0909531827075866,0.635691597043198,1
0,"B",-1.25657963432645,1.59260450287157,0
0,"B",-1.30647589556765,-1.14809779651812,0
1,"A",-0.733618680363867,0.131389058198299,1
1,"A",-0.0513647377598518,1.3917444093639,1
0,"A",-0.123059934726785,-2.9192606682387,0
1,"B",-1.80572204407755,-0.0641288865803359,0
0,"A",-0.429467825580425,-1.02714910362479,0
0,"A",-0.812503076737334,-0.0358838015126858,1
0,"B",-0.52113318267004,0.23975172654689,1
0,"B",0.203612480067389,-2.8419823732506,1
0,"A",0.781649773628918,-2.39328186313971,1
0,"A",0.842964725048936,0.609269930337788,0
0,"A",-0.934232934692873,-1.82823873877102,1
1,"B",1.42493325105313,-2.22672446108486,0
0,"B",-0.0889146799726608,-1.86548805328733,1
1,"B",1.154826723596,-1.38739132325075,1
0,"A",0.492136438570324,0.858295283157244,0
0,"B",-0.0985746032801211,1.24120051226582,0
1,"B",0.0207131374664529,-0.518083443860038,0
0,"A",-1.47122484389576,1.24231002680072,1
1,"B",-0.14039341011959,-0.511416454665587,1
0,"B",0.0680932551889337,-0.287057345604498,0
0,"A",-0.157873251458764,-0.379828717985834,1
1,"B",1.63363089919864,-0.72453286173025,1
0,"B",0.856575803504015,-1.89221585167245,1
1,"A",0.377052465594724,-0.0208691934296757,1
0,"B",-2.63121574751365,0.639431148192454,1
0,"B",0.82664759996745,-0.741735027337943,0
0,"A",1.34487299439555,-1.70720942514706,0
0,"B",0.284484595248787,0.155126496537091,0
0,"A",-0.188326236534443,-0.781010458457529,1
1,"B",-1.05824642033764,1.23920757095593,0
0,"A",-1.14290560293541,-1.80896658725247,1
1,"B",2.2527282526299,1.43559171693097,0
1,"A",2.41704082493032,-1.75273059706273,0
0,"B",1.15529764280432,-1.5560716747733,1
1,"B",-0.270802420209588,0.35328476087942,1
1,"A",1.54435060260703,0.889922992383039,1
1,"B",1.25202547820471,-0.0912382227684876,1
1,"B",-0.475383108708378,-0.191686442993826,1
1,"B",2.27243163738822,-0.171032708410397,0
0,"B",1.41783192297425,-0.0655083995662676,0
0,"B",1.03815418921598,-0.416123023570596,0
1,"B",-1.8679306982848,-0.218814281022338,1
0,"B",-2.79073332557672,0.512782947093289,0
0,"A",0.360324640484069,0.324378822360213,1
1,"B",-0.910392741474041,2.32344008169598,0
0,"A",-0.520683681164642,-1.92572075396809,1
1,"A",-0.450077589776966,-0.0886192550991217,1
0,"B",0.13910129021379,-0.640495671246079,0
0,"B",-2.44583967433805,1.19997160480077,1
0,"A",-0.345867347779022,-1.79971793027272,1
1,"A",1.70725361659018,0.187268722268618,1
0,"A",0.576554681560381,-2.09577337062632,1
0,"B",-0.646565992386732,0.920771619788115,1
0,"A",0.241587176109309,-0.650552214059408,0
1,"A",1.17082645585724,0.704004400543207,1
1,"B",-0.241584522939898,-0.417039890841732,1
0,"A",0.374012475519073,-1.87232598676587,0
0,"B",-2.33744913044937,0.089930323568604,0
1,"A",-0.275482702493721,-1.2953150837311,1
1,"B",-0.116240434979771,0.816581597059162,1
1,"B",0.957546692723184,0.511865123891107,0
1,"B",0.0525566059020719,3.21715405410871,0
0,"A",0.399536668168911,1.25516158493051,1
1,"A",1.67293719172717,0.894707046224578,1
0,"B",0.659336575009868,0.583053736840518,0
0,"B",-2.37354147909371,-0.324594618558618,1
0,"A",0.241084073997155,-0.717752624747293,0
1,"B",-0.0376136807471753,0.41639801946718,1
0,"B",-1.2062636981237,0.578126744390432,0
1,"B",-1.2849362894974,0.0399614818736569,1
1,"A",1.76843959205129,-1.2255939221984,0
0,"A",0.795196830286735,-0.409748174891201,1
1,"B",-0.661386804957582,-0.183499918047049,1
1,"A",-0.125029850675319,-0.015914867306187,0
1,"B",-0.727786296532946,0.54830242534938,1
1,"B",-1.52667612435117,1.24710323754396,1
1,"B",-0.37848007058341,0.197518921035226,1
0,"A",-1.47574925661987,1.19160001046584,0
0,"A",-0.183509147888712,0.0387330120719478,0
1,"B",0.271356641691136,0.496968604888921,1
0,"B",-2.33018638751545,1.71711077001997,0
1,"B",-0.0168120092529456,-0.2071259373572,1
0,"A",0.73164449272559,-1.7073307927657,0
0,"A",0.303900476431479,-0.95816552239434,0
0,"B",-1.34981018696019,-0.110608126936265,0
1,"B",0.121964714012533,-0.605423322213934,0
1,"A",1.35288617440571,0.708911878653076,1
0,"A",-0.727773319204413,-1.35551092364568,0
0,"A",-1.18655404048728,-1.15411799434272,0
0,"A",0.13063089715638,-0.731579508829894,0
0,"B",-0.790414014061726,-0.538248570399217,1
0,"B",0.218475710991196,-0.372330362053024,0
1,"A",1.50622440177688,-0.66635867219821,1
0,"B",-1.73329852774452,-0.179492027262978,0
1,"B",-0.5051535514864,2.27028448969475,0
0,"A",-0.341237916387956,0.123571582645958,1
0,"A",0.331538807458086,-0.969535393949179,0
1,"B",1.19161533720636,1.43147166156311,0
1,"A",0.16981112311304,-1.34751907863864,1
1,"A",0.821557541604055,1.00520837203002,0
0,"A",-0.740831247967818,0.016368839327099,0
1,"B",-0.181289240700491,0.341656396267311,0
0,"A",0.859416785349512,-0.10627420521749,0
0,"B",0.698505551699599,-0.552996697179975,1
1,"B",1.27826640274085,0.439749025794719,0
0,"A",0.715223167717898,-2.00050011736237,0
1,"A",-0.124696183141403,1.32794107505018,0
0,"B",0.252798757932021,0.197913117165253,1
0,"A",-0.772397887818479,-0.648997748129205,1
0,"A",-0.462680983100115,-1.2355042273709,1
0,"B",-0.592080623251493,1.81254662273933,0
1,"A",-0.466369548243867,-1.45929724200876,0
0,"A",0.424302645750082,-1.14118223068066,1
1,"B",0.256170686466804,-0.0998713770195703,0
0,"A",-0.288569291865699,-0.680717574080742,0
0,"B",-0.321222442527369,0.34453902008584,0
0,"A",-0.390970699185428,-0.292253643727027,0
0,"B",-1.35060969702935,-2.65993581935743,1
0,"B",-0.638194983452486,0.318552901634073,0
0,"B",-2.74471716883254,1.03528751639552,0
0,"A",-1.27423204876551,-1.0625373453141,0
0,"B",0.0612048863244486,-0.227688948356975,1
0,"B",-0.180932851648785,0.251764207686096,0
1,"B",-0.644533292559099,0.914495272050397,0
1,"A",-0.909551889573476,-0.0373685245346044,0
0,"A",1.51644767275617,0.190230644829636,1
0,"B",0.64990307518216,-0.206149758051848,0
0,"B",-0.533333413233139,-0.476704773791171,0
0,"B",-2.19717118338883,-2.33375771892512,1
1,"B",1.13909635154517,0.643152920129415,1
1,"A",-0.490488617502548,0.466723366884596,0
1,"B",0.241516417626699,1.63836293020565,0
0,"A",-0.807249057520129,-1.26134348662465,1
0,"A",-0.732158788126995,-1.23179185130674,1
1,"B",-1.11214234870365,-1.0118921532673,0
1,"A",0.0721992284821837,0.544065211542844,1
0,"B",-0.503565405576381,1.34681127274274,0
0,"A",-1.20229017809134,-1.03637063801124,0
0,"A",-1.45984721342152,-1.82346928454066,0
1,"A",1.46285109535396,0.670056692867646,1
0,"A",1.30834959962326,-0.952111815639824,0
0,"A",-1.71930923171415,-0.970407837196124,1
1,"B",-0.639495259840057,-1.05399372083347,0
1,"A",1.47891759886176,-0.559761744911172,0
1,"A",1.608246561482,-0.501251218262963,1
0,"A",-2.58249025754209,-0.0245542947833784,1
1,"B",-0.0227662633055479,-0.129407708013512,0
1,"B",-0.209942096830111,1.72990347240384,1
1,"B",0.196943835699011,0.798135188028057,0
0,"A",-0.513890819505857,-0.436077707838974,1
0,"B",-0.934516868125251,-0.0336524216456933,1
0,"B",-0.843900521124967,0.698864405114883,0
1,"A",-0.496345122128156,-0.0947683799891563,0
0,"A",-0.230517924034552,-1.90759149834364,0
0,"B",-1.20959442506421,-1.41872277686514,0
0,"A",-0.255831415531637,-1.6692986630793,0
1,"A",0.490293798218785,-4.01436952452486,1
0,"B",-1.33668883467445,1.04389678274723,1
0,"A",-1.02178354896234,-0.342631871750384,1
1,"A",-0.95904119001654,1.44664418136978,1
0,"A",1.45474692901736,-1.55055116128104,1
0,"B",-2.1149008839613,-1.20938472872257,1
0,"B",-0.338673289807507,-1.20642528370949,0
0,"B",-0.95872821272587,-0.333365871359543,1
1,"B",0.551144283136265,0.0252810745493732,0
0,"A",0.0482184552490201,1.19900078940403,0
0,"B",-0.915331608624223,-1.15074385809415,0
0,"A",0.685778690891035,-2.65312239039539,1
0,"A",-0.125714719263186,-0.589675898979276,1
1,"B",0.983093476521626,0.667626478853667,0
1,"B",-0.740780730053293,-1.1859939783966,1
1,"B",-1.86575679532191,-0.821092325496271,1
1,"B",-0.00367797019567556,1.37597270623398,0
1,"A",1.31811925191897,-1.06797283370843,0
1,"A",1.63225771813198,0.707969501074182,1
1,"B",-0.244146288677561,-0.906130865383954,1
1,"B",1.03444545321886,1.73203551619102,0
1,"A",-1.12427821125925,-1.54167052368978,1
1,"A",-0.331194064179233,0.559219312964868,0
0,"B",-0.16717671639077,-0.770637357037052,0
0,"A",1.30418891464135,-1.94705690556208,1
0,"B",-1.42558994417013,-0.996829101271295,0
1,"A",0.717627658063478,0.330311763429435,0
0,"A",-0.908925823302154,-1.23493139589778,1
1,"B",0.265457553226579,1.07199007419086,0
0,"B",0.191791867976198,-1.04583071509962,1
0,"B",-0.289045420177122,-0.520427417951012,1
0,"B",-1.45258515673193,-1.10368755667583,0
0,"B",0.193629696830469,-1.29062960086617,1
0,"B",-1.08530878844529,-0.0447171521379799,0
1,"B",0.604664447859563,-0.380490695329345,0
1,"A",-0.0771074945520768,-0.166511494347417,1
0,"B",-0.484329580713073,0.572837453945226,0
1,"B",-0.754787274167879,1.18243692506935,0
0,"A",0.646653520516813,0.384477063843369,0
1,"B",-0.759648064541832,1.97593882958104,1
0,"B",-0.315830572368828,-0.313943899173967,0
1,"A",0.93413308996545,1.77061374849049,1
1,"B",0.288727751638386,0.728228443051922,1
0,"B",-2.09606627631317,0.874876057421919,0
1,"A",-0.00123365794697378,-1.21081878419787,1
1,"B",2.60168349895598,0.342574836786277,0
1,"A",-1.17540396520722,-1.40550475738877,0
0,"A",1.02473837010388,-0.665636522723266,1
0,"B",-1.07628910930729,-2.09601344881735,0
0,"B",0.0996123135463256,-0.516514543970892,1
1,"A",-0.407976155185631,-0.714939503215303,1
0,"B",-0.406895440992623,-2.30745002036389,1
0,"A",-0.294538249954435,0.763622542717352,0
1,"B",1.24275018840683,-0.787648957060077,1
1,"B",-1.73933400249285,1.06657657070773,0
0,"B",-2.75508088968529,1.58820301740402,0
1,"B",-1.16688486494801,1.67724641474925,0
1,"A",2.31142405656574,0.886628394029719,1
1,"A",-0.231861850310497,-0.235530088890931,0
0,"A",-1.68468637788102,-1.33072182900766,0
0,"B",0.305441655209694,-1.39757432580387,0
1,"B",0.314375339268722,1.16836205515186,0
1,"B",-0.896914784931887,0.847415741989621,0
1,"B",0.0115221114990685,-0.672161009725925,1
0,"A",-0.431742427908703,-1.39909256869977,0
0,"A",2.52617331743513,-1.13057570681679,1
0,"B",-1.37672497077534,0.651480495524697,1
0,"A",0.581337246211263,-0.621718570233923,1
0,"B",0.5888354172697,-0.598134423475609,0
1,"A",0.851780701385042,-0.641332942050594,1
0,"B",-2.10833837065933,1.52479542873807,0
0,"B",-1.51997187026961,-0.198004972733453,1
0,"B",-0.528196735104849,-0.915664996081481,0
0,"A",-0.344978078021312,0.740084546132978,0
0,"B",-1.22536993319652,-0.163598625026532,0
1,"B",-0.692979178497831,-0.0417128913608852,1
1,"A",-0.00402446233965187,-0.687854989511479,0
0,"B",0.136955750328388,0.035062601178414,1
0,"B",-0.163130932884948,1.54403944756233,1
0,"B",-2.31557237460011,1.14470203316949,0
0,"B",-1.40117767455996,-0.390256581248189,1
1,"A",-0.462785263521644,-0.127506672019463,0
0,"A",-1.44918216774673,-1.42090884065768,1
0,"A",-1.10160675408211,-1.77922044818245,0
0,"A",0.918736772241523,-0.28612236864559,1
0,"B",1.07374214783207,-0.769530995413037,0
0,"B",-1.5091186230434,0.376495983326576,0
0,"B",-0.466908875349662,-1.4103062898586,1
0,"B",-1.56109008959844,-0.396895895268184,0
1,"A",2.45090198975759,0.575614640283041,1
1,"B",-0.226124970741432,2.05517595578384,1
1,"B",0.0554367876224146,0.495579297369821,0
0,"A",0.550424633651066,1.06680333119941,0
1,"B",-0.547926109410763,1.2295951378852,1
0,"A",-0.539502786196883,1.00197826770061,0
1,"B",-0.72198829828352,1.80958910797001,0
1,"B",0.539296108172788,1.61694840247666,1
0,"B",2.03728603508118,-2.10082334080265,1
1,"B",-0.0818282969505294,0.967778021360685,0
1,"A",0.114105889877192,0.905968011121362,0
0,"B",-0.74758244681967,-1.34209727643676,0
1,"B",-1.39204194325318,0.975188519307856,0
0,"A",0.440275550330286,-0.939564767027486,0
1,"B",0.147164325081622,-1.20846623197918,1
1,"B",-1.83883478053807,1.3880783833751,1
0,"A",-0.154881620624438,-1.11632815607899,0
0,"A",-1.027700907669,0.0697920657808818,0
1,"A",-1.10095103807603,-0.0568544047178151,0
0,"B",-1.35354472608983,-0.422058516274092,1
0,"B",-0.123428036599375,-0.289880006693254,1
0,"B",-0.657793510109731,-0.628021116294591,1
1,"A",0.529695221275303,0.899669262061184,1
1,"A",-1.17677167526072,-0.105867232254851,1
1,"A",1.07855465023385,-0.312301265131587,0
1,"B",-0.575858142121473,1.87664020765241,0
1,"A",1.70206522310987,-1.852734634266,1
0,"B",-1.84980537465852,-1.54524920183974,1
1,"A",1.77781951538765,-0.112237296066021,1
0,"A",0.355243173293211,-0.247264969267918,0
0,"B",-1.64120895872828,3.107155432613,0
0,"A",-0.187911079195347,-2.09267551545512,1
0,"A",-0.0643741921739557,-1.03321255874476,0
1,"A",0.0833829096580965,-0.364594186009336,1
1,"B",0.230371602037035,0.922027658439435,1
1,"A",1.4846958188604,-0.92162106366369,0
0,"A",-0.380479880679494,-0.121405289649484,1
1,"B",-0.318112404478566,-0.137388375387634,1
1,"B",0.88629196508872,-0.098332269813869,0
1,"A",2.57176964804621,-1.72039471677248,0
0,"A",0.36431262223997,-0.0220471680077755,0
0,"A",0.997613722365674,-1.70166808638446,0
0,"A",1.50717390325943,-1.16648873552174,1
0,"A",0.28510206536137,-0.567601561249097,1
1,"A",0.0200346239712502,-1.05019123111051,0
1,"B",-0.623758935685016,1.92518982872409,1
1,"A",0.292056076276362,1.39958110055804,1
0,"A",1.44236189882433,-0.656632724686307,1
0,"A",0.804282370022618,-1.89753084122227,0
1,"B",-1.82793410395599,3.01277881863909,1
1,"A",2.37638376317271,-0.726130361813609,1
1,"B",0.0932573393700327,0.411568569907141,1
1,"B",-1.08428103539986,0.756590550077527,1
1,"A",-0.676567600230814,0.360051988844726,1
0,"A",-0.261632328337474,-1.45024872228594,0
1,"B",1.14736774353584,0.366947537868538,0
1,"B",1.3529562301973,-0.29832148174922,1
0,"A",-1.09625586593877,-0.501389540136371,0
1,"A",1.1369959082253,-1.00775551655046,0
1,"B",-0.696090372680074,-0.15868340513966,1
1,"A",-0.282200020814472,2.1722076615642,1
0,"A",-0.826665629172096,-0.197634371610547,0
1,"A",1.39869252046647,-0.122586679021309,1
1,"B",-0.623095698106545,1.05215160266873,1
1,"B",0.195698569085132,2.07114499607992,0
1,"B",0.607397857242719,0.114046861169511,1
0,"A",-0.249055518417995,0.417916302959135,1
0,"B",-1.80133227898868,-1.15134605792274,1
0,"B",-1.38258205255031,-0.675490541083933,1
1,"B",-0.941167728025987,1.08463504303066,0
0,"A",-0.595193696407203,-1.50539895742789,1
1,"A",1.19790564281815,-0.41417320176143,0
1,"A",-0.983660103110158,-0.553356238615926,1
1,"A",1.18167575482525,-0.925923902443061,1
0,"A",0.652855586915516,-0.49913419551607,0
1,"A",0.0659467754109354,-2.18326084029421,0
0,"B",-0.719628905172371,0.808575418584818,1
0,"B",0.302766696773912,0.310149196215793,0
0,"B",-1.84851274843552,-0.0823165408339629,0
1,"A",0.601866332411745,-1.20617543868708,1
0,"B",-0.603117301161447,0.867191301653508,0
0,"B",0.166808975083762,-0.261184198785607,1
1,"B",0.581001811799693,1.3176772949158,1
1,"A",0.404679970047805,0.550616244827688,1
1,"B",-2.11813003537385,2.5447618431492,1
1,"A",-0.707980718882431,0.536384517345367,1
1,"A",1.12554749692507,-2.46499039435394,1
0,"B",-0.81658175444616,-0.0795794543053748,1
1,"A",-0.746856757903492,-1.28302445782049,1
1,"B",0.0253412550464795,-1.31204544863694,0
0,"B",1.13156233622913,0.235039226704964,1
0,"B",-2.48944309869683,-0.178702366808576,1
0,"B",-0.682376381882429,0.508826049200768,1
1,"B",0.396000949799513,-0.392271457440426,0
1,"B",-0.429386306464043,0.698027933922633,0
0,"B",-0.529829894382043,-0.861008945370553,1
0,"A",-0.00479093674034864,-1.40243003603057,1
1,"A",-0.508737365044795,-0.549432226913831,1
0,"B",-2.04746296548863,-0.197483312736214,1
0,"A",-2.06797912051756,0.844735493680453,1
0,"A",-0.897754606417834,-0.881105052838125,1
0,"A",0.904092899477846,-0.818523261837134,1
1,"B",1.75484213777645,1.46732219146296,0
0,"B",-0.449465847376899,-0.334406211600027,0
1,"B",-0.941403401131677,1.50018689509672,0
1,"B",0.313743383967599,-0.338390220349709,0
1,"A",0.413966725691855,-0.521609564650482,1
0,"B",-1.73610474602271,0.00754725953469426,1
1,"B",-0.133796111590964,-0.54292470145445,1
1,"A",0.495990988181266,-1.04702177766419,0
0,"A",-2.08992397700874,-1.02580758897127,1
0,"A",-0.403063095925985,0.185595923870598,1
1,"B",-0.147865422287459,-0.519096113051879,1
0,"B",-0.123319663908953,0.462834782324586,0
0,"A",0.390626611212493,-0.264411807485532,1
0,"B",-0.912027907905634,-0.619610337194987,0
1,"A",1.70324945430678,-0.422034197588434,0
1,"B",0.244219936456902,1.16415216686403,1
0,"B",-2.12418111337657,1.3343558973259,1
0,"B",0.156146832405715,1.23097937505909,1
0,"B",-0.489997780017462,-0.57800247550532,0
1,"B",-0.8369231990511,-0.0174274011489933,0
0,"B",-0.696812050082552,1.2150819178571,1
1,"B",-0.837006198961025,1.98565876214794,1
0,"A",-1.00494083838822,0.13425182608248,1
1,"A",-0.430019430288584,-0.25764595444643,1
0,"B",-1.60458285574083,0.363939831534787,0
0,"B",-1.96103019498823,1.11285829740517,1
1,"B",0.00932956419686704,0.397857026750497,1
1,"B",-1.47684596846046,-1.52051177095918,1
1,"B",-1.38397975629408,0.477015127561691,1
1,"B",0.863811295231702,0.569758993240432,0
0,"A",0.666955235783112,-1.53172222942658,1
0,"A",0.435421569428173,-1.50907309594064,1
1,"A",1.54517839267606,1.53511581512142,0
0,"B",-0.505406448672224,0.582468899042099,0
1,"B",-1.91638826929542,1.38785835005457,1
1,"B",-0.0367143369467609,0.139730635555874,0
1,"A",0.00271240931449146,-0.353950997079799,0
1,"A",0.200706651527239,0.2902320520637,0
0,"B",-0.515116584451821,0.252815785976558,0
0,"A",1.40642453932071,-1.3681089712946,1
1,"A",1.63528684796266,-0.181857504702238,0
0,"B",-0.519701899754068,-0.388653975432469,0
0,"B",-1.24907100246888,0.116422329760012,1
1,"A",-0.551895779204321,0.0692232082724208,1
0,"B",-1.33209923592539,-1.11183425173374,1
0,"B",0.491888587536795,-0.369934915200472,0
0,"B",0.519824739551257,-0.833451718624077,0
0,"B",-2.21458261962472,0.68207711421286,0
1,"A",1.25986625765886,0.107727664413588,1
0,"B",-0.241785108913981,-0.341970257734931,0
1,"B",0.600569749772775,0.143592411308833,0
1,"A",1.96374828329563,-0.213961847654503,1
1,"A",1.01483872098044,-0.366977148583248,1
0,"B",0.467257249669277,-0.410780967909192,0
1,"B",-0.219648110411897,0.159071650523188,1
0,"B",-0.156332409967692,0.263964444050588,1
0,"A",0.277193837694898,0.72158306693426,0
1,"A",0.792311673316955,0.342117522541224,1
0,"A",0.874559178372809,-0.0503216494333878,0
1,"B",-0.737102380339546,-0.0552471179166011,1
1,"B",-2.81425359261794,1.33434321910827,0
0,"B",-1.71379535307478,0.235910185606008,1
0,"B",1.0622269134213,-0.994321036891837,1
1,"B",0.34775998068932,0.444259031692092,0
0,"A",1.08350895050673,-0.91559704453605,1
0,"B",-0.454594022398292,0.191391188519794,0
1,"B",-0.735122031477144,2.29725183226329,1
0,"A",-0.039696188099335,-0.883918471633294,0
0,"A",-0.752922576707533,-3.00129661509462,0
0,"A",1.28071340462339,-0.408485335329087,0
1,"A",1.20101846914454,-0.212669452574775,1
0,"B",-1.52927185852233,-0.89823650033154,0
1,"B",-0.419186583079561,0.790564753000623,1
0,"A",1.52759181864494,-0.286048155683378,0
0,"A",-0.700822762844641,1.08070433423538,0
0,"B",-1.19136286756098,0.152152675634935,0
1,"B",0.0451252624714671,-1.05680718377597,0
1,"A",2.41094541422453,1.33260650128016,1
0,"B",-0.622071232629241,-0.451860737752064,1
1,"A",0.575593313133087,0.0321543062834034,1
0,"A",-0.74626947502484,-1.43819100177029,1
0,"B",-1.76398888702216,1.43289548987567,1
1,"B",1.52001705077756,0.50115772954781,0
1,"B",-0.268093730298507,1.39040974480326,0
0,"B",0.603891696504657,0.233444077372047,0
1,"A",-0.835630208250284,1.23879170791125,0
0,"A",-1.63809604667703,-2.26416529988441,1
1,"A",1.04329710121114,-1.14668831282244,0
1,"A",0.00109677473484321,-0.0255756758786491,0
1,"A",-0.450150420564398,0.621243792802856,0
1,"B",-0.497395214266434,0.981769611565873,0
0,"B",-0.186637562817805,-0.433656634162124,0
0,"A",-0.123767005109238,-1.22269491391149,1
0,"B",-0.462098537942925,1.18166618455663,1
0,"A",-0.45629934525613,-1.73161676163422,1
0,"B",0.317844525958188,-0.973489498604805,0
1,"B",0.71021992649046,0.464926895822003,0
1,"B",-0.849505604790779,-0.0473906241448016,1
0,"A",0.344102593257372,0.065510819358729,1
0,"B",-0.336060558959697,0.378056306099694,1
1,"A",1.62440803942643,-1.28637716708476,1
0,"A",0.282824677807517,-0.755891406993286,0
1,"A",0.0732899359108015,-0.0108532299072673,1
1,"A",0.946192704400522,-1.09105395492902,0
0,"A",0.837716330479666,0.636691004497364,1
1,"B",-0.218955603644297,-1.26594567955037,0
0,"B",-0.4303058087822,-1.08692953066192,0
0,"A",-0.438618294060018,0.0207802982355172,0
0,"B",-0.871676578461441,-0.365896143871944,0
1,"A",1.90960108996696,-1.02866843759473,1
1,"A",1.14366179603146,-0.548887409706146,0
1,"A",1.39374162029747,-1.40288295807138,1
1,"A",0.203842227832056,1.63901874881929,1
0,"B",-0.267636668459636,0.987053626126611,1
1,"B",1.99876750326035,1.01951540811089,0
0,"B",-0.84792440568378,-0.495262422362895,0
0,"B",-2.68088174618484,-0.855125955252016,1
0,"B",-1.90818468382991,-0.0458408344768236,0
0,"B",-0.99313285737701,-0.902357280107112,1
0,"B",-2.76267616741081,-0.679764376971445,1
1,"A",0.246951419656984,-0.719316194252884,1
0,"A",-0.280349210109688,-0.810283735096592,0
1,"B",0.872388343938236,0.840028855481175,0
1,"B",1.0457391198558,-0.837383957506836,1
0,"B",0.551762625903141,-0.0310114258096194,0
0,"B",-2.15352666271239,-0.392294505276967,0
0,"B",0.755279269618951,-0.845776293472683,0
1,"A",0.386809975524553,0.678748752222866,0
0,"B",0.112331988565067,-1.44390247412825,0
0,"A",0.571120228448534,0.487571789090398,1
0,"B",-1.4589866530568,0.86731132724429,0
0,"A",-1.18522864419602,-1.62500506965446,0
0,"A",-0.8030454235138,-1.27510512624947,0
1,"B",-0.774273224642892,0.199772182356716,1
0,"A",-1.41158014370423,0.798071854183468,1
0,"B",-1.31321177708998,-0.80972607122418,1
1,"A",2.12591235505478,-0.148339771880969,0
0,"B",-1.28537626021004,1.06761444136761,1
0,"B",-0.028092863473231,1.43521630704007,0
0,"A",3.39172481156397,-0.349170406434215,0
1,"B",-0.590083497699546,-0.356302293532279,0
1,"B",-0.461799046492827,0.240101862826455,1
0,"A",0.483214912954598,-2.11121620440443,1
1,"A",0.298791252313885,0.120437721286999,1
0,"A",0.715630504543754,-0.0803780364805354,1
0,"B",-1.88341486936611,0.675315481683149,0
0,"B",-1.89153616874453,-0.420844234965996,1
0,"A",0.417620876300335,-1.67785048051062,0
0,"B",-1.0569461172835,-0.190539699378802,0
0,"B",-2.67764322671634,1.10677933522026,0
1,"B",-0.0244110190299408,0.25486981914798,1
0,"B",-0.40932234560368,-1.02043437481134,0
0,"B",-1.5670305462106,0.301005239496454,1
1,"B",0.639580456568237,-0.59481742320028,0
1,"B",-0.510333277719222,1.28401963935059,1
0,"B",-0.53769016616394,-1.59861975475008,1
1,"B",1.83528691813782,1.46932965754881,0
1,"A",-0.0187877585539303,0.979803678031937,1
1,"A",1.53331075024238,-1.44893007556225,0
0,"A",1.08027165762512,-1.40796187640915,0
0,"A",-1.02825696764249,-1.47885416995992,1
0,"A",0.00621394715280937,-0.109261379787278,0
1,"B",-1.55660444644909,2.60270167951243,0
1,"B",0.0347682403817997,0.45500169925171,0
0,"B",-1.4244959526096,-1.20764602302186,1
0,"B",-1.11354383170262,-1.40764593154405,0
1,"B",0.380978154668513,0.63153364842735,0
0,"A",-0.845836228581342,-0.345640077169701,0
1,"A",2.68027392590998,0.316229179339708,1
0,"B",-1.75953445464188,-1.53995647348634,1
1,"B",0.469312314150416,1.25242906551854,1
1,"A",1.38394573700241,1.02704540483899,0
1,"B",-0.480827115405933,1.12177620895619,0
0,"B",-0.881689530826195,-0.859509547777088,1
1,"A",1.15447780741896,1.05698334766357,0
0,"B",-0.888990752368044,-0.578806752946109,1
1,"A",1.04026379733466,0.685415091171037,0
1,"B",2.24586427258404,0.707029028965945,1
0,"A",1.27040029541512,-1.01323837112739,1
1,"B",-1.81713274178836,0.295147595231765,1
0,"B",-1.89504872643031,-0.0858420609003692,0
1,"A",0.187810108508555,-0.363721068378635,1
0,"B",-0.838552853332603,0.380090298835451,1
1,"B",-0.0839477000836446,0.146099196816987,1
1,"B",0.0456418218967491,0.191342455032007,1
1,"A",0.500527999632285,0.0939780416859225,1
1,"A",1.37903539951505,-1.60432268066612,0
0,"A",0.638882911750271,-0.711301698877005,0
0,"B",-1.0357131404636,1.0713138275955,0
0,"B",-1.35500514162409,1.36706403633033,1
1,"B",-0.908860866271727,0.367213325820963,0
0,"A",-0.435893756018962,1.46771265093685,1
0,"A",0.915296153940552,0.608129353546009,0
0,"B",-1.80870859656245,-0.433889630239779,0
0,"B",0.528720035444496,0.334351503088681,0
1,"B",1.11164318175656,0.0374243736600436,1
0,"A",-0.0601750395254114,-0.558994645034131,0
0,"B",0.397145276801901,-0.396220736438388,0
0,"B",-2.81789146889872,0.56632926777197,0
1,"B",0.0295565498050852,-0.341329141306846,0
1,"A",1.15814298723467,1.39740028563505,1
1,"B",-0.0692955240167768,2.27050168012859,1
0,"A",0.174112227316688,-0.854952561870556,1
1,"B",0.960662430227481,0.623257185596042,0
0,"B",-0.538462339526106,0.777307985775655,0
1,"B",-0.397779111526453,0.00232809834305622,1
1,"A",1.35143011730862,-1.64342398041005,1
0,"A",0.104862967635172,-1.17526391577672,1
0,"A",-0.141484822984973,-0.551181821592382,0
1,"A",0.990615747717735,-0.295974267146734,0
1,"B",-1.01087131186507,0.0565449274043471,0
1,"A",-0.182468498457785,-0.933745080623549,1
1,"A",1.47257983114002,1.03372439885293,0
1,"B",-0.0195119200838529,0.61811656235061,1
1,"A",0.069169089695247,-1.25346325597117,0
1,"B",-1.09548741944026,2.66127083470736,1
0,"A",-0.199335180446492,0.133336617558211,1
1,"B",-0.105466374918389,-0.0910461750780484,1
1,"B",0.043971025014886,-0.547603032131544,1
1,"B",-0.986066504458393,-0.404012570765805,1
0,"A",0.392138136505603,-0.0534563801844376,1
1,"A",0.655259170305171,-0.114392709164429,1
1,"B",1.42865032998828,0.290866377355217,0
1,"B",-1.32954905782807,1.65287436615884,0
0,"A",0.272932940702582,-2.13719731512689,0
0,"B",1.00598599214615,0.0191287548670555,0
0,"B",-1.55752238325782,0.674904452983999,0
1,"A",1.23524962339193,-0.845688540517665,1
1,"A",2.35723035454622,-1.0357287101963,0
1,"B",-0.958789885504598,0.373882819375975,0
1,"A",0.909678448797229,1.03493416830719,1
0,"B",-0.65547594686113,-1.35129161049352,0
0,"B",-0.476926275271147,0.363840882285692,1
1,"A",0.676370438642639,0.99851697162104,0
0,"B",-3.34137208442497,-0.205040848805208,0
1,"B",-1.63849801972008,1.42868464393732,1
0,"B",0.453403997228939,1.93571541235549,0
0,"A",-0.498215781333141,-2.15629761375878,1
0,"A",0.897002598957131,-0.195698793852982,1
0,"A",-0.411767283728623,-1.41257074362025,0
1,"A",-0.434927369919592,-0.453859811383154,1
0,"B",-1.60969642018967,-0.559540676514546,1
0,"A",1.2555025709294,-1.22460134976751,0
0,"A",-0.688747163009657,-0.670537088813034,0
0,"B",-2.06425026604955,0.792437657180438,1
0,"A",-0.48632487444492,-1.48306072671259,1
0,"A",-2.88684084770589,-1.92879307440138,1
1,"A",0.537310792485963,0.973887856973689,0
0,"A",-0.205217099210686,-0.748771793962425,1
0,"A",-0.539026901115127,-1.41345906500907,0
1,"A",0.981093788429237,-0.860005169210657,0
0,"B",0.403213554853487,-1.18256702507905,1
0,"B",-0.737941955881923,-0.226308496070172,1
1,"B",-1.64493174252111,1.02310526952576,1
1,"B",-0.44453570932454,1.62662539863199,1
0,"B",0.357055440777298,0.939933902604852,0
0,"B",-1.32561483960468,-2.47253481161535,1
1,"B",-1.32795415208902,0.95854360123907,0
1,"B",0.447995858999619,0.322788193883295,1
0,"B",-0.864649058394993,-1.15268110340763,0
1,"A",-1.33000179611863,0.616213540138145,0
1,"B",-0.0920294634785639,0.976501820728298,0
1,"A",0.597324344095456,0.293808988343002,0
0,"A",-0.725113182560217,-0.598362366539724,1
1,"A",-0.384841340809416,0.057164678558543,0
1,"A",-0.185308983092142,1.29482606057796,1
1,"A",1.36811662656629,-0.80603904424432,0
0,"B",-0.225425197654413,-0.23307839571551,0
0,"A",-1.46675651587961,-1.07047581352095,1
0,"A",1.51204294265483,-0.222235767848736,0
1,"B",-1.41568208694416,1.44894732071314,0
1,"B",0.219809097872951,-0.134686893420814,0
0,"A",-0.186731850960204,-0.945375045057705,0
1,"B",-0.0438500241870534,-0.529939337457686,1
0,"A",0.524070954651458,-1.37244743153296,1
0,"B",1.56702237195928,-0.212284991392956,1
0,"B",-0.90833571258174,-0.959436189745072,0
0,"B",-3.05683934608922,-0.283694445981013,0
1,"A",1.22958214464422,0.962425285514356,1
1,"A",0.728693818144196,0.819244818223499,1
1,"B",0.182160056574916,-0.460266325179258,0
1,"B",1.44569170850718,1.28532680118658,0
0,"B",0.0315070557913484,-0.291836308292615,1
1,"B",-0.0936654681515479,-0.275422908646028,1
0,"B",0.549463690132064,-1.25058572053671,1
1,"A",-0.413844974653953,2.23623754567559,0
0,"B",0.67186290517211,-1.03236440304853,0
0,"B",-1.20212396402879,1.00674512697607,0
1,"A",-0.702241466376632,-1.83714601690334,1
1,"B",-0.151388147157818,-0.234225833199735,1
0,"B",-1.34037637207721,-0.0348878919252564,0
0,"A",-2.03292173317842,-0.591670009463395,0
0,"A",-0.07795001770675,-2.55477708919735,1
0,"B",-0.355474152396706,0.621444541321398,1
1,"B",-0.0903942269161632,0.703532258044294,0
1,"B",-0.136123359700484,0.954037137562514,1
1,"B",-0.826489514776639,0.915000979039115,1
1,"B",0.335223804386848,0.547747758330917,0
0,"A",-0.24267269803277,0.13451430096094,0
1,"B",-2.43688479062307,0.617770073510168,0
0,"A",0.0521313089151388,-1.04295341439954,1
1,"A",-0.0714109992209102,-0.0350573739429968,1
1,"A",2.5655954247482,-0.259889134212311,0
1,"B",-0.829375816315565,0.537442714748719,1
0,"B",-2.04626738519249,-1.90978827489624,1
1,"B",-0.911558847257377,2.11595300735268,1
1,"B",-0.902430731783656,-0.169604553423437,1
0,"B",-0.126652573515062,0.331809123690898,0
0,"B",-0.488317546268611,0.226186022937096,0
1,"B",0.550202557069952,0.942020590237803,0
1,"A",0.0807028457889374,-1.94123541121993,0
0,"A",0.542713205999651,0.278675164741028,0
0,"A",1.63273731570946,-1.01360963345704,1
1,"B",-0.607073701270235,-1.15052082894787,0
0,"A",-1.56490072139002,-2.02380615469118,1
0,"A",-1.00428686540319,-1.98484438643383,0
0,"A",0.423150267206689,-0.230513869368212,1
0,"B",-2.04374629041313,-0.423253997322409,0
0,"B",0.04487086423402,-0.593796667317728,0
0,"B",-0.112105389104494,-0.418781987635852,0
1,"A",0.184600771875399,-0.137914713696344,1
1,"B",0.454773342079329,1.2792283955161,0
1,"A",-0.542304292256711,-0.659783840292572,0
0,"B",-0.446202896163132,0.600773618697019,0
0,"B",0.173216662886327,2.5778252216346,0
0,"B",-0.543550826377585,1.63037385181229,0
1,"A",0.908858466964077,-0.0958809063586027,0
0,"A",0.180548320749777,0.912251819930639,0
1,"A",1.13878006734503,1.67322869211816,0
0,"A",0.0137188462399381,-1.5325535104227,1
0,"A",-0.505342030182381,0.338703206752935,0
0,"A",-0.507935432564932,1.39374070066858,0
1,"B",2.01629239785303,-0.154520568608445,1
0,"A",-1.51788527580836,-1.20254190987302,1
1,"A",0.962919442581328,-0.113217514687311,0
0,"A",-0.0172364159605746,2.08779156794326,0
1,"A",0.901577997123168,0.819943648728235,1
1,"B",0.625382552262199,0.515560395609116,1
1,"B",-0.620442087173875,1.6626353787996,0
0,"B",-3.31708548623816,-0.521877431949363,0
0,"B",-1.37829862385568,-0.509321973485272,0
0,"B",0.966772589001331,-0.394633111349525,1
0,"B",-0.947097403984751,0.277848877687501,0
1,"B",-0.513752908928505,-0.356506457312309,0
1,"B",0.277815258379574,1.04448237878883,1
0,"B",-1.92893700961957,-0.24075890330214,0
0,"A",-1.04387126588288,-2.83682554275522,0
1,"B",0.581011980848504,0.0617850245928478,1
0,"B",-1.55396348570541,0.260300942152096,1
0,"B",-0.715468147109005,0.275498444436838,0
0,"A",-0.0089497940442384,-0.964461201775229,0
0,"B",-0.761912716198489,1.03838858092104,0
0,"B",-1.65145396538473,0.688979991592865,1
1,"B",-1.59453354375485,-0.580727629147843,1
0,"B",-0.710061797935525,-0.216520799405262,1
1,"A",0.301806303141728,-0.229403827182357,1
1,"A",0.763575132581423,-2.13158744542985,0
0,"B",-1.92135077399315,0.927540207417002,0
0,"A",1.13517021628702,-3.34633431417693,1
0,"A",-1.69472919253179,0.165690806018481,0
1,"A",-0.0659951048988634,-1.64475796497984,1
0,"B",-1.10361010639042,-0.690304959776884,0
1,"A",0.787772934699641,-0.208160782715242,0
0,"B",-2.0355746582948,0.639498929495437,0
0,"A",1.26661780034673,-0.592963272895384,1
1,"A",0.31574666054488,0.00506454065520306,0
0,"B",1.54608461509717,1.16913854302187,0
1,"A",-0.662568397668436,-0.860606593059846,1
0,"A",-0.247002794645266,-1.13982914247843,1
0,"A",-0.73254083977192,-0.433274955348522,0
1,"A",-0.100043321099954,-0.372118699153606,0
1,"A",-0.128151569006084,-0.219801932697341,1
1,"B",-0.813377021763328,0.749195180706288,1
0,"B",-1.76344433348718,2.30106569239958,0
1,"A",0.780928284883969,1.53392720796883,1
1,"A",0.574262550017415,-0.704635056234848,1
1,"B",-0.608469110154404,0.463224375651305,1
0,"B",-1.02371152138127,-0.419208562562174,0
1,"B",-1.11546426472533,-0.0638336806086551,0
1,"A",0.00379554680249566,-0.679431108324337,1
1,"B",1.76408250371994,0.521169623777352,1
0,"B",0.519871449358105,0.656741543627487,0
1,"B",-0.918396025700871,0.799202513723367,1
0,"B",-2.35937387894199,0.503204374934363,1
0,"B",-0.289802886083467,0.663875927847013,0
1,"B",0.258289191160309,0.271685631357573,0
1,"B",-0.697774862015806,0.144175832678452,0
1,"A",-0.757834695736201,-0.420761053842235,1
1,"B",0.561878294019513,0.953314975169513,0
1,"B",-0.802037948350701,1.84738259103348,0
0,"A",-0.384483931439243,-1.09055892915851,0
0,"B",0.221420201223731,-0.6318521800178,0
1,"B",0.00437259833609338,-1.31612708763877,1
0,"B",-0.671929565934533,-0.0407838299335485,0
0,"B",-0.14550584776022,0.546984100691954,0
1,"B",-1.84969494319675,1.38506413861142,0
0,"A",0.45820175285391,-1.5007926561671,1
0,"A",0.967068776755812,-0.309992639021065,1
1,"B",-0.775060610548244,-0.128347413778455,0
1,"A",0.93762562828856,-1.18889267855953,1
0,"A",-1.11107901300007,-0.274304952768615,0
0,"A",0.818781450338138,-1.86263056104919,1
0,"B",-0.788121831716778,-0.624014008978386,1
1,"B",0.44814235730929,0.541014847452788,0
0,"A",-0.409876706113894,1.19360262961195,1
0,"A",0.852122759539923,-0.0376960081839772,0
0,"B",-1.11657451493001,1.67221492867885,0
1,"A",-1.57684235186232,0.0517302254209336,1
0,"B",-1.06886462304276,0.473633020559736,0
0,"B",-0.810412806969072,-1.27897328291219,0
1,"B",-0.533670129920129,0.0102672886916013,0
0,"A",-0.0866750798932185,-0.838491465279567,1
0,"A",-0.922772260606793,-0.0893195197283498,0
1,"A",0.960239166542042,-1.64037796113458,1
0,"A",-0.217913850865594,-1.4710633715848,1
0,"A",0.411129266200441,-1.31806520060182,0
1,"A",-0.766972318956389,-1.69657417111801,1
1,"B",-0.185563357790625,0.132631602490105,1
1,"B",0.854216365866924,-1.21625903041421,0
1,"A",0.440085866754776,-1.06736172891733,1
1,"B",0.34327350653536,2.28484813750716,0
0,"A",-0.286576066507184,-0.839990909303558,1
1,"B",-0.208198325684802,-0.00880463143483304,0
1,"A",3.06286454038968,-0.393881954774345,1
1,"A",0.900518976878681,2.22739042736474,1
0,"B",-1.0636451830199,0.516438206047153,1
1,"B",-1.2587319528565,1.10551994618056,0
1,"A",0.723516354499674,0.893256522219438,1
0,"B",-0.159119325435711,-1.08727773489097,0
1,"A",-0.730164818629761,0.783463265816006,1
0,"B",-1.321162206669,0.409962039202089,0
0,"B",-0.236321052057886,-1.38506742753292,0
1,"A",0.44181674289698,-2.94536090052753,0
1,"A",-0.963355604442282,-1.72322899088681,0
0,"B",-0.368884375748262,-2.17576069834269,1
1,"A",1.89980087560986,-0.0394876382022182,1
1,"A",-0.569458491510506,2.53961418090088,0
1,"B",1.88068505977188,-1.67410597148712,1
0,"B",0.554945561620519,0.0725565977557811,1
0,"B",-0.0484447581870643,-0.627492777188555,0
0,"A",-1.0140060561965,-0.314796022757928,0
0,"A",0.676426946736682,0.770634894444518,1
0,"B",0.018914420318961,-0.592835781327459,1
0,"A",-0.796379925850119,0.469174590577543,0
0,"A",1.12741053836233,-0.227993135644384,0
0,"A",0.176183397759673,0.54086120648563,1
1,"A",-0.571509108533095,1.99570558112247,1
1,"A",0.532961863807043,-1.34482439115886,1
1,"B",0.945391097071971,0.118670470159698,0
0,"A",0.708477957400675,-0.799161862410483,1
0,"A",0.879767669411496,-1.33718504731799,0
1,"A",1.03190666752237,0.166255864861071,0
0,"A",-0.964215564901826,1.63600270251367,1
1,"A",2.67774717966297,-0.749915278263118,0
1,"B",-1.8360884457238,-0.021359393484253,0
0,"B",-1.61048406529371,-1.00455545285613,1
1,"B",0.143438921229624,-0.131703300444621,0
0,"A",0.0303900401196647,-1.25063248256938,0
0,"A",-0.378461495738558,-1.50849499391038,1
0,"A",1.3761479304578,-0.535048411278417,0
1,"A",-1.38463838918179,1.34862920483729,1
0,"A",0.22000723611284,-0.519894728732724,1
0,"A",-0.867223003148659,0.0980640533876647,0
1,"A",-2.0201527501205,-2.11702646449857,0
1,"B",0.67376196690016,-0.137973065950032,0
1,"B",-1.01848426912298,-0.683577192643023,1
0,"A",-0.201265994744348,-0.617480017578629,0
1,"B",-1.26199054779306,0.566817866915092,0
0,"A",-0.295746443615733,-0.942373522205291,0
1,"B",0.898696462977387,-0.489812257627298,1
0,"B",0.46048216533552,-0.494157090097867,0
1,"A",0.915242231697869,-1.00394331344091,1
0,"B",-0.268286413604551,0.324912052069538,0
1,"B",0.246533111169143,0.961242099762314,0
1,"B",0.797726073483285,0.15130256363482,0
0,"A",-1.43931966490209,-1.3358805567005,1
0,"A",-0.113306681746946,0.308478560511486,1
0,"B",-1.47986411926088,-0.780428386360456,0
0,"A",0.574417650658299,-2.13537084907677,1
0,"A",0.481349738308032,-0.954036660413297,0
0,"B",2.25061828743149,-1.83163488026461,1
1,"B",-0.508193407766291,-0.617125140212223,1
0,"B",0.714728832854005,0.497662593950601,0
0,"B",0.654795365677624,-0.693945411834961,0
0,"A",-0.494117079845059,0.793251655869565,0
0,"A",0.577444415130211,-1.30677034394151,1
0,"B",-2.8275515876239,-0.605791860125809,0
1,"B",-0.100962663110417,-0.0669272541595158,1
1,"A",1.72723054805083,-3.49876356194681,1
1,"A",0.0772753006379402,-0.428089596081864,0
0,"B",-0.125537284663274,-0.0357123526518812,1
0,"B",-2.02185125830596,0.724132531099558,0
1,"B",0.685080249764946,0.0181296667200116,0
1,"A",-0.361380492906454,-0.235192929404852,0
0,"B",-0.977191409123012,1.50179229114328,1
1,"A",0.644117195769582,0.0227679528683086,1
1,"B",-1.14110755174946,1.06899592409627,0
1,"A",-1.4797759684595,-0.189580665490425,0
1,"A",1.00128686533714,-0.698635880501543,1
1,"B",0.0483360855429105,-0.414532509719318,1
1,"A",1.35404101439015,-0.142628671490074,1
1,"B",-0.754091006927706,1.08739177033935,0
1,"B",-1.50108716722376,-1.21920184250332,1
1,"A",-0.276574451606184,-0.274764809192214,0
1,"A",0.757091431812728,0.116645081883959,1
0,"B",-1.87594886702291,-1.30498013405366,1
0,"B",-0.883679468687643,1.75655163880303,0
0,"B",-1.00464456915946,-0.344081872873135,0
1,"B",-1.72718304502243,0.256972618496046,0
1,"A",2.52382582927079,0.983816345161154,1
1,"A",-0.189122804656812,0.826837442292803,1
0,"B",-0.666565504986475,0.120378324206771,0
0,"A",-1.28161364623058,1.41795138272417,0
1,"A",-0.65821595353223,-0.830665800879661,1
1,"B",1.43353248953012,0.128899804726141,1
1,"A",-0.748504778529329,0.319930439469156,1
0,"B",-0.950756121601778,-0.971629514203297,0
1,"B",-0.0651486117285059,1.72023594904508,0
0,"A",0.514767137813478,0.990059472026354,1
1,"A",0.891330835818434,-0.252308525169171,1
0,"B",-0.182304863457549,-0.0303837889934732,1
1,"A",2.56045025028328,1.49362244904967,0
0,"B",-2.21166262474914,-0.858972874251553,0
1,"B",0.0343353082721639,-0.0903822192320893,1
0,"B",-0.349327965351852,-1.1649891625271,1
0,"B",-1.03748623180769,0.325377737972512,1
0,"B",-1.5132757371272,-0.768699068209666,0
1,"B",-1.15969011923822,0.815316462084522,1
1,"B",-0.193678928034933,0.764099681940257,1
1,"B",1.19957968305923,0.804579661666742,0
0,"A",1.33163974664638,1.18104663665879,0
0,"A",-0.647490118754661,1.18137104974216,1
1,"A",0.0436969104129303,0.55501813105919,0
0,"A",0.948543136178121,-0.277042088739885,0
0,"B",1.03852656848445,-2.72035286243058,0
1,"A",-0.0126846403683524,2.40962110860409,0
0,"B",-1.07730320039778,-0.686973365671461,0
1,"B",-0.218853990207826,0.0499703469628345,1
1,"B",0.0497517469908476,2.07302454533966,1
1,"B",0.337664028335817,0.0638114275540134,1
0,"B",-1.0495374356496,0.661136453585304,1
0,"B",-1.13606224241623,-1.57963498308652,1
1,"B",-0.429232081953509,0.128436484504566,1
0,"A",-2.09568022884578,-0.533262076271459,0
0,"B",-0.90155542880809,0.611505125953692,1
0,"A",0.0794694758498667,0.567798001856323,1
0,"B",-0.974087048623171,-0.329650676593818,0
1,"A",0.960427586637965,-0.93224799088993,1
0,"A",-0.215467229330739,-1.09207396702551,0
0,"A",-1.71639755620593,-1.36270333215124,1
1,"B",-0.735255709571739,2.34401425151839,0
1,"A",0.553552327213969,0.348918701355176,1
1,"B",0.105011884657318,-0.904617084937586,0
0,"B",-0.41069406704919,0.527920119381701,0
1,"B",1.0983963564894,0.107752607961015,0
0,"B",-2.0334167952345,-0.857605648567483,1
0,"B",0.043246686900694,0.530794206403842,0
1,"B",0.41332846750796,1.11518401361063,0
0,"B",-0.996447196648931,0.0282169735379723,0
0,"B",-1.58012499556789,0.50023010548663,0
1,"B",0.651777111770124,1.75693996742193,0
1,"B",0.0358715046367143,1.56204619487516,0
1,"A",0.551953700193583,0.390863898087287,0
0,"A",1.95806114484142,-0.104237075612134,0
1,"B",-1.05829205600636,-1.37926750717794,1
1,"A",2.05635525143263,-0.623783611184896,1
1,"B",0.0363933602541329,0.210542461097382,1
0,"A",-0.871880052610584,-2.56925321348591,0
1,"B",1.14432613111818,-1.92524789354111,0
0,"B",-0.292198412787422,-1.89937840151711,1
1,"A",1.0886143134956,-0.602531028922039,0
0,"A",0.13056616110171,-0.400162683095687,0
1,"A",-0.203731589713783,-0.697827009500796,0
1,"A",-0.327258628878698,-1.42395830942481,0
1,"A",0.234871312567527,-0.96828027510515,1
0,"A",-0.00894956813951736,-1.77375151351794,1
1,"A",0.707972869707115,-1.77749104649056,0
1,"B",0.64173099018121,-0.302983285205382,1
1,"B",-1.99488898362432,2.68882232444873,0
0,"A",-0.0365697982823152,0.187306171359965,0
0,"A",1.23797851800394,0.0628970884343369,1
0,"A",0.597475666948225,-0.146460624391797,0
0,"B",0.22302917381275,-1.37897429279206,0
1,"A",1.02687279738253,-1.30120172544781,1
1,"B",-0.904525590459454,0.2873958592083,0
0,"B",-2.63701978465687,1.40940904972274,1
0,"A",-0.251590247561246,-0.873684057523289,0
0,"A",-0.522851063921726,-1.78938420921432,0
0,"A",-0.653253864645124,0.481544575724682,0
1,"A",0.699321107316649,0.291737314709173,1
0,"A",-0.745189216483813,-0.626496243774144,0
0,"A",0.180398708141881,-0.0300833717946308,0
1,"A",1.06915588394207,-0.429792166635113,0
0,"A",1.3365070909155,-1.45545809008554,1
1,"B",0.567902214700178,-0.0118730684196208,1
0,"A",-1.2342151796246,0.981621112259798,1
1,"B",-1.00405484470714,0.330742595839379,0
1,"B",-0.100262858712381,0.652047807334822,0
0,"A",2.21597039148241,-0.657214228199446,1
1,"B",-0.634918017922746,0.0992931425636751,1
1,"A",-0.134051769213058,-0.321875565641829,1
1,"B",-1.46328228761391,0.773170736573953,1
0,"B",-0.876646640605424,-1.50222162914566,1
1,"A",0.347306269405499,0.507519423190706,1
0,"A",0.525245915858247,0.152152981964767,1
0,"A",-0.0046264421502708,-1.4819010763595,1
0,"B",0.926105499235033,-1.98954001636733,0
0,"A",-1.32209950187146,-0.458242555425873,1
0,"B",-2.7390840117084,-0.873801581252059,0
1,"A",-0.0830366127788362,-1.46689974524547,1
0,"A",1.02559698156776,-2.27645599706441,1
0,"A",0.866830604864642,1.25793050036568,1
0,"B",-2.97688539723009,0.181007885369547,1
1,"B",-0.0715129860786917,-1.68542182537555,0
0,"A",-0.132233027459069,0.822435478219114,0
0,"A",0.342598092307223,-0.759578160583283,1
1,"A",0.690051503186416,-0.106355084974493,1
1,"A",1.24264941893591,-0.388190611210855,1
0,"A",-0.126776563020896,-0.516257322342073,0
0,"B",-0.457014912868011,0.260848202210869,0
1,"B",-0.0685576544428919,2.20208699834664,0
0,"A",1.21531058379459,-0.735089686220295,1
0,"A",1.76950624977204,-1.30930764557977,0
1,"B",-0.488923903929073,-0.0813085649611454,1
1,"A",0.10699620221578,2.0285841619226,1
1,"A",1.75578477864442,-0.285275828589399,0
1,"A",1.81103120949245,-0.235092418849017,1
1,"A",0.237408888476514,1.43709333357208,1
0,"A",-0.700706535214495,-0.194086116215628,0
0,"A",0.0320043197633753,1.47971674012186,0
1,"B",1.31164530399282,0.273050682990315,0
0,"A",1.7597413676373,0.172603941644241,1
1,"A",0.569364412129048,-1.71224344972132,0
1,"A",0.773765884848837,-0.764948989885018,1
1,"A",-1.56594943815221,1.68270970492021,1
0,"B",-1.55121736793892,0.96588966169756,0
1,"A",0.915380431896485,0.852175088298399,1
0,"B",0.124062483555871,0.493341228390978,0
0,"A",1.42322761234284,-0.860141929124701,0
0,"A",-0.442058117023432,-1.69340141494739,0
0,"B",-0.554694940576802,-0.978652424381041,0
0,"A",-0.588214432410529,-3.01621340855919,0
1,"B",0.458108946756224,1.1050010194214,0
0,"B",-1.54750135491605,-0.935455645128464,1
1,"A",1.13571295850864,-0.493417348920857,1
0,"B",0.677132402677868,1.37951109591222,0
0,"A",-1.45257672078026,-1.65785375383978,0
0,"B",-0.865714536425137,1.32264330531558,1
1,"B",1.05025862654738,1.54593981762374,0
0,"B",-1.21390423622322,0.00735979174370871,0
0,"B",-1.86784192936245,-0.121645944099742,0
1,"B",0.303275748392541,1.26473896462612,1
0,"B",-2.09084277473246,2.16038857296764,1
0,"B",-0.168214997952642,-0.263905880393415,0
0,"A",0.912219477346283,-1.06088136339965,1
0,"A",-0.431332787455529,0.49192891172808,1
0,"B",0.640050716271594,-1.37022412036951,1
0,"A",1.52844129431403,-0.110247536403409,0
1,"B",-0.450059211142435,0.969041126672416,1
0,"A",-0.553032435410533,-1.2129611264382,0
1,"A",1.16871229885613,0.290507529697677,1
0,"B",-1.41445123582542,0.305564857209106,0
0,"B",-2.36147083457851,-0.641794146161413,0
1,"A",1.32186647619316,0.384165129234037,1
1,"B",0.327957049724683,-0.727919517595879,0
0,"A",0.312337530257929,-2.15121901322587,1
0,"B",-2.53376073901496,0.572314411286486,0
0,"A",-0.173234553886333,-2.12722222911005,0
1,"B",1.39912648624143,-0.52948772221631,1
0,"B",-1.43850132693011,-0.374127003552513,0
0,"B",-1.82658175370794,-1.22232854163995,0
0,"B",0.133187499198035,1.03102207463358,0
1,"A",-0.201195289304161,0.210276098059927,1
0,"A",-0.223129392248316,-0.272097654704169,0
0,"A",0.976594287265726,-1.15802170573721,0
1,"A",0.676472973178899,-0.578400980601987,0
0,"B",-1.16599728296736,-0.548219929218674,0
0,"A",0.19916994936575,-0.999571458947844,0
1,"A",-0.31830155449456,0.95881601615395,1
0,"A",-0.183253192371103,-0.952944019068221,0
0,"B",-1.25462191169564,0.202998791322993,0
0,"A",0.800213079185186,-0.746100555336596,1
1,"A",2.34907729345509,0.815528867461463,0
0,"A",-0.226488882095821,-1.3046138497238,0
0,"A",1.78233346815157,-2.05877658184265,1
1,"A",-1.01032823434272,1.48431863969117,0
1,"B",0.978589854901989,0.359234820843487,1
1,"B",1.3570995751137,2.10399768029977,1
1,"A",-0.0749003002185222,0.167130255844466,0
0,"A",0.0875463522205761,-0.534126191233606,0
0,"A",0.802107234624051,-0.0335297031600568,0
1,"B",1.11937076863313,0.73253179961166,1
0,"A",-2.087138438219,-0.306559027655015,0
1,"A",1.37735927431082,-0.209865421817471,1
1,"A",-0.263713284553221,-1.17074503956512,1
1,"B",-0.457438744064972,0.381643562513905,1
0,"A",-0.967545646615682,1.36685240954611,1
0,"A",-0.885234313329872,0.317046046166283,1
1,"B",-0.41113367749867,0.140503192847723,1
0,"A",0.00756044173074039,0.613101485214117,1
1,"A",1.71086862934907,0.378999471887117,1
1,"B",-0.62372716415491,0.298584711901778,0
0,"B",-1.627830803881,-0.685432288496222,0
1,"B",-0.618110767786853,0.724481371799419,0
1,"B",1.50074833799377,-0.693782194711975,0
0,"A",-1.38732655663311,0.0626768649807228,1
1,"B",-0.821544467421349,1.11163410249924,1
0,"B",-1.18077317456134,-0.460494032302853,0
1,"A",0.169207590476421,-0.778054654342885,0
0,"A",-0.925859660988153,2.31839045177099,1
0,"B",-1.0825278953823,0.330596899410759,1
0,"A",0.25740437359557,-2.02927791744905,1
0,"A",-1.56567561888735,2.02120302289325,0
0,"B",-0.94230889865147,0.345559498754139,0
0,"B",-1.30366590039763,0.518698194372414,0
0,"B",-1.19970558716486,-0.293833132519565,0
0,"A",-0.033556154160118,-0.734895527906476,1
0,"A",-1.14142624252585,-1.48539894669486,1
0,"B",-0.394681610313772,-1.53009858053742,0
1,"B",0.514505439787041,-0.0766050862383537,1
1,"A",-0.164568544070319,-0.221243549838194,0
1,"A",0.445608648320211,0.378325508138748,0
0,"A",0.826536882947384,-1.25702748652955,1
1,"A",0.907756555578429,-0.0227414022101725,0
1,"B",0.679282386483156,1.24090782267374,0
1,"B",-0.694224293604989,0.0956712933244064,0
1,"A",-0.348946575965388,-1.15249849301105,1
0,"B",-0.0915982872945,0.810610540100637,1
0,"B",-1.97490036002914,1.13571561110439,1
1,"A",1.8802181184636,0.17952989685658,1
1,"A",1.52939313616751,-0.0419963219508472,1
1,"B",-0.570037255877415,2.70926701605468,1
0,"B",-1.26291906747376,-1.02777006525795,1
1,"B",-0.194823394194335,-0.993906085431554,1
1,"A",-0.936586277276612,0.179894911692813,0
1,"B",0.435776089641723,-0.213465609231264,1
1,"B",0.229711419788313,2.27500631253695,0
0,"B",-1.89955822477576,-1.00761931856507,0
0,"B",0.692461068973002,1.49414657822557,0
0,"B",-0.317844921161413,-0.420456773755292,0
0,"A",-1.20633961360525,1.29578484194219,1
0,"B",-1.23431825918494,0.0395410397986063,1
0,"A",-0.377876305896538,1.09792858802866,0
0,"B",-1.28007783203705,-0.357689462908106,0
0,"B",-0.544264472195393,-1.84235810969702,0
1,"B",-0.0549942379237745,0.747869567150565,0
0,"A",-2.0206952567515,-0.231071980845715,1
1,"B",1.80024408587695,0.40509322442587,0
0,"B",-1.31379504472787,-0.502488309696722,0
0,"B",-0.99203820579103,0.539795944455205,1
0,"A",1.32224212105855,1.33437533836776,0
0,"A",-0.314448452118811,-1.74218184504149,0
0,"B",-1.21095741871172,-0.15242310667724,0
0,"A",-0.064882414712296,-1.58604611064296,1
0,"B",-0.777207350072944,-0.285419446763252,1
1,"B",0.468019768970531,0.586826645368451,0
1,"B",0.136205984880445,-1.25419228219652,1
0,"B",0.0749994991841365,0.064865251847692,0
0,"A",1.45998258240711,-1.88696258663402,1
1,"A",-1.234212204068,0.332701190723205,1
0,"A",1.79677228012914,-1.36968495124028,1
1,"B",-1.57146886779242,1.25703972982762,1
1,"A",0.395488110714764,-0.0121512807998081,0
0,"A",-0.344048409854739,0.472111974428404,0
0,"B",-1.1407917293481,0.434266615722302,0
0,"B",-0.354095164913596,-0.88550098655586,0
0,"B",-1.14156197286142,-0.472233616796246,0
1,"A",1.37931237642791,-0.773249079406346,1
0,"A",2.28758907522863,-0.859381096502888,1
1,"B",1.39206116844469,1.11742943096088,1
0,"A",-1.44884633538237,-0.125139610282495,0
0,"A",-0.499706698418011,-0.988820397723252,0
1,"B",1.49016619348301,0.187792722746909,1
1,"B",-1.22464664509607,0.397276376194713,0
0,"A",-0.607814322729638,-0.859470453082881,1
0,"B",-0.700270974562995,-2.23760329916557,0
0,"A",0.462652403587929,-0.598946600123375,0
0,"B",-0.335784847250516,-2.29786626450485,0
0,"A",1.15018211651428,-1.35052509870393,0
1,"A",-0.083017637623078,0.978954012005558,0
0,"B",0.334081034497486,-0.474700043646509,0
1,"A",0.804933083401033,0.292983278249072,1
0,"B",-0.0584760254772328,0.512844777880954,0
0,"A",-0.0713266707940158,-0.725503718190237,0
0,"A",-0.270389612905808,-1.08009956786301,1
1,"B",0.467012852973082,1.10733792103458,1
0,"A",-0.744835394128053,-0.344820907166714,1
1,"B",-0.587881202579604,0.574260171825697,1
1,"A",2.11028285028936,0.0109313337744769,1
0,"A",1.23518509494677,-1.04088213441041,0
0,"B",-0.510374150318274,0.71536787580048,0
1,"B",-1.05265370401097,1.38512266299279,0
0,"B",0.687934177512348,-0.121065501555184,1
0,"A",-0.383441565869102,0.56131280499903,0
0,"A",0.806276192121621,0.0122564791530676,1
0,"A",-0.338606922764646,-1.18011646954744,1
0,"A",2.67899636343974,-0.0754901908980223,1
1,"A",0.40091215142021,-0.59314507452626,1
1,"A",1.05966715062462,-2.49792523861205,0
1,"B",-1.99353968554322,1.05134841049892,0
1,"B",2.14016249535912,0.801879188672286,1
0,"A",-0.670756170338563,1.24214859151586,0
1,"A",1.13584739645967,-0.160883903061415,1
0,"B",-0.65702678297132,-0.555795485899402,1
0,"B",-2.26890650441974,-1.88550079914077,0
0,"B",-0.500517857335387,0.844049670461734,1
1,"B",-0.82344925397463,-0.498718557927659,0
0,"A",0.570342248530568,0.0455803135423153,0
1,"B",0.528546447182351,0.473898384377715,0
0,"A",-1.46015969718673,-0.619205937819952,0
1,"A",2.32875086392663,-0.0719701884066893,1
0,"B",-0.607444438145029,-1.28254633752085,0
0,"A",0.74947457191659,-0.329815257874686,0
0,"A",0.974548641235309,-1.5615169568707,0
1,"B",1.21427443734211,-0.275051099078356,1
1,"B",-0.707849421525193,0.473035129434953,0
0,"A",1.65229555777483,0.816759679550823,0
1,"B",-0.226264737485568,1.06893607283823,1
1,"A",0.509143416468948,-0.773362533553644,1
0,"A",0.616586681578928,-0.738762932280418,0
0,"A",-0.465299482701228,-0.688076488423374,0
0,"B",-1.33691974405604,-0.22456718306879,1
0,"A",0.125984523056292,-2.94912474232187,0
1,"B",0.0390003335056773,-0.512621542430422,1
0,"A",1.45425215470081,-1.76966393749158,0
0,"A",0.843332360130804,-1.40232475102217,1
1,"A",0.778182886625343,-1.01653508331971,1
1,"B",-0.000344127590783005,-0.614219986047144,1
0,"B",1.12240062755208,-0.416792350950353,1
1,"A",-0.639332091739681,0.520673579348419,0
0,"A",-0.486143184707821,-2.51995253751688,0
1,"A",1.4034100860176,0.284979954600665,1
0,"B",-0.0254547268810746,2.2743656668117,0
1,"A",0.259000490489368,-1.37473586278523,0
1,"B",-0.636990350951873,1.8188470011567,0
1,"B",-1.50647549369683,0.614291220621079,1
1,"B",-0.196801634194553,2.2356044593272,0
0,"B",-0.137112907409408,0.837111096932454,1
1,"A",0.382566392918513,-0.481276193399625,1
1,"B",0.71688635768885,1.82616817556164,0
1,"A",-0.212567479406615,-0.100545743036002,1
1,"A",0.193800351983838,1.46666191999531,1
0,"A",-0.134610239599883,0.87698258973956,1
1,"A",1.49649424961824,0.352764395389087,0
0,"B",-0.331193010905166,0.00963737494006817,0
0,"B",-0.963756860386113,0.825957667723145,1
1,"A",-2.10329519828344,1.34895857142718,1
1,"B",-0.0787322631726229,1.04787743493239,0
0,"A",0.220006692925356,-2.05702324323231,1
0,"A",-0.0817575364438823,-0.682146199581827,1
1,"A",-0.499481779197549,-0.677832355119195,1
1,"B",-0.547716659439544,1.64862683083691,0
0,"A",1.10713421499295,-1.84390147154071,1
0,"B",0.16378119237114,0.0194510114565757,1
0,"B",-1.80114881553091,0.498255199436593,0
0,"A",-1.76410457972242,-1.48460641297133,0
1,"B",-0.600197475421745,0.177917950484756,0
0,"B",-0.147585154567521,-0.600448559635579,1
1,"A",0.335886714956387,-0.275766468030406,0
0,"B",-0.669158093877254,-0.14359415172551,0
1,"A",0.703138858007199,-0.817037851400576,1
1,"A",-0.309436506900414,1.12844087001597,0
1,"B",1.84901358860538,2.33831210354592,1
0,"A",0.31785490116629,-1.53466696994904,1
1,"B",0.769199026504044,0.2357094189059,1
1,"A",1.39604665801628,-1.13154327416281,1
1,"A",0.610753304340366,-0.262158967478463,0
0,"A",0.399206990176947,-0.702978624544621,0
0,"A",-0.0303449470270495,-1.91923702797051,0
0,"B",-1.25321100132541,0.11870090079803,0
1,"A",1.49775800133432,0.392514800990789,1
1,"B",0.26567435329472,0.732833854976102,1
1,"B",0.194482309211369,-1.14263746028413,1
0,"B",-1.43569044289177,-0.122495351765673,0
0,"A",0.944233717139815,0.31476761428411,0
1,"A",0.100755507517159,-0.903251595613949,1
0,"A",0.140321611820331,-1.5870792170341,1
0,"A",0.454121075132655,-0.860247923177753,1
1,"B",-0.541355459817878,-1.04994912371035,1
0,"B",-1.3390427970796,0.350597649682213,0
1,"B",0.681476064422277,1.30117121101147,1
0,"B",-2.51206004396219,0.957509670114798,0
0,"B",-1.38665445744588,0.706681111169601,1
0,"B",-0.817289614215309,0.333668693093542,0
0,"A",0.333036756771045,-0.561355361755062,1
0,"B",0.182562151726641,-0.921961910292809,0
1,"A",-1.71848299002243,-0.175579551094817,1
1,"A",0.135657079785036,-1.82203820010644,1
1,"A",-0.410049881190016,0.341023350140187,0
0,"B",-0.620771555115071,-0.405756451771496,0
0,"A",-0.467572578893196,-0.151203114221347,0
0,"A",-1.3294240248191,-1.09154774599411,0
0,"A",0.52184645642733,-1.59192984749194,0
0,"A",-0.588271571936445,-1.57866451304576,0
0,"B",-1.24648567604751,-0.153551402714518,0
0,"B",-0.413225560018221,1.58649478304584,1
0,"B",-1.09934070144803,-0.233826460154662,1
0,"A",-1.95610373552946,-0.0860626687433781,0
1,"A",-0.621622087684152,-0.0927349353573024,0
0,"B",0.621168548663641,0.447621625119562,1
0,"A",0.591063218316943,-0.243058968643204,0
1,"A",1.34884410029122,0.916305325149672,1
0,"B",-1.53482395361917,0.804476865067458,0
0,"B",-0.129630179961716,0.359758946688547,1
0,"B",-0.135699994697742,0.476044971363075,0
0,"B",-2.0478002693915,0.304282944040115,1
1,"B",-2.59345985718388,0.518411345309192,0
1,"B",0.657466479632242,-0.995253852600749,1
0,"B",-1.27297375604301,1.88470749695569,1
0,"A",-0.471901824167456,-0.646219376343253,0
0,"B",-2.15091430470813,-0.982277888291174,1
1,"B",-0.63959616330139,1.06875650298867,0
1,"B",-0.794263172207734,-0.452937055260656,0
1,"A",-0.674797682807827,-0.391867101230488,0
1,"B",0.374983784539895,0.492484340739589,1
1,"B",-0.981025172602166,2.37913454696075,1
1,"A",1.14224559148897,-1.45465469345032,1
0,"B",-2.98277815422653,1.44957692531711,0
0,"B",-1.19110994140784,0.736492836804443,0
1,"A",-0.10951309719458,0.312826994270045,0
1,"B",0.126324229553039,-0.164846574741888,0
0,"A",0.181225104543434,-0.250625709214302,0
0,"B",-0.97282755008458,-0.745544769853674,0
1,"B",-0.770966522893062,0.570000269538848,1
1,"A",0.283497764646131,0.966912348148167,1
1,"A",2.041544002726,-1.43348650102029,0
0,"B",-0.558013567248617,-0.77901230202067,0
1,"A",1.54753496414448,0.189273615616512,1
1,"A",1.19981640233572,0.0986698644333381,0
1,"A",0.416094885695967,0.967836712852458,1
1,"B",-0.0699186382689162,0.270754076332473,1
1,"B",-0.602021541926225,1.61119612389224,1
1,"A",2.03623875042283,1.19277487193983,0
0,"B",0.633422100321474,-0.483060349574877,0
1,"A",0.62517305040127,1.66303495480786,0
0,"B",0.0674127200245254,2.05226489501969,1
1,"A",1.79068038117063,1.21612387760994,1
0,"B",-1.13092042605966,-0.0959596970704401,1
0,"B",-2.77931546094608,0.110524655760225,0
0,"A",0.562625491815619,-1.25917664091065,0
1,"B",0.712349752583,-0.455606559897447,1
1,"B",-0.370367418700821,0.49228835969779,1
0,"B",-0.807365373267945,-0.500249989041922,1
0,"A",1.57877962340268,-0.997310414969816,0
0,"B",-0.304428510984674,-0.269953599365553,1
1,"B",-0.0849149943094927,-0.177174228127705,1
1,"B",-1.41200318511662,0.185239522084229,1
1,"B",-0.406242272589809,0.916728988199715,0
0,"B",-2.48117652936991,-0.255056674920952,1
0,"B",-0.0229333583103021,-0.668115352993652,0
1,"A",0.416599453863339,-0.129396202318756,1
0,"B",-0.765461041366788,-1.44638517211509,1
1,"A",0.876871721800496,-1.70349371998555,1
1,"B",-0.569389678638754,0.0262512697284655,1
1,"A",0.67408024431011,-0.673091581225109,0
0,"A",-0.259913598316448,-0.36837841622383,0
0,"B",0.376445388880898,1.54248146375317,0
1,"B",-1.86596665517983,1.60155846686623,0
0,"A",-0.0509953153742466,0.658541720208036,0
0,"B",-1.03108463335664,0.500570113092083,1
0,"B",-0.491302182700264,-2.10542735634746,1
1,"B",-0.640788436091185,-0.297579822391921,1
1,"A",2.20739287245953,-0.0828350441832285,0
0,"B",0.0161652547539153,0.695902988073766,0
0,"B",-1.48805741147731,0.0961753813322586,0
1,"A",1.3744571871809,0.554639284252843,1
1,"B",0.373344490728618,0.422930214111338,0
1,"B",0.0626248620050867,1.63865146206188,1
1,"A",-0.0792430188868029,1.34867867402339,0
0,"B",-0.226970412531635,-0.377597289669646,1
1,"B",-1.77492313991223,0.368307415193362,1
1,"A",0.832880577462207,-0.0290883007437591,1
0,"A",1.02200042195128,-0.681862523776492,0
1,"A",-0.051428096588715,-1.21307566330216,1
0,"A",-1.33231070066036,0.789837514892392,0
1,"B",-0.367263005051703,0.400482115831004,0
0,"B",-2.37947138487408,-0.625382857317995,0
0,"A",-0.583235684200046,-0.765481516033981,1
0,"A",-0.985843779186306,-1.76747582362624,1
1,"B",0.843553650782888,1.11283672711238,1
0,"A",0.56845549095262,1.36301385915668,1
0,"A",0.737204519050903,-0.882561611247965,1
1,"A",0.806037273139614,1.05598700497427,1
0,"B",-0.2608091509764,0.127660956583715,1
0,"A",-0.805433467364801,0.561334037724989,0
1,"B",0.837924674188385,1.48402283239071,0
0,"B",-0.419904391662627,0.821671540806723,1
0,"A",0.836002926504562,-1.33242506417601,0
1,"B",0.796584356002858,0.80706710190885,0
0,"B",-0.0301920972599157,0.929777935454724,0
1,"B",1.06454500527249,0.738595317012477,1
1,"A",0.483844593412185,0.0310319580685697,0
1,"A",1.13871965078019,-0.697308655777432,1
0,"B",-0.659057671549678,1.06377281689452,0
1,"A",0.925641172446698,-0.0266541355612129,1
1,"A",1.17193331066426,0.00708747940477356,1
1,"B",-0.813589159485964,0.634447285272745,0
0,"B",-1.87524551229105,0.269924870434245,0
1,"B",0.215975244656475,1.18198287965795,0
1,"A",2.25217850684184,-0.0764593638820271,1
0,"A",-0.522835655768408,0.134339143951701,0
1,"B",1.19838069946639,0.710419936257445,0
0,"A",-2.50462079929257,0.200545657156933,1
1,"A",-0.0762082621674144,-0.560722936896696,0
1,"B",-0.194005017617704,1.99175336729864,0
1,"A",0.0633927818559103,1.6884162198496,1
1,"A",0.815898546076199,-1.02608977581107,1
0,"B",-1.6346318786789,0.958323354907255,0
1,"A",0.00578667694681911,-0.756984189893395,0
0,"A",0.477696752902435,-2.69175215942327,1
1,"B",0.168922211306213,0.981089678281419,0
0,"A",1.30657402468974,-0.536782805724145,1
0,"B",-1.53347339863613,2.00728616100727,0
0,"A",0.194234085925896,-1.32899298920701,1
1,"B",-0.0363697789130481,-1.30560479143001,0
1,"A",-1.27403997220451,1.08459641347267,1
0,"A",1.01582081827911,-0.920314030787611,0
0,"B",0.721375109816875,1.80816485766737,1
0,"A",1.20637820059215,-0.475259214897792,1
1,"A",-0.605022110398928,1.35237853901139,0
0,"B",-1.22018340646146,-0.552634110954612,0
1,"A",0.0828904756783406,0.0287576486246707,1
0,"B",-1.76596758653127,-1.17669189927874,1
1,"A",0.368088023328384,1.03140869685687,0
1,"A",2.53035348176222,-0.564637526473358,1
0,"B",-0.721550504232135,0.899141953138748,0
0,"A",0.927032507441764,-0.906443289405971,0
1,"B",-0.227483986164299,0.687620396403401,1
0,"B",-2.23594693823843,-1.25737910656572,1
0,"B",-1.58078093716017,1.31219398995722,0
1,"A",-0.280074199140162,0.345762602539256,1
0,"A",-0.558317558463741,1.46957639949074,0
1,"B",-0.942770646615732,0.24779654797748,1
0,"B",-2.12963760855246,-0.387687941130076,0
0,"B",-1.236189073927,0.0201828539214313,1
0,"B",-0.384340047943706,0.500644972600989,1
1,"A",2.75504366341946,-0.349855141563406,1
0,"A",-0.0480190400938247,-1.9735071241872,1
1,"A",1.56511019766949,0.38632847204233,0
1,"B",-0.679957051604057,-0.202842886121973,0
0,"A",0.103643606333909,-1.81834660987671,0
1,"A",-0.433948351880983,0.227260485136887,1
1,"B",-0.0956957616568375,1.24078546541492,0
0,"B",-1.68195843579375,-0.549505678603518,0
1,"A",1.421958865441,0.0762720480443835,0
1,"B",-1.39389455217758,0.976295053320865,1
1,"A",0.439616679431209,0.080714192752448,1
0,"A",-0.630655579603909,-2.36829307065927,0
1,"B",-0.527283723830234,0.355980365848441,0
1,"A",-0.250923791169187,-1.73832517813541,1
0,"B",-1.87895562515796,-1.16601499210581,1
0,"A",0.482892007154643,-0.482021599843104,0
1,"A",1.9648541448226,0.0739988722604066,0
1,"A",1.29948144543622,0.912411186670401,1
0,"B",-1.42178539654711,-1.98810682990533,0
1,"A",0.554885742691294,-0.323237282901782,0
1,"B",-1.26697290087027,1.04005110648531,0
1,"B",-0.373594427624633,-1.22300765379422,1
0,"B",-1.95131672077998,0.997293177430912,0
1,"A",0.661984286635287,-0.030623016008034,1
1,"B",-1.09767481232902,1.36613140400487,0
0,"B",-0.711237958392403,0.928178982381115,1
1,"A",1.38066087872859,1.10611778236022,1
0,"A",1.51566485317754,-1.55854035461299,0
0,"A",-0.671931343146333,0.580208241562771,1
0,"B",-2.624643130455,-0.111846800936162,1
0,"B",-0.754346349580173,-0.738760106079817,1
0,"A",-1.16506638668557,-0.95271789235425,0
1,"A",-0.0235211881414421,-1.17501200552495,1
1,"B",-1.97061419493254,-0.638364164429692,1
0,"B",-2.02022011087706,-0.0154389098852331,0
0,"B",-2.07836658376871,-0.730103537205268,1
0,"A",1.5382882054938,-1.6557303219059,1
1,"A",0.390354153478377,-0.0985341089281003,0
1,"B",-0.0725324880861289,-1.14536957851667,0
0,"B",1.14640368152968,-0.677903774441782,0
1,"A",0.368270042958577,0.0472708880467763,1
0,"A",0.607600667541175,-1.0700166803165,1
0,"B",-1.29264651984943,1.50235209467842,1
0,"A",0.550234289659156,-0.351560580728647,1
0,"B",-1.84079037477864,1.10620842954732,0
0,"B",-1.27993670876652,1.05959358243525,1
0,"A",-1.39585598748917,-0.456825450322472,1
0,"B",-0.570002720671573,-0.213404968907752,1
0,"B",-0.298526714198139,-0.8721416288501,1
1,"A",-0.0723075147077772,-1.70102882521495,1
0,"A",0.0657841609894897,-0.978639861273216,0
1,"B",0.214109145070822,1.48148047540892,0
0,"B",-1.77878374857908,-0.495278997387745,1
0,"A",0.507026759470631,-0.0486633423823714,1
0,"B",0.431085943749668,0.239155029031134,1
0,"B",-2.78987099506732,0.365911727224642,0
0,"B",-1.89994187333372,-0.534589138149639,1
0,"A",-0.695730784490133,2.07725179529202,1
1,"B",-1.51442708798092,-0.222056412387488,0
0,"A",-0.76795669754078,0.384652034969719,1
0,"B",-0.405373525147409,0.114043411816718,1
1,"B",0.27714631495566,1.17445849548807,0
0,"A",-1.35601465187569,-0.371822925968529,1
1,"A",0.573467450979586,-0.35850405230208,1
0,"B",1.43165283576516,1.13226274485734,0
1,"B",0.598408703045878,0.0549183885036682,0
1,"B",-0.902613853234796,0.100686917999898,0
0,"B",-1.88999044593079,-1.95355048356191,1
0,"A",1.53337774442466,0.70824939360199,0
1,"B",-0.148547138973249,0.150384928936834,0
0,"B",-1.24330431245317,0.469396315475249,1
0,"B",-0.0368081440088626,0.445266949488363,0
0,"B",1.02935058866754,-1.94202092065627,1
1,"A",-0.292374465958333,0.621384689890905,0
1,"B",1.15073220718693,0.397994431170767,0
1,"A",0.0852043183165958,2.4039060320636,1
1,"A",0.441600462185642,0.499776931139364,1
1,"A",2.05325091989304,0.528017645089022,1
0,"B",-0.693021551982216,0.477927796168415,0
0,"A",-0.768226507991485,0.146190275219982,0
0,"A",-1.98653666013929,0.42199310594811,1
0,"B",0.561647353026186,-0.803079440295751,1
0,"B",-1.56714129239433,-0.35760526516378,1
0,"A",-1.6943607586757,-0.0359530802877141,1
1,"B",0.185035408857779,0.825610921927054,0
1,"A",0.0673306456835422,-1.38338391051626,0
1,"A",-0.192417965873019,1.06349897835661,1
0,"B",-1.0958787586525,-0.629493104478472,0
0,"A",0.548554950212169,-2.27233081371325,0
0,"B",0.112323806538351,-2.43363371392882,0
0,"B",-1.59042552183809,-0.897052228292393,1
0,"A",1.09445256803295,-0.114272762944038,1
1,"A",-1.73241565315059,-0.466532811982538,1
0,"B",-0.625183345731797,-1.01819728392311,0
0,"A",-0.311150224326086,-0.270505527645221,1
0,"A",0.645830515130907,-2.22452486828186,1
0,"A",-1.51053784605368,-0.998817656428278,1
0,"B",-1.70274603880284,-0.560192466906378,0
1,"A",-0.356697472070593,-0.414764646560773,1
1,"B",-0.600759571275197,-0.108780654964921,1
1,"A",3.32581246062034,-2.80279452474684,0
1,"A",-1.30081293443409,1.95418272873199,0
0,"A",-1.35509723541673,-1.79840192327138,1
0,"B",-1.15549542033547,0.85551104048997,1
0,"B",-1.72136336178359,0.0206673511584375,1
1,"B",0.386594089080789,-0.566739836549502,0
1,"A",-0.184737898504337,-1.06578957208077,1
1,"A",1.18896623918789,0.0063406472826103,1
0,"B",0.500922428129575,-0.654914318330226,0
0,"B",-1.85130175213618,-0.429271523805137,0
1,"A",0.165420162270352,1.34429587815365,0
0,"A",0.718774724744649,-0.306877288398948,0
1,"B",0.829347405766106,1.46601189518943,0
0,"B",-0.530617844802393,0.503790481055964,1
1,"A",0.0982766396293578,0.642954593876721,1
0,"A",-1.03655962013231,-1.6148908682958,1
0,"B",-1.70204702622432,-0.263577294305546,0
1,"B",-0.596669325361061,0.325792032670086,0
0,"A",1.392279416502,0.199988955684633,1
1,"B",-0.0304364840921074,1.99353894621766,1
1,"A",1.04844040788532,-1.47445603044178,1
0,"B",-0.27590296206726,0.141479463735755,1
1,"B",-0.974495020201367,0.138689695541713,0
0,"B",-0.627294858977699,0.166273859800614,0
1,"B",-0.849723990910837,0.225904054245017,0
1,"B",-0.467137132763338,0.693210582278867,0
0,"A",-0.922827089420763,0.0820632298193631,1
1,"B",0.0341983438283486,0.463003401380965,0
1,"A",-0.316853419699602,0.318589848356497,0
0,"B",-1.54686850665073,0.00857956383078673,0
1,"B",0.0780016189113754,1.49897737379234,1
1,"A",0.172662636524449,-0.970682398618389,1
0,"A",0.474732418238929,-0.0649889302265768,0
1,"B",-1.0597495102306,2.25764889974266,0
1,"B",-0.304342525810207,1.54780659546114,1
0,"B",-1.1324307985118,-0.200615276972934,0
1,"B",0.472090734247288,-1.16160838860341,1
1,"A",1.48650177472,-0.305721286921172,0
1,"B",0.555986421085269,0.614425471110446,0
0,"A",-0.248575888838534,-1.32255262671595,0
1,"A",0.842359962902623,0.984138980159495,0
1,"B",0.0772497858715098,-1.14160224186584,0
0,"A",-2.02298801370682,1.05653453041709,1
1,"B",-1.50409030606283,1.89533880077439,0
1,"B",-0.532467300670966,0.465853223791602,1
0,"B",-0.926242199684965,-0.683055389094765,0
0,"A",1.62393714879632,-0.441919011921273,1
0,"A",0.379066046716392,-1.83092611273546,0
1,"B",0.324097757612831,0.874877859687636,1
1,"A",1.87729660553365,1.36601658876178,0
1,"B",0.217987370127647,-0.486986251624635,1
0,"A",0.0447708038348598,-1.39793446172146,0
0,"A",-2.34503446242983,-1.0527677670225,1
1,"A",0.0614838427018025,-0.33758360494578,1
0,"A",0.554563862900935,-0.270014144119555,0
0,"B",-0.693217655054082,0.759555612462468,1
0,"B",0.155869296984454,1.69963658535185,0
0,"A",-0.199614650762904,-2.02935280628301,1
0,"A",-0.505163453077044,0.708028484545002,1
0,"B",-0.702161829717053,-0.0713373191389261,0
0,"A",1.11435860809488,-0.886480183179101,0
0,"A",1.10069877069644,-1.82199416025882,0
1,"B",0.0499092499928325,-0.873562488750793,1
0,"B",-0.0775527092412003,0.652244672909613,0
0,"A",1.47748490339545,-1.79610322382179,0
0,"B",0.951211745897354,1.61198065600829,0
0,"B",0.0897726081100948,0.849148173627074,1
0,"B",0.320094424773996,1.24583220009721,1
1,"B",-0.213078687631954,-0.441478870155219,1
0,"B",-0.988436089933294,1.10513612990492,0
1,"A",1.09835510742613,1.31295178409006,1
0,"A",1.04074125474333,-0.606138266391504,0
1,"A",0.077711158598491,0.287293274422715,0
1,"A",0.894750504028933,-1.37710463751518,1
0,"A",0.914359920458687,0.389353759035428,1
0,"A",-1.10245684849961,-2.70706451196931,1
0,"B",-1.80794901007579,-1.07556875864898,1
1,"B",-0.0826950459686334,-0.960770655566431,1
1,"B",0.928266637642933,1.18990965338682,0
0,"B",-0.440836650557301,0.084405498845517,1
1,"A",-0.549391699068256,-0.685154662959915,0
1,"A",-0.38839730017262,0.435593498909139,0
0,"B",-1.28018001842649,2.03443046644382,0
0,"A",1.31000119921187,0.0237116872904984,0
0,"B",-0.455030366130278,1.05219562116855,1
0,"A",-0.156236292177338,-2.35491349350258,1
1,"B",2.08037007684418,0.224340103713923,0
0,"A",1.34633747824942,0.567084799541594,0
1,"A",-0.502660623669448,0.00273996408637356,1
0,"A",-0.372149719754285,-0.136890596204615,1
0,"A",-2.05316414640806,-1.09422088201846,1
0,"A",-0.556543672415766,-0.367918176136147,0
0,"B",-1.72511572456,-0.503863720787346,1
0,"A",0.691289791867154,-0.363594198521917,0
0,"B",-0.906306871055535,-0.701450609718996,0
1,"B",-1.76979338688871,-0.170365502028431,1
1,"A",0.633623456683511,0.20804132438115,1
0,"A",-1.10616157420343,-0.541886557622076,1
0,"A",0.314031769392925,-1.63023788217257,0
0,"A",-0.137424282566297,-2.45813937227019,0
1,"B",2.00432057415544,0.379790017488698,1
0,"B",-2.42557785817793,0.95420907325537,0
0,"B",-2.27624480076196,-0.0991546059735778,0
1,"B",-1.20991198145225,1.40421669372389,0
0,"A",-0.500045263773341,-1.57582167093264,1
0,"B",-0.0149398782895394,0.771627435002822,1
1,"B",-0.332463418630101,-0.828107603386105,0
0,"A",-0.933288627505877,0.326041334955185,0
0,"A",0.174595623674809,-0.939153484401899,0
1,"B",0.0849579974199141,-0.580778071243398,0
1,"A",0.288862870572527,-1.21369407207862,0
0,"B",-1.14268010135406,-3.28826121806623,0
1,"B",0.601924843368185,0.621682668066514,0
1,"B",-0.34806727775988,2.22060719158905,1
0,"B",-1.27738278563124,-0.711206703511213,0
0,"A",-0.963277323734961,-0.669229811822673,1
0,"A",1.59787725341293,-0.890595882115665,1
0,"B",-1.43206695049658,0.318232620960541,0
1,"B",-0.95082085071224,-0.902172056858984,0
0,"A",-0.305943644914869,-0.0336358369800064,1
1,"A",-0.0836070530494974,-0.071941987363529,1
1,"A",1.4399626679324,-0.295587841567021,1
1,"A",0.227101355869566,-0.111151826176049,0
0,"A",1.68896509803157,0.945529325146986,1
1,"B",-0.300675899780347,1.67990063168731,0
1,"A",1.84029930634613,1.46061898700869,1
1,"B",0.873618637833588,1.00729719429084,1
0,"B",-1.12053621557309,0.621840791378121,1
1,"B",-0.729781256026902,2.32044059598278,1
1,"A",-0.170564280632925,-0.346614357025396,0
1,"A",0.604836294898253,0.282397974968464,1
1,"A",0.403691513007108,0.487336366160489,1
1,"B",0.0980237397986053,0.752255339706595,1
1,"A",0.606090810577639,0.205028754750572,1
1,"B",-0.957129409865112,0.531305942083516,0
0,"B",-1.57564855827625,-0.233642391677452,1
1,"B",-0.54831347687353,0.706040619437816,1
0,"A",-1.69847780818619,-0.918004189008636,0
0,"A",-2.69444529499649,0.440019666974066,0
1,"B",-0.272396943047488,2.24814326141779,0
1,"A",2.18928947040335,-1.46985271425127,1
0,"B",0.119056468651011,1.4449636590829,0
0,"A",0.0851970655121928,0.379144425131855,1
1,"A",1.57992130027475,-1.78619595133196,0
0,"B",0.248839319105745,-1.1294856619889,0
0,"A",-1.00074491007311,-0.587400226795439,0
0,"B",-0.638780672805145,0.486179053264725,0
1,"B",-1.32966391007455,3.16747223337371,1
1,"B",-2.38351706326788,1.00403665455172,0
1,"B",-0.677339373145985,0.249723074573935,0
1,"A",1.69372576724351,-0.255400979889085,1
1,"A",0.727598031316213,0.415323406739872,0
0,"A",0.702357220478407,-1.43500625313479,1
1,"B",-0.0651095842371934,-0.04880376978021,1
0,"B",0.127437761774122,-1.06282422385284,0
0,"B",-1.03555843126368,-0.537174218105271,0
1,"B",1.1791902197284,1.33799584021479,1
1,"B",-0.242801615892306,0.131762714629725,1
0,"B",-0.281504629059831,0.395165275612262,1
0,"B",-1.38043630010779,-0.118567598229521,0
1,"B",-0.100161468893033,0.248748329269985,1
1,"A",0.287808289482715,0.461007186652396,0
0,"A",1.38401969120695,-0.457054872424891,0
0,"A",0.106278375573645,0.945113791506718,1
1,"A",0.702842652196493,-0.792303993383555,1
1,"B",0.520327092187506,-0.230418552735441,1
1,"B",-0.576037543623105,0.146734111846477,0
0,"B",0.762036777257558,-1.19615169617505,0
0,"B",-0.614021027809617,0.133746266780434,1
0,"B",-2.78740565543157,0.650948786132956,1
0,"A",-0.467997062861993,-1.22646647901399,1
1,"B",-0.546722625391964,1.15749910688293,1
0,"B",-0.941948065196358,0.426774960711509,1
1,"A",-0.0959654130980691,0.805409176481881,1
1,"B",0.399502772246162,-0.951019930383189,1
1,"B",-1.20333707032687,0.222446435742285,1
0,"B",-1.60672240891121,0.848619267647613,0
1,"A",1.09303755658203,0.561104143132885,1
1,"A",3.09237761203316,0.100592471186255,0
1,"B",-1.28323537766304,1.40632625764897,1
0,"A",-0.264466182793652,-0.312262747651056,0
0,"A",0.409603471477138,-0.289541189325316,1
0,"B",-2.48145731297431,0.26488549976441,1
1,"B",-0.94967228774487,0.718138347139691,0
0,"A",-0.69961010783401,0.186644931462261,0
1,"A",-0.191515909981522,0.419018145792347,1
0,"A",1.35835814821616,-0.349353116497882,1
1,"A",1.22809766796797,-2.32871275499649,0
1,"A",0.624696305742174,-1.09638075869806,0
1,"B",0.155154114059623,-0.309176939166897,0
0,"A",0.986924709546545,-1.13080969331996,1
1,"A",1.09039448514321,1.40544867300365,1
0,"A",-0.911430167025001,-1.10727412070996,1
0,"A",-0.159687236594903,-0.345840230701534,0
0,"B",-1.04039096966496,1.50989902289082,1
1,"A",0.734428571301656,-1.35145958442541,0
0,"B",-1.30810069773427,-1.98174619773285,0
0,"B",-0.618346771770854,0.20554485199273,1
1,"A",0.446721923823708,0.711032744029246,0
0,"B",-0.799346740165221,-0.940388927460685,1
1,"A",-0.21995679995602,-0.573593475155485,1
1,"A",-0.605067519300118,0.156483613189912,1
0,"A",-0.502984691761964,-0.626933381071037,1
1,"A",1.77796497830956,-0.707684847322973,1
1,"B",-1.04821519105577,-0.384275425378975,0
0,"B",-0.382097867072282,2.0020498918258,0
0,"B",0.564621133186544,0.430695910241027,0
0,"A",1.05462882639865,-0.670236348898176,0
0,"B",-0.287955476413903,-1.36927914896457,1
1,"A",0.185962317273683,-0.397041460489811,0
1,"B",-1.35044275195788,0.0126152340427698,1
0,"B",-1.53894575657775,1.26775801807736,0
1,"B",-1.14989122680034,0.565988864589975,0
0,"B",-1.17594042434722,1.27971362520238,0
0,"B",-0.906408945437618,-1.13832147749502,0
1,"A",0.548285620367145,-0.310650730626468,0
0,"A",-1.40025357994363,-0.440867139653385,0
0,"B",-0.0942005405234894,-0.939537012466322,0
1,"A",-0.931576330794292,0.294873945792339,1
1,"B",-0.647864035439457,0.217322004714157,1
1,"B",1.37853207652193,1.34983706246926,0
0,"A",-0.298044443619807,-1.99460093535462,1
1,"A",-0.948734359782185,-0.231099985531657,0
0,"B",-0.50422180381352,-0.953378451133459,0
0,"B",0.0083906506882252,1.99981118025869,1
0,"B",0.959856946897002,-0.277265472458685,0
1,"A",0.69653676229578,-0.463169065178091,0
1,"A",1.36738749450724,-0.967683933981977,0
1,"A",1.26575644295971,-1.72106741347332,0
1,"B",-0.282616718849683,1.95956259848004,1
1,"A",0.33930603755438,-0.51973111293492,0
0,"A",-0.666287979090978,-0.611526293707788,1
0,"B",-1.2397904837506,-0.394237330767056,1
0,"B",-2.56710835115862,1.3410988005686,1
1,"B",-0.946436023577756,0.494353852450882,1
0,"A",-0.815015068448937,1.06123098121381,0
0,"B",-1.34688861787009,-0.778668190914747,1
1,"A",1.28207528538562,0.859594422466798,1
0,"B",-0.689436004124556,0.436541417822535,1
0,"B",-0.111158655423002,-1.3074534628399,1
1,"B",-0.276615378833905,1.61604309982184,1
0,"B",-1.91154151302657,0.706802416629359,0
0,"A",-0.172609855208514,-1.16517695211836,0
1,"B",-1.50994017998173,0.403896407433501,0
0,"A",-0.48975191543517,-0.885492838505754,0
0,"B",-0.782269398665353,0.22670364947943,1
1,"B",0.00971254949379197,2.55663565853482,1
0,"A",-0.53699067649665,0.386742913587558,0
1,"A",0.38747771368888,0.149019219765069,0
1,"A",0.0146228225252365,0.793470460610255,1
1,"A",1.13117355008147,0.385902184162805,0
1,"A",1.59155266713641,-0.4365022450128,0
1,"B",-0.869993568726196,-0.141660417132119,1
0,"B",-2.34694830056367,0.487043916328545,0
0,"A",-0.797130041339312,-0.0926134392767136,0
1,"A",-1.7969987613573,1.97337124652279,1
1,"A",0.954999768527715,-0.0833972456456345,1
1,"B",0.303151160584891,0.00409754813038218,0
1,"A",1.11186188082922,0.463732541683021,1
0,"A",1.13232670749899,0.62545441116081,0
1,"A",0.268829904580025,0.686824829662357,1
1,"B",-0.7325414515406,0.892555682816142,1
0,"A",-1.19927952438228,-2.1373946800389,1
0,"B",-1.4561826187632,0.87599540484953,0
0,"A",0.700321873854271,-1.79990429724639,1
1,"B",-0.757524278922794,-0.0984289299089419,0
0,"A",-0.149511953296702,-1.61885441485073,1
0,"B",0.276507325273505,0.276630830567247,1
1,"A",1.17924087421477,1.84416604309839,1
0,"B",-2.23460865936943,0.623353756955139,0
1,"A",-0.232454965887593,-1.37384899081847,1
0,"A",0.719043278837933,-1.18903809127017,0
0,"A",-0.405087156878711,-1.00198360455044,0
0,"A",-1.11728979806586,0.147865616368087,0
1,"B",-0.706715790957473,0.0134141220247775,0
0,"B",-0.996561276488802,0.0655979634510606,0
0,"B",-0.577737770413617,-0.0504027803268637,0
0,"A",0.392418713052235,-0.423283988368892,1
1,"B",0.501927655208672,0.267491939766505,1
1,"B",0.112817535857665,0.0523497897201395,1
0,"A",1.19080311545993,-1.27635916506632,1
0,"A",-0.050646679946113,-1.24981183570327,0
1,"A",-0.105432822228009,0.279474784143234,0
1,"A",0.850820609019707,-1.40404671899645,0
0,"A",-0.652333074602256,-1.40991586276935,0
1,"B",0.577897622214826,0.259215147024647,1
0,"A",-0.713445931969547,-1.34510732493788,0
1,"A",-0.36592316002807,1.46883436601744,1
1,"A",-0.608991498877568,0.384467723655459,1
1,"B",0.291248268015402,-0.915061823702418,1
1,"A",0.584891275030683,-0.153896947718514,1
0,"B",1.62592592934617,-1.41983305327924,1
1,"B",-0.72041233763163,0.00626762451515325,0
0,"A",-0.743675504577335,0.725510200023807,0
0,"B",-1.50313497309398,0.0392436245233699,1
0,"A",-0.857737196137022,-1.7157552042179,0
1,"A",-0.212923034367782,-2.15781841148981,0
0,"B",-1.67073419984758,-0.547792159922248,0
1,"B",0.596604895167544,-1.79945559213832,1
1,"B",0.334138319862974,-0.287552639354642,1
1,"B",-0.915715553488617,-0.00917461956040247,0
0,"B",-0.623410836741062,-0.381992912767202,0
1,"B",0.743216912705126,-0.73660553203414,0
1,"A",1.12565643839971,0.00377873939197376,1
1,"A",0.293332683055786,1.22995354052367,1
0,"B",-0.985200478639324,-1.33689992799294,0
1,"B",0.708598916509634,0.244008484889711,0
1,"B",-0.235275835060088,2.42327904757887,1
0,"B",0.281647128000422,-0.20446075445885,1
1,"A",0.369568856749342,1.54096869852125,1
0,"A",-0.444284234240741,-0.399399388453767,1
1,"A",0.0969296620266198,1.14639798216381,1
0,"A",0.743441964325626,-1.05762876210224,1
0,"B",-0.844891384682262,-0.110323408353847,1
1,"B",-0.134296126186986,-0.679151279481764,0
1,"B",-0.467764972943536,0.95470236870552,1
0,"A",-1.36732090042448,-0.408743855984298,0
1,"B",-0.353003473244983,0.653444463479435,1
1,"A",2.10390145743931,-0.204799971067596,0
0,"B",-0.646472898938742,-0.696296561187852,1
0,"B",-1.30513555007806,0.670621630639963,0
1,"A",0.69608693745104,-1.8393532392692,0
1,"B",-0.507896705599566,-0.463317002108978,0
0,"B",0.818456317058903,-0.359304436458398,0
1,"A",2.20025136357251,0.596508435298534,1
1,"A",3.35407167673182,-0.462037165899462,1
1,"A",-0.00819415876776713,-1.2012633261323,1
1,"B",-1.05671265895939,-0.260094219892295,1
0,"A",-0.462788944237142,-1.28196669972392,0
0,"A",-0.421577694941667,0.352334147263621,0
1,"B",-0.809028736837285,1.13950590460567,0
1,"B",0.480408941901485,1.6472613530944,0
0,"B",0.152258096061231,0.4645772623972,0
1,"A",1.15232353224127,-0.550840633558224,0
0,"A",0.526646672220289,-0.58486725083692,1
0,"A",-0.826512426589672,-0.685144387598315,0
0,"B",0.299497590243029,-1.23967707702683,1
1,"B",0.0326862211495699,0.0481752341644637,1
0,"B",-0.918031824046754,0.246133841465565,1
0,"A",0.36719855181848,-0.221027523719367,1
1,"A",1.26759485631663,-0.129773971960721,0
1,"B",0.275354086700979,0.19232248031036,1
0,"A",1.04467842214682,-0.992941167881482,1
0,"B",-0.508191322558421,-0.68913725926839,0
0,"B",-2.26465402447675,-1.37677413539323,0
1,"B",0.572173897160536,0.712744867361274,1
1,"A",2.60622283062164,0.678032908048006,0
1,"A",-0.123442438486942,0.712926910081646,0
0,"A",-0.464002549127074,-1.27073929077733,1
0,"B",-1.98372661579482,-0.457558778351094,0
0,"B",-0.352972973434019,-0.555126513053181,1
1,"B",0.951103155552214,0.268863099966859,0
1,"B",-0.425729242056067,-0.700868715233475,0
0,"B",-2.58370329270373,1.60031147585843,1
0,"B",0.276606652841182,2.3596176144977,0
0,"B",-0.557019058068212,-0.322329782761454,0
1,"B",-0.861884132723032,-1.34361298945868,1
0,"B",-0.360795955454843,1.38820680770033,0
0,"A",0.343669930134891,0.654381711257392,0
0,"A",0.0739141656117184,0.126733131651043,1
1,"B",-1.54586852047846,1.18505952524741,0
0,"A",-0.939836231425436,1.37214249215577,0
1,"A",0.631577275280615,0.531737137044464,1
0,"A",-0.139296760895013,-1.64766770743005,0
0,"A",0.823031989753959,0.207683588996967,0
1,"A",0.413496216611679,0.680797281456505,0
0,"A",-1.14852464501903,-1.21717432869187,0
1,"B",0.476674786691475,2.0822661863133,0
1,"B",-0.559468595838475,0.73454705566006,0
1,"A",1.75287482787851,-0.00763732809300183,0
1,"A",1.58478754214514,-1.41135380159655,0
0,"A",0.290155670948655,0.344829052994301,1
1,"A",-0.678267041785592,-0.734545985188246,0
0,"B",-1.59099093747375,1.62148039375269,0
1,"A",-1.72813740788431,0.0462767598676476,1
1,"B",1.14693048734218,1.14685088138109,0
0,"B",0.34112977351606,-0.135255906624395,1
0,"A",0.613988426726504,1.81758184060461,0
0,"B",-2.29964024120307,0.920934971670517,0
1,"B",-0.103350895807029,0.413069581701007,0
1,"A",0.64005974371253,-0.53894865384397,0
0,"A",-0.471774930897682,-0.134488688185977,1
1,"B",-0.634033043332076,0.0362557684670216,1
1,"A",0.244501214611778,0.95178758058669,0
0,"A",1.20689217629763,-1.64203461691624,0
0,"B",-0.0551464125532742,-1.33869892843111,0
1,"A",2.66097606478569,-1.40342414455555,1
0,"A",2.15689679481649,-0.21768471331825,0
0,"A",-2.15173413437461,1.57849461697419,1
0,"A",-0.111988098784862,-0.132379812637961,1
0,"B",-0.898807224096066,-0.365146931673534,1
1,"A",0.947587549993761,0.276577313714538,1
0,"B",1.21556477470175,0.634321074151026,0
1,"A",0.319046485188757,-0.622632578923387,0
0,"A",1.242243405559,-1.59762320389345,1
1,"A",0.417598350240094,-1.16583468333233,1
0,"A",0.0823619164635982,-2.78908254177656,0
0,"A",0.0980218414525787,-0.312299716851568,0
0,"B",-1.49530700518646,0.410558975215415,1
1,"A",-0.893274717137741,0.0357263328323743,1
1,"A",0.598664924869192,-0.862396387371219,1
1,"A",1.67857616324234,0.166635750401295,0
1,"A",1.89065707483168,-0.0510190321230467,0
0,"B",-0.50388263489802,0.617148888269275,0
0,"B",-0.57595314021993,-0.590890960027331,0
1,"B",-1.58374386377339,0.0662346087696183,0
0,"B",-1.2617858620775,0.309712249046165,0
0,"A",-0.337470050160807,-1.70579770088038,1
1,"A",-0.685864927733551,2.2656698020435,0
1,"A",-0.0961092075037193,-0.370104166610583,1
0,"A",-1.19331077965239,0.893542081205432,0
1,"A",1.54859150118903,-0.551065499750606,0
0,"A",0.36640560873326,-2.08684880666615,0
1,"B",1.11874916402221,1.50269460107164,1
0,"A",-0.224912238857076,-0.273055385478464,0
0,"A",-0.544476237399469,-1.42670481793219,0
1,"A",-0.253193039202191,-0.490964456626092,0
0,"B",-2.54737937106839,0.972387830355231,0
0,"B",0.41384585523273,-0.75117629340485,0
1,"A",0.709971616044379,0.283135414225372,1
0,"B",-1.04882560349117,1.44304362407916,0
1,"A",-0.0139150192740451,-0.411093641220759,1
0,"A",0.141494905487592,-1.26676569219486,1
0,"B",-1.57331181947167,0.692952963413465,0
0,"A",-0.223632917832929,-0.106574996509735,1
0,"A",-0.610352740991949,-0.0965470673512465,0
0,"B",-0.895567443018934,-0.45346152121302,0
1,"B",0.0952079044174825,0.943827241442688,0
1,"B",0.723184135400763,-0.00611408868470933,1
0,"B",-0.853017578281647,-2.23422107850619,1
0,"B",-1.47046534492536,0.192439766698851,1
1,"A",0.00581233048250746,1.90741276899447,1
1,"B",0.103828354734174,0.179702501394515,1
0,"A",-0.553444152133681,0.235990714409771,0
1,"B",0.789545171436364,0.59355380440962,0
1,"A",2.69235404866117,-1.93047710374428,1
0,"B",0.136197739564411,0.174768304748038,0
1,"B",-0.870509404607411,2.01784367507775,0
1,"B",0.726131682029724,1.15867322282902,1
0,"B",-0.220117208189379,-1.60600712035138,0
0,"A",-0.32259643697838,-1.13455486189061,1
0,"A",0.384174703022234,-1.94161287214206,0
1,"B",-0.563271705990167,0.234793307262359,0
0,"B",-0.179947593437589,-0.818009585104365,0
1,"A",2.38993825756162,-0.773579765603286,0
1,"B",-2.13390984976341,0.923335422028513,1
1,"B",1.2903888469217,2.48015413875792,0
1,"B",-0.957950943507151,-1.04369763718126,0
1,"B",0.940506762023857,1.90552592079138,1
0,"B",0.732536954483514,-1.23640014141535,0
0,"B",-0.810972624345047,-0.239014124755151,1
1,"A",1.49072418967352,-0.441385789300617,0
1,"B",1.65742727793799,1.73430121976954,1
1,"A",0.457147042983153,0.33057587394178,0
0,"A",0.696970491382388,-2.25394248504791,1
1,"A",-0.130650759446437,-0.497798807279831,1
0,"A",1.46304456196914,-0.109665063124845,0
1,"A",2.42358197789331,-1.09900628302403,0
1,"B",-1.17289266781735,1.06013222310519,1
0,"B",-0.925515557795841,1.56003192206169,1
0,"A",-2.04355012041618,0.332938778814628,1
0,"B",-0.462567755632963,0.605358102982871,1
1,"A",0.451488687280323,-0.850398446776211,0
1,"A",-1.64210184872065,0.494357481528634,1
0,"B",-1.42916143269212,1.3487734852365,1
0,"B",-0.205534306224186,-0.670492137381122,0
0,"B",0.294349208535219,0.218016520446401,1
0,"A",0.782032158340668,0.577688414074321,0
0,"B",-0.937283562796247,0.176218850617478,0
1,"B",1.26034283339403,0.672281026900862,0
0,"A",-1.40283436106494,0.143081168853589,0
1,"B",1.00752731515041,0.43571933413439,0
1,"A",0.725970727757358,-0.0933054634213309,0
0,"A",1.244222627114,-1.61366213869998,1
1,"B",-0.402150440462881,0.763385302374451,0
1,"A",0.801292130055812,-0.555257324283805,0
1,"A",-0.123678480330776,-3.22826747855949,1
1,"A",-1.02105159627803,-1.18223426868057,1
0,"A",0.259740450950464,0.384271946434294,1
0,"A",-1.5326817582251,-2.76891320341761,0
1,"B",-0.0770750434147823,1.28054281650929,1
1,"B",-0.691281435042236,0.35404367118759,1
0,"A",-0.295559369322138,-1.72776317831674,1
0,"B",-0.142423903655252,-1.25653829298738,1
0,"B",-0.321538746439055,0.265331451270502,1
0,"A",0.556721917523595,-0.353673143908531,1
0,"A",-1.97526398353622,-0.0493080600446804,1
0,"A",0.531648969889525,-0.597206527341104,0
1,"A",0.26573671416705,0.260012327797768,1
1,"A",3.04805585817335,-2.40432045171078,1
1,"A",-0.220454622880583,1.43982103858149,1
1,"B",0.692335307495501,-2.73985557509137,0
1,"A",0.924808532838082,0.142111180897119,1
0,"A",0.359290460433172,-0.940093798376682,0
1,"B",-0.968064904869725,-0.581926603019641,0
1,"B",0.380462668628336,1.07098065710952,1
0,"A",-0.428166362637583,-0.0593053279951207,0
1,"B",-0.175923863689094,0.153582428669278,1
1,"A",1.27671558203422,1.13690287512387,0
0,"B",-0.927615520964662,1.63279437954619,0
0,"A",1.04634522361005,0.449999325975529,1
0,"B",1.1628522582392,-0.299179687428854,0
1,"B",-1.03959122914444,-1.39592505199677,1
0,"B",-2.01903749353563,-0.403203231473319,0
1,"A",-0.574944972596668,-0.0494203011934858,1
0,"A",0.374308981593916,-1.40556566541719,1
1,"B",-0.666156008180045,-0.350305777917147,0
0,"A",0.423140520777383,-1.40882150224093,1
1,"B",0.494340178173846,-0.0685664050750188,1
0,"A",0.0649648997220803,1.958416018481,0
0,"A",-0.50618889701914,-3.02868468371438,1
0,"B",-2.44671622088119,-0.0113478347325503,1
1,"A",2.7219602296321,-1.68197552694849,1
1,"B",1.18421311742077,0.837701766921224,1
0,"A",0.391841813066676,0.0624745794302891,1
1,"B",0.255510801230966,0.265951411863003,1
0,"A",-0.291567501351354,0.15925202263608,0
1,"B",-0.375450263398951,-0.31563625981822,1
1,"B",-0.429865093795423,-1.44711205389222,1
0,"B",-0.436689569702998,0.0261535652860843,1
1,"A",1.06946026669972,-1.00988880752217,0
0,"B",0.232633000911287,1.96776351479849,0
0,"B",-2.27924632251946,-0.14391078475707,0
0,"B",-0.191320746737722,1.41466536704769,1
1,"B",-1.39901204255453,-0.733330124096674,0
0,"B",-0.48777336712287,0.638720306751347,0
1,"A",1.14614867239204,-1.19291442786293,1
0,"B",-1.68357223010052,-0.459840241950408,0
1,"B",0.375103786188645,0.309352331673194,0
1,"B",0.966864972264389,2.23436863128224,0
1,"A",-0.11995513770454,0.730263352153475,1
1,"B",-0.360465254934203,1.54887471601883,0
1,"B",-0.52983384657732,2.64207386208336,0
1,"B",-0.93806038317263,0.254238445306009,1
1,"B",-1.90411534496454,-0.721935779536274,1
1,"A",1.96551765531546,-1.32422601812392,1
1,"A",0.181680173411162,0.213328889429778,1
0,"B",-1.87577137505192,-0.499071773902101,1
0,"A",0.173123585598434,-0.143476412364353,0
0,"B",-1.57857839486777,0.574237758263565,1
0,"B",-1.34654816571461,1.68794622839556,0
0,"B",-0.914387339810101,-0.970142117059418,0
0,"B",0.330091578355175,-0.131392049009571,1
1,"B",-1.94743322891218,0.38697030469029,0
0,"B",-0.719749923448381,-0.0516295274313334,0
0,"A",-1.03459482239402,0.859362465095761,1
0,"A",0.412293312887107,0.368250734555532,1
1,"B",-2.23805766243837,-0.167395295645074,1
0,"B",-1.81802539382657,1.10938390667291,1
0,"A",1.52209396262248,-2.69325802498323,0
0,"A",-0.0239652629620339,-0.935745307542042,0
0,"A",1.424362075305,-0.917098364971832,1
0,"A",0.0986179944433447,-1.21020820594288,0
1,"A",1.34335698419437,-0.768272658479901,0
1,"B",-0.0483917978419161,-1.34849761247126,1
1,"B",0.906874271891661,0.911470492594448,1
1,"A",2.09774090417899,-0.805258496286917,1
1,"B",-1.36324052493331,-0.00683697254103799,0
1,"A",1.67739490907735,0.624608488189412,1
1,"B",-2.19770224439223,0.693721947106498,0
1,"B",-0.10367833779356,1.44223274484769,1
1,"A",1.39931533920257,-2.65225204379697,0
1,"A",0.201886595490676,0.55820079293321,1
1,"B",-1.00188278749284,0.686537779379619,1
1,"B",0.189630570699613,2.10089395939143,1
0,"A",0.658827979516507,0.143887175917199,1
0,"A",0.763145295950589,-2.36942811567038,0
1,"A",1.57264541661308,-0.902653621934152,0
0,"B",-1.698434011227,-1.06274262031508,0
0,"B",-3.31880958967606,-0.165508952730031,1
1,"A",-0.38641484543097,-1.48382472692815,0
0,"A",0.487870138013858,0.206566791659963,1
1,"A",-0.0434979441664265,-0.369170342724955,1
0,"B",-0.858667369083465,0.289940242977914,0
0,"A",-0.667050242582299,-0.417964013925962,0
1,"B",-2.02214635730351,2.35011555729546,0
1,"A",-0.792402405081548,-0.440243606154812,1
0,"A",-0.105974382359605,-0.0633998817565031,0
1,"A",1.37902314280614,0.349705598692778,1
1,"B",0.613717564385752,0.0937857220367674,1
1,"A",0.426261691923568,-0.697901180871135,1
0,"A",0.0389877188593402,-0.588352638916397,0
1,"B",0.111141812269296,-1.27704297054208,0
1,"A",1.80477223712083,0.697956895918619,0
0,"A",1.29286097661172,-2.74499123632469,0
1,"B",-0.369401807599624,-0.638291265112654,1
1,"B",-1.27379868882688,0.191367329970288,0
0,"B",1.98633611563367,-0.357521459426547,1
0,"A",0.662277546644651,-1.78530670649697,1
0,"A",-0.0322594210208267,1.47694959925019,1
0,"B",-0.881093941277155,-0.413330990498818,0
0,"B",-0.999116817147036,-1.02499071660374,1
0,"B",-1.45943249136909,-0.909370260971896,1
1,"B",0.424541930210957,-0.437048472020782,0
0,"A",0.796200190242471,-0.69815410768089,0
1,"B",-0.11721063184723,0.65213622270209,0
1,"A",-0.314239573896085,-1.29932882173029,1
0,"A",-2.18349554857618,0.450625738989882,0
0,"A",0.34629444338278,0.646700448558914,0
0,"B",-0.727880279697506,-0.129479762661174,0
1,"B",-1.17478122596059,0.174503600965195,1
1,"A",1.26698779714836,0.677339823053906,1
0,"A",-0.245069711697721,-1.96470945746946,1
0,"B",-0.497883019209579,1.41401455737654,0
0,"B",-0.782624673217444,-0.514571426578013,1
1,"B",-1.48958019445898,-0.73514281473368,0
1,"B",2.03626422066341,0.31994639530525,1
1,"B",-0.498481448229457,0.798563334773474,0
1,"B",0.943213493774337,-0.102452796275487,1
1,"B",0.795662023114306,-0.651078115642998,1
